7.05,1.3,9.0,4.51,7.08,1.21,4.9,6.52,6.98,1.02,5.3,5.46,7.025686274509802,3.108377622377621,3.2717482517482512,1.3095664335664343,7.15,1.53,6.1,6.57
7.18,1.38,6.7,7.72,6.98,1.02,5.3,5.46,7.025686274509802,3.108377622377621,3.2717482517482512,1.3095664335664343,7.15,1.53,6.1,6.57,7.13,1.03,7.6,6.9
7.06,1.21,6.3,3.41,7.025686274509802,3.108377622377621,3.2717482517482512,1.3095664335664343,7.15,1.53,6.1,6.57,7.13,1.03,7.6,6.9,7.05,1.3,9.0,4.51
6.97,1.18,5.7,2.91,7.15,1.53,6.1,6.57,7.13,1.03,7.6,6.9,7.05,1.3,9.0,4.51,7.18,1.38,6.7,7.72
6.86,1.08,6.0,3.08,7.13,1.03,7.6,6.9,7.05,1.3,9.0,4.51,7.18,1.38,6.7,7.72,7.06,1.21,6.3,3.41
6.83,1.6,6.8,3.07,7.05,1.3,9.0,4.51,7.18,1.38,6.7,7.72,7.06,1.21,6.3,3.41,6.97,1.18,5.7,2.91
6.88,2.04,4.0,3.91,7.18,1.38,6.7,7.72,7.06,1.21,6.3,3.41,6.97,1.18,5.7,2.91,6.86,1.08,6.0,3.08
6.86,1.62,4.4,3.39,7.06,1.21,6.3,3.41,6.97,1.18,5.7,2.91,6.86,1.08,6.0,3.08,6.83,1.6,6.8,3.07
6.97,1.27,4.1,3.41,6.97,1.18,5.7,2.91,6.86,1.08,6.0,3.08,6.83,1.6,6.8,3.07,6.88,2.04,4.0,3.91
6.86,1.14,5.0,3.6,6.86,1.08,6.0,3.08,6.83,1.6,6.8,3.07,6.88,2.04,4.0,3.91,6.86,1.62,4.4,3.39
6.75,1.19,3.8,2.65,6.83,1.6,6.8,3.07,6.88,2.04,4.0,3.91,6.86,1.62,4.4,3.39,6.97,1.27,4.1,3.41
6.77,0.92,3.4,2.65,6.88,2.04,4.0,3.91,6.86,1.62,4.4,3.39,6.97,1.27,4.1,3.41,6.86,1.14,5.0,3.6
6.78,1.43,3.7,2.92,6.86,1.62,4.4,3.39,6.97,1.27,4.1,3.41,6.86,1.14,5.0,3.6,6.75,1.19,3.8,2.65
6.8,1.14,4.7,2.6,6.97,1.27,4.1,3.41,6.86,1.14,5.0,3.6,6.75,1.19,3.8,2.65,6.77,0.92,3.4,2.65
6.76,2.12,4.6,1.05,6.86,1.14,5.0,3.6,6.75,1.19,3.8,2.65,6.77,0.92,3.4,2.65,6.78,1.43,3.7,2.92
6.78,3.13,2.4,0.49,6.75,1.19,3.8,2.65,6.77,0.92,3.4,2.65,6.78,1.43,3.7,2.92,6.8,1.14,4.7,2.6
6.79,2.39,3.1,0.66,6.77,0.92,3.4,2.65,6.78,1.43,3.7,2.92,6.8,1.14,4.7,2.6,6.76,2.12,4.6,1.05
6.75,1.13,2.9,1.01,6.78,1.43,3.7,2.92,6.8,1.14,4.7,2.6,6.76,2.12,4.6,1.05,6.78,3.13,2.4,0.49
6.74,1.63,3.4,1.26,6.8,1.14,4.7,2.6,6.76,2.12,4.6,1.05,6.78,3.13,2.4,0.49,6.79,2.39,3.1,0.66
6.83,2.44,3.2,1.46,6.76,2.12,4.6,1.05,6.78,3.13,2.4,0.49,6.79,2.39,3.1,0.66,6.75,1.13,2.9,1.01
6.78,2.35,5.6,0.95,6.78,3.13,2.4,0.49,6.79,2.39,3.1,0.66,6.75,1.13,2.9,1.01,6.74,1.63,3.4,1.26
6.65,1.8,1.8,0.28,6.79,2.39,3.1,0.66,6.75,1.13,2.9,1.01,6.74,1.63,3.4,1.26,6.83,2.44,3.2,1.46
7.025686274509802,3.108377622377621,3.2717482517482512,1.3095664335664343,6.75,1.13,2.9,1.01,6.74,1.63,3.4,1.26,6.83,2.44,3.2,1.46,6.78,2.35,5.6,0.95
7.025686274509802,3.108377622377621,3.2717482517482512,1.3095664335664343,6.74,1.63,3.4,1.26,6.83,2.44,3.2,1.46,6.78,2.35,5.6,0.95,6.65,1.8,1.8,0.28
7.025686274509802,3.108377622377621,3.2717482517482512,1.3095664335664343,6.83,2.44,3.2,1.46,6.78,2.35,5.6,0.95,6.65,1.8,1.8,0.28,7.025686274509802,3.108377622377621,3.2717482517482512,1.3095664335664343
7.05,4.39,1.8,0.2,6.78,2.35,5.6,0.95,6.65,1.8,1.8,0.28,7.025686274509802,3.108377622377621,3.2717482517482512,1.3095664335664343,7.025686274509802,3.108377622377621,3.2717482517482512,1.3095664335664343
7.27,4.3,1.8,0.12,6.65,1.8,1.8,0.28,7.025686274509802,3.108377622377621,3.2717482517482512,1.3095664335664343,7.025686274509802,3.108377622377621,3.2717482517482512,1.3095664335664343,7.025686274509802,3.108377622377621,3.2717482517482512,1.3095664335664343
7.08,3.72,3.1,0.03,7.025686274509802,3.108377622377621,3.2717482517482512,1.3095664335664343,7.025686274509802,3.108377622377621,3.2717482517482512,1.3095664335664343,7.025686274509802,3.108377622377621,3.2717482517482512,1.3095664335664343,7.05,4.39,1.8,0.2
7.39,1.92,2.1,0.27,7.025686274509802,3.108377622377621,3.2717482517482512,1.3095664335664343,7.025686274509802,3.108377622377621,3.2717482517482512,1.3095664335664343,7.05,4.39,1.8,0.2,7.27,4.3,1.8,0.12
6.98,2.0,2.5,0.03,7.025686274509802,3.108377622377621,3.2717482517482512,1.3095664335664343,7.05,4.39,1.8,0.2,7.27,4.3,1.8,0.12,7.08,3.72,3.1,0.03
6.94,1.93,2.2,0.66,7.05,4.39,1.8,0.2,7.27,4.3,1.8,0.12,7.08,3.72,3.1,0.03,7.39,1.92,2.1,0.27
7.01,2.96,2.1,0.53,7.27,4.3,1.8,0.12,7.08,3.72,3.1,0.03,7.39,1.92,2.1,0.27,6.98,2.0,2.5,0.03
7.28,3.2,1.8,0.54,7.08,3.72,3.1,0.03,7.39,1.92,2.1,0.27,6.98,2.0,2.5,0.03,6.94,1.93,2.2,0.66
7.025686274509802,3.108377622377621,3.2717482517482512,1.3095664335664343,7.39,1.92,2.1,0.27,6.98,2.0,2.5,0.03,6.94,1.93,2.2,0.66,7.01,2.96,2.1,0.53
6.95,3.83,3.3,0.24,6.98,2.0,2.5,0.03,6.94,1.93,2.2,0.66,7.01,2.96,2.1,0.53,7.28,3.2,1.8,0.54
7.1,5.78,3.5,0.33,6.94,1.93,2.2,0.66,7.01,2.96,2.1,0.53,7.28,3.2,1.8,0.54,7.025686274509802,3.108377622377621,3.2717482517482512,1.3095664335664343
6.89,3.6,3.8,0.41,7.01,2.96,2.1,0.53,7.28,3.2,1.8,0.54,7.025686274509802,3.108377622377621,3.2717482517482512,1.3095664335664343,6.95,3.83,3.3,0.24
6.77,3.45,4.4,0.16,7.28,3.2,1.8,0.54,7.025686274509802,3.108377622377621,3.2717482517482512,1.3095664335664343,6.95,3.83,3.3,0.24,7.1,5.78,3.5,0.33
6.88,4.2,4.6,1.86,7.025686274509802,3.108377622377621,3.2717482517482512,1.3095664335664343,6.95,3.83,3.3,0.24,7.1,5.78,3.5,0.33,6.89,3.6,3.8,0.41
6.87,3.4,3.9,0.25,6.95,3.83,3.3,0.24,7.1,5.78,3.5,0.33,6.89,3.6,3.8,0.41,6.77,3.45,4.4,0.16
6.94,3.39,4.2,0.26,7.1,5.78,3.5,0.33,6.89,3.6,3.8,0.41,6.77,3.45,4.4,0.16,6.88,4.2,4.6,1.86
6.89,3.7,4.7,0.4,6.89,3.6,3.8,0.41,6.77,3.45,4.4,0.16,6.88,4.2,4.6,1.86,6.87,3.4,3.9,0.25
6.89,4.06,4.7,0.3,6.77,3.45,4.4,0.16,6.88,4.2,4.6,1.86,6.87,3.4,3.9,0.25,6.94,3.39,4.2,0.26
6.93,4.16,5.9,0.32,6.88,4.2,4.6,1.86,6.87,3.4,3.9,0.25,6.94,3.39,4.2,0.26,6.89,3.7,4.7,0.4
6.96,5.38,6.2,0.3,6.87,3.4,3.9,0.25,6.94,3.39,4.2,0.26,6.89,3.7,4.7,0.4,6.89,4.06,4.7,0.3
6.94,5.01,5.9,0.52,6.94,3.39,4.2,0.26,6.89,3.7,4.7,0.4,6.89,4.06,4.7,0.3,6.93,4.16,5.9,0.32
6.85,3.99,5.3,0.5,6.89,3.7,4.7,0.4,6.89,4.06,4.7,0.3,6.93,4.16,5.9,0.32,6.96,5.38,6.2,0.3
7.02,1.53,5.2,1.07,6.89,4.06,4.7,0.3,6.93,4.16,5.9,0.32,6.96,5.38,6.2,0.3,6.94,5.01,5.9,0.52
6.93,2.05,5.5,1.42,6.93,4.16,5.9,0.32,6.96,5.38,6.2,0.3,6.94,5.01,5.9,0.52,6.85,3.99,5.3,0.5
6.89,1.67,7.2,1.99,6.96,5.38,6.2,0.3,6.94,5.01,5.9,0.52,6.85,3.99,5.3,0.5,7.02,1.53,5.2,1.07
6.75,1.23,8.3,2.63,6.94,5.01,5.9,0.52,6.85,3.99,5.3,0.5,7.02,1.53,5.2,1.07,6.93,2.05,5.5,1.42
6.83,0.87,8.1,3.43,6.85,3.99,5.3,0.5,7.02,1.53,5.2,1.07,6.93,2.05,5.5,1.42,6.89,1.67,7.2,1.99
6.83,0.85,7.3,5.19,7.02,1.53,5.2,1.07,6.93,2.05,5.5,1.42,6.89,1.67,7.2,1.99,6.75,1.23,8.3,2.63
7.025686274509802,3.108377622377621,3.2717482517482512,1.3095664335664343,6.93,2.05,5.5,1.42,6.89,1.67,7.2,1.99,6.75,1.23,8.3,2.63,6.83,0.87,8.1,3.43
6.93,2.58,7.8,3.68,6.89,1.67,7.2,1.99,6.75,1.23,8.3,2.63,6.83,0.87,8.1,3.43,6.83,0.85,7.3,5.19
6.88,1.32,7.7,4.1,6.75,1.23,8.3,2.63,6.83,0.87,8.1,3.43,6.83,0.85,7.3,5.19,7.025686274509802,3.108377622377621,3.2717482517482512,1.3095664335664343
7.02,0.86,6.4,4.58,6.83,0.87,8.1,3.43,6.83,0.85,7.3,5.19,7.025686274509802,3.108377622377621,3.2717482517482512,1.3095664335664343,6.93,2.58,7.8,3.68
6.98,0.87,6.3,4.54,6.83,0.85,7.3,5.19,7.025686274509802,3.108377622377621,3.2717482517482512,1.3095664335664343,6.93,2.58,7.8,3.68,6.88,1.32,7.7,4.1
6.91,0.94,5.8,5.29,7.025686274509802,3.108377622377621,3.2717482517482512,1.3095664335664343,6.93,2.58,7.8,3.68,6.88,1.32,7.7,4.1,7.02,0.86,6.4,4.58
6.89,0.85,6.5,6.02,6.93,2.58,7.8,3.68,6.88,1.32,7.7,4.1,7.02,0.86,6.4,4.58,6.98,0.87,6.3,4.54
6.92,1.36,5.2,5.42,6.88,1.32,7.7,4.1,7.02,0.86,6.4,4.58,6.98,0.87,6.3,4.54,6.91,0.94,5.8,5.29
6.91,1.26,3.5,2.87,7.02,0.86,6.4,4.58,6.98,0.87,6.3,4.54,6.91,0.94,5.8,5.29,6.89,0.85,6.5,6.02
6.89,3.82,3.4,3.42,6.98,0.87,6.3,4.54,6.91,0.94,5.8,5.29,6.89,0.85,6.5,6.02,6.92,1.36,5.2,5.42
6.81,4.02,3.1,2.7,6.91,0.94,5.8,5.29,6.89,0.85,6.5,6.02,6.92,1.36,5.2,5.42,6.91,1.26,3.5,2.87
6.76,4.13,3.4,2.81,6.89,0.85,6.5,6.02,6.92,1.36,5.2,5.42,6.91,1.26,3.5,2.87,6.89,3.82,3.4,3.42
6.89,3.6,2.7,1.94,6.92,1.36,5.2,5.42,6.91,1.26,3.5,2.87,6.89,3.82,3.4,3.42,6.81,4.02,3.1,2.7
7.02,5.06,2.0,0.91,6.91,1.26,3.5,2.87,6.89,3.82,3.4,3.42,6.81,4.02,3.1,2.7,6.76,4.13,3.4,2.81
7.78,5.84,2.5,0.94,6.89,3.82,3.4,3.42,6.81,4.02,3.1,2.7,6.76,4.13,3.4,2.81,6.89,3.6,2.7,1.94
7.06,5.92,2.3,0.35,6.81,4.02,3.1,2.7,6.76,4.13,3.4,2.81,6.89,3.6,2.7,1.94,7.02,5.06,2.0,0.91
6.91,5.03,2.2,0.72,6.76,4.13,3.4,2.81,6.89,3.6,2.7,1.94,7.02,5.06,2.0,0.91,7.78,5.84,2.5,0.94
7.05,5.14,1.8,0.58,6.89,3.6,2.7,1.94,7.02,5.06,2.0,0.91,7.78,5.84,2.5,0.94,7.06,5.92,2.3,0.35
7.09,5.05,1.6,0.37,7.02,5.06,2.0,0.91,7.78,5.84,2.5,0.94,7.06,5.92,2.3,0.35,6.91,5.03,2.2,0.72
6.98,4.82,3.4,0.23,7.78,5.84,2.5,0.94,7.06,5.92,2.3,0.35,6.91,5.03,2.2,0.72,7.05,5.14,1.8,0.58
7.02,5.03,2.4,0.37,7.06,5.92,2.3,0.35,6.91,5.03,2.2,0.72,7.05,5.14,1.8,0.58,7.09,5.05,1.6,0.37
6.88,4.06,1.5,0.35,6.91,5.03,2.2,0.72,7.05,5.14,1.8,0.58,7.09,5.05,1.6,0.37,6.98,4.82,3.4,0.23
6.81,4.94,1.3,0.51,7.05,5.14,1.8,0.58,7.09,5.05,1.6,0.37,6.98,4.82,3.4,0.23,7.02,5.03,2.4,0.37
6.81,4.7,1.8,0.68,7.09,5.05,1.6,0.37,6.98,4.82,3.4,0.23,7.02,5.03,2.4,0.37,6.88,4.06,1.5,0.35
6.85,4.22,2.1,0.64,6.98,4.82,3.4,0.23,7.02,5.03,2.4,0.37,6.88,4.06,1.5,0.35,6.81,4.94,1.3,0.51
6.95,4.09,1.3,1.5,7.02,5.03,2.4,0.37,6.88,4.06,1.5,0.35,6.81,4.94,1.3,0.51,6.81,4.7,1.8,0.68
6.83,3.7,2.8,1.27,6.88,4.06,1.5,0.35,6.81,4.94,1.3,0.51,6.81,4.7,1.8,0.68,6.85,4.22,2.1,0.64
7.13,4.17,2.7,1.33,6.81,4.94,1.3,0.51,6.81,4.7,1.8,0.68,6.85,4.22,2.1,0.64,6.95,4.09,1.3,1.5
6.93,2.17,2.5,1.49,6.81,4.7,1.8,0.68,6.85,4.22,2.1,0.64,6.95,4.09,1.3,1.5,6.83,3.7,2.8,1.27
6.83,2.36,1.3,0.47,6.85,4.22,2.1,0.64,6.95,4.09,1.3,1.5,6.83,3.7,2.8,1.27,7.13,4.17,2.7,1.33
6.88,2.06,2.4,1.49,6.95,4.09,1.3,1.5,6.83,3.7,2.8,1.27,7.13,4.17,2.7,1.33,6.93,2.17,2.5,1.49
6.7,2.03,3.4,1.36,6.83,3.7,2.8,1.27,7.13,4.17,2.7,1.33,6.93,2.17,2.5,1.49,6.83,2.36,1.3,0.47
6.7,2.14,3.4,0.82,7.13,4.17,2.7,1.33,6.93,2.17,2.5,1.49,6.83,2.36,1.3,0.47,6.88,2.06,2.4,1.49
6.75,2.52,4.0,0.65,6.93,2.17,2.5,1.49,6.83,2.36,1.3,0.47,6.88,2.06,2.4,1.49,6.7,2.03,3.4,1.36
6.77,2.76,3.6,0.27,6.83,2.36,1.3,0.47,6.88,2.06,2.4,1.49,6.7,2.03,3.4,1.36,6.7,2.14,3.4,0.82
6.8,3.21,3.4,0.37,6.88,2.06,2.4,1.49,6.7,2.03,3.4,1.36,6.7,2.14,3.4,0.82,6.75,2.52,4.0,0.65
6.79,2.95,3.7,0.3,6.7,2.03,3.4,1.36,6.7,2.14,3.4,0.82,6.75,2.52,4.0,0.65,6.77,2.76,3.6,0.27
6.87,3.09,4.5,0.23,6.7,2.14,3.4,0.82,6.75,2.52,4.0,0.65,6.77,2.76,3.6,0.27,6.8,3.21,3.4,0.37
6.79,3.77,4.4,0.46,6.75,2.52,4.0,0.65,6.77,2.76,3.6,0.27,6.8,3.21,3.4,0.37,6.79,2.95,3.7,0.3
6.87,2.15,4.8,0.66,6.77,2.76,3.6,0.27,6.8,3.21,3.4,0.37,6.79,2.95,3.7,0.3,6.87,3.09,4.5,0.23
6.84,3.75,5.3,0.57,6.8,3.21,3.4,0.37,6.79,2.95,3.7,0.3,6.87,3.09,4.5,0.23,6.79,3.77,4.4,0.46
6.77,4.61,5.3,0.5,6.79,2.95,3.7,0.3,6.87,3.09,4.5,0.23,6.79,3.77,4.4,0.46,6.87,2.15,4.8,0.66
6.94,3.81,6.2,0.58,6.87,3.09,4.5,0.23,6.79,3.77,4.4,0.46,6.87,2.15,4.8,0.66,6.84,3.75,5.3,0.57
6.93,3.49,5.7,0.89,6.79,3.77,4.4,0.46,6.87,2.15,4.8,0.66,6.84,3.75,5.3,0.57,6.77,4.61,5.3,0.5
6.98,3.74,6.0,0.76,6.87,2.15,4.8,0.66,6.84,3.75,5.3,0.57,6.77,4.61,5.3,0.5,6.94,3.81,6.2,0.58
6.96,2.39,5.8,0.94,6.84,3.75,5.3,0.57,6.77,4.61,5.3,0.5,6.94,3.81,6.2,0.58,6.93,3.49,5.7,0.89
6.97,2.28,7.3,1.72,6.77,4.61,5.3,0.5,6.94,3.81,6.2,0.58,6.93,3.49,5.7,0.89,6.98,3.74,6.0,0.76
6.96,3.23,7.7,2.65,6.94,3.81,6.2,0.58,6.93,3.49,5.7,0.89,6.98,3.74,6.0,0.76,6.96,2.39,5.8,0.94
6.92,3.23,7.6,1.92,6.93,3.49,5.7,0.89,6.98,3.74,6.0,0.76,6.96,2.39,5.8,0.94,6.97,2.28,7.3,1.72
7.12,2.55,7.0,2.24,6.98,3.74,6.0,0.76,6.96,2.39,5.8,0.94,6.97,2.28,7.3,1.72,6.96,3.23,7.7,2.65
7.13,2.95,7.1,1.86,6.96,2.39,5.8,0.94,6.97,2.28,7.3,1.72,6.96,3.23,7.7,2.65,6.92,3.23,7.6,1.92
6.95,3.53,7.6,1.14,6.97,2.28,7.3,1.72,6.96,3.23,7.7,2.65,6.92,3.23,7.6,1.92,7.12,2.55,7.0,2.24
6.96,4.49,7.1,0.99,6.96,3.23,7.7,2.65,6.92,3.23,7.6,1.92,7.12,2.55,7.0,2.24,7.13,2.95,7.1,1.86
6.98,3.35,6.7,0.83,6.92,3.23,7.6,1.92,7.12,2.55,7.0,2.24,7.13,2.95,7.1,1.86,6.95,3.53,7.6,1.14
7.03,3.37,6.6,1.11,7.12,2.55,7.0,2.24,7.13,2.95,7.1,1.86,6.95,3.53,7.6,1.14,6.96,4.49,7.1,0.99
6.92,2.71,6.0,1.73,7.13,2.95,7.1,1.86,6.95,3.53,7.6,1.14,6.96,4.49,7.1,0.99,6.98,3.35,6.7,0.83
7.12,2.57,4.5,1.54,6.95,3.53,7.6,1.14,6.96,4.49,7.1,0.99,6.98,3.35,6.7,0.83,7.03,3.37,6.6,1.11
7.02,2.01,4.3,1.35,6.96,4.49,7.1,0.99,6.98,3.35,6.7,0.83,7.03,3.37,6.6,1.11,6.92,2.71,6.0,1.73
6.98,2.8,3.9,1.61,6.98,3.35,6.7,0.83,7.03,3.37,6.6,1.11,6.92,2.71,6.0,1.73,7.12,2.57,4.5,1.54
6.99,2.8,1.8,1.74,7.03,3.37,6.6,1.11,6.92,2.71,6.0,1.73,7.12,2.57,4.5,1.54,7.02,2.01,4.3,1.35
7.02,2.25,3.1,0.98,6.92,2.71,6.0,1.73,7.12,2.57,4.5,1.54,7.02,2.01,4.3,1.35,6.98,2.8,3.9,1.61
7.14,2.78,3.6,1.37,7.12,2.57,4.5,1.54,7.02,2.01,4.3,1.35,6.98,2.8,3.9,1.61,6.99,2.8,1.8,1.74
7.09,3.39,3.6,1.46,7.02,2.01,4.3,1.35,6.98,2.8,3.9,1.61,6.99,2.8,1.8,1.74,7.02,2.25,3.1,0.98
7.025686274509802,3.108377622377621,3.2717482517482512,1.3095664335664343,6.98,2.8,3.9,1.61,6.99,2.8,1.8,1.74,7.02,2.25,3.1,0.98,7.14,2.78,3.6,1.37
7.19,3.83,2.3,1.44,6.99,2.8,1.8,1.74,7.02,2.25,3.1,0.98,7.14,2.78,3.6,1.37,7.09,3.39,3.6,1.46
6.9,3.59,3.2,1.08,7.02,2.25,3.1,0.98,7.14,2.78,3.6,1.37,7.09,3.39,3.6,1.46,7.025686274509802,3.108377622377621,3.2717482517482512,1.3095664335664343
6.87,4.25,2.9,0.85,7.14,2.78,3.6,1.37,7.09,3.39,3.6,1.46,7.025686274509802,3.108377622377621,3.2717482517482512,1.3095664335664343,7.19,3.83,2.3,1.44
6.88,2.79,3.2,1.37,7.09,3.39,3.6,1.46,7.025686274509802,3.108377622377621,3.2717482517482512,1.3095664335664343,7.19,3.83,2.3,1.44,6.9,3.59,3.2,1.08
6.92,4.25,1.8,0.92,7.025686274509802,3.108377622377621,3.2717482517482512,1.3095664335664343,7.19,3.83,2.3,1.44,6.9,3.59,3.2,1.08,6.87,4.25,2.9,0.85
6.92,4.92,1.6,0.99,7.19,3.83,2.3,1.44,6.9,3.59,3.2,1.08,6.87,4.25,2.9,0.85,6.88,2.79,3.2,1.37
6.9,4.9,1.4,0.87,6.9,3.59,3.2,1.08,6.87,4.25,2.9,0.85,6.88,2.79,3.2,1.37,6.92,4.25,1.8,0.92
6.85,5.16,1.4,0.68,6.87,4.25,2.9,0.85,6.88,2.79,3.2,1.37,6.92,4.25,1.8,0.92,6.92,4.92,1.6,0.99
6.92,4.17,1.6,0.72,6.88,2.79,3.2,1.37,6.92,4.25,1.8,0.92,6.92,4.92,1.6,0.99,6.9,4.9,1.4,0.87
6.85,4.54,2.1,0.74,6.92,4.25,1.8,0.92,6.92,4.92,1.6,0.99,6.9,4.9,1.4,0.87,6.85,5.16,1.4,0.68
6.95,4.76,2.4,0.65,6.92,4.92,1.6,0.99,6.9,4.9,1.4,0.87,6.85,5.16,1.4,0.68,6.92,4.17,1.6,0.72
6.87,5.71,3.1,0.63,6.9,4.9,1.4,0.87,6.85,5.16,1.4,0.68,6.92,4.17,1.6,0.72,6.85,4.54,2.1,0.74
6.98,4.49,2.2,0.7,6.85,5.16,1.4,0.68,6.92,4.17,1.6,0.72,6.85,4.54,2.1,0.74,6.95,4.76,2.4,0.65
6.87,4.48,2.5,0.75,6.92,4.17,1.6,0.72,6.85,4.54,2.1,0.74,6.95,4.76,2.4,0.65,6.87,5.71,3.1,0.63
6.94,5.34,2.0,0.59,6.85,4.54,2.1,0.74,6.95,4.76,2.4,0.65,6.87,5.71,3.1,0.63,6.98,4.49,2.2,0.7
6.91,4.44,1.4,0.61,6.95,4.76,2.4,0.65,6.87,5.71,3.1,0.63,6.98,4.49,2.2,0.7,6.87,4.48,2.5,0.75
6.84,2.93,1.8,0.79,6.87,5.71,3.1,0.63,6.98,4.49,2.2,0.7,6.87,4.48,2.5,0.75,6.94,5.34,2.0,0.59
6.79,2.11,1.7,0.94,6.98,4.49,2.2,0.7,6.87,4.48,2.5,0.75,6.94,5.34,2.0,0.59,6.91,4.44,1.4,0.61
6.75,2.23,2.3,1.68,6.87,4.48,2.5,0.75,6.94,5.34,2.0,0.59,6.91,4.44,1.4,0.61,6.84,2.93,1.8,0.79
6.75,2.05,2.5,1.67,6.94,5.34,2.0,0.59,6.91,4.44,1.4,0.61,6.84,2.93,1.8,0.79,6.79,2.11,1.7,0.94
6.72,2.92,2.6,1.28,6.91,4.44,1.4,0.61,6.84,2.93,1.8,0.79,6.79,2.11,1.7,0.94,6.75,2.23,2.3,1.68
6.75,2.76,3.1,1.22,6.84,2.93,1.8,0.79,6.79,2.11,1.7,0.94,6.75,2.23,2.3,1.68,6.75,2.05,2.5,1.67
6.78,3.09,4.1,0.85,6.79,2.11,1.7,0.94,6.75,2.23,2.3,1.68,6.75,2.05,2.5,1.67,6.72,2.92,2.6,1.28
6.8,3.05,4.3,0.6,6.75,2.23,2.3,1.68,6.75,2.05,2.5,1.67,6.72,2.92,2.6,1.28,6.75,2.76,3.1,1.22
6.71,2.76,5.0,1.86,6.75,2.05,2.5,1.67,6.72,2.92,2.6,1.28,6.75,2.76,3.1,1.22,6.78,3.09,4.1,0.85
6.71,2.65,4.1,1.12,6.72,2.92,2.6,1.28,6.75,2.76,3.1,1.22,6.78,3.09,4.1,0.85,6.8,3.05,4.3,0.6
6.69,3.3,4.6,0.73,6.75,2.76,3.1,1.22,6.78,3.09,4.1,0.85,6.8,3.05,4.3,0.6,6.71,2.76,5.0,1.86
6.73,3.26,4.5,0.62,6.78,3.09,4.1,0.85,6.8,3.05,4.3,0.6,6.71,2.76,5.0,1.86,6.71,2.65,4.1,1.12
6.87,3.31,4.1,0.69,6.8,3.05,4.3,0.6,6.71,2.76,5.0,1.86,6.71,2.65,4.1,1.12,6.69,3.3,4.6,0.73
7.02,2.56,3.9,1.83,6.71,2.76,5.0,1.86,6.71,2.65,4.1,1.12,6.69,3.3,4.6,0.73,6.73,3.26,4.5,0.62
7.06,4.09,3.4,1.99,6.71,2.65,4.1,1.12,6.69,3.3,4.6,0.73,6.73,3.26,4.5,0.62,6.87,3.31,4.1,0.69
7.1,3.55,4.9,1.69,6.69,3.3,4.6,0.73,6.73,3.26,4.5,0.62,6.87,3.31,4.1,0.69,7.02,2.56,3.9,1.83
7.17,2.73,4.9,1.97,6.73,3.26,4.5,0.62,6.87,3.31,4.1,0.69,7.02,2.56,3.9,1.83,7.06,4.09,3.4,1.99
7.13,3.03,5.6,2.36,6.87,3.31,4.1,0.69,7.02,2.56,3.9,1.83,7.06,4.09,3.4,1.99,7.1,3.55,4.9,1.69
7.025686274509802,3.108377622377621,3.2717482517482512,1.3095664335664343,7.02,2.56,3.9,1.83,7.06,4.09,3.4,1.99,7.1,3.55,4.9,1.69,7.17,2.73,4.9,1.97
7.04,2.46,5.0,2.28,7.06,4.09,3.4,1.99,7.1,3.55,4.9,1.69,7.17,2.73,4.9,1.97,7.13,3.03,5.6,2.36
6.98,2.13,5.6,1.91,7.1,3.55,4.9,1.69,7.17,2.73,4.9,1.97,7.13,3.03,5.6,2.36,7.025686274509802,3.108377622377621,3.2717482517482512,1.3095664335664343
6.9,2.76,7.5,1.63,7.17,2.73,4.9,1.97,7.13,3.03,5.6,2.36,7.025686274509802,3.108377622377621,3.2717482517482512,1.3095664335664343,7.04,2.46,5.0,2.28
6.94,2.51,6.4,3.04,7.13,3.03,5.6,2.36,7.025686274509802,3.108377622377621,3.2717482517482512,1.3095664335664343,7.04,2.46,5.0,2.28,6.98,2.13,5.6,1.91
6.78,2.55,6.3,2.59,7.025686274509802,3.108377622377621,3.2717482517482512,1.3095664335664343,7.04,2.46,5.0,2.28,6.98,2.13,5.6,1.91,6.9,2.76,7.5,1.63
6.94,2.28,5.5,2.83,7.04,2.46,5.0,2.28,6.98,2.13,5.6,1.91,6.9,2.76,7.5,1.63,6.94,2.51,6.4,3.04
7.04,2.43,5.8,3.83,6.98,2.13,5.6,1.91,6.9,2.76,7.5,1.63,6.94,2.51,6.4,3.04,6.78,2.55,6.3,2.59
7.06,2.15,5.0,6.57,6.9,2.76,7.5,1.63,6.94,2.51,6.4,3.04,6.78,2.55,6.3,2.59,6.94,2.28,5.5,2.83
6.94,3.08,3.8,1.94,6.94,2.51,6.4,3.04,6.78,2.55,6.3,2.59,6.94,2.28,5.5,2.83,7.04,2.43,5.8,3.83
7.0,3.64,3.1,1.58,6.78,2.55,6.3,2.59,6.94,2.28,5.5,2.83,7.04,2.43,5.8,3.83,7.06,2.15,5.0,6.57
7.03,3.27,2.5,1.57,6.94,2.28,5.5,2.83,7.04,2.43,5.8,3.83,7.06,2.15,5.0,6.57,6.94,3.08,3.8,1.94
7.09,3.93,3.3,1.63,7.04,2.43,5.8,3.83,7.06,2.15,5.0,6.57,6.94,3.08,3.8,1.94,7.0,3.64,3.1,1.58
7.13,3.89,2.2,1.61,7.06,2.15,5.0,6.57,6.94,3.08,3.8,1.94,7.0,3.64,3.1,1.58,7.03,3.27,2.5,1.57
7.06,2.87,2.7,1.77,6.94,3.08,3.8,1.94,7.0,3.64,3.1,1.58,7.03,3.27,2.5,1.57,7.09,3.93,3.3,1.63
7.01,2.64,3.2,1.78,7.0,3.64,3.1,1.58,7.03,3.27,2.5,1.57,7.09,3.93,3.3,1.63,7.13,3.89,2.2,1.61
6.98,2.42,4.0,1.94,7.03,3.27,2.5,1.57,7.09,3.93,3.3,1.63,7.13,3.89,2.2,1.61,7.06,2.87,2.7,1.77
6.79,2.01,3.6,1.47,7.09,3.93,3.3,1.63,7.13,3.89,2.2,1.61,7.06,2.87,2.7,1.77,7.01,2.64,3.2,1.78
6.85,2.13,2.5,1.95,7.13,3.89,2.2,1.61,7.06,2.87,2.7,1.77,7.01,2.64,3.2,1.78,6.98,2.42,4.0,1.94
6.86,2.42,3.5,1.97,7.06,2.87,2.7,1.77,7.01,2.64,3.2,1.78,6.98,2.42,4.0,1.94,6.79,2.01,3.6,1.47
7.05,2.02,3.2,1.91,7.01,2.64,3.2,1.78,6.98,2.42,4.0,1.94,6.79,2.01,3.6,1.47,6.85,2.13,2.5,1.95
7.0,3.17,1.9,1.75,6.98,2.42,4.0,1.94,6.79,2.01,3.6,1.47,6.85,2.13,2.5,1.95,6.86,2.42,3.5,1.97
6.82,2.65,2.6,1.17,6.79,2.01,3.6,1.47,6.85,2.13,2.5,1.95,6.86,2.42,3.5,1.97,7.05,2.02,3.2,1.91
6.93,2.93,2.5,1.01,6.85,2.13,2.5,1.95,6.86,2.42,3.5,1.97,7.05,2.02,3.2,1.91,7.0,3.17,1.9,1.75
7.02,4.52,1.3,0.6,6.86,2.42,3.5,1.97,7.05,2.02,3.2,1.91,7.0,3.17,1.9,1.75,6.82,2.65,2.6,1.17
7.0,4.16,1.4,0.96,7.05,2.02,3.2,1.91,7.0,3.17,1.9,1.75,6.82,2.65,2.6,1.17,6.93,2.93,2.5,1.01
6.94,3.29,1.9,1.29,7.0,3.17,1.9,1.75,6.82,2.65,2.6,1.17,6.93,2.93,2.5,1.01,7.02,4.52,1.3,0.6
7.03,3.76,1.0,1.01,6.82,2.65,2.6,1.17,6.93,2.93,2.5,1.01,7.02,4.52,1.3,0.6,7.0,4.16,1.4,0.96
6.8,2.87,1.7,1.13,6.93,2.93,2.5,1.01,7.02,4.52,1.3,0.6,7.0,4.16,1.4,0.96,6.94,3.29,1.9,1.29
6.82,3.49,2.3,1.27,7.02,4.52,1.3,0.6,7.0,4.16,1.4,0.96,6.94,3.29,1.9,1.29,7.03,3.76,1.0,1.01
6.85,3.29,2.5,0.85,7.0,4.16,1.4,0.96,6.94,3.29,1.9,1.29,7.03,3.76,1.0,1.01,6.8,2.87,1.7,1.13
6.74,2.54,3.0,0.79,6.94,3.29,1.9,1.29,7.03,3.76,1.0,1.01,6.8,2.87,1.7,1.13,6.82,3.49,2.3,1.27
7.0,5.96,2.8,0.92,7.03,3.76,1.0,1.01,6.8,2.87,1.7,1.13,6.82,3.49,2.3,1.27,6.85,3.29,2.5,0.85
7.06,4.23,3.7,1.5,6.8,2.87,1.7,1.13,6.82,3.49,2.3,1.27,6.85,3.29,2.5,0.85,6.74,2.54,3.0,0.79
7.05,3.36,3.6,1.19,6.82,3.49,2.3,1.27,6.85,3.29,2.5,0.85,6.74,2.54,3.0,0.79,7.0,5.96,2.8,0.92
7.04,3.03,2.3,0.92,6.85,3.29,2.5,0.85,6.74,2.54,3.0,0.79,7.0,5.96,2.8,0.92,7.06,4.23,3.7,1.5
7.05,3.37,2.1,0.75,6.74,2.54,3.0,0.79,7.0,5.96,2.8,0.92,7.06,4.23,3.7,1.5,7.05,3.36,3.6,1.19
7.07,4.0,2.2,0.73,7.0,5.96,2.8,0.92,7.06,4.23,3.7,1.5,7.05,3.36,3.6,1.19,7.04,3.03,2.3,0.92
7.1,4.47,2.4,0.81,7.06,4.23,3.7,1.5,7.05,3.36,3.6,1.19,7.04,3.03,2.3,0.92,7.05,3.37,2.1,0.75
7.05,2.81,2.7,1.2,7.05,3.36,3.6,1.19,7.04,3.03,2.3,0.92,7.05,3.37,2.1,0.75,7.07,4.0,2.2,0.73
7.03,2.55,2.5,0.95,7.04,3.03,2.3,0.92,7.05,3.37,2.1,0.75,7.07,4.0,2.2,0.73,7.1,4.47,2.4,0.81
7.08,3.56,2.4,0.58,7.05,3.37,2.1,0.75,7.07,4.0,2.2,0.73,7.1,4.47,2.4,0.81,7.05,2.81,2.7,1.2
7.12,3.51,2.7,0.55,7.07,4.0,2.2,0.73,7.1,4.47,2.4,0.81,7.05,2.81,2.7,1.2,7.03,2.55,2.5,0.95
7.09,2.82,3.9,0.52,7.1,4.47,2.4,0.81,7.05,2.81,2.7,1.2,7.03,2.55,2.5,0.95,7.08,3.56,2.4,0.58
7.1,2.77,4.4,0.59,7.05,2.81,2.7,1.2,7.03,2.55,2.5,0.95,7.08,3.56,2.4,0.58,7.12,3.51,2.7,0.55
7.07,2.75,4.4,0.59,7.03,2.55,2.5,0.95,7.08,3.56,2.4,0.58,7.12,3.51,2.7,0.55,7.09,2.82,3.9,0.52
7.0,1.91,4.4,0.79,7.08,3.56,2.4,0.58,7.12,3.51,2.7,0.55,7.09,2.82,3.9,0.52,7.1,2.77,4.4,0.59
7.08,2.31,4.2,0.82,7.12,3.51,2.7,0.55,7.09,2.82,3.9,0.52,7.1,2.77,4.4,0.59,7.07,2.75,4.4,0.59
7.11,2.08,4.2,1.15,7.09,2.82,3.9,0.52,7.1,2.77,4.4,0.59,7.07,2.75,4.4,0.59,7.0,1.91,4.4,0.79
7.07,1.85,3.9,1.34,7.1,2.77,4.4,0.59,7.07,2.75,4.4,0.59,7.0,1.91,4.4,0.79,7.08,2.31,4.2,0.82
7.01,1.72,4.8,1.47,7.07,2.75,4.4,0.59,7.0,1.91,4.4,0.79,7.08,2.31,4.2,0.82,7.11,2.08,4.2,1.15
7.06,2.1,4.9,1.47,7.0,1.91,4.4,0.79,7.08,2.31,4.2,0.82,7.11,2.08,4.2,1.15,7.07,1.85,3.9,1.34
7.13,2.1,5.1,1.99,7.08,2.31,4.2,0.82,7.11,2.08,4.2,1.15,7.07,1.85,3.9,1.34,7.01,1.72,4.8,1.47
7.14,2.1,5.1,1.8,7.11,2.08,4.2,1.15,7.07,1.85,3.9,1.34,7.01,1.72,4.8,1.47,7.06,2.1,4.9,1.47
7.08,2.2,6.1,1.7,7.07,1.85,3.9,1.34,7.01,1.72,4.8,1.47,7.06,2.1,4.9,1.47,7.13,2.1,5.1,1.99
7.04,2.39,5.8,0.82,7.01,1.72,4.8,1.47,7.06,2.1,4.9,1.47,7.13,2.1,5.1,1.99,7.14,2.1,5.1,1.8
7.05,2.42,5.6,0.95,7.06,2.1,4.9,1.47,7.13,2.1,5.1,1.99,7.14,2.1,5.1,1.8,7.08,2.2,6.1,1.7
7.21,2.39,4.7,1.86,7.13,2.1,5.1,1.99,7.14,2.1,5.1,1.8,7.08,2.2,6.1,1.7,7.04,2.39,5.8,0.82
7.025686274509802,3.108377622377621,3.2717482517482512,1.3095664335664343,7.14,2.1,5.1,1.8,7.08,2.2,6.1,1.7,7.04,2.39,5.8,0.82,7.05,2.42,5.6,0.95
7.23,2.66,2.1,0.82,7.08,2.2,6.1,1.7,7.04,2.39,5.8,0.82,7.05,2.42,5.6,0.95,7.21,2.39,4.7,1.86
7.04,2.93,3.2,1.08,7.04,2.39,5.8,0.82,7.05,2.42,5.6,0.95,7.21,2.39,4.7,1.86,7.025686274509802,3.108377622377621,3.2717482517482512,1.3095664335664343
7.0,3.26,3.5,1.97,7.05,2.42,5.6,0.95,7.21,2.39,4.7,1.86,7.025686274509802,3.108377622377621,3.2717482517482512,1.3095664335664343,7.23,2.66,2.1,0.82
7.15,3.53,5.5,1.94,7.21,2.39,4.7,1.86,7.025686274509802,3.108377622377621,3.2717482517482512,1.3095664335664343,7.23,2.66,2.1,0.82,7.04,2.93,3.2,1.08
7.25,2.4,6.2,2.21,7.025686274509802,3.108377622377621,3.2717482517482512,1.3095664335664343,7.23,2.66,2.1,0.82,7.04,2.93,3.2,1.08,7.0,3.26,3.5,1.97
7.31,2.48,6.3,1.54,7.23,2.66,2.1,0.82,7.04,2.93,3.2,1.08,7.0,3.26,3.5,1.97,7.15,3.53,5.5,1.94
7.22,2.93,3.8,1.96,7.04,2.93,3.2,1.08,7.0,3.26,3.5,1.97,7.15,3.53,5.5,1.94,7.25,2.4,6.2,2.21
7.23,2.84,2.6,1.46,7.0,3.26,3.5,1.97,7.15,3.53,5.5,1.94,7.25,2.4,6.2,2.21,7.31,2.48,6.3,1.54
7.23,3.22,3.1,1.41,7.15,3.53,5.5,1.94,7.25,2.4,6.2,2.21,7.31,2.48,6.3,1.54,7.22,2.93,3.8,1.96
7.17,3.06,4.1,1.26,7.25,2.4,6.2,2.21,7.31,2.48,6.3,1.54,7.22,2.93,3.8,1.96,7.23,2.84,2.6,1.46
7.14,3.06,5.3,1.52,7.31,2.48,6.3,1.54,7.22,2.93,3.8,1.96,7.23,2.84,2.6,1.46,7.23,3.22,3.1,1.41
7.23,2.97,5.1,1.76,7.22,2.93,3.8,1.96,7.23,2.84,2.6,1.46,7.23,3.22,3.1,1.41,7.17,3.06,4.1,1.26
6.95,2.65,5.9,1.85,7.23,2.84,2.6,1.46,7.23,3.22,3.1,1.41,7.17,3.06,4.1,1.26,7.14,3.06,5.3,1.52
7.03,3.38,5.4,1.08,7.23,3.22,3.1,1.41,7.17,3.06,4.1,1.26,7.14,3.06,5.3,1.52,7.23,2.97,5.1,1.76
7.06,2.58,3.5,1.73,7.17,3.06,4.1,1.26,7.14,3.06,5.3,1.52,7.23,2.97,5.1,1.76,6.95,2.65,5.9,1.85
7.08,2.8,2.4,1.45,7.14,3.06,5.3,1.52,7.23,2.97,5.1,1.76,6.95,2.65,5.9,1.85,7.03,3.38,5.4,1.08
6.97,3.6,1.8,0.88,7.23,2.97,5.1,1.76,6.95,2.65,5.9,1.85,7.03,3.38,5.4,1.08,7.06,2.58,3.5,1.73
6.89,4.49,2.1,0.57,6.95,2.65,5.9,1.85,7.03,3.38,5.4,1.08,7.06,2.58,3.5,1.73,7.08,2.8,2.4,1.45
6.96,5.62,2.8,0.34,7.03,3.38,5.4,1.08,7.06,2.58,3.5,1.73,7.08,2.8,2.4,1.45,6.97,3.6,1.8,0.88
6.85,5.12,1.9,0.5,7.06,2.58,3.5,1.73,7.08,2.8,2.4,1.45,6.97,3.6,1.8,0.88,6.89,4.49,2.1,0.57
6.96,5.13,1.4,0.32,7.08,2.8,2.4,1.45,6.97,3.6,1.8,0.88,6.89,4.49,2.1,0.57,6.96,5.62,2.8,0.34
7.02,5.06,1.7,0.39,6.97,3.6,1.8,0.88,6.89,4.49,2.1,0.57,6.96,5.62,2.8,0.34,6.85,5.12,1.9,0.5
7.18,5.5,2.0,0.39,6.89,4.49,2.1,0.57,6.96,5.62,2.8,0.34,6.85,5.12,1.9,0.5,6.96,5.13,1.4,0.32
7.21,5.2,2.2,0.49,6.96,5.62,2.8,0.34,6.85,5.12,1.9,0.5,6.96,5.13,1.4,0.32,7.02,5.06,1.7,0.39
7.1,4.75,1.7,0.65,6.85,5.12,1.9,0.5,6.96,5.13,1.4,0.32,7.02,5.06,1.7,0.39,7.18,5.5,2.0,0.39
6.95,4.36,2.0,0.91,6.96,5.13,1.4,0.32,7.02,5.06,1.7,0.39,7.18,5.5,2.0,0.39,7.21,5.2,2.2,0.49
7.16,4.43,1.3,0.53,7.02,5.06,1.7,0.39,7.18,5.5,2.0,0.39,7.21,5.2,2.2,0.49,7.1,4.75,1.7,0.65
7.1,4.23,1.8,0.53,7.18,5.5,2.0,0.39,7.21,5.2,2.2,0.49,7.1,4.75,1.7,0.65,6.95,4.36,2.0,0.91
7.09,4.18,1.6,0.58,7.21,5.2,2.2,0.49,7.1,4.75,1.7,0.65,6.95,4.36,2.0,0.91,7.16,4.43,1.3,0.53
7.08,3.49,1.9,0.75,7.1,4.75,1.7,0.65,6.95,4.36,2.0,0.91,7.16,4.43,1.3,0.53,7.1,4.23,1.8,0.53
7.11,3.96,1.6,0.57,6.95,4.36,2.0,0.91,7.16,4.43,1.3,0.53,7.1,4.23,1.8,0.53,7.09,4.18,1.6,0.58
7.03,2.84,1.8,0.51,7.16,4.43,1.3,0.53,7.1,4.23,1.8,0.53,7.09,4.18,1.6,0.58,7.08,3.49,1.9,0.75
7.06,3.34,2.3,0.64,7.1,4.23,1.8,0.53,7.09,4.18,1.6,0.58,7.08,3.49,1.9,0.75,7.11,3.96,1.6,0.57
7.21,4.39,1.8,0.52,7.09,4.18,1.6,0.58,7.08,3.49,1.9,0.75,7.11,3.96,1.6,0.57,7.03,2.84,1.8,0.51
7.09,3.44,2.1,0.72,7.08,3.49,1.9,0.75,7.11,3.96,1.6,0.57,7.03,2.84,1.8,0.51,7.06,3.34,2.3,0.64
6.98,2.45,2.1,0.83,7.11,3.96,1.6,0.57,7.03,2.84,1.8,0.51,7.06,3.34,2.3,0.64,7.21,4.39,1.8,0.52
6.99,2.47,1.9,0.8,7.03,2.84,1.8,0.51,7.06,3.34,2.3,0.64,7.21,4.39,1.8,0.52,7.09,3.44,2.1,0.72
7.07,2.62,1.9,0.69,7.06,3.34,2.3,0.64,7.21,4.39,1.8,0.52,7.09,3.44,2.1,0.72,6.98,2.45,2.1,0.83
7.19,3.74,1.7,0.79,7.21,4.39,1.8,0.52,7.09,3.44,2.1,0.72,6.98,2.45,2.1,0.83,6.99,2.47,1.9,0.8
7.19,5.91,1.4,0.41,7.09,3.44,2.1,0.72,6.98,2.45,2.1,0.83,6.99,2.47,1.9,0.8,7.07,2.62,1.9,0.69
7.08,4.61,1.4,0.61,6.98,2.45,2.1,0.83,6.99,2.47,1.9,0.8,7.07,2.62,1.9,0.69,7.19,3.74,1.7,0.79
7.06,3.88,1.4,0.57,6.99,2.47,1.9,0.8,7.07,2.62,1.9,0.69,7.19,3.74,1.7,0.79,7.19,5.91,1.4,0.41
7.04,2.86,1.6,0.7,7.07,2.62,1.9,0.69,7.19,3.74,1.7,0.79,7.19,5.91,1.4,0.41,7.08,4.61,1.4,0.61
6.99,2.83,1.9,1.14,7.19,3.74,1.7,0.79,7.19,5.91,1.4,0.41,7.08,4.61,1.4,0.61,7.06,3.88,1.4,0.57
6.98,2.47,2.0,1.89,7.19,5.91,1.4,0.41,7.08,4.61,1.4,0.61,7.06,3.88,1.4,0.57,7.04,2.86,1.6,0.7
7.09,3.91,2.1,1.68,7.08,4.61,1.4,0.61,7.06,3.88,1.4,0.57,7.04,2.86,1.6,0.7,6.99,2.83,1.9,1.14
7.12,2.84,2.6,1.94,7.06,3.88,1.4,0.57,7.04,2.86,1.6,0.7,6.99,2.83,1.9,1.14,6.98,2.47,2.0,1.89
7.05,3.05,2.7,1.71,7.04,2.86,1.6,0.7,6.99,2.83,1.9,1.14,6.98,2.47,2.0,1.89,7.09,3.91,2.1,1.68
7.11,1.96,3.2,1.78,6.99,2.83,1.9,1.14,6.98,2.47,2.0,1.89,7.09,3.91,2.1,1.68,7.12,2.84,2.6,1.94
7.13,2.28,3.1,1.8,6.98,2.47,2.0,1.89,7.09,3.91,2.1,1.68,7.12,2.84,2.6,1.94,7.05,3.05,2.7,1.71
7.11,2.43,3.4,1.73,7.09,3.91,2.1,1.68,7.12,2.84,2.6,1.94,7.05,3.05,2.7,1.71,7.11,1.96,3.2,1.78
7.05,2.13,2.9,1.57,7.12,2.84,2.6,1.94,7.05,3.05,2.7,1.71,7.11,1.96,3.2,1.78,7.13,2.28,3.1,1.8
7.24,2.12,3.4,1.76,7.05,3.05,2.7,1.71,7.11,1.96,3.2,1.78,7.13,2.28,3.1,1.8,7.11,2.43,3.4,1.73
7.21,2.36,2.9,1.66,7.11,1.96,3.2,1.78,7.13,2.28,3.1,1.8,7.11,2.43,3.4,1.73,7.05,2.13,2.9,1.57
7.27,2.18,2.6,1.64,7.13,2.28,3.1,1.8,7.11,2.43,3.4,1.73,7.05,2.13,2.9,1.57,7.24,2.12,3.4,1.76
7.2,2.39,2.6,1.95,7.11,2.43,3.4,1.73,7.05,2.13,2.9,1.57,7.24,2.12,3.4,1.76,7.21,2.36,2.9,1.66
7.27,2.44,2.4,1.98,7.05,2.13,2.9,1.57,7.24,2.12,3.4,1.76,7.21,2.36,2.9,1.66,7.27,2.18,2.6,1.64
7.22,2.4,3.0,1.36,7.24,2.12,3.4,1.76,7.21,2.36,2.9,1.66,7.27,2.18,2.6,1.64,7.2,2.39,2.6,1.95
7.19,2.12,3.4,1.44,7.21,2.36,2.9,1.66,7.27,2.18,2.6,1.64,7.2,2.39,2.6,1.95,7.27,2.44,2.4,1.98
7.18,2.25,3.9,1.86,7.27,2.18,2.6,1.64,7.2,2.39,2.6,1.95,7.27,2.44,2.4,1.98,7.22,2.4,3.0,1.36
7.08,2.51,2.6,1.22,7.2,2.39,2.6,1.95,7.27,2.44,2.4,1.98,7.22,2.4,3.0,1.36,7.19,2.12,3.4,1.44
7.05,2.1,2.0,1.6,7.27,2.44,2.4,1.98,7.22,2.4,3.0,1.36,7.19,2.12,3.4,1.44,7.18,2.25,3.9,1.86
7.09,2.14,2.1,1.78,7.22,2.4,3.0,1.36,7.19,2.12,3.4,1.44,7.18,2.25,3.9,1.86,7.08,2.51,2.6,1.22
7.1,2.68,1.8,1.22,7.19,2.12,3.4,1.44,7.18,2.25,3.9,1.86,7.08,2.51,2.6,1.22,7.05,2.1,2.0,1.6
7.03,2.2,2.5,0.95,7.18,2.25,3.9,1.86,7.08,2.51,2.6,1.22,7.05,2.1,2.0,1.6,7.09,2.14,2.1,1.78
7.04,2.32,2.4,0.62,7.08,2.51,2.6,1.22,7.05,2.1,2.0,1.6,7.09,2.14,2.1,1.78,7.1,2.68,1.8,1.22
7.12,3.12,1.8,0.87,7.05,2.1,2.0,1.6,7.09,2.14,2.1,1.78,7.1,2.68,1.8,1.22,7.03,2.2,2.5,0.95
7.06,3.57,2.1,1.12,7.09,2.14,2.1,1.78,7.1,2.68,1.8,1.22,7.03,2.2,2.5,0.95,7.04,2.32,2.4,0.62
7.07,2.93,2.5,1.03,7.1,2.68,1.8,1.22,7.03,2.2,2.5,0.95,7.04,2.32,2.4,0.62,7.12,3.12,1.8,0.87
7.04,2.78,2.5,0.91,7.03,2.2,2.5,0.95,7.04,2.32,2.4,0.62,7.12,3.12,1.8,0.87,7.06,3.57,2.1,1.12
6.99,3.21,2.9,0.83,7.04,2.32,2.4,0.62,7.12,3.12,1.8,0.87,7.06,3.57,2.1,1.12,7.07,2.93,2.5,1.03
7.0,3.33,3.8,0.97,7.12,3.12,1.8,0.87,7.06,3.57,2.1,1.12,7.07,2.93,2.5,1.03,7.04,2.78,2.5,0.91
7.08,4.27,3.3,0.74,7.06,3.57,2.1,1.12,7.07,2.93,2.5,1.03,7.04,2.78,2.5,0.91,6.99,3.21,2.9,0.83
7.34,5.39,3.1,0.69,7.07,2.93,2.5,1.03,7.04,2.78,2.5,0.91,6.99,3.21,2.9,0.83,7.0,3.33,3.8,0.97
7.27,4.48,2.0,0.69,7.04,2.78,2.5,0.91,6.99,3.21,2.9,0.83,7.0,3.33,3.8,0.97,7.08,4.27,3.3,0.74
7.22,3.73,2.5,0.69,6.99,3.21,2.9,0.83,7.0,3.33,3.8,0.97,7.08,4.27,3.3,0.74,7.34,5.39,3.1,0.69
7.22,4.4,1.8,0.58,7.0,3.33,3.8,0.97,7.08,4.27,3.3,0.74,7.34,5.39,3.1,0.69,7.27,4.48,2.0,0.69
7.09,4.0,2.3,0.7,7.08,4.27,3.3,0.74,7.34,5.39,3.1,0.69,7.27,4.48,2.0,0.69,7.22,3.73,2.5,0.69
6.96,2.84,2.6,1.02,7.34,5.39,3.1,0.69,7.27,4.48,2.0,0.69,7.22,3.73,2.5,0.69,7.22,4.4,1.8,0.58
6.98,2.74,2.8,0.91,7.27,4.48,2.0,0.69,7.22,3.73,2.5,0.69,7.22,4.4,1.8,0.58,7.09,4.0,2.3,0.7
7.01,2.99,3.3,0.71,7.22,3.73,2.5,0.69,7.22,4.4,1.8,0.58,7.09,4.0,2.3,0.7,6.96,2.84,2.6,1.02
7.05,3.03,3.9,0.73,7.22,4.4,1.8,0.58,7.09,4.0,2.3,0.7,6.96,2.84,2.6,1.02,6.98,2.74,2.8,0.91
7.03,3.19,3.4,0.63,7.09,4.0,2.3,0.7,6.96,2.84,2.6,1.02,6.98,2.74,2.8,0.91,7.01,2.99,3.3,0.71
6.97,3.13,3.4,1.01,6.96,2.84,2.6,1.02,6.98,2.74,2.8,0.91,7.01,2.99,3.3,0.71,7.05,3.03,3.9,0.73
7.02,3.44,2.3,0.66,6.98,2.74,2.8,0.91,7.01,2.99,3.3,0.71,7.05,3.03,3.9,0.73,7.03,3.19,3.4,0.63
7.02,4.05,2.3,0.59,7.01,2.99,3.3,0.71,7.05,3.03,3.9,0.73,7.03,3.19,3.4,0.63,6.97,3.13,3.4,1.01
7.08,4.1,2.4,0.57,7.05,3.03,3.9,0.73,7.03,3.19,3.4,0.63,6.97,3.13,3.4,1.01,7.02,3.44,2.3,0.66
7.02,3.09,2.7,0.61,7.03,3.19,3.4,0.63,6.97,3.13,3.4,1.01,7.02,3.44,2.3,0.66,7.02,4.05,2.3,0.59
7.09,3.15,3.0,0.63,6.97,3.13,3.4,1.01,7.02,3.44,2.3,0.66,7.02,4.05,2.3,0.59,7.08,4.1,2.4,0.57
7.18,3.73,2.7,0.6,7.02,3.44,2.3,0.66,7.02,4.05,2.3,0.59,7.08,4.1,2.4,0.57,7.02,3.09,2.7,0.61
7.23,3.32,6.3,0.62,7.02,4.05,2.3,0.59,7.08,4.1,2.4,0.57,7.02,3.09,2.7,0.61,7.09,3.15,3.0,0.63
7.21,2.47,5.7,0.61,7.08,4.1,2.4,0.57,7.02,3.09,2.7,0.61,7.09,3.15,3.0,0.63,7.18,3.73,2.7,0.6
7.3,2.5,6.2,1.23,7.02,3.09,2.7,0.61,7.09,3.15,3.0,0.63,7.18,3.73,2.7,0.6,7.23,3.32,6.3,0.62
7.04,2.47,5.0,1.58,7.09,3.15,3.0,0.63,7.18,3.73,2.7,0.6,7.23,3.32,6.3,0.62,7.21,2.47,5.7,0.61
7.25,2.39,5.9,2.41,7.18,3.73,2.7,0.6,7.23,3.32,6.3,0.62,7.21,2.47,5.7,0.61,7.3,2.5,6.2,1.23
7.25,2.12,5.7,2.83,7.23,3.32,6.3,0.62,7.21,2.47,5.7,0.61,7.3,2.5,6.2,1.23,7.04,2.47,5.0,1.58
7.11,2.5,5.0,2.43,7.21,2.47,5.7,0.61,7.3,2.5,6.2,1.23,7.04,2.47,5.0,1.58,7.25,2.39,5.9,2.41
7.025686274509802,3.108377622377621,3.2717482517482512,1.3095664335664343,7.3,2.5,6.2,1.23,7.04,2.47,5.0,1.58,7.25,2.39,5.9,2.41,7.25,2.12,5.7,2.83
7.14,2.22,3.9,3.0,7.04,2.47,5.0,1.58,7.25,2.39,5.9,2.41,7.25,2.12,5.7,2.83,7.11,2.5,5.0,2.43
7.11,2.32,3.2,4.28,7.25,2.39,5.9,2.41,7.25,2.12,5.7,2.83,7.11,2.5,5.0,2.43,7.025686274509802,3.108377622377621,3.2717482517482512,1.3095664335664343
7.14,2.56,3.1,4.44,7.25,2.12,5.7,2.83,7.11,2.5,5.0,2.43,7.025686274509802,3.108377622377621,3.2717482517482512,1.3095664335664343,7.14,2.22,3.9,3.0
7.1,2.4,2.4,3.93,7.11,2.5,5.0,2.43,7.025686274509802,3.108377622377621,3.2717482517482512,1.3095664335664343,7.14,2.22,3.9,3.0,7.11,2.32,3.2,4.28
7.14,3.35,2.1,1.45,7.025686274509802,3.108377622377621,3.2717482517482512,1.3095664335664343,7.14,2.22,3.9,3.0,7.11,2.32,3.2,4.28,7.14,2.56,3.1,4.44
7.14,2.76,2.7,2.69,7.14,2.22,3.9,3.0,7.11,2.32,3.2,4.28,7.14,2.56,3.1,4.44,7.1,2.4,2.4,3.93
7.14,2.67,2.3,3.15,7.11,2.32,3.2,4.28,7.14,2.56,3.1,4.44,7.1,2.4,2.4,3.93,7.14,3.35,2.1,1.45
7.23,2.5,2.3,2.94,7.14,2.56,3.1,4.44,7.1,2.4,2.4,3.93,7.14,3.35,2.1,1.45,7.14,2.76,2.7,2.69
7.13,2.12,2.1,2.39,7.1,2.4,2.4,3.93,7.14,3.35,2.1,1.45,7.14,2.76,2.7,2.69,7.14,2.67,2.3,3.15
7.12,2.18,2.5,1.66,7.14,3.35,2.1,1.45,7.14,2.76,2.7,2.69,7.14,2.67,2.3,3.15,7.23,2.5,2.3,2.94
7.15,2.5,2.4,1.18,7.14,2.76,2.7,2.69,7.14,2.67,2.3,3.15,7.23,2.5,2.3,2.94,7.13,2.12,2.1,2.39
6.95,2.64,2.4,1.0,7.14,2.67,2.3,3.15,7.23,2.5,2.3,2.94,7.13,2.12,2.1,2.39,7.12,2.18,2.5,1.66
7.02,2.41,2.4,1.09,7.23,2.5,2.3,2.94,7.13,2.12,2.1,2.39,7.12,2.18,2.5,1.66,7.15,2.5,2.4,1.18
7.14,2.47,2.4,1.87,7.13,2.12,2.1,2.39,7.12,2.18,2.5,1.66,7.15,2.5,2.4,1.18,6.95,2.64,2.4,1.0
7.16,2.27,1.7,2.59,7.12,2.18,2.5,1.66,7.15,2.5,2.4,1.18,6.95,2.64,2.4,1.0,7.02,2.41,2.4,1.09
7.18,2.3,1.7,1.98,7.15,2.5,2.4,1.18,6.95,2.64,2.4,1.0,7.02,2.41,2.4,1.09,7.14,2.47,2.4,1.87
7.07,2.94,1.4,1.21,6.95,2.64,2.4,1.0,7.02,2.41,2.4,1.09,7.14,2.47,2.4,1.87,7.16,2.27,1.7,2.59
7.04,3.14,1.9,1.03,7.02,2.41,2.4,1.09,7.14,2.47,2.4,1.87,7.16,2.27,1.7,2.59,7.18,2.3,1.7,1.98
7.04,2.69,1.8,1.37,7.14,2.47,2.4,1.87,7.16,2.27,1.7,2.59,7.18,2.3,1.7,1.98,7.07,2.94,1.4,1.21
7.18,3.23,2.1,1.37,7.16,2.27,1.7,2.59,7.18,2.3,1.7,1.98,7.07,2.94,1.4,1.21,7.04,3.14,1.9,1.03
7.2,4.43,1.4,1.04,7.18,2.3,1.7,1.98,7.07,2.94,1.4,1.21,7.04,3.14,1.9,1.03,7.04,2.69,1.8,1.37
7.2,3.65,1.5,0.97,7.07,2.94,1.4,1.21,7.04,3.14,1.9,1.03,7.04,2.69,1.8,1.37,7.18,3.23,2.1,1.37
7.31,3.24,1.1,0.94,7.04,3.14,1.9,1.03,7.04,2.69,1.8,1.37,7.18,3.23,2.1,1.37,7.2,4.43,1.4,1.04
7.27,4.05,1.7,0.91,7.04,2.69,1.8,1.37,7.18,3.23,2.1,1.37,7.2,4.43,1.4,1.04,7.2,3.65,1.5,0.97
7.33,4.39,2.2,0.74,7.18,3.23,2.1,1.37,7.2,4.43,1.4,1.04,7.2,3.65,1.5,0.97,7.31,3.24,1.1,0.94
7.39,4.83,2.7,0.74,7.2,4.43,1.4,1.04,7.2,3.65,1.5,0.97,7.31,3.24,1.1,0.94,7.27,4.05,1.7,0.91
7.39,4.37,1.9,0.71,7.2,3.65,1.5,0.97,7.31,3.24,1.1,0.94,7.27,4.05,1.7,0.91,7.33,4.39,2.2,0.74
7.37,3.56,1.7,0.71,7.31,3.24,1.1,0.94,7.27,4.05,1.7,0.91,7.33,4.39,2.2,0.74,7.39,4.83,2.7,0.74
7.27,2.78,2.1,0.93,7.27,4.05,1.7,0.91,7.33,4.39,2.2,0.74,7.39,4.83,2.7,0.74,7.39,4.37,1.9,0.71
7.23,3.86,2.4,1.55,7.33,4.39,2.2,0.74,7.39,4.83,2.7,0.74,7.39,4.37,1.9,0.71,7.37,3.56,1.7,0.71
7.08,4.27,2.3,0.75,7.39,4.83,2.7,0.74,7.39,4.37,1.9,0.71,7.37,3.56,1.7,0.71,7.27,2.78,2.1,0.93
7.18,4.25,2.5,0.95,7.39,4.37,1.9,0.71,7.37,3.56,1.7,0.71,7.27,2.78,2.1,0.93,7.23,3.86,2.4,1.55
7.13,3.13,2.2,1.1,7.37,3.56,1.7,0.71,7.27,2.78,2.1,0.93,7.23,3.86,2.4,1.55,7.08,4.27,2.3,0.75
7.08,3.33,2.3,1.43,7.27,2.78,2.1,0.93,7.23,3.86,2.4,1.55,7.08,4.27,2.3,0.75,7.18,4.25,2.5,0.95
7.16,3.03,1.7,1.49,7.23,3.86,2.4,1.55,7.08,4.27,2.3,0.75,7.18,4.25,2.5,0.95,7.13,3.13,2.2,1.1
7.1,3.69,2.0,1.18,7.08,4.27,2.3,0.75,7.18,4.25,2.5,0.95,7.13,3.13,2.2,1.1,7.08,3.33,2.3,1.43
6.99,2.75,2.3,1.84,7.18,4.25,2.5,0.95,7.13,3.13,2.2,1.1,7.08,3.33,2.3,1.43,7.16,3.03,1.7,1.49
7.08,2.38,1.9,1.6,7.13,3.13,2.2,1.1,7.08,3.33,2.3,1.43,7.16,3.03,1.7,1.49,7.1,3.69,2.0,1.18
7.09,2.89,1.9,1.05,7.08,3.33,2.3,1.43,7.16,3.03,1.7,1.49,7.1,3.69,2.0,1.18,6.99,2.75,2.3,1.84
7.09,3.2,1.8,0.78,7.16,3.03,1.7,1.49,7.1,3.69,2.0,1.18,6.99,2.75,2.3,1.84,7.08,2.38,1.9,1.6
7.08,3.19,1.5,0.99,7.1,3.69,2.0,1.18,6.99,2.75,2.3,1.84,7.08,2.38,1.9,1.6,7.09,2.89,1.9,1.05
7.15,3.54,1.7,1.3,6.99,2.75,2.3,1.84,7.08,2.38,1.9,1.6,7.09,2.89,1.9,1.05,7.09,3.2,1.8,0.78
7.28,3.8,1.9,1.02,7.08,2.38,1.9,1.6,7.09,2.89,1.9,1.05,7.09,3.2,1.8,0.78,7.08,3.19,1.5,0.99
7.23,3.35,1.9,0.85,7.09,2.89,1.9,1.05,7.09,3.2,1.8,0.78,7.08,3.19,1.5,0.99,7.15,3.54,1.7,1.3
7.23,3.3,1.7,1.04,7.09,3.2,1.8,0.78,7.08,3.19,1.5,0.99,7.15,3.54,1.7,1.3,7.28,3.8,1.9,1.02
7.025686274509802,3.108377622377621,3.2717482517482512,1.3095664335664343,7.08,3.19,1.5,0.99,7.15,3.54,1.7,1.3,7.28,3.8,1.9,1.02,7.23,3.35,1.9,0.85
7.02,3.66,2.5,0.53,7.15,3.54,1.7,1.3,7.28,3.8,1.9,1.02,7.23,3.35,1.9,0.85,7.23,3.3,1.7,1.04
7.11,3.37,2.7,0.65,7.28,3.8,1.9,1.02,7.23,3.35,1.9,0.85,7.23,3.3,1.7,1.04,7.025686274509802,3.108377622377621,3.2717482517482512,1.3095664335664343
7.1,3.69,4.6,0.67,7.23,3.35,1.9,0.85,7.23,3.3,1.7,1.04,7.025686274509802,3.108377622377621,3.2717482517482512,1.3095664335664343,7.02,3.66,2.5,0.53
7.15,3.3,3.8,0.74,7.23,3.3,1.7,1.04,7.025686274509802,3.108377622377621,3.2717482517482512,1.3095664335664343,7.02,3.66,2.5,0.53,7.11,3.37,2.7,0.65
7.28,3.73,3.1,1.01,7.025686274509802,3.108377622377621,3.2717482517482512,1.3095664335664343,7.02,3.66,2.5,0.53,7.11,3.37,2.7,0.65,7.1,3.69,4.6,0.67
7.27,3.77,2.7,0.82,7.02,3.66,2.5,0.53,7.11,3.37,2.7,0.65,7.1,3.69,4.6,0.67,7.15,3.3,3.8,0.74
7.33,3.57,2.2,1.4,7.11,3.37,2.7,0.65,7.1,3.69,4.6,0.67,7.15,3.3,3.8,0.74,7.28,3.73,3.1,1.01
7.36,3.47,2.3,1.32,7.1,3.69,4.6,0.67,7.15,3.3,3.8,0.74,7.28,3.73,3.1,1.01,7.27,3.77,2.7,0.82
7.36,3.39,2.5,1.6,7.15,3.3,3.8,0.74,7.28,3.73,3.1,1.01,7.27,3.77,2.7,0.82,7.33,3.57,2.2,1.4
7.34,3.06,3.9,1.72,7.28,3.73,3.1,1.01,7.27,3.77,2.7,0.82,7.33,3.57,2.2,1.4,7.36,3.47,2.3,1.32
7.33,2.72,3.2,1.97,7.27,3.77,2.7,0.82,7.33,3.57,2.2,1.4,7.36,3.47,2.3,1.32,7.36,3.39,2.5,1.6
7.3,2.81,3.1,1.32,7.33,3.57,2.2,1.4,7.36,3.47,2.3,1.32,7.36,3.39,2.5,1.6,7.34,3.06,3.9,1.72
7.29,2.43,2.2,1.25,7.36,3.47,2.3,1.32,7.36,3.39,2.5,1.6,7.34,3.06,3.9,1.72,7.33,2.72,3.2,1.97
7.28,3.09,2.1,1.25,7.36,3.39,2.5,1.6,7.34,3.06,3.9,1.72,7.33,2.72,3.2,1.97,7.3,2.81,3.1,1.32
7.17,2.4,2.3,2.12,7.34,3.06,3.9,1.72,7.33,2.72,3.2,1.97,7.3,2.81,3.1,1.32,7.29,2.43,2.2,1.25
7.22,2.71,2.6,2.07,7.33,2.72,3.2,1.97,7.3,2.81,3.1,1.32,7.29,2.43,2.2,1.25,7.28,3.09,2.1,1.25
7.28,2.62,2.3,2.51,7.3,2.81,3.1,1.32,7.29,2.43,2.2,1.25,7.28,3.09,2.1,1.25,7.17,2.4,2.3,2.12
7.27,3.0,2.3,2.5,7.29,2.43,2.2,1.25,7.28,3.09,2.1,1.25,7.17,2.4,2.3,2.12,7.22,2.71,2.6,2.07
7.2,3.49,1.8,1.37,7.28,3.09,2.1,1.25,7.17,2.4,2.3,2.12,7.22,2.71,2.6,2.07,7.28,2.62,2.3,2.51
7.12,3.32,1.6,1.89,7.17,2.4,2.3,2.12,7.22,2.71,2.6,2.07,7.28,2.62,2.3,2.51,7.27,3.0,2.3,2.5
7.04,2.26,1.3,2.71,7.22,2.71,2.6,2.07,7.28,2.62,2.3,2.51,7.27,3.0,2.3,2.5,7.2,3.49,1.8,1.37
6.97,2.13,1.8,2.58,7.28,2.62,2.3,2.51,7.27,3.0,2.3,2.5,7.2,3.49,1.8,1.37,7.12,3.32,1.6,1.89
7.03,2.07,2.4,2.25,7.27,3.0,2.3,2.5,7.2,3.49,1.8,1.37,7.12,3.32,1.6,1.89,7.04,2.26,1.3,2.71
7.08,2.35,2.6,2.15,7.2,3.49,1.8,1.37,7.12,3.32,1.6,1.89,7.04,2.26,1.3,2.71,6.97,2.13,1.8,2.58
7.0,2.29,1.7,1.55,7.12,3.32,1.6,1.89,7.04,2.26,1.3,2.71,6.97,2.13,1.8,2.58,7.03,2.07,2.4,2.25
7.06,3.55,1.0,0.87,7.04,2.26,1.3,2.71,6.97,2.13,1.8,2.58,7.03,2.07,2.4,2.25,7.08,2.35,2.6,2.15
7.11,4.49,1.9,0.67,6.97,2.13,1.8,2.58,7.03,2.07,2.4,2.25,7.08,2.35,2.6,2.15,7.0,2.29,1.7,1.55
7.02,3.59,1.8,1.03,7.03,2.07,2.4,2.25,7.08,2.35,2.6,2.15,7.0,2.29,1.7,1.55,7.06,3.55,1.0,0.87
7.04,3.31,2.2,0.94,7.08,2.35,2.6,2.15,7.0,2.29,1.7,1.55,7.06,3.55,1.0,0.87,7.11,4.49,1.9,0.67
7.06,3.06,1.7,1.04,7.0,2.29,1.7,1.55,7.06,3.55,1.0,0.87,7.11,4.49,1.9,0.67,7.02,3.59,1.8,1.03
7.06,3.35,1.3,1.17,7.06,3.55,1.0,0.87,7.11,4.49,1.9,0.67,7.02,3.59,1.8,1.03,7.04,3.31,2.2,0.94
7.15,4.86,1.8,0.83,7.11,4.49,1.9,0.67,7.02,3.59,1.8,1.03,7.04,3.31,2.2,0.94,7.06,3.06,1.7,1.04
7.02,3.74,2.1,1.21,7.02,3.59,1.8,1.03,7.04,3.31,2.2,0.94,7.06,3.06,1.7,1.04,7.06,3.35,1.3,1.17
7.19,4.61,1.4,0.75,7.04,3.31,2.2,0.94,7.06,3.06,1.7,1.04,7.06,3.35,1.3,1.17,7.15,4.86,1.8,0.83
7.06,3.09,2.1,0.86,7.06,3.06,1.7,1.04,7.06,3.35,1.3,1.17,7.15,4.86,1.8,0.83,7.02,3.74,2.1,1.21
7.0,2.55,1.2,0.81,7.06,3.35,1.3,1.17,7.15,4.86,1.8,0.83,7.02,3.74,2.1,1.21,7.19,4.61,1.4,0.75
7.03,2.78,2.4,0.76,7.15,4.86,1.8,0.83,7.02,3.74,2.1,1.21,7.19,4.61,1.4,0.75,7.06,3.09,2.1,0.86
7.06,2.5,3.3,0.85,7.02,3.74,2.1,1.21,7.19,4.61,1.4,0.75,7.06,3.09,2.1,0.86,7.0,2.55,1.2,0.81
7.14,2.65,2.8,0.85,7.19,4.61,1.4,0.75,7.06,3.09,2.1,0.86,7.0,2.55,1.2,0.81,7.03,2.78,2.4,0.76
7.08,2.82,2.3,0.66,7.06,3.09,2.1,0.86,7.0,2.55,1.2,0.81,7.03,2.78,2.4,0.76,7.06,2.5,3.3,0.85
7.1,5.41,3.2,0.62,7.0,2.55,1.2,0.81,7.03,2.78,2.4,0.76,7.06,2.5,3.3,0.85,7.14,2.65,2.8,0.85
7.14,3.74,1.7,0.71,7.03,2.78,2.4,0.76,7.06,2.5,3.3,0.85,7.14,2.65,2.8,0.85,7.08,2.82,2.3,0.66
7.14,3.36,2.3,0.75,7.06,2.5,3.3,0.85,7.14,2.65,2.8,0.85,7.08,2.82,2.3,0.66,7.1,5.41,3.2,0.62
7.11,2.97,1.7,0.78,7.14,2.65,2.8,0.85,7.08,2.82,2.3,0.66,7.1,5.41,3.2,0.62,7.14,3.74,1.7,0.71
7.2,4.84,1.9,0.76,7.08,2.82,2.3,0.66,7.1,5.41,3.2,0.62,7.14,3.74,1.7,0.71,7.14,3.36,2.3,0.75
7.29,3.36,1.8,0.87,7.1,5.41,3.2,0.62,7.14,3.74,1.7,0.71,7.14,3.36,2.3,0.75,7.11,2.97,1.7,0.78
7.16,3.67,1.1,1.06,7.14,3.74,1.7,0.71,7.14,3.36,2.3,0.75,7.11,2.97,1.7,0.78,7.2,4.84,1.9,0.76
7.21,3.8,1.2,1.12,7.14,3.36,2.3,0.75,7.11,2.97,1.7,0.78,7.2,4.84,1.9,0.76,7.29,3.36,1.8,0.87
7.13,2.94,1.2,1.36,7.11,2.97,1.7,0.78,7.2,4.84,1.9,0.76,7.29,3.36,1.8,0.87,7.16,3.67,1.1,1.06
7.06,2.63,1.5,1.29,7.2,4.84,1.9,0.76,7.29,3.36,1.8,0.87,7.16,3.67,1.1,1.06,7.21,3.8,1.2,1.12
7.17,3.14,1.7,1.08,7.29,3.36,1.8,0.87,7.16,3.67,1.1,1.06,7.21,3.8,1.2,1.12,7.13,2.94,1.2,1.36
7.21,2.98,1.7,1.63,7.16,3.67,1.1,1.06,7.21,3.8,1.2,1.12,7.13,2.94,1.2,1.36,7.06,2.63,1.5,1.29
7.15,2.79,1.9,1.94,7.21,3.8,1.2,1.12,7.13,2.94,1.2,1.36,7.06,2.63,1.5,1.29,7.17,3.14,1.7,1.08
7.24,2.91,1.7,1.2,7.13,2.94,1.2,1.36,7.06,2.63,1.5,1.29,7.17,3.14,1.7,1.08,7.21,2.98,1.7,1.63
7.33,3.1,1.7,0.7,7.06,2.63,1.5,1.29,7.17,3.14,1.7,1.08,7.21,2.98,1.7,1.63,7.15,2.79,1.9,1.94
7.48,3.19,1.5,0.68,7.17,3.14,1.7,1.08,7.21,2.98,1.7,1.63,7.15,2.79,1.9,1.94,7.24,2.91,1.7,1.2
7.71,3.28,1.9,0.73,7.21,2.98,1.7,1.63,7.15,2.79,1.9,1.94,7.24,2.91,1.7,1.2,7.33,3.1,1.7,0.7
7.21,3.03,2.2,0.84,7.15,2.79,1.9,1.94,7.24,2.91,1.7,1.2,7.33,3.1,1.7,0.7,7.48,3.19,1.5,0.68
7.15,2.32,2.7,0.86,7.24,2.91,1.7,1.2,7.33,3.1,1.7,0.7,7.48,3.19,1.5,0.68,7.71,3.28,1.9,0.73
7.16,2.61,2.7,0.85,7.33,3.1,1.7,0.7,7.48,3.19,1.5,0.68,7.71,3.28,1.9,0.73,7.21,3.03,2.2,0.84
7.27,2.48,2.7,1.13,7.48,3.19,1.5,0.68,7.71,3.28,1.9,0.73,7.21,3.03,2.2,0.84,7.15,2.32,2.7,0.86
7.12,2.29,2.5,2.04,7.71,3.28,1.9,0.73,7.21,3.03,2.2,0.84,7.15,2.32,2.7,0.86,7.16,2.61,2.7,0.85
7.19,2.87,2.1,1.96,7.21,3.03,2.2,0.84,7.15,2.32,2.7,0.86,7.16,2.61,2.7,0.85,7.27,2.48,2.7,1.13
7.17,3.11,1.6,1.63,7.15,2.32,2.7,0.86,7.16,2.61,2.7,0.85,7.27,2.48,2.7,1.13,7.12,2.29,2.5,2.04
7.39,2.74,2.1,1.27,7.16,2.61,2.7,0.85,7.27,2.48,2.7,1.13,7.12,2.29,2.5,2.04,7.19,2.87,2.1,1.96
7.23,2.61,1.9,1.28,7.27,2.48,2.7,1.13,7.12,2.29,2.5,2.04,7.19,2.87,2.1,1.96,7.17,3.11,1.6,1.63
7.34,2.4,2.1,1.34,7.12,2.29,2.5,2.04,7.19,2.87,2.1,1.96,7.17,3.11,1.6,1.63,7.39,2.74,2.1,1.27
7.22,2.64,1.7,2.3,7.19,2.87,2.1,1.96,7.17,3.11,1.6,1.63,7.39,2.74,2.1,1.27,7.23,2.61,1.9,1.28
7.25,4.01,1.6,1.38,7.17,3.11,1.6,1.63,7.39,2.74,2.1,1.27,7.23,2.61,1.9,1.28,7.34,2.4,2.1,1.34
7.26,3.76,1.7,1.8,7.39,2.74,2.1,1.27,7.23,2.61,1.9,1.28,7.34,2.4,2.1,1.34,7.22,2.64,1.7,2.3
7.14,2.89,1.5,2.42,7.23,2.61,1.9,1.28,7.34,2.4,2.1,1.34,7.22,2.64,1.7,2.3,7.25,4.01,1.6,1.38
7.13,2.69,1.7,2.12,7.34,2.4,2.1,1.34,7.22,2.64,1.7,2.3,7.25,4.01,1.6,1.38,7.26,3.76,1.7,1.8
7.15,2.14,1.3,2.34,7.22,2.64,1.7,2.3,7.25,4.01,1.6,1.38,7.26,3.76,1.7,1.8,7.14,2.89,1.5,2.42
7.025686274509802,3.108377622377621,3.2717482517482512,1.3095664335664343,7.25,4.01,1.6,1.38,7.26,3.76,1.7,1.8,7.14,2.89,1.5,2.42,7.13,2.69,1.7,2.12
7.19,2.58,1.4,1.33,7.26,3.76,1.7,1.8,7.14,2.89,1.5,2.42,7.13,2.69,1.7,2.12,7.15,2.14,1.3,2.34
7.08,4.09,1.9,0.95,7.14,2.89,1.5,2.42,7.13,2.69,1.7,2.12,7.15,2.14,1.3,2.34,7.025686274509802,3.108377622377621,3.2717482517482512,1.3095664335664343
7.09,3.08,1.7,0.98,7.13,2.69,1.7,2.12,7.15,2.14,1.3,2.34,7.025686274509802,3.108377622377621,3.2717482517482512,1.3095664335664343,7.19,2.58,1.4,1.33
7.04,2.69,2.3,1.29,7.15,2.14,1.3,2.34,7.025686274509802,3.108377622377621,3.2717482517482512,1.3095664335664343,7.19,2.58,1.4,1.33,7.08,4.09,1.9,0.95
7.17,3.66,2.0,0.85,7.025686274509802,3.108377622377621,3.2717482517482512,1.3095664335664343,7.19,2.58,1.4,1.33,7.08,4.09,1.9,0.95,7.09,3.08,1.7,0.98
7.2,2.78,2.6,0.89,7.19,2.58,1.4,1.33,7.08,4.09,1.9,0.95,7.09,3.08,1.7,0.98,7.04,2.69,2.3,1.29
7.32,3.23,2.3,0.61,7.08,4.09,1.9,0.95,7.09,3.08,1.7,0.98,7.04,2.69,2.3,1.29,7.17,3.66,2.0,0.85
7.2,3.23,3.5,0.65,7.09,3.08,1.7,0.98,7.04,2.69,2.3,1.29,7.17,3.66,2.0,0.85,7.2,2.78,2.6,0.89
7.07,3.73,1.5,0.52,7.04,2.69,2.3,1.29,7.17,3.66,2.0,0.85,7.2,2.78,2.6,0.89,7.32,3.23,2.3,0.61
6.86,2.72,2.7,0.41,7.17,3.66,2.0,0.85,7.2,2.78,2.6,0.89,7.32,3.23,2.3,0.61,7.2,3.23,3.5,0.65
7.05,4.22,2.4,0.25,7.2,2.78,2.6,0.89,7.32,3.23,2.3,0.61,7.2,3.23,3.5,0.65,7.07,3.73,1.5,0.52
7.11,4.15,1.9,0.29,7.32,3.23,2.3,0.61,7.2,3.23,3.5,0.65,7.07,3.73,1.5,0.52,6.86,2.72,2.7,0.41
7.1,3.49,3.3,0.44,7.2,3.23,3.5,0.65,7.07,3.73,1.5,0.52,6.86,2.72,2.7,0.41,7.05,4.22,2.4,0.25
7.13,3.16,2.9,0.59,7.07,3.73,1.5,0.52,6.86,2.72,2.7,0.41,7.05,4.22,2.4,0.25,7.11,4.15,1.9,0.29
7.18,3.27,3.1,0.6,6.86,2.72,2.7,0.41,7.05,4.22,2.4,0.25,7.11,4.15,1.9,0.29,7.1,3.49,3.3,0.44
7.14,3.74,2.2,0.27,7.05,4.22,2.4,0.25,7.11,4.15,1.9,0.29,7.1,3.49,3.3,0.44,7.13,3.16,2.9,0.59
7.15,3.14,1.3,0.47,7.11,4.15,1.9,0.29,7.1,3.49,3.3,0.44,7.13,3.16,2.9,0.59,7.18,3.27,3.1,0.6
7.16,2.36,3.1,0.78,7.1,3.49,3.3,0.44,7.13,3.16,2.9,0.59,7.18,3.27,3.1,0.6,7.14,3.74,2.2,0.27
7.13,2.82,4.0,0.61,7.13,3.16,2.9,0.59,7.18,3.27,3.1,0.6,7.14,3.74,2.2,0.27,7.15,3.14,1.3,0.47
7.12,3.13,4.5,0.53,7.18,3.27,3.1,0.6,7.14,3.74,2.2,0.27,7.15,3.14,1.3,0.47,7.16,2.36,3.1,0.78
7.07,2.21,4.0,1.37,7.14,3.74,2.2,0.27,7.15,3.14,1.3,0.47,7.16,2.36,3.1,0.78,7.13,2.82,4.0,0.61
7.09,2.3,4.8,1.28,7.15,3.14,1.3,0.47,7.16,2.36,3.1,0.78,7.13,2.82,4.0,0.61,7.12,3.13,4.5,0.53
7.07,2.1,4.0,0.65,7.16,2.36,3.1,0.78,7.13,2.82,4.0,0.61,7.12,3.13,4.5,0.53,7.07,2.21,4.0,1.37
7.21,2.83,3.1,0.75,7.13,2.82,4.0,0.61,7.12,3.13,4.5,0.53,7.07,2.21,4.0,1.37,7.09,2.3,4.8,1.28
7.3,3.7,4.0,0.21,7.12,3.13,4.5,0.53,7.07,2.21,4.0,1.37,7.09,2.3,4.8,1.28,7.07,2.1,4.0,0.65
7.34,4.54,1.9,0.24,7.07,2.21,4.0,1.37,7.09,2.3,4.8,1.28,7.07,2.1,4.0,0.65,7.21,2.83,3.1,0.75
7.39,3.08,2.5,0.19,7.09,2.3,4.8,1.28,7.07,2.1,4.0,0.65,7.21,2.83,3.1,0.75,7.3,3.7,4.0,0.21
7.18,2.81,2.9,0.21,7.07,2.1,4.0,0.65,7.21,2.83,3.1,0.75,7.3,3.7,4.0,0.21,7.34,4.54,1.9,0.24
6.98,2.2,4.1,0.51,7.21,2.83,3.1,0.75,7.3,3.7,4.0,0.21,7.34,4.54,1.9,0.24,7.39,3.08,2.5,0.19
6.73,2.29,4.2,0.52,7.3,3.7,4.0,0.21,7.34,4.54,1.9,0.24,7.39,3.08,2.5,0.19,7.18,2.81,2.9,0.21
6.71,2.17,4.8,1.22,7.34,4.54,1.9,0.24,7.39,3.08,2.5,0.19,7.18,2.81,2.9,0.21,6.98,2.2,4.1,0.51
6.75,2.46,4.4,1.37,7.39,3.08,2.5,0.19,7.18,2.81,2.9,0.21,6.98,2.2,4.1,0.51,6.73,2.29,4.2,0.52
6.86,2.65,3.9,2.31,7.18,2.81,2.9,0.21,6.98,2.2,4.1,0.51,6.73,2.29,4.2,0.52,6.71,2.17,4.8,1.22
6.86,3.81,3.9,0.75,6.98,2.2,4.1,0.51,6.73,2.29,4.2,0.52,6.71,2.17,4.8,1.22,6.75,2.46,4.4,1.37
6.76,2.1,4.5,1.62,6.73,2.29,4.2,0.52,6.71,2.17,4.8,1.22,6.75,2.46,4.4,1.37,6.86,2.65,3.9,2.31
6.8,2.1,4.7,3.27,6.71,2.17,4.8,1.22,6.75,2.46,4.4,1.37,6.86,2.65,3.9,2.31,6.86,3.81,3.9,0.75
6.82,2.71,4.6,2.97,6.75,2.46,4.4,1.37,6.86,2.65,3.9,2.31,6.86,3.81,3.9,0.75,6.76,2.1,4.5,1.62
6.8,3.38,4.0,2.3,6.86,2.65,3.9,2.31,6.86,3.81,3.9,0.75,6.76,2.1,4.5,1.62,6.8,2.1,4.7,3.27
6.77,2.24,4.6,2.24,6.86,3.81,3.9,0.75,6.76,2.1,4.5,1.62,6.8,2.1,4.7,3.27,6.82,2.71,4.6,2.97
6.76,2.14,5.0,2.89,6.76,2.1,4.5,1.62,6.8,2.1,4.7,3.27,6.82,2.71,4.6,2.97,6.8,3.38,4.0,2.3
6.76,2.36,4.8,3.11,6.8,2.1,4.7,3.27,6.82,2.71,4.6,2.97,6.8,3.38,4.0,2.3,6.77,2.24,4.6,2.24
6.72,1.86,5.8,3.36,6.82,2.71,4.6,2.97,6.8,3.38,4.0,2.3,6.77,2.24,4.6,2.24,6.76,2.14,5.0,2.89
6.71,1.99,4.8,3.46,6.8,3.38,4.0,2.3,6.77,2.24,4.6,2.24,6.76,2.14,5.0,2.89,6.76,2.36,4.8,3.11
6.65,1.79,4.9,1.62,6.77,2.24,4.6,2.24,6.76,2.14,5.0,2.89,6.76,2.36,4.8,3.11,6.72,1.86,5.8,3.36
6.72,2.43,5.0,0.93,6.76,2.14,5.0,2.89,6.76,2.36,4.8,3.11,6.72,1.86,5.8,3.36,6.71,1.99,4.8,3.46
6.72,1.97,5.0,1.27,6.76,2.36,4.8,3.11,6.72,1.86,5.8,3.36,6.71,1.99,4.8,3.46,6.65,1.79,4.9,1.62
6.69,2.77,5.2,1.19,6.72,1.86,5.8,3.36,6.71,1.99,4.8,3.46,6.65,1.79,4.9,1.62,6.72,2.43,5.0,0.93
6.61,2.34,5.8,0.37,6.71,1.99,4.8,3.46,6.65,1.79,4.9,1.62,6.72,2.43,5.0,0.93,6.72,1.97,5.0,1.27
6.68,1.8,5.0,1.59,6.65,1.79,4.9,1.62,6.72,2.43,5.0,0.93,6.72,1.97,5.0,1.27,6.69,2.77,5.2,1.19
6.76,1.8,4.3,2.55,6.72,2.43,5.0,0.93,6.72,1.97,5.0,1.27,6.69,2.77,5.2,1.19,6.61,2.34,5.8,0.37
6.66,2.01,2.9,0.68,6.72,1.97,5.0,1.27,6.69,2.77,5.2,1.19,6.61,2.34,5.8,0.37,6.68,1.8,5.0,1.59
6.73,2.61,3.1,0.94,6.69,2.77,5.2,1.19,6.61,2.34,5.8,0.37,6.68,1.8,5.0,1.59,6.76,1.8,4.3,2.55
6.68,2.04,3.0,0.92,6.61,2.34,5.8,0.37,6.68,1.8,5.0,1.59,6.76,1.8,4.3,2.55,6.66,2.01,2.9,0.68
6.64,1.98,3.5,2.26,6.68,1.8,5.0,1.59,6.76,1.8,4.3,2.55,6.66,2.01,2.9,0.68,6.73,2.61,3.1,0.94
6.77,3.26,2.7,1.01,6.76,1.8,4.3,2.55,6.66,2.01,2.9,0.68,6.73,2.61,3.1,0.94,6.68,2.04,3.0,0.92
6.7,2.69,2.6,0.8,6.66,2.01,2.9,0.68,6.73,2.61,3.1,0.94,6.68,2.04,3.0,0.92,6.64,1.98,3.5,2.26
6.72,3.28,2.1,0.3,6.73,2.61,3.1,0.94,6.68,2.04,3.0,0.92,6.64,1.98,3.5,2.26,6.77,3.26,2.7,1.01
6.64,2.62,3.3,0.57,6.68,2.04,3.0,0.92,6.64,1.98,3.5,2.26,6.77,3.26,2.7,1.01,6.7,2.69,2.6,0.8
6.83,3.06,2.8,0.39,6.64,1.98,3.5,2.26,6.77,3.26,2.7,1.01,6.7,2.69,2.6,0.8,6.72,3.28,2.1,0.3
6.91,2.7,2.5,0.64,6.77,3.26,2.7,1.01,6.7,2.69,2.6,0.8,6.72,3.28,2.1,0.3,6.64,2.62,3.3,0.57
7.17,3.81,2.0,0.44,6.7,2.69,2.6,0.8,6.72,3.28,2.1,0.3,6.64,2.62,3.3,0.57,6.83,3.06,2.8,0.39
6.98,2.59,2.6,0.59,6.72,3.28,2.1,0.3,6.64,2.62,3.3,0.57,6.83,3.06,2.8,0.39,6.91,2.7,2.5,0.64
6.85,2.54,2.6,0.76,6.64,2.62,3.3,0.57,6.83,3.06,2.8,0.39,6.91,2.7,2.5,0.64,7.17,3.81,2.0,0.44
6.98,3.24,2.4,0.55,6.83,3.06,2.8,0.39,6.91,2.7,2.5,0.64,7.17,3.81,2.0,0.44,6.98,2.59,2.6,0.59
6.99,2.68,2.6,0.73,6.91,2.7,2.5,0.64,7.17,3.81,2.0,0.44,6.98,2.59,2.6,0.59,6.85,2.54,2.6,0.76
6.9,2.05,3.1,1.88,7.17,3.81,2.0,0.44,6.98,2.59,2.6,0.59,6.85,2.54,2.6,0.76,6.98,3.24,2.4,0.55
6.93,2.16,3.2,1.69,6.98,2.59,2.6,0.59,6.85,2.54,2.6,0.76,6.98,3.24,2.4,0.55,6.99,2.68,2.6,0.73
6.99,2.38,2.9,1.15,6.85,2.54,2.6,0.76,6.98,3.24,2.4,0.55,6.99,2.68,2.6,0.73,6.9,2.05,3.1,1.88
6.98,2.11,2.7,1.29,6.98,3.24,2.4,0.55,6.99,2.68,2.6,0.73,6.9,2.05,3.1,1.88,6.93,2.16,3.2,1.69
6.92,2.72,2.7,0.98,6.99,2.68,2.6,0.73,6.9,2.05,3.1,1.88,6.93,2.16,3.2,1.69,6.99,2.38,2.9,1.15
6.96,3.79,3.1,0.46,6.9,2.05,3.1,1.88,6.93,2.16,3.2,1.69,6.99,2.38,2.9,1.15,6.98,2.11,2.7,1.29
6.92,3.79,2.3,0.35,6.93,2.16,3.2,1.69,6.99,2.38,2.9,1.15,6.98,2.11,2.7,1.29,6.92,2.72,2.7,0.98
6.84,3.39,2.2,0.55,6.99,2.38,2.9,1.15,6.98,2.11,2.7,1.29,6.92,2.72,2.7,0.98,6.96,3.79,3.1,0.46
6.83,3.36,2.0,0.45,6.98,2.11,2.7,1.29,6.92,2.72,2.7,0.98,6.96,3.79,3.1,0.46,6.92,3.79,2.3,0.35
6.77,2.61,2.5,0.64,6.92,2.72,2.7,0.98,6.96,3.79,3.1,0.46,6.92,3.79,2.3,0.35,6.84,3.39,2.2,0.55
6.81,2.56,2.4,0.83,6.96,3.79,3.1,0.46,6.92,3.79,2.3,0.35,6.84,3.39,2.2,0.55,6.83,3.36,2.0,0.45
6.78,2.54,2.6,0.55,6.92,3.79,2.3,0.35,6.84,3.39,2.2,0.55,6.83,3.36,2.0,0.45,6.77,2.61,2.5,0.64
6.73,1.8,3.1,0.58,6.84,3.39,2.2,0.55,6.83,3.36,2.0,0.45,6.77,2.61,2.5,0.64,6.81,2.56,2.4,0.83
6.72,2.04,3.4,0.71,6.83,3.36,2.0,0.45,6.77,2.61,2.5,0.64,6.81,2.56,2.4,0.83,6.78,2.54,2.6,0.55
6.71,2.66,3.8,0.33,6.77,2.61,2.5,0.64,6.81,2.56,2.4,0.83,6.78,2.54,2.6,0.55,6.73,1.8,3.1,0.58
6.75,3.04,4.2,0.51,6.81,2.56,2.4,0.83,6.78,2.54,2.6,0.55,6.73,1.8,3.1,0.58,6.72,2.04,3.4,0.71
6.69,2.31,4.3,0.2,6.78,2.54,2.6,0.55,6.73,1.8,3.1,0.58,6.72,2.04,3.4,0.71,6.71,2.66,3.8,0.33
6.83,3.69,3.3,0.52,6.73,1.8,3.1,0.58,6.72,2.04,3.4,0.71,6.71,2.66,3.8,0.33,6.75,3.04,4.2,0.51
6.9,2.9,2.9,0.46,6.72,2.04,3.4,0.71,6.71,2.66,3.8,0.33,6.75,3.04,4.2,0.51,6.69,2.31,4.3,0.2
6.78,3.29,3.2,1.13,6.71,2.66,3.8,0.33,6.75,3.04,4.2,0.51,6.69,2.31,4.3,0.2,6.83,3.69,3.3,0.52
6.85,2.08,4.4,1.03,6.75,3.04,4.2,0.51,6.69,2.31,4.3,0.2,6.83,3.69,3.3,0.52,6.9,2.9,2.9,0.46
6.9,2.13,4.3,1.58,6.69,2.31,4.3,0.2,6.83,3.69,3.3,0.52,6.9,2.9,2.9,0.46,6.78,3.29,3.2,1.13
7.14,6.14,2.6,1.08,6.83,3.69,3.3,0.52,6.9,2.9,2.9,0.46,6.78,3.29,3.2,1.13,6.85,2.08,4.4,1.03
6.95,6.06,2.4,0.95,6.9,2.9,2.9,0.46,6.78,3.29,3.2,1.13,6.85,2.08,4.4,1.03,6.9,2.13,4.3,1.58
6.84,3.86,3.3,2.19,6.78,3.29,3.2,1.13,6.85,2.08,4.4,1.03,6.9,2.13,4.3,1.58,7.14,6.14,2.6,1.08
6.86,2.68,2.8,3.72,6.85,2.08,4.4,1.03,6.9,2.13,4.3,1.58,7.14,6.14,2.6,1.08,6.95,6.06,2.4,0.95
7.04,3.41,3.8,4.18,6.9,2.13,4.3,1.58,7.14,6.14,2.6,1.08,6.95,6.06,2.4,0.95,6.84,3.86,3.3,2.19
7.01,2.82,3.9,4.71,7.14,6.14,2.6,1.08,6.95,6.06,2.4,0.95,6.84,3.86,3.3,2.19,6.86,2.68,2.8,3.72
6.97,2.66,5.3,4.38,6.95,6.06,2.4,0.95,6.84,3.86,3.3,2.19,6.86,2.68,2.8,3.72,7.04,3.41,3.8,4.18
6.89,2.0,5.2,3.6,6.84,3.86,3.3,2.19,6.86,2.68,2.8,3.72,7.04,3.41,3.8,4.18,7.01,2.82,3.9,4.71
6.88,2.28,4.7,2.66,6.86,2.68,2.8,3.72,7.04,3.41,3.8,4.18,7.01,2.82,3.9,4.71,6.97,2.66,5.3,4.38
6.83,1.76,5.1,2.52,7.04,3.41,3.8,4.18,7.01,2.82,3.9,4.71,6.97,2.66,5.3,4.38,6.89,2.0,5.2,3.6
6.82,1.47,5.2,2.96,7.01,2.82,3.9,4.71,6.97,2.66,5.3,4.38,6.89,2.0,5.2,3.6,6.88,2.28,4.7,2.66
6.82,1.49,4.8,3.53,6.97,2.66,5.3,4.38,6.89,2.0,5.2,3.6,6.88,2.28,4.7,2.66,6.83,1.76,5.1,2.52
6.79,2.98,3.8,3.9,6.89,2.0,5.2,3.6,6.88,2.28,4.7,2.66,6.83,1.76,5.1,2.52,6.82,1.47,5.2,2.96
6.77,3.22,3.8,3.76,6.88,2.28,4.7,2.66,6.83,1.76,5.1,2.52,6.82,1.47,5.2,2.96,6.82,1.49,4.8,3.53
6.77,3.01,4.6,4.0,6.83,1.76,5.1,2.52,6.82,1.47,5.2,2.96,6.82,1.49,4.8,3.53,6.79,2.98,3.8,3.9
6.67,3.06,4.4,1.53,6.82,1.47,5.2,2.96,6.82,1.49,4.8,3.53,6.79,2.98,3.8,3.9,6.77,3.22,3.8,3.76
6.78,2.84,3.2,0.92,6.82,1.49,4.8,3.53,6.79,2.98,3.8,3.9,6.77,3.22,3.8,3.76,6.77,3.01,4.6,4.0
7.05,2.34,3.3,1.16,6.79,2.98,3.8,3.9,6.77,3.22,3.8,3.76,6.77,3.01,4.6,4.0,6.67,3.06,4.4,1.53
7.08,2.28,3.3,1.79,6.77,3.22,3.8,3.76,6.77,3.01,4.6,4.0,6.67,3.06,4.4,1.53,6.78,2.84,3.2,0.92
7.08,2.97,2.7,1.16,6.77,3.01,4.6,4.0,6.67,3.06,4.4,1.53,6.78,2.84,3.2,0.92,7.05,2.34,3.3,1.16
7.02,2.44,2.8,1.29,6.67,3.06,4.4,1.53,6.78,2.84,3.2,0.92,7.05,2.34,3.3,1.16,7.08,2.28,3.3,1.79
6.98,2.44,2.6,0.49,6.78,2.84,3.2,0.92,7.05,2.34,3.3,1.16,7.08,2.28,3.3,1.79,7.08,2.97,2.7,1.16
6.9,3.13,2.8,0.41,7.05,2.34,3.3,1.16,7.08,2.28,3.3,1.79,7.08,2.97,2.7,1.16,7.02,2.44,2.8,1.29
6.8,3.95,3.0,0.28,7.08,2.28,3.3,1.79,7.08,2.97,2.7,1.16,7.02,2.44,2.8,1.29,6.98,2.44,2.6,0.49
6.86,3.2,2.3,0.33,7.08,2.97,2.7,1.16,7.02,2.44,2.8,1.29,6.98,2.44,2.6,0.49,6.9,3.13,2.8,0.41
6.97,3.73,2.5,0.33,7.02,2.44,2.8,1.29,6.98,2.44,2.6,0.49,6.9,3.13,2.8,0.41,6.8,3.95,3.0,0.28
6.91,3.08,2.4,0.47,6.98,2.44,2.6,0.49,6.9,3.13,2.8,0.41,6.8,3.95,3.0,0.28,6.86,3.2,2.3,0.33
6.89,3.61,2.3,0.23,6.9,3.13,2.8,0.41,6.8,3.95,3.0,0.28,6.86,3.2,2.3,0.33,6.97,3.73,2.5,0.33
6.94,3.21,2.1,0.24,6.8,3.95,3.0,0.28,6.86,3.2,2.3,0.33,6.97,3.73,2.5,0.33,6.91,3.08,2.4,0.47
7.04,3.0,2.0,0.32,6.86,3.2,2.3,0.33,6.97,3.73,2.5,0.33,6.91,3.08,2.4,0.47,6.89,3.61,2.3,0.23
7.0,2.94,2.1,0.43,6.97,3.73,2.5,0.33,6.91,3.08,2.4,0.47,6.89,3.61,2.3,0.23,6.94,3.21,2.1,0.24
7.04,3.09,2.0,0.37,6.91,3.08,2.4,0.47,6.89,3.61,2.3,0.23,6.94,3.21,2.1,0.24,7.04,3.0,2.0,0.32
7.04,2.59,2.2,0.29,6.89,3.61,2.3,0.23,6.94,3.21,2.1,0.24,7.04,3.0,2.0,0.32,7.0,2.94,2.1,0.43
6.92,2.03,2.8,0.61,6.94,3.21,2.1,0.24,7.04,3.0,2.0,0.32,7.0,2.94,2.1,0.43,7.04,3.09,2.0,0.37
6.9,2.21,2.9,0.75,7.04,3.0,2.0,0.32,7.0,2.94,2.1,0.43,7.04,3.09,2.0,0.37,7.04,2.59,2.2,0.29
7.02,3.03,2.2,0.37,7.0,2.94,2.1,0.43,7.04,3.09,2.0,0.37,7.04,2.59,2.2,0.29,6.92,2.03,2.8,0.61
7.05,2.94,2.1,0.27,7.04,3.09,2.0,0.37,7.04,2.59,2.2,0.29,6.92,2.03,2.8,0.61,6.9,2.21,2.9,0.75
7.08,2.74,2.4,0.49,7.04,2.59,2.2,0.29,6.92,2.03,2.8,0.61,6.9,2.21,2.9,0.75,7.02,3.03,2.2,0.37
7.0,1.67,2.9,0.72,6.92,2.03,2.8,0.61,6.9,2.21,2.9,0.75,7.02,3.03,2.2,0.37,7.05,2.94,2.1,0.27
7.05,2.47,2.7,0.65,6.9,2.21,2.9,0.75,7.02,3.03,2.2,0.37,7.05,2.94,2.1,0.27,7.08,2.74,2.4,0.49
7.17,3.16,2.0,0.33,7.02,3.03,2.2,0.37,7.05,2.94,2.1,0.27,7.08,2.74,2.4,0.49,7.0,1.67,2.9,0.72
7.11,2.1,2.7,0.4,7.05,2.94,2.1,0.27,7.08,2.74,2.4,0.49,7.0,1.67,2.9,0.72,7.05,2.47,2.7,0.65
7.14,3.39,2.9,0.33,7.08,2.74,2.4,0.49,7.0,1.67,2.9,0.72,7.05,2.47,2.7,0.65,7.17,3.16,2.0,0.33
7.21,4.07,2.7,0.43,7.0,1.67,2.9,0.72,7.05,2.47,2.7,0.65,7.17,3.16,2.0,0.33,7.11,2.1,2.7,0.4
7.08,2.22,3.4,0.42,7.05,2.47,2.7,0.65,7.17,3.16,2.0,0.33,7.11,2.1,2.7,0.4,7.14,3.39,2.9,0.33
6.96,2.01,3.5,0.35,7.17,3.16,2.0,0.33,7.11,2.1,2.7,0.4,7.14,3.39,2.9,0.33,7.21,4.07,2.7,0.43
6.98,1.63,3.1,0.53,7.11,2.1,2.7,0.4,7.14,3.39,2.9,0.33,7.21,4.07,2.7,0.43,7.08,2.22,3.4,0.42
7.05,2.81,2.1,0.66,7.14,3.39,2.9,0.33,7.21,4.07,2.7,0.43,7.08,2.22,3.4,0.42,6.96,2.01,3.5,0.35
7.09,2.7,2.2,0.38,7.21,4.07,2.7,0.43,7.08,2.22,3.4,0.42,6.96,2.01,3.5,0.35,6.98,1.63,3.1,0.53
6.97,1.25,3.3,0.59,7.08,2.22,3.4,0.42,6.96,2.01,3.5,0.35,6.98,1.63,3.1,0.53,7.05,2.81,2.1,0.66
6.97,1.69,3.5,0.76,6.96,2.01,3.5,0.35,6.98,1.63,3.1,0.53,7.05,2.81,2.1,0.66,7.09,2.7,2.2,0.38
6.97,1.5,3.9,1.35,6.98,1.63,3.1,0.53,7.05,2.81,2.1,0.66,7.09,2.7,2.2,0.38,6.97,1.25,3.3,0.59
7.04,2.69,4.4,1.84,7.05,2.81,2.1,0.66,7.09,2.7,2.2,0.38,6.97,1.25,3.3,0.59,6.97,1.69,3.5,0.76
6.99,1.87,5.6,2.09,7.09,2.7,2.2,0.38,6.97,1.25,3.3,0.59,6.97,1.69,3.5,0.76,6.97,1.5,3.9,1.35
6.96,2.31,5.2,3.18,6.97,1.25,3.3,0.59,6.97,1.69,3.5,0.76,6.97,1.5,3.9,1.35,7.04,2.69,4.4,1.84
6.93,1.72,6.1,3.65,6.97,1.69,3.5,0.76,6.97,1.5,3.9,1.35,7.04,2.69,4.4,1.84,6.99,1.87,5.6,2.09
6.98,2.78,3.9,3.47,6.97,1.5,3.9,1.35,7.04,2.69,4.4,1.84,6.99,1.87,5.6,2.09,6.96,2.31,5.2,3.18
6.94,2.3,4.2,2.77,7.04,2.69,4.4,1.84,6.99,1.87,5.6,2.09,6.96,2.31,5.2,3.18,6.93,1.72,6.1,3.65
6.93,2.04,4.0,3.32,6.99,1.87,5.6,2.09,6.96,2.31,5.2,3.18,6.93,1.72,6.1,3.65,6.98,2.78,3.9,3.47
6.96,2.25,4.0,3.42,6.96,2.31,5.2,3.18,6.93,1.72,6.1,3.65,6.98,2.78,3.9,3.47,6.94,2.3,4.2,2.77
6.94,1.89,3.6,3.49,6.93,1.72,6.1,3.65,6.98,2.78,3.9,3.47,6.94,2.3,4.2,2.77,6.93,2.04,4.0,3.32
6.89,1.51,4.8,2.39,6.98,2.78,3.9,3.47,6.94,2.3,4.2,2.77,6.93,2.04,4.0,3.32,6.96,2.25,4.0,3.42
6.87,1.23,4.3,2.22,6.94,2.3,4.2,2.77,6.93,2.04,4.0,3.32,6.96,2.25,4.0,3.42,6.94,1.89,3.6,3.49
6.92,1.12,4.4,1.65,6.93,2.04,4.0,3.32,6.96,2.25,4.0,3.42,6.94,1.89,3.6,3.49,6.89,1.51,4.8,2.39
6.96,1.13,3.8,1.65,6.96,2.25,4.0,3.42,6.94,1.89,3.6,3.49,6.89,1.51,4.8,2.39,6.87,1.23,4.3,2.22
6.92,1.36,4.0,1.67,6.94,1.89,3.6,3.49,6.89,1.51,4.8,2.39,6.87,1.23,4.3,2.22,6.92,1.12,4.4,1.65
6.94,1.57,4.2,1.45,6.89,1.51,4.8,2.39,6.87,1.23,4.3,2.22,6.92,1.12,4.4,1.65,6.96,1.13,3.8,1.65
7.05,1.82,4.0,1.53,6.87,1.23,4.3,2.22,6.92,1.12,4.4,1.65,6.96,1.13,3.8,1.65,6.92,1.36,4.0,1.67
7.08,1.67,3.7,1.42,6.92,1.12,4.4,1.65,6.96,1.13,3.8,1.65,6.92,1.36,4.0,1.67,6.94,1.57,4.2,1.45
7.12,2.03,5.2,1.33,6.96,1.13,3.8,1.65,6.92,1.36,4.0,1.67,6.94,1.57,4.2,1.45,7.05,1.82,4.0,1.53
7.07,1.43,5.1,0.9,6.92,1.36,4.0,1.67,6.94,1.57,4.2,1.45,7.05,1.82,4.0,1.53,7.08,1.67,3.7,1.42
7.07,1.59,4.5,1.25,6.94,1.57,4.2,1.45,7.05,1.82,4.0,1.53,7.08,1.67,3.7,1.42,7.12,2.03,5.2,1.33
7.07,1.78,3.5,1.56,7.05,1.82,4.0,1.53,7.08,1.67,3.7,1.42,7.12,2.03,5.2,1.33,7.07,1.43,5.1,0.9
6.94,2.21,2.8,0.68,7.08,1.67,3.7,1.42,7.12,2.03,5.2,1.33,7.07,1.43,5.1,0.9,7.07,1.59,4.5,1.25
7.02,3.22,3.2,0.36,7.12,2.03,5.2,1.33,7.07,1.43,5.1,0.9,7.07,1.59,4.5,1.25,7.07,1.78,3.5,1.56
7.02,4.35,2.9,0.37,7.07,1.43,5.1,0.9,7.07,1.59,4.5,1.25,7.07,1.78,3.5,1.56,6.94,2.21,2.8,0.68
6.85,2.89,3.0,0.57,7.07,1.59,4.5,1.25,7.07,1.78,3.5,1.56,6.94,2.21,2.8,0.68,7.02,3.22,3.2,0.36
6.89,3.2,2.6,0.43,7.07,1.78,3.5,1.56,6.94,2.21,2.8,0.68,7.02,3.22,3.2,0.36,7.02,4.35,2.9,0.37
7.09,4.47,2.4,0.24,6.94,2.21,2.8,0.68,7.02,3.22,3.2,0.36,7.02,4.35,2.9,0.37,6.85,2.89,3.0,0.57
7.06,3.96,2.0,0.35,7.02,3.22,3.2,0.36,7.02,4.35,2.9,0.37,6.85,2.89,3.0,0.57,6.89,3.2,2.6,0.43
7.05,2.04,2.7,0.4,7.02,4.35,2.9,0.37,6.85,2.89,3.0,0.57,6.89,3.2,2.6,0.43,7.09,4.47,2.4,0.24
7.33,3.1,2.3,0.58,6.85,2.89,3.0,0.57,6.89,3.2,2.6,0.43,7.09,4.47,2.4,0.24,7.06,3.96,2.0,0.35
7.06,1.88,2.6,1.02,6.89,3.2,2.6,0.43,7.09,4.47,2.4,0.24,7.06,3.96,2.0,0.35,7.05,2.04,2.7,0.4
7.0,1.52,2.9,1.55,7.09,4.47,2.4,0.24,7.06,3.96,2.0,0.35,7.05,2.04,2.7,0.4,7.33,3.1,2.3,0.58
7.03,2.76,2.3,0.38,7.06,3.96,2.0,0.35,7.05,2.04,2.7,0.4,7.33,3.1,2.3,0.58,7.06,1.88,2.6,1.02
7.07,3.07,2.4,0.32,7.05,2.04,2.7,0.4,7.33,3.1,2.3,0.58,7.06,1.88,2.6,1.02,7.0,1.52,2.9,1.55
6.98,1.48,2.9,1.42,7.33,3.1,2.3,0.58,7.06,1.88,2.6,1.02,7.0,1.52,2.9,1.55,7.03,2.76,2.3,0.38
6.89,1.88,2.8,0.94,7.06,1.88,2.6,1.02,7.0,1.52,2.9,1.55,7.03,2.76,2.3,0.38,7.07,3.07,2.4,0.32
6.95,2.41,2.5,0.43,7.0,1.52,2.9,1.55,7.03,2.76,2.3,0.38,7.07,3.07,2.4,0.32,6.98,1.48,2.9,1.42
6.9,1.8,2.7,0.75,7.03,2.76,2.3,0.38,7.07,3.07,2.4,0.32,6.98,1.48,2.9,1.42,6.89,1.88,2.8,0.94
6.82,2.66,2.6,0.36,7.07,3.07,2.4,0.32,6.98,1.48,2.9,1.42,6.89,1.88,2.8,0.94,6.95,2.41,2.5,0.43
7.1,3.91,2.3,0.27,6.98,1.48,2.9,1.42,6.89,1.88,2.8,0.94,6.95,2.41,2.5,0.43,6.9,1.8,2.7,0.75
6.98,3.05,2.4,0.5,6.89,1.88,2.8,0.94,6.95,2.41,2.5,0.43,6.9,1.8,2.7,0.75,6.82,2.66,2.6,0.36
6.91,3.0,2.4,0.29,6.95,2.41,2.5,0.43,6.9,1.8,2.7,0.75,6.82,2.66,2.6,0.36,7.1,3.91,2.3,0.27
6.92,3.8,2.6,0.46,6.9,1.8,2.7,0.75,6.82,2.66,2.6,0.36,7.1,3.91,2.3,0.27,6.98,3.05,2.4,0.5
6.92,4.22,2.8,0.39,6.82,2.66,2.6,0.36,7.1,3.91,2.3,0.27,6.98,3.05,2.4,0.5,6.91,3.0,2.4,0.29
7.04,3.99,3.0,0.52,7.1,3.91,2.3,0.27,6.98,3.05,2.4,0.5,6.91,3.0,2.4,0.29,6.92,3.8,2.6,0.46
7.01,1.72,3.2,0.86,6.98,3.05,2.4,0.5,6.91,3.0,2.4,0.29,6.92,3.8,2.6,0.46,6.92,4.22,2.8,0.39
7.01,3.2,2.4,0.66,6.91,3.0,2.4,0.29,6.92,3.8,2.6,0.46,6.92,4.22,2.8,0.39,7.04,3.99,3.0,0.52
7.03,2.81,2.1,0.53,6.92,3.8,2.6,0.46,6.92,4.22,2.8,0.39,7.04,3.99,3.0,0.52,7.01,1.72,3.2,0.86
7.35,5.48,2.0,0.37,6.92,4.22,2.8,0.39,7.04,3.99,3.0,0.52,7.01,1.72,3.2,0.86,7.01,3.2,2.4,0.66
7.09,5.27,2.1,0.42,7.04,3.99,3.0,0.52,7.01,1.72,3.2,0.86,7.01,3.2,2.4,0.66,7.03,2.81,2.1,0.53
6.99,4.2,2.0,0.62,7.01,1.72,3.2,0.86,7.01,3.2,2.4,0.66,7.03,2.81,2.1,0.53,7.35,5.48,2.0,0.37
7.1,5.03,2.1,0.73,7.01,3.2,2.4,0.66,7.03,2.81,2.1,0.53,7.35,5.48,2.0,0.37,7.09,5.27,2.1,0.42
7.11,5.35,2.0,0.69,7.03,2.81,2.1,0.53,7.35,5.48,2.0,0.37,7.09,5.27,2.1,0.42,6.99,4.2,2.0,0.62
7.02,4.45,2.3,1.26,7.35,5.48,2.0,0.37,7.09,5.27,2.1,0.42,6.99,4.2,2.0,0.62,7.1,5.03,2.1,0.73
6.96,4.27,2.2,1.29,7.09,5.27,2.1,0.42,6.99,4.2,2.0,0.62,7.1,5.03,2.1,0.73,7.11,5.35,2.0,0.69
6.82,2.49,2.9,3.06,6.99,4.2,2.0,0.62,7.1,5.03,2.1,0.73,7.11,5.35,2.0,0.69,7.02,4.45,2.3,1.26
6.84,3.7,2.4,1.72,7.1,5.03,2.1,0.73,7.11,5.35,2.0,0.69,7.02,4.45,2.3,1.26,6.96,4.27,2.2,1.29
7.02,3.92,2.0,1.11,7.11,5.35,2.0,0.69,7.02,4.45,2.3,1.26,6.96,4.27,2.2,1.29,6.82,2.49,2.9,3.06
7.0,5.91,2.5,1.15,7.02,4.45,2.3,1.26,6.96,4.27,2.2,1.29,6.82,2.49,2.9,3.06,6.84,3.7,2.4,1.72
7.08,7.22,2.0,0.57,6.96,4.27,2.2,1.29,6.82,2.49,2.9,3.06,6.84,3.7,2.4,1.72,7.02,3.92,2.0,1.11
7.01,5.48,2.1,0.61,6.82,2.49,2.9,3.06,6.84,3.7,2.4,1.72,7.02,3.92,2.0,1.11,7.0,5.91,2.5,1.15
6.92,4.88,2.0,0.81,6.84,3.7,2.4,1.72,7.02,3.92,2.0,1.11,7.0,5.91,2.5,1.15,7.08,7.22,2.0,0.57
6.92,3.94,2.3,1.11,7.02,3.92,2.0,1.11,7.0,5.91,2.5,1.15,7.08,7.22,2.0,0.57,7.01,5.48,2.1,0.61
6.98,3.22,2.2,1.31,7.0,5.91,2.5,1.15,7.08,7.22,2.0,0.57,7.01,5.48,2.1,0.61,6.92,4.88,2.0,0.81
6.95,2.2,2.7,2.52,7.08,7.22,2.0,0.57,7.01,5.48,2.1,0.61,6.92,4.88,2.0,0.81,6.92,3.94,2.3,1.11
6.99,1.97,2.7,3.07,7.01,5.48,2.1,0.61,6.92,4.88,2.0,0.81,6.92,3.94,2.3,1.11,6.98,3.22,2.2,1.31
7.06,3.55,4.2,1.12,6.92,4.88,2.0,0.81,6.92,3.94,2.3,1.11,6.98,3.22,2.2,1.31,6.95,2.2,2.7,2.52
6.98,2.76,3.0,1.0,6.92,3.94,2.3,1.11,6.98,3.22,2.2,1.31,6.95,2.2,2.7,2.52,6.99,1.97,2.7,3.07
6.97,1.79,3.0,1.65,6.98,3.22,2.2,1.31,6.95,2.2,2.7,2.52,6.99,1.97,2.7,3.07,7.06,3.55,4.2,1.12
7.0,2.9,2.6,0.71,6.95,2.2,2.7,2.52,6.99,1.97,2.7,3.07,7.06,3.55,4.2,1.12,6.98,2.76,3.0,1.0
6.98,3.23,2.7,0.55,6.99,1.97,2.7,3.07,7.06,3.55,4.2,1.12,6.98,2.76,3.0,1.0,6.97,1.79,3.0,1.65
6.98,3.0,2.7,0.44,7.06,3.55,4.2,1.12,6.98,2.76,3.0,1.0,6.97,1.79,3.0,1.65,7.0,2.9,2.6,0.71
7.04,2.77,2.6,0.41,6.98,2.76,3.0,1.0,6.97,1.79,3.0,1.65,7.0,2.9,2.6,0.71,6.98,3.23,2.7,0.55
7.12,4.1,2.8,0.25,6.97,1.79,3.0,1.65,7.0,2.9,2.6,0.71,6.98,3.23,2.7,0.55,6.98,3.0,2.7,0.44
7.05,3.16,2.6,0.26,7.0,2.9,2.6,0.71,6.98,3.23,2.7,0.55,6.98,3.0,2.7,0.44,7.04,2.77,2.6,0.41
7.02,3.72,2.6,0.29,6.98,3.23,2.7,0.55,6.98,3.0,2.7,0.44,7.04,2.77,2.6,0.41,7.12,4.1,2.8,0.25
6.96,3.34,2.0,0.52,6.98,3.0,2.7,0.44,7.04,2.77,2.6,0.41,7.12,4.1,2.8,0.25,7.05,3.16,2.6,0.26
6.99,2.97,2.1,0.54,7.04,2.77,2.6,0.41,7.12,4.1,2.8,0.25,7.05,3.16,2.6,0.26,7.02,3.72,2.6,0.29
7.07,4.41,2.4,0.35,7.12,4.1,2.8,0.25,7.05,3.16,2.6,0.26,7.02,3.72,2.6,0.29,6.96,3.34,2.0,0.52
7.025686274509802,3.108377622377621,3.2717482517482512,1.3095664335664343,7.05,3.16,2.6,0.26,7.02,3.72,2.6,0.29,6.96,3.34,2.0,0.52,6.99,2.97,2.1,0.54
7.025686274509802,3.108377622377621,3.2717482517482512,1.3095664335664343,7.02,3.72,2.6,0.29,6.96,3.34,2.0,0.52,6.99,2.97,2.1,0.54,7.07,4.41,2.4,0.35
7.11,3.45,2.2,0.42,6.96,3.34,2.0,0.52,6.99,2.97,2.1,0.54,7.07,4.41,2.4,0.35,7.025686274509802,3.108377622377621,3.2717482517482512,1.3095664335664343
6.95,2.52,2.2,0.76,6.99,2.97,2.1,0.54,7.07,4.41,2.4,0.35,7.025686274509802,3.108377622377621,3.2717482517482512,1.3095664335664343,7.025686274509802,3.108377622377621,3.2717482517482512,1.3095664335664343
6.96,1.66,2.5,0.6,7.07,4.41,2.4,0.35,7.025686274509802,3.108377622377621,3.2717482517482512,1.3095664335664343,7.025686274509802,3.108377622377621,3.2717482517482512,1.3095664335664343,7.11,3.45,2.2,0.42
7.11,2.18,2.4,0.71,7.025686274509802,3.108377622377621,3.2717482517482512,1.3095664335664343,7.025686274509802,3.108377622377621,3.2717482517482512,1.3095664335664343,7.11,3.45,2.2,0.42,6.95,2.52,2.2,0.76
7.0,2.6,1.9,0.92,7.025686274509802,3.108377622377621,3.2717482517482512,1.3095664335664343,7.11,3.45,2.2,0.42,6.95,2.52,2.2,0.76,6.96,1.66,2.5,0.6
6.98,2.48,2.4,0.48,7.11,3.45,2.2,0.42,6.95,2.52,2.2,0.76,6.96,1.66,2.5,0.6,7.11,2.18,2.4,0.71
7.06,2.97,2.5,0.27,6.95,2.52,2.2,0.76,6.96,1.66,2.5,0.6,7.11,2.18,2.4,0.71,7.0,2.6,1.9,0.92
7.08,2.6,2.5,0.38,6.96,1.66,2.5,0.6,7.11,2.18,2.4,0.71,7.0,2.6,1.9,0.92,6.98,2.48,2.4,0.48
7.0,1.82,3.1,0.73,7.11,2.18,2.4,0.71,7.0,2.6,1.9,0.92,6.98,2.48,2.4,0.48,7.06,2.97,2.5,0.27
6.88,1.88,2.9,1.17,7.0,2.6,1.9,0.92,6.98,2.48,2.4,0.48,7.06,2.97,2.5,0.27,7.08,2.6,2.5,0.38
6.91,2.73,2.7,0.48,6.98,2.48,2.4,0.48,7.06,2.97,2.5,0.27,7.08,2.6,2.5,0.38,7.0,1.82,3.1,0.73
6.92,1.76,3.1,0.46,7.06,2.97,2.5,0.27,7.08,2.6,2.5,0.38,7.0,1.82,3.1,0.73,6.88,1.88,2.9,1.17
6.96,1.82,3.8,0.71,7.08,2.6,2.5,0.38,7.0,1.82,3.1,0.73,6.88,1.88,2.9,1.17,6.91,2.73,2.7,0.48
6.66,2.2,3.6,0.48,7.0,1.82,3.1,0.73,6.88,1.88,2.9,1.17,6.91,2.73,2.7,0.48,6.92,1.76,3.1,0.46
6.92,2.79,3.7,0.32,6.88,1.88,2.9,1.17,6.91,2.73,2.7,0.48,6.92,1.76,3.1,0.46,6.96,1.82,3.8,0.71
7.05,2.13,3.9,1.02,6.91,2.73,2.7,0.48,6.92,1.76,3.1,0.46,6.96,1.82,3.8,0.71,6.66,2.2,3.6,0.48
6.88,1.74,3.8,1.07,6.92,1.76,3.1,0.46,6.96,1.82,3.8,0.71,6.66,2.2,3.6,0.48,6.92,2.79,3.7,0.32
7.09,1.87,4.2,0.49,6.96,1.82,3.8,0.71,6.66,2.2,3.6,0.48,6.92,2.79,3.7,0.32,7.05,2.13,3.9,1.02
7.11,2.57,4.1,0.93,6.66,2.2,3.6,0.48,6.92,2.79,3.7,0.32,7.05,2.13,3.9,1.02,6.88,1.74,3.8,1.07
7.05,1.7,4.9,1.07,6.92,2.79,3.7,0.32,7.05,2.13,3.9,1.02,6.88,1.74,3.8,1.07,7.09,1.87,4.2,0.49
7.17,3.03,3.4,2.07,7.05,2.13,3.9,1.02,6.88,1.74,3.8,1.07,7.09,1.87,4.2,0.49,7.11,2.57,4.1,0.93
7.3,4.31,3.7,1.36,6.88,1.74,3.8,1.07,7.09,1.87,4.2,0.49,7.11,2.57,4.1,0.93,7.05,1.7,4.9,1.07
7.11,2.68,4.5,2.0,7.09,1.87,4.2,0.49,7.11,2.57,4.1,0.93,7.05,1.7,4.9,1.07,7.17,3.03,3.4,2.07
7.025686274509802,3.108377622377621,3.2717482517482512,1.3095664335664343,7.11,2.57,4.1,0.93,7.05,1.7,4.9,1.07,7.17,3.03,3.4,2.07,7.3,4.31,3.7,1.36
6.95,1.44,5.4,1.87,7.05,1.7,4.9,1.07,7.17,3.03,3.4,2.07,7.3,4.31,3.7,1.36,7.11,2.68,4.5,2.0
6.99,2.16,5.2,1.13,7.17,3.03,3.4,2.07,7.3,4.31,3.7,1.36,7.11,2.68,4.5,2.0,7.025686274509802,3.108377622377621,3.2717482517482512,1.3095664335664343
6.88,1.61,6.4,1.16,7.3,4.31,3.7,1.36,7.11,2.68,4.5,2.0,7.025686274509802,3.108377622377621,3.2717482517482512,1.3095664335664343,6.95,1.44,5.4,1.87
6.9,2.08,5.6,1.22,7.11,2.68,4.5,2.0,7.025686274509802,3.108377622377621,3.2717482517482512,1.3095664335664343,6.95,1.44,5.4,1.87,6.99,2.16,5.2,1.13
7.12,3.29,4.5,2.05,7.025686274509802,3.108377622377621,3.2717482517482512,1.3095664335664343,6.95,1.44,5.4,1.87,6.99,2.16,5.2,1.13,6.88,1.61,6.4,1.16
7.06,5.07,5.4,1.24,6.95,1.44,5.4,1.87,6.99,2.16,5.2,1.13,6.88,1.61,6.4,1.16,6.9,2.08,5.6,1.22
6.94,2.86,5.6,0.28,6.99,2.16,5.2,1.13,6.88,1.61,6.4,1.16,6.9,2.08,5.6,1.22,7.12,3.29,4.5,2.05
7.13,5.35,5.1,0.24,6.88,1.61,6.4,1.16,6.9,2.08,5.6,1.22,7.12,3.29,4.5,2.05,7.06,5.07,5.4,1.24
7.08,6.69,5.0,0.25,6.9,2.08,5.6,1.22,7.12,3.29,4.5,2.05,7.06,5.07,5.4,1.24,6.94,2.86,5.6,0.28
7.03,4.4,5.1,0.29,7.12,3.29,4.5,2.05,7.06,5.07,5.4,1.24,6.94,2.86,5.6,0.28,7.13,5.35,5.1,0.24
7.025686274509802,3.108377622377621,3.2717482517482512,1.3095664335664343,7.06,5.07,5.4,1.24,6.94,2.86,5.6,0.28,7.13,5.35,5.1,0.24,7.08,6.69,5.0,0.25
7.025686274509802,3.108377622377621,3.2717482517482512,1.3095664335664343,6.94,2.86,5.6,0.28,7.13,5.35,5.1,0.24,7.08,6.69,5.0,0.25,7.03,4.4,5.1,0.29
7.14,2.16,3.8,2.69,7.13,5.35,5.1,0.24,7.08,6.69,5.0,0.25,7.03,4.4,5.1,0.29,7.025686274509802,3.108377622377621,3.2717482517482512,1.3095664335664343
7.17,3.43,4.1,3.82,7.08,6.69,5.0,0.25,7.03,4.4,5.1,0.29,7.025686274509802,3.108377622377621,3.2717482517482512,1.3095664335664343,7.025686274509802,3.108377622377621,3.2717482517482512,1.3095664335664343
7.025686274509802,3.108377622377621,3.2717482517482512,1.3095664335664343,7.03,4.4,5.1,0.29,7.025686274509802,3.108377622377621,3.2717482517482512,1.3095664335664343,7.025686274509802,3.108377622377621,3.2717482517482512,1.3095664335664343,7.14,2.16,3.8,2.69
7.32,5.84,2.4,1.26,7.025686274509802,3.108377622377621,3.2717482517482512,1.3095664335664343,7.025686274509802,3.108377622377621,3.2717482517482512,1.3095664335664343,7.14,2.16,3.8,2.69,7.17,3.43,4.1,3.82
7.31,3.3,2.2,2.25,7.025686274509802,3.108377622377621,3.2717482517482512,1.3095664335664343,7.14,2.16,3.8,2.69,7.17,3.43,4.1,3.82,7.025686274509802,3.108377622377621,3.2717482517482512,1.3095664335664343
7.15,3.05,3.7,3.08,7.14,2.16,3.8,2.69,7.17,3.43,4.1,3.82,7.025686274509802,3.108377622377621,3.2717482517482512,1.3095664335664343,7.32,5.84,2.4,1.26
7.17,2.33,3.4,2.73,7.17,3.43,4.1,3.82,7.025686274509802,3.108377622377621,3.2717482517482512,1.3095664335664343,7.32,5.84,2.4,1.26,7.31,3.3,2.2,2.25
7.15,3.06,2.7,2.06,7.025686274509802,3.108377622377621,3.2717482517482512,1.3095664335664343,7.32,5.84,2.4,1.26,7.31,3.3,2.2,2.25,7.15,3.05,3.7,3.08
7.16,2.3,2.9,2.21,7.32,5.84,2.4,1.26,7.31,3.3,2.2,2.25,7.15,3.05,3.7,3.08,7.17,2.33,3.4,2.73
7.025686274509802,3.108377622377621,3.2717482517482512,1.3095664335664343,7.31,3.3,2.2,2.25,7.15,3.05,3.7,3.08,7.17,2.33,3.4,2.73,7.15,3.06,2.7,2.06
7.09,3.17,2.8,1.19,7.15,3.05,3.7,3.08,7.17,2.33,3.4,2.73,7.15,3.06,2.7,2.06,7.16,2.3,2.9,2.21
7.24,2.92,2.6,1.21,7.17,2.33,3.4,2.73,7.15,3.06,2.7,2.06,7.16,2.3,2.9,2.21,7.025686274509802,3.108377622377621,3.2717482517482512,1.3095664335664343
7.025686274509802,3.108377622377621,3.2717482517482512,1.3095664335664343,7.15,3.06,2.7,2.06,7.16,2.3,2.9,2.21,7.025686274509802,3.108377622377621,3.2717482517482512,1.3095664335664343,7.09,3.17,2.8,1.19
7.18,3.55,3.0,0.73,7.16,2.3,2.9,2.21,7.025686274509802,3.108377622377621,3.2717482517482512,1.3095664335664343,7.09,3.17,2.8,1.19,7.24,2.92,2.6,1.21
7.18,4.32,3.8,0.7,7.025686274509802,3.108377622377621,3.2717482517482512,1.3095664335664343,7.09,3.17,2.8,1.19,7.24,2.92,2.6,1.21,7.025686274509802,3.108377622377621,3.2717482517482512,1.3095664335664343
7.22,4.28,2.9,0.69,7.09,3.17,2.8,1.19,7.24,2.92,2.6,1.21,7.025686274509802,3.108377622377621,3.2717482517482512,1.3095664335664343,7.18,3.55,3.0,0.73
7.025686274509802,3.108377622377621,3.2717482517482512,1.3095664335664343,7.24,2.92,2.6,1.21,7.025686274509802,3.108377622377621,3.2717482517482512,1.3095664335664343,7.18,3.55,3.0,0.73,7.18,4.32,3.8,0.7
7.26,5.22,6.6,0.26,7.025686274509802,3.108377622377621,3.2717482517482512,1.3095664335664343,7.18,3.55,3.0,0.73,7.18,4.32,3.8,0.7,7.22,4.28,2.9,0.69
6.87,4.33,7.4,0.25,7.18,3.55,3.0,0.73,7.18,4.32,3.8,0.7,7.22,4.28,2.9,0.69,7.025686274509802,3.108377622377621,3.2717482517482512,1.3095664335664343
7.025686274509802,3.108377622377621,3.2717482517482512,1.3095664335664343,7.18,4.32,3.8,0.7,7.22,4.28,2.9,0.69,7.025686274509802,3.108377622377621,3.2717482517482512,1.3095664335664343,7.26,5.22,6.6,0.26
7.025686274509802,3.108377622377621,3.2717482517482512,1.3095664335664343,7.22,4.28,2.9,0.69,7.025686274509802,3.108377622377621,3.2717482517482512,1.3095664335664343,7.26,5.22,6.6,0.26,6.87,4.33,7.4,0.25
7.025686274509802,3.108377622377621,3.2717482517482512,1.3095664335664343,7.025686274509802,3.108377622377621,3.2717482517482512,1.3095664335664343,7.26,5.22,6.6,0.26,6.87,4.33,7.4,0.25,7.025686274509802,3.108377622377621,3.2717482517482512,1.3095664335664343
7.025686274509802,3.108377622377621,3.2717482517482512,1.3095664335664343,7.26,5.22,6.6,0.26,6.87,4.33,7.4,0.25,7.025686274509802,3.108377622377621,3.2717482517482512,1.3095664335664343,7.025686274509802,3.108377622377621,3.2717482517482512,1.3095664335664343
7.025686274509802,3.108377622377621,3.2717482517482512,1.3095664335664343,6.87,4.33,7.4,0.25,7.025686274509802,3.108377622377621,3.2717482517482512,1.3095664335664343,7.025686274509802,3.108377622377621,3.2717482517482512,1.3095664335664343,7.025686274509802,3.108377622377621,3.2717482517482512,1.3095664335664343
7.025686274509802,3.108377622377621,3.2717482517482512,1.3095664335664343,7.025686274509802,3.108377622377621,3.2717482517482512,1.3095664335664343,7.025686274509802,3.108377622377621,3.2717482517482512,1.3095664335664343,7.025686274509802,3.108377622377621,3.2717482517482512,1.3095664335664343,7.025686274509802,3.108377622377621,3.2717482517482512,1.3095664335664343
7.025686274509802,3.108377622377621,3.2717482517482512,1.3095664335664343,7.025686274509802,3.108377622377621,3.2717482517482512,1.3095664335664343,7.025686274509802,3.108377622377621,3.2717482517482512,1.3095664335664343,7.025686274509802,3.108377622377621,3.2717482517482512,1.3095664335664343,7.025686274509802,3.108377622377621,3.2717482517482512,1.3095664335664343
7.025686274509802,3.108377622377621,3.2717482517482512,1.3095664335664343,7.025686274509802,3.108377622377621,3.2717482517482512,1.3095664335664343,7.025686274509802,3.108377622377621,3.2717482517482512,1.3095664335664343,7.025686274509802,3.108377622377621,3.2717482517482512,1.3095664335664343,7.025686274509802,3.108377622377621,3.2717482517482512,1.3095664335664343
7.025686274509802,3.108377622377621,3.2717482517482512,1.3095664335664343,7.025686274509802,3.108377622377621,3.2717482517482512,1.3095664335664343,7.025686274509802,3.108377622377621,3.2717482517482512,1.3095664335664343,7.025686274509802,3.108377622377621,3.2717482517482512,1.3095664335664343,7.025686274509802,3.108377622377621,3.2717482517482512,1.3095664335664343
7.025686274509802,3.108377622377621,3.2717482517482512,1.3095664335664343,7.025686274509802,3.108377622377621,3.2717482517482512,1.3095664335664343,7.025686274509802,3.108377622377621,3.2717482517482512,1.3095664335664343,7.025686274509802,3.108377622377621,3.2717482517482512,1.3095664335664343,7.025686274509802,3.108377622377621,3.2717482517482512,1.3095664335664343
7.025686274509802,3.108377622377621,3.2717482517482512,1.3095664335664343,7.025686274509802,3.108377622377621,3.2717482517482512,1.3095664335664343,7.025686274509802,3.108377622377621,3.2717482517482512,1.3095664335664343,7.025686274509802,3.108377622377621,3.2717482517482512,1.3095664335664343,7.025686274509802,3.108377622377621,3.2717482517482512,1.3095664335664343
6.99,2.96,3.5,0.86,7.025686274509802,3.108377622377621,3.2717482517482512,1.3095664335664343,7.025686274509802,3.108377622377621,3.2717482517482512,1.3095664335664343,7.025686274509802,3.108377622377621,3.2717482517482512,1.3095664335664343,7.025686274509802,3.108377622377621,3.2717482517482512,1.3095664335664343
7.025686274509802,3.108377622377621,3.2717482517482512,1.3095664335664343,7.025686274509802,3.108377622377621,3.2717482517482512,1.3095664335664343,7.025686274509802,3.108377622377621,3.2717482517482512,1.3095664335664343,7.025686274509802,3.108377622377621,3.2717482517482512,1.3095664335664343,7.025686274509802,3.108377622377621,3.2717482517482512,1.3095664335664343
7.09,3.28,4.0,0.58,7.025686274509802,3.108377622377621,3.2717482517482512,1.3095664335664343,7.025686274509802,3.108377622377621,3.2717482517482512,1.3095664335664343,7.025686274509802,3.108377622377621,3.2717482517482512,1.3095664335664343,6.99,2.96,3.5,0.86
7.21,4.14,4.7,0.67,7.025686274509802,3.108377622377621,3.2717482517482512,1.3095664335664343,7.025686274509802,3.108377622377621,3.2717482517482512,1.3095664335664343,6.99,2.96,3.5,0.86,7.025686274509802,3.108377622377621,3.2717482517482512,1.3095664335664343
7.12,4.56,4.1,0.52,7.025686274509802,3.108377622377621,3.2717482517482512,1.3095664335664343,6.99,2.96,3.5,0.86,7.025686274509802,3.108377622377621,3.2717482517482512,1.3095664335664343,7.09,3.28,4.0,0.58
7.025686274509802,3.108377622377621,3.2717482517482512,1.3095664335664343,6.99,2.96,3.5,0.86,7.025686274509802,3.108377622377621,3.2717482517482512,1.3095664335664343,7.09,3.28,4.0,0.58,7.21,4.14,4.7,0.67
7.025686274509802,3.108377622377621,3.2717482517482512,1.3095664335664343,7.025686274509802,3.108377622377621,3.2717482517482512,1.3095664335664343,7.09,3.28,4.0,0.58,7.21,4.14,4.7,0.67,7.12,4.56,4.1,0.52
7.22,4.03,3.7,1.99,7.09,3.28,4.0,0.58,7.21,4.14,4.7,0.67,7.12,4.56,4.1,0.52,7.025686274509802,3.108377622377621,3.2717482517482512,1.3095664335664343
7.22,3.64,4.0,1.68,7.21,4.14,4.7,0.67,7.12,4.56,4.1,0.52,7.025686274509802,3.108377622377621,3.2717482517482512,1.3095664335664343,7.025686274509802,3.108377622377621,3.2717482517482512,1.3095664335664343
7.025686274509802,3.108377622377621,3.2717482517482512,1.3095664335664343,7.12,4.56,4.1,0.52,7.025686274509802,3.108377622377621,3.2717482517482512,1.3095664335664343,7.025686274509802,3.108377622377621,3.2717482517482512,1.3095664335664343,7.22,4.03,3.7,1.99
7.38,5.88,3.8,2.61,7.025686274509802,3.108377622377621,3.2717482517482512,1.3095664335664343,7.025686274509802,3.108377622377621,3.2717482517482512,1.3095664335664343,7.22,4.03,3.7,1.99,7.22,3.64,4.0,1.68
7.33,5.72,3.7,0.65,7.025686274509802,3.108377622377621,3.2717482517482512,1.3095664335664343,7.22,4.03,3.7,1.99,7.22,3.64,4.0,1.68,7.025686274509802,3.108377622377621,3.2717482517482512,1.3095664335664343
7.025686274509802,3.108377622377621,3.2717482517482512,1.3095664335664343,7.22,4.03,3.7,1.99,7.22,3.64,4.0,1.68,7.025686274509802,3.108377622377621,3.2717482517482512,1.3095664335664343,7.38,5.88,3.8,2.61
7.39,6.32,3.7,1.43,7.22,3.64,4.0,1.68,7.025686274509802,3.108377622377621,3.2717482517482512,1.3095664335664343,7.38,5.88,3.8,2.61,7.33,5.72,3.7,0.65
7.025686274509802,3.108377622377621,3.2717482517482512,1.3095664335664343,7.025686274509802,3.108377622377621,3.2717482517482512,1.3095664335664343,7.38,5.88,3.8,2.61,7.33,5.72,3.7,0.65,7.025686274509802,3.108377622377621,3.2717482517482512,1.3095664335664343
7.025686274509802,3.108377622377621,3.2717482517482512,1.3095664335664343,7.38,5.88,3.8,2.61,7.33,5.72,3.7,0.65,7.025686274509802,3.108377622377621,3.2717482517482512,1.3095664335664343,7.39,6.32,3.7,1.43
7.22,9.66,3.2,1.39,7.33,5.72,3.7,0.65,7.025686274509802,3.108377622377621,3.2717482517482512,1.3095664335664343,7.39,6.32,3.7,1.43,7.025686274509802,3.108377622377621,3.2717482517482512,1.3095664335664343
7.025686274509802,3.108377622377621,3.2717482517482512,1.3095664335664343,7.025686274509802,3.108377622377621,3.2717482517482512,1.3095664335664343,7.39,6.32,3.7,1.43,7.025686274509802,3.108377622377621,3.2717482517482512,1.3095664335664343,7.025686274509802,3.108377622377621,3.2717482517482512,1.3095664335664343
7.025686274509802,3.108377622377621,3.2717482517482512,1.3095664335664343,7.39,6.32,3.7,1.43,7.025686274509802,3.108377622377621,3.2717482517482512,1.3095664335664343,7.025686274509802,3.108377622377621,3.2717482517482512,1.3095664335664343,7.22,9.66,3.2,1.39
7.31,6.91,4.0,0.95,7.025686274509802,3.108377622377621,3.2717482517482512,1.3095664335664343,7.025686274509802,3.108377622377621,3.2717482517482512,1.3095664335664343,7.22,9.66,3.2,1.39,7.025686274509802,3.108377622377621,3.2717482517482512,1.3095664335664343
7.2,5.99,3.6,1.08,7.025686274509802,3.108377622377621,3.2717482517482512,1.3095664335664343,7.22,9.66,3.2,1.39,7.025686274509802,3.108377622377621,3.2717482517482512,1.3095664335664343,7.025686274509802,3.108377622377621,3.2717482517482512,1.3095664335664343
7.025686274509802,3.108377622377621,3.2717482517482512,1.3095664335664343,7.22,9.66,3.2,1.39,7.025686274509802,3.108377622377621,3.2717482517482512,1.3095664335664343,7.025686274509802,3.108377622377621,3.2717482517482512,1.3095664335664343,7.31,6.91,4.0,0.95
7.28,5.46,4.2,1.84,7.025686274509802,3.108377622377621,3.2717482517482512,1.3095664335664343,7.025686274509802,3.108377622377621,3.2717482517482512,1.3095664335664343,7.31,6.91,4.0,0.95,7.2,5.99,3.6,1.08
7.26,5.7,4.3,1.91,7.025686274509802,3.108377622377621,3.2717482517482512,1.3095664335664343,7.31,6.91,4.0,0.95,7.2,5.99,3.6,1.08,7.025686274509802,3.108377622377621,3.2717482517482512,1.3095664335664343
7.13,5.5,3.7,1.0,7.31,6.91,4.0,0.95,7.2,5.99,3.6,1.08,7.025686274509802,3.108377622377621,3.2717482517482512,1.3095664335664343,7.28,5.46,4.2,1.84
7.16,5.53,3.1,0.85,7.2,5.99,3.6,1.08,7.025686274509802,3.108377622377621,3.2717482517482512,1.3095664335664343,7.28,5.46,4.2,1.84,7.26,5.7,4.3,1.91
7.24,5.93,3.8,0.76,7.025686274509802,3.108377622377621,3.2717482517482512,1.3095664335664343,7.28,5.46,4.2,1.84,7.26,5.7,4.3,1.91,7.13,5.5,3.7,1.0
7.26,5.66,3.5,0.71,7.28,5.46,4.2,1.84,7.26,5.7,4.3,1.91,7.13,5.5,3.7,1.0,7.16,5.53,3.1,0.85
7.09,5.78,4.7,0.7,7.26,5.7,4.3,1.91,7.13,5.5,3.7,1.0,7.16,5.53,3.1,0.85,7.24,5.93,3.8,0.76
7.26,5.65,4.8,0.71,7.13,5.5,3.7,1.0,7.16,5.53,3.1,0.85,7.24,5.93,3.8,0.76,7.26,5.66,3.5,0.71
7.18,5.56,4.7,0.77,7.16,5.53,3.1,0.85,7.24,5.93,3.8,0.76,7.26,5.66,3.5,0.71,7.09,5.78,4.7,0.7
7.2,5.54,4.3,0.83,7.24,5.93,3.8,0.76,7.26,5.66,3.5,0.71,7.09,5.78,4.7,0.7,7.26,5.65,4.8,0.71
7.025686274509802,3.108377622377621,3.2717482517482512,1.3095664335664343,7.26,5.66,3.5,0.71,7.09,5.78,4.7,0.7,7.26,5.65,4.8,0.71,7.18,5.56,4.7,0.77
7.28,5.88,5.8,0.3,7.09,5.78,4.7,0.7,7.26,5.65,4.8,0.71,7.18,5.56,4.7,0.77,7.2,5.54,4.3,0.83
7.025686274509802,3.108377622377621,3.2717482517482512,1.3095664335664343,7.26,5.65,4.8,0.71,7.18,5.56,4.7,0.77,7.2,5.54,4.3,0.83,7.025686274509802,3.108377622377621,3.2717482517482512,1.3095664335664343
7.02,6.24,4.0,0.83,7.18,5.56,4.7,0.77,7.2,5.54,4.3,0.83,7.025686274509802,3.108377622377621,3.2717482517482512,1.3095664335664343,7.28,5.88,5.8,0.3
7.025686274509802,3.108377622377621,3.2717482517482512,1.3095664335664343,7.2,5.54,4.3,0.83,7.025686274509802,3.108377622377621,3.2717482517482512,1.3095664335664343,7.28,5.88,5.8,0.3,7.025686274509802,3.108377622377621,3.2717482517482512,1.3095664335664343
7.025686274509802,3.108377622377621,3.2717482517482512,1.3095664335664343,7.025686274509802,3.108377622377621,3.2717482517482512,1.3095664335664343,7.28,5.88,5.8,0.3,7.025686274509802,3.108377622377621,3.2717482517482512,1.3095664335664343,7.02,6.24,4.0,0.83
7.025686274509802,3.108377622377621,3.2717482517482512,1.3095664335664343,7.28,5.88,5.8,0.3,7.025686274509802,3.108377622377621,3.2717482517482512,1.3095664335664343,7.02,6.24,4.0,0.83,7.025686274509802,3.108377622377621,3.2717482517482512,1.3095664335664343
7.025686274509802,3.108377622377621,3.2717482517482512,1.3095664335664343,7.025686274509802,3.108377622377621,3.2717482517482512,1.3095664335664343,7.02,6.24,4.0,0.83,7.025686274509802,3.108377622377621,3.2717482517482512,1.3095664335664343,7.025686274509802,3.108377622377621,3.2717482517482512,1.3095664335664343
7.025686274509802,3.108377622377621,3.2717482517482512,1.3095664335664343,7.02,6.24,4.0,0.83,7.025686274509802,3.108377622377621,3.2717482517482512,1.3095664335664343,7.025686274509802,3.108377622377621,3.2717482517482512,1.3095664335664343,7.025686274509802,3.108377622377621,3.2717482517482512,1.3095664335664343
7.025686274509802,3.108377622377621,3.2717482517482512,1.3095664335664343,7.025686274509802,3.108377622377621,3.2717482517482512,1.3095664335664343,7.025686274509802,3.108377622377621,3.2717482517482512,1.3095664335664343,7.025686274509802,3.108377622377621,3.2717482517482512,1.3095664335664343,7.025686274509802,3.108377622377621,3.2717482517482512,1.3095664335664343
6.95,3.57,4.0,0.62,7.025686274509802,3.108377622377621,3.2717482517482512,1.3095664335664343,7.025686274509802,3.108377622377621,3.2717482517482512,1.3095664335664343,7.025686274509802,3.108377622377621,3.2717482517482512,1.3095664335664343,7.025686274509802,3.108377622377621,3.2717482517482512,1.3095664335664343
7.025686274509802,5.51,3.7,0.88,7.025686274509802,3.108377622377621,3.2717482517482512,1.3095664335664343,7.025686274509802,3.108377622377621,3.2717482517482512,1.3095664335664343,7.025686274509802,3.108377622377621,3.2717482517482512,1.3095664335664343,7.025686274509802,3.108377622377621,3.2717482517482512,1.3095664335664343
7.025686274509802,3.108377622377621,3.2717482517482512,1.3095664335664343,7.025686274509802,3.108377622377621,3.2717482517482512,1.3095664335664343,7.025686274509802,3.108377622377621,3.2717482517482512,1.3095664335664343,7.025686274509802,3.108377622377621,3.2717482517482512,1.3095664335664343,6.95,3.57,4.0,0.62
7.025686274509802,3.108377622377621,3.2717482517482512,1.3095664335664343,7.025686274509802,3.108377622377621,3.2717482517482512,1.3095664335664343,7.025686274509802,3.108377622377621,3.2717482517482512,1.3095664335664343,6.95,3.57,4.0,0.62,7.025686274509802,5.51,3.7,0.88
7.025686274509802,3.108377622377621,3.2717482517482512,1.3095664335664343,7.025686274509802,3.108377622377621,3.2717482517482512,1.3095664335664343,6.95,3.57,4.0,0.62,7.025686274509802,5.51,3.7,0.88,7.025686274509802,3.108377622377621,3.2717482517482512,1.3095664335664343
7.54,7.97,4.6,0.8,6.95,3.57,4.0,0.62,7.025686274509802,5.51,3.7,0.88,7.025686274509802,3.108377622377621,3.2717482517482512,1.3095664335664343,7.025686274509802,3.108377622377621,3.2717482517482512,1.3095664335664343
7.025686274509802,3.108377622377621,3.2717482517482512,1.3095664335664343,7.025686274509802,5.51,3.7,0.88,7.025686274509802,3.108377622377621,3.2717482517482512,1.3095664335664343,7.025686274509802,3.108377622377621,3.2717482517482512,1.3095664335664343,7.025686274509802,3.108377622377621,3.2717482517482512,1.3095664335664343
6.97,3.97,3.9,0.95,7.025686274509802,3.108377622377621,3.2717482517482512,1.3095664335664343,7.025686274509802,3.108377622377621,3.2717482517482512,1.3095664335664343,7.025686274509802,3.108377622377621,3.2717482517482512,1.3095664335664343,7.54,7.97,4.6,0.8
7.025686274509802,3.108377622377621,3.2717482517482512,1.3095664335664343,7.025686274509802,3.108377622377621,3.2717482517482512,1.3095664335664343,7.025686274509802,3.108377622377621,3.2717482517482512,1.3095664335664343,7.54,7.97,4.6,0.8,7.025686274509802,3.108377622377621,3.2717482517482512,1.3095664335664343
7.025686274509802,3.108377622377621,3.2717482517482512,1.3095664335664343,7.025686274509802,3.108377622377621,3.2717482517482512,1.3095664335664343,7.54,7.97,4.6,0.8,7.025686274509802,3.108377622377621,3.2717482517482512,1.3095664335664343,6.97,3.97,3.9,0.95
7.025686274509802,3.108377622377621,3.2717482517482512,1.3095664335664343,7.54,7.97,4.6,0.8,7.025686274509802,3.108377622377621,3.2717482517482512,1.3095664335664343,6.97,3.97,3.9,0.95,7.025686274509802,3.108377622377621,3.2717482517482512,1.3095664335664343
7.025686274509802,3.108377622377621,3.2717482517482512,1.3095664335664343,7.025686274509802,3.108377622377621,3.2717482517482512,1.3095664335664343,6.97,3.97,3.9,0.95,7.025686274509802,3.108377622377621,3.2717482517482512,1.3095664335664343,7.025686274509802,3.108377622377621,3.2717482517482512,1.3095664335664343
7.025686274509802,3.108377622377621,3.2717482517482512,1.3095664335664343,6.97,3.97,3.9,0.95,7.025686274509802,3.108377622377621,3.2717482517482512,1.3095664335664343,7.025686274509802,3.108377622377621,3.2717482517482512,1.3095664335664343,7.025686274509802,3.108377622377621,3.2717482517482512,1.3095664335664343
7.025686274509802,3.108377622377621,3.2717482517482512,1.3095664335664343,7.025686274509802,3.108377622377621,3.2717482517482512,1.3095664335664343,7.025686274509802,3.108377622377621,3.2717482517482512,1.3095664335664343,7.025686274509802,3.108377622377621,3.2717482517482512,1.3095664335664343,7.025686274509802,3.108377622377621,3.2717482517482512,1.3095664335664343
7.025686274509802,3.108377622377621,3.2717482517482512,1.3095664335664343,7.025686274509802,3.108377622377621,3.2717482517482512,1.3095664335664343,7.025686274509802,3.108377622377621,3.2717482517482512,1.3095664335664343,7.025686274509802,3.108377622377621,3.2717482517482512,1.3095664335664343,7.025686274509802,3.108377622377621,3.2717482517482512,1.3095664335664343
7.025686274509802,3.108377622377621,3.2717482517482512,1.3095664335664343,7.025686274509802,3.108377622377621,3.2717482517482512,1.3095664335664343,7.025686274509802,3.108377622377621,3.2717482517482512,1.3095664335664343,7.025686274509802,3.108377622377621,3.2717482517482512,1.3095664335664343,7.025686274509802,3.108377622377621,3.2717482517482512,1.3095664335664343
7.025686274509802,3.108377622377621,3.2717482517482512,1.3095664335664343,7.025686274509802,3.108377622377621,3.2717482517482512,1.3095664335664343,7.025686274509802,3.108377622377621,3.2717482517482512,1.3095664335664343,7.025686274509802,3.108377622377621,3.2717482517482512,1.3095664335664343,7.025686274509802,3.108377622377621,3.2717482517482512,1.3095664335664343
7.025686274509802,3.108377622377621,3.2717482517482512,1.3095664335664343,7.025686274509802,3.108377622377621,3.2717482517482512,1.3095664335664343,7.025686274509802,3.108377622377621,3.2717482517482512,1.3095664335664343,7.025686274509802,3.108377622377621,3.2717482517482512,1.3095664335664343,7.025686274509802,3.108377622377621,3.2717482517482512,1.3095664335664343
7.025686274509802,3.108377622377621,3.2717482517482512,1.3095664335664343,7.025686274509802,3.108377622377621,3.2717482517482512,1.3095664335664343,7.025686274509802,3.108377622377621,3.2717482517482512,1.3095664335664343,7.025686274509802,3.108377622377621,3.2717482517482512,1.3095664335664343,7.025686274509802,3.108377622377621,3.2717482517482512,1.3095664335664343
7.025686274509802,3.108377622377621,3.2717482517482512,1.3095664335664343,7.025686274509802,3.108377622377621,3.2717482517482512,1.3095664335664343,7.025686274509802,3.108377622377621,3.2717482517482512,1.3095664335664343,7.025686274509802,3.108377622377621,3.2717482517482512,1.3095664335664343,7.025686274509802,3.108377622377621,3.2717482517482512,1.3095664335664343
7.025686274509802,3.108377622377621,3.2717482517482512,1.3095664335664343,7.025686274509802,3.108377622377621,3.2717482517482512,1.3095664335664343,7.025686274509802,3.108377622377621,3.2717482517482512,1.3095664335664343,7.025686274509802,3.108377622377621,3.2717482517482512,1.3095664335664343,7.025686274509802,3.108377622377621,3.2717482517482512,1.3095664335664343
7.025686274509802,3.108377622377621,3.2717482517482512,1.3095664335664343,7.025686274509802,3.108377622377621,3.2717482517482512,1.3095664335664343,7.025686274509802,3.108377622377621,3.2717482517482512,1.3095664335664343,7.025686274509802,3.108377622377621,3.2717482517482512,1.3095664335664343,7.025686274509802,3.108377622377621,3.2717482517482512,1.3095664335664343
