7.26,9.35,1.7,0.08,7.58,10.2,1.6,0.09,7.52,10.2,1.7,0.1,7.448666666666668,9.274833333333332,2.3488888888888875,0.06675912408759126,7.33,9.64,1.9,0.06
7.05,9.54,1.6,0.05,7.52,10.2,1.7,0.1,7.448666666666668,9.274833333333332,2.3488888888888875,0.06675912408759126,7.33,9.64,1.9,0.06,7.32,9.62,1.8,0.04
7.08,9.41,1.6,0.05,7.448666666666668,9.274833333333332,2.3488888888888875,0.06675912408759126,7.33,9.64,1.9,0.06,7.32,9.62,1.8,0.04,7.26,9.35,1.7,0.08
7.12,9.47,1.8,0.04,7.33,9.64,1.9,0.06,7.32,9.62,1.8,0.04,7.26,9.35,1.7,0.08,7.05,9.54,1.6,0.05
6.85,10.5,1.6,0.05,7.32,9.62,1.8,0.04,7.26,9.35,1.7,0.08,7.05,9.54,1.6,0.05,7.08,9.41,1.6,0.05
6.78,9.84,1.6,0.08,7.26,9.35,1.7,0.08,7.05,9.54,1.6,0.05,7.08,9.41,1.6,0.05,7.12,9.47,1.8,0.04
6.84,10.2,1.8,0.09,7.05,9.54,1.6,0.05,7.08,9.41,1.6,0.05,7.12,9.47,1.8,0.04,6.85,10.5,1.6,0.05
6.76,10.2,1.8,0.07,7.08,9.41,1.6,0.05,7.12,9.47,1.8,0.04,6.85,10.5,1.6,0.05,6.78,9.84,1.6,0.08
6.75,10.4,2.0,0.07,7.12,9.47,1.8,0.04,6.85,10.5,1.6,0.05,6.78,9.84,1.6,0.08,6.84,10.2,1.8,0.09
6.79,10.7,2.0,0.05,6.85,10.5,1.6,0.05,6.78,9.84,1.6,0.08,6.84,10.2,1.8,0.09,6.76,10.2,1.8,0.07
6.79,10.4,2.0,0.09,6.78,9.84,1.6,0.08,6.84,10.2,1.8,0.09,6.76,10.2,1.8,0.07,6.75,10.4,2.0,0.07
6.76,10.4,1.9,0.07,6.84,10.2,1.8,0.09,6.76,10.2,1.8,0.07,6.75,10.4,2.0,0.07,6.79,10.7,2.0,0.05
7.09,10.4,2.0,0.04,6.76,10.2,1.8,0.07,6.75,10.4,2.0,0.07,6.79,10.7,2.0,0.05,6.79,10.4,2.0,0.09
7.19,10.5,1.9,0.05,6.75,10.4,2.0,0.07,6.79,10.7,2.0,0.05,6.79,10.4,2.0,0.09,6.76,10.4,1.9,0.07
7.14,10.3,1.6,0.14,6.79,10.7,2.0,0.05,6.79,10.4,2.0,0.09,6.76,10.4,1.9,0.07,7.09,10.4,2.0,0.04
7.12,9.77,1.8,0.15,6.79,10.4,2.0,0.09,6.76,10.4,1.9,0.07,7.09,10.4,2.0,0.04,7.19,10.5,1.9,0.05
7.15,10.2,2.1,0.07,6.76,10.4,1.9,0.07,7.09,10.4,2.0,0.04,7.19,10.5,1.9,0.05,7.14,10.3,1.6,0.14
7.15,10.2,1.7,0.02,7.09,10.4,2.0,0.04,7.19,10.5,1.9,0.05,7.14,10.3,1.6,0.14,7.12,9.77,1.8,0.15
7.29,9.37,2.3,0.01,7.19,10.5,1.9,0.05,7.14,10.3,1.6,0.14,7.12,9.77,1.8,0.15,7.15,10.2,2.1,0.07
7.64,8.59,2.4,0.01,7.14,10.3,1.6,0.14,7.12,9.77,1.8,0.15,7.15,10.2,2.1,0.07,7.15,10.2,1.7,0.02
7.6,8.14,2.5,0.02,7.12,9.77,1.8,0.15,7.15,10.2,2.1,0.07,7.15,10.2,1.7,0.02,7.29,9.37,2.3,0.01
7.3,7.4,2.3,0.03,7.15,10.2,2.1,0.07,7.15,10.2,1.7,0.02,7.29,9.37,2.3,0.01,7.64,8.59,2.4,0.01
7.448666666666668,9.274833333333332,2.3488888888888875,0.06675912408759126,7.15,10.2,1.7,0.02,7.29,9.37,2.3,0.01,7.64,8.59,2.4,0.01,7.6,8.14,2.5,0.02
7.448666666666668,9.274833333333332,2.3488888888888875,0.06675912408759126,7.29,9.37,2.3,0.01,7.64,8.59,2.4,0.01,7.6,8.14,2.5,0.02,7.3,7.4,2.3,0.03
7.448666666666668,9.274833333333332,2.3488888888888875,0.06675912408759126,7.64,8.59,2.4,0.01,7.6,8.14,2.5,0.02,7.3,7.4,2.3,0.03,7.448666666666668,9.274833333333332,2.3488888888888875,0.06675912408759126
7.12,8.82,1.9,0.03,7.6,8.14,2.5,0.02,7.3,7.4,2.3,0.03,7.448666666666668,9.274833333333332,2.3488888888888875,0.06675912408759126,7.448666666666668,9.274833333333332,2.3488888888888875,0.06675912408759126
6.8,7.49,2.4,0.04,7.3,7.4,2.3,0.03,7.448666666666668,9.274833333333332,2.3488888888888875,0.06675912408759126,7.448666666666668,9.274833333333332,2.3488888888888875,0.06675912408759126,7.448666666666668,9.274833333333332,2.3488888888888875,0.06675912408759126
6.64,7.46,2.1,0.03,7.448666666666668,9.274833333333332,2.3488888888888875,0.06675912408759126,7.448666666666668,9.274833333333332,2.3488888888888875,0.06675912408759126,7.448666666666668,9.274833333333332,2.3488888888888875,0.06675912408759126,7.12,8.82,1.9,0.03
6.89,8.84,2.7,0.05,7.448666666666668,9.274833333333332,2.3488888888888875,0.06675912408759126,7.448666666666668,9.274833333333332,2.3488888888888875,0.06675912408759126,7.12,8.82,1.9,0.03,6.8,7.49,2.4,0.04
7.06,8.68,3.4,0.04,7.448666666666668,9.274833333333332,2.3488888888888875,0.06675912408759126,7.12,8.82,1.9,0.03,6.8,7.49,2.4,0.04,6.64,7.46,2.1,0.03
7.07,8.71,3.2,0.02,7.12,8.82,1.9,0.03,6.8,7.49,2.4,0.04,6.64,7.46,2.1,0.03,6.89,8.84,2.7,0.05
7.08,9.42,3.0,0.02,6.8,7.49,2.4,0.04,6.64,7.46,2.1,0.03,6.89,8.84,2.7,0.05,7.06,8.68,3.4,0.04
6.89,9.06,3.2,0.02,6.64,7.46,2.1,0.03,6.89,8.84,2.7,0.05,7.06,8.68,3.4,0.04,7.07,8.71,3.2,0.02
7.448666666666668,9.274833333333332,2.3488888888888875,0.06675912408759126,6.89,8.84,2.7,0.05,7.06,8.68,3.4,0.04,7.07,8.71,3.2,0.02,7.08,9.42,3.0,0.02
7.2,9.05,3.1,0.02,7.06,8.68,3.4,0.04,7.07,8.71,3.2,0.02,7.08,9.42,3.0,0.02,6.89,9.06,3.2,0.02
7.25,9.49,2.9,0.05,7.07,8.71,3.2,0.02,7.08,9.42,3.0,0.02,6.89,9.06,3.2,0.02,7.448666666666668,9.274833333333332,2.3488888888888875,0.06675912408759126
7.09,10.6,2.9,0.05,7.08,9.42,3.0,0.02,6.89,9.06,3.2,0.02,7.448666666666668,9.274833333333332,2.3488888888888875,0.06675912408759126,7.2,9.05,3.1,0.02
7.02,11.5,2.7,0.04,6.89,9.06,3.2,0.02,7.448666666666668,9.274833333333332,2.3488888888888875,0.06675912408759126,7.2,9.05,3.1,0.02,7.25,9.49,2.9,0.05
7.1,11.5,3.1,0.06,7.448666666666668,9.274833333333332,2.3488888888888875,0.06675912408759126,7.2,9.05,3.1,0.02,7.25,9.49,2.9,0.05,7.09,10.6,2.9,0.05
7.18,11.8,3.1,0.07,7.2,9.05,3.1,0.02,7.25,9.49,2.9,0.05,7.09,10.6,2.9,0.05,7.02,11.5,2.7,0.04
7.22,12.4,3.1,0.05,7.25,9.49,2.9,0.05,7.09,10.6,2.9,0.05,7.02,11.5,2.7,0.04,7.1,11.5,3.1,0.06
7.49,13.8,2.1,0.05,7.09,10.6,2.9,0.05,7.02,11.5,2.7,0.04,7.1,11.5,3.1,0.06,7.18,11.8,3.1,0.07
7.66,14.7,2.3,0.08,7.02,11.5,2.7,0.04,7.1,11.5,3.1,0.06,7.18,11.8,3.1,0.07,7.22,12.4,3.1,0.05
7.39,15.5,2.1,0.13,7.1,11.5,3.1,0.06,7.18,11.8,3.1,0.07,7.22,12.4,3.1,0.05,7.49,13.8,2.1,0.05
7.13,15.9,2.4,0.16,7.18,11.8,3.1,0.07,7.22,12.4,3.1,0.05,7.49,13.8,2.1,0.05,7.66,14.7,2.3,0.08
7.02,17.5,2.3,0.12,7.22,12.4,3.1,0.05,7.49,13.8,2.1,0.05,7.66,14.7,2.3,0.08,7.39,15.5,2.1,0.13
7.4,13.2,2.5,0.26,7.49,13.8,2.1,0.05,7.66,14.7,2.3,0.08,7.39,15.5,2.1,0.13,7.13,15.9,2.4,0.16
7.4,12.2,2.4,0.33,7.66,14.7,2.3,0.08,7.39,15.5,2.1,0.13,7.13,15.9,2.4,0.16,7.02,17.5,2.3,0.12
7.13,12.2,2.5,0.04,7.39,15.5,2.1,0.13,7.13,15.9,2.4,0.16,7.02,17.5,2.3,0.12,7.4,13.2,2.5,0.26
7.13,12.2,2.4,0.14,7.13,15.9,2.4,0.16,7.02,17.5,2.3,0.12,7.4,13.2,2.5,0.26,7.4,12.2,2.4,0.33
7.05,12.2,2.2,0.03,7.02,17.5,2.3,0.12,7.4,13.2,2.5,0.26,7.4,12.2,2.4,0.33,7.13,12.2,2.5,0.04
7.33,12.6,2.4,0.02,7.4,13.2,2.5,0.26,7.4,12.2,2.4,0.33,7.13,12.2,2.5,0.04,7.13,12.2,2.4,0.14
6.81,12.5,2.2,0.48,7.4,12.2,2.4,0.33,7.13,12.2,2.5,0.04,7.13,12.2,2.4,0.14,7.05,12.2,2.2,0.03
7.448666666666668,9.274833333333332,2.3488888888888875,0.06675912408759126,7.13,12.2,2.5,0.04,7.13,12.2,2.4,0.14,7.05,12.2,2.2,0.03,7.33,12.6,2.4,0.02
6.81,12.5,2.6,0.01,7.13,12.2,2.4,0.14,7.05,12.2,2.2,0.03,7.33,12.6,2.4,0.02,6.81,12.5,2.2,0.48
6.58,12.4,2.1,0.01,7.05,12.2,2.2,0.03,7.33,12.6,2.4,0.02,6.81,12.5,2.2,0.48,7.448666666666668,9.274833333333332,2.3488888888888875,0.06675912408759126
6.99,12.4,2.3,0.07,7.33,12.6,2.4,0.02,6.81,12.5,2.2,0.48,7.448666666666668,9.274833333333332,2.3488888888888875,0.06675912408759126,6.81,12.5,2.6,0.01
7.0,11.6,2.2,0.04,6.81,12.5,2.2,0.48,7.448666666666668,9.274833333333332,2.3488888888888875,0.06675912408759126,6.81,12.5,2.6,0.01,6.58,12.4,2.1,0.01
7.04,10.9,2.3,0.06,7.448666666666668,9.274833333333332,2.3488888888888875,0.06675912408759126,6.81,12.5,2.6,0.01,6.58,12.4,2.1,0.01,6.99,12.4,2.3,0.07
6.92,11.1,2.8,0.04,6.81,12.5,2.6,0.01,6.58,12.4,2.1,0.01,6.99,12.4,2.3,0.07,7.0,11.6,2.2,0.04
7.02,11.2,2.3,0.04,6.58,12.4,2.1,0.01,6.99,12.4,2.3,0.07,7.0,11.6,2.2,0.04,7.04,10.9,2.3,0.06
7.44,9.33,2.7,0.02,6.99,12.4,2.3,0.07,7.0,11.6,2.2,0.04,7.04,10.9,2.3,0.06,6.92,11.1,2.8,0.04
7.5,12.9,2.0,0.03,7.0,11.6,2.2,0.04,7.04,10.9,2.3,0.06,6.92,11.1,2.8,0.04,7.02,11.2,2.3,0.04
7.29,14.1,2.2,0.08,7.04,10.9,2.3,0.06,6.92,11.1,2.8,0.04,7.02,11.2,2.3,0.04,7.44,9.33,2.7,0.02
7.67,13.1,1.9,0.06,6.92,11.1,2.8,0.04,7.02,11.2,2.3,0.04,7.44,9.33,2.7,0.02,7.5,12.9,2.0,0.03
7.5,11.6,1.8,0.08,7.02,11.2,2.3,0.04,7.44,9.33,2.7,0.02,7.5,12.9,2.0,0.03,7.29,14.1,2.2,0.08
7.5,11.0,1.8,0.06,7.44,9.33,2.7,0.02,7.5,12.9,2.0,0.03,7.29,14.1,2.2,0.08,7.67,13.1,1.9,0.06
7.36,11.0,1.8,0.17,7.5,12.9,2.0,0.03,7.29,14.1,2.2,0.08,7.67,13.1,1.9,0.06,7.5,11.6,1.8,0.08
7.06,9.87,2.1,0.17,7.29,14.1,2.2,0.08,7.67,13.1,1.9,0.06,7.5,11.6,1.8,0.08,7.5,11.0,1.8,0.06
7.37,9.23,2.2,0.06,7.67,13.1,1.9,0.06,7.5,11.6,1.8,0.08,7.5,11.0,1.8,0.06,7.36,11.0,1.8,0.17
7.25,10.0,2.2,0.05,7.5,11.6,1.8,0.08,7.5,11.0,1.8,0.06,7.36,11.0,1.8,0.17,7.06,9.87,2.1,0.17
6.93,10.4,2.8,0.03,7.5,11.0,1.8,0.06,7.36,11.0,1.8,0.17,7.06,9.87,2.1,0.17,7.37,9.23,2.2,0.06
7.22,10.3,1.7,0.04,7.36,11.0,1.8,0.17,7.06,9.87,2.1,0.17,7.37,9.23,2.2,0.06,7.25,10.0,2.2,0.05
6.94,10.5,1.8,0.05,7.06,9.87,2.1,0.17,7.37,9.23,2.2,0.06,7.25,10.0,2.2,0.05,6.93,10.4,2.8,0.03
6.98,11.5,2.3,0.07,7.37,9.23,2.2,0.06,7.25,10.0,2.2,0.05,6.93,10.4,2.8,0.03,7.22,10.3,1.7,0.04
6.95,15.1,2.6,0.07,7.25,10.0,2.2,0.05,6.93,10.4,2.8,0.03,7.22,10.3,1.7,0.04,6.94,10.5,1.8,0.05
6.97,16.7,2.8,0.07,6.93,10.4,2.8,0.03,7.22,10.3,1.7,0.04,6.94,10.5,1.8,0.05,6.98,11.5,2.3,0.07
6.75,15.7,3.2,0.08,7.22,10.3,1.7,0.04,6.94,10.5,1.8,0.05,6.98,11.5,2.3,0.07,6.95,15.1,2.6,0.07
7.1,11.4,3.0,0.16,6.94,10.5,1.8,0.05,6.98,11.5,2.3,0.07,6.95,15.1,2.6,0.07,6.97,16.7,2.8,0.07
7.32,9.08,2.5,0.14,6.98,11.5,2.3,0.07,6.95,15.1,2.6,0.07,6.97,16.7,2.8,0.07,6.75,15.7,3.2,0.08
6.97,8.15,6.8,0.08,6.95,15.1,2.6,0.07,6.97,16.7,2.8,0.07,6.75,15.7,3.2,0.08,7.1,11.4,3.0,0.16
6.81,9.84,5.2,0.07,6.97,16.7,2.8,0.07,6.75,15.7,3.2,0.08,7.1,11.4,3.0,0.16,7.32,9.08,2.5,0.14
6.83,11.3,4.0,0.06,6.75,15.7,3.2,0.08,7.1,11.4,3.0,0.16,7.32,9.08,2.5,0.14,6.97,8.15,6.8,0.08
6.46,10.2,3.3,0.08,7.1,11.4,3.0,0.16,7.32,9.08,2.5,0.14,6.97,8.15,6.8,0.08,6.81,9.84,5.2,0.07
7.09,7.57,2.8,0.05,7.32,9.08,2.5,0.14,6.97,8.15,6.8,0.08,6.81,9.84,5.2,0.07,6.83,11.3,4.0,0.06
7.11,7.13,2.5,0.11,6.97,8.15,6.8,0.08,6.81,9.84,5.2,0.07,6.83,11.3,4.0,0.06,6.46,10.2,3.3,0.08
7.27,8.1,2.4,0.15,6.81,9.84,5.2,0.07,6.83,11.3,4.0,0.06,6.46,10.2,3.3,0.08,7.09,7.57,2.8,0.05
7.46,8.12,2.2,0.11,6.83,11.3,4.0,0.06,6.46,10.2,3.3,0.08,7.09,7.57,2.8,0.05,7.11,7.13,2.5,0.11
7.3,7.71,1.9,0.12,6.46,10.2,3.3,0.08,7.09,7.57,2.8,0.05,7.11,7.13,2.5,0.11,7.27,8.1,2.4,0.15
7.25,7.56,1.9,0.03,7.09,7.57,2.8,0.05,7.11,7.13,2.5,0.11,7.27,8.1,2.4,0.15,7.46,8.12,2.2,0.11
7.79,8.63,2.8,0.16,7.11,7.13,2.5,0.11,7.27,8.1,2.4,0.15,7.46,8.12,2.2,0.11,7.3,7.71,1.9,0.12
7.45,8.79,3.5,0.11,7.27,8.1,2.4,0.15,7.46,8.12,2.2,0.11,7.3,7.71,1.9,0.12,7.25,7.56,1.9,0.03
6.88,9.88,2.5,0.04,7.46,8.12,2.2,0.11,7.3,7.71,1.9,0.12,7.25,7.56,1.9,0.03,7.79,8.63,2.8,0.16
7.02,11.2,1.9,0.01,7.3,7.71,1.9,0.12,7.25,7.56,1.9,0.03,7.79,8.63,2.8,0.16,7.45,8.79,3.5,0.11
6.97,13.1,1.8,0.01,7.25,7.56,1.9,0.03,7.79,8.63,2.8,0.16,7.45,8.79,3.5,0.11,6.88,9.88,2.5,0.04
6.81,13.8,1.8,0.01,7.79,8.63,2.8,0.16,7.45,8.79,3.5,0.11,6.88,9.88,2.5,0.04,7.02,11.2,1.9,0.01
7.02,10.2,3.1,0.04,7.45,8.79,3.5,0.11,6.88,9.88,2.5,0.04,7.02,11.2,1.9,0.01,6.97,13.1,1.8,0.01
7.18,7.63,2.5,0.06675912408759126,6.88,9.88,2.5,0.04,7.02,11.2,1.9,0.01,6.97,13.1,1.8,0.01,6.81,13.8,1.8,0.01
7.13,10.3,1.9,0.02,7.02,11.2,1.9,0.01,6.97,13.1,1.8,0.01,6.81,13.8,1.8,0.01,7.02,10.2,3.1,0.04
7.15,10.0,1.8,0.03,6.97,13.1,1.8,0.01,6.81,13.8,1.8,0.01,7.02,10.2,3.1,0.04,7.18,7.63,2.5,0.06675912408759126
7.1,8.22,1.7,0.05,6.81,13.8,1.8,0.01,7.02,10.2,3.1,0.04,7.18,7.63,2.5,0.06675912408759126,7.13,10.3,1.9,0.02
7.84,8.88,1.6,0.03,7.02,10.2,3.1,0.04,7.18,7.63,2.5,0.06675912408759126,7.13,10.3,1.9,0.02,7.15,10.0,1.8,0.03
7.18,10.1,1.5,0.02,7.18,7.63,2.5,0.06675912408759126,7.13,10.3,1.9,0.02,7.15,10.0,1.8,0.03,7.1,8.22,1.7,0.05
7.22,9.0,1.6,0.04,7.13,10.3,1.9,0.02,7.15,10.0,1.8,0.03,7.1,8.22,1.7,0.05,7.84,8.88,1.6,0.03
7.27,7.6,1.6,0.01,7.15,10.0,1.8,0.03,7.1,8.22,1.7,0.05,7.84,8.88,1.6,0.03,7.18,10.1,1.5,0.02
7.29,8.57,2.0,0.03,7.1,8.22,1.7,0.05,7.84,8.88,1.6,0.03,7.18,10.1,1.5,0.02,7.22,9.0,1.6,0.04
7.05,7.61,2.2,0.02,7.84,8.88,1.6,0.03,7.18,10.1,1.5,0.02,7.22,9.0,1.6,0.04,7.27,7.6,1.6,0.01
7.31,7.49,2.4,0.02,7.18,10.1,1.5,0.02,7.22,9.0,1.6,0.04,7.27,7.6,1.6,0.01,7.29,8.57,2.0,0.03
7.2,7.59,2.1,0.01,7.22,9.0,1.6,0.04,7.27,7.6,1.6,0.01,7.29,8.57,2.0,0.03,7.05,7.61,2.2,0.02
7.09,7.63,2.1,0.02,7.27,7.6,1.6,0.01,7.29,8.57,2.0,0.03,7.05,7.61,2.2,0.02,7.31,7.49,2.4,0.02
6.9,8.32,2.2,0.01,7.29,8.57,2.0,0.03,7.05,7.61,2.2,0.02,7.31,7.49,2.4,0.02,7.2,7.59,2.1,0.01
7.0,7.76,2.6,0.01,7.05,7.61,2.2,0.02,7.31,7.49,2.4,0.02,7.2,7.59,2.1,0.01,7.09,7.63,2.1,0.02
7.14,8.0,2.5,0.02,7.31,7.49,2.4,0.02,7.2,7.59,2.1,0.01,7.09,7.63,2.1,0.02,6.9,8.32,2.2,0.01
7.04,6.31,1.8,0.04,7.2,7.59,2.1,0.01,7.09,7.63,2.1,0.02,6.9,8.32,2.2,0.01,7.0,7.76,2.6,0.01
7.04,7.15,1.6,0.04,7.09,7.63,2.1,0.02,6.9,8.32,2.2,0.01,7.0,7.76,2.6,0.01,7.14,8.0,2.5,0.02
7.24,6.5,1.7,0.04,6.9,8.32,2.2,0.01,7.0,7.76,2.6,0.01,7.14,8.0,2.5,0.02,7.04,6.31,1.8,0.04
7.448666666666668,9.274833333333332,2.3488888888888875,0.06675912408759126,7.0,7.76,2.6,0.01,7.14,8.0,2.5,0.02,7.04,6.31,1.8,0.04,7.04,7.15,1.6,0.04
7.2,7.34,1.7,0.01,7.14,8.0,2.5,0.02,7.04,6.31,1.8,0.04,7.04,7.15,1.6,0.04,7.24,6.5,1.7,0.04
7.12,11.1,2.1,0.03,7.04,6.31,1.8,0.04,7.04,7.15,1.6,0.04,7.24,6.5,1.7,0.04,7.448666666666668,9.274833333333332,2.3488888888888875,0.06675912408759126
6.88,11.4,2.2,0.04,7.04,7.15,1.6,0.04,7.24,6.5,1.7,0.04,7.448666666666668,9.274833333333332,2.3488888888888875,0.06675912408759126,7.2,7.34,1.7,0.01
6.73,10.1,1.6,0.01,7.24,6.5,1.7,0.04,7.448666666666668,9.274833333333332,2.3488888888888875,0.06675912408759126,7.2,7.34,1.7,0.01,7.12,11.1,2.1,0.03
6.71,11.2,1.3,0.06675912408759126,7.448666666666668,9.274833333333332,2.3488888888888875,0.06675912408759126,7.2,7.34,1.7,0.01,7.12,11.1,2.1,0.03,6.88,11.4,2.2,0.04
7.01,10.6,2.0,0.04,7.2,7.34,1.7,0.01,7.12,11.1,2.1,0.03,6.88,11.4,2.2,0.04,6.73,10.1,1.6,0.01
7.38,9.88,2.1,0.02,7.12,11.1,2.1,0.03,6.88,11.4,2.2,0.04,6.73,10.1,1.6,0.01,6.71,11.2,1.3,0.06675912408759126
7.58,9.18,2.1,0.02,6.88,11.4,2.2,0.04,6.73,10.1,1.6,0.01,6.71,11.2,1.3,0.06675912408759126,7.01,10.6,2.0,0.04
8.32,8.92,2.4,0.03,6.73,10.1,1.6,0.01,6.71,11.2,1.3,0.06675912408759126,7.01,10.6,2.0,0.04,7.38,9.88,2.1,0.02
7.73,9.0,2.5,0.01,6.71,11.2,1.3,0.06675912408759126,7.01,10.6,2.0,0.04,7.38,9.88,2.1,0.02,7.58,9.18,2.1,0.02
7.68,8.59,2.4,0.02,7.01,10.6,2.0,0.04,7.38,9.88,2.1,0.02,7.58,9.18,2.1,0.02,8.32,8.92,2.4,0.03
7.73,9.04,2.3,0.03,7.38,9.88,2.1,0.02,7.58,9.18,2.1,0.02,8.32,8.92,2.4,0.03,7.73,9.0,2.5,0.01
7.79,9.82,2.1,0.01,7.58,9.18,2.1,0.02,8.32,8.92,2.4,0.03,7.73,9.0,2.5,0.01,7.68,8.59,2.4,0.02
7.71,9.79,2.3,0.05,8.32,8.92,2.4,0.03,7.73,9.0,2.5,0.01,7.68,8.59,2.4,0.02,7.73,9.04,2.3,0.03
7.39,8.11,2.4,0.02,7.73,9.0,2.5,0.01,7.68,8.59,2.4,0.02,7.73,9.04,2.3,0.03,7.79,9.82,2.1,0.01
7.23,9.81,2.1,0.06675912408759126,7.68,8.59,2.4,0.02,7.73,9.04,2.3,0.03,7.79,9.82,2.1,0.01,7.71,9.79,2.3,0.05
7.1,9.34,2.4,0.01,7.73,9.04,2.3,0.03,7.79,9.82,2.1,0.01,7.71,9.79,2.3,0.05,7.39,8.11,2.4,0.02
7.1,8.28,1.9,0.02,7.79,9.82,2.1,0.01,7.71,9.79,2.3,0.05,7.39,8.11,2.4,0.02,7.23,9.81,2.1,0.06675912408759126
7.16,8.77,2.0,0.01,7.71,9.79,2.3,0.05,7.39,8.11,2.4,0.02,7.23,9.81,2.1,0.06675912408759126,7.1,9.34,2.4,0.01
7.38,11.0,2.4,0.06675912408759126,7.39,8.11,2.4,0.02,7.23,9.81,2.1,0.06675912408759126,7.1,9.34,2.4,0.01,7.1,8.28,1.9,0.02
7.39,10.1,2.3,0.06675912408759126,7.23,9.81,2.1,0.06675912408759126,7.1,9.34,2.4,0.01,7.1,8.28,1.9,0.02,7.16,8.77,2.0,0.01
7.14,10.1,2.1,0.06675912408759126,7.1,9.34,2.4,0.01,7.1,8.28,1.9,0.02,7.16,8.77,2.0,0.01,7.38,11.0,2.4,0.06675912408759126
6.94,9.4,1.9,0.06675912408759126,7.1,8.28,1.9,0.02,7.16,8.77,2.0,0.01,7.38,11.0,2.4,0.06675912408759126,7.39,10.1,2.3,0.06675912408759126
7.32,9.24,1.8,0.06675912408759126,7.16,8.77,2.0,0.01,7.38,11.0,2.4,0.06675912408759126,7.39,10.1,2.3,0.06675912408759126,7.14,10.1,2.1,0.06675912408759126
7.41,10.5,2.2,0.01,7.38,11.0,2.4,0.06675912408759126,7.39,10.1,2.3,0.06675912408759126,7.14,10.1,2.1,0.06675912408759126,6.94,9.4,1.9,0.06675912408759126
7.23,11.1,2.2,0.03,7.39,10.1,2.3,0.06675912408759126,7.14,10.1,2.1,0.06675912408759126,6.94,9.4,1.9,0.06675912408759126,7.32,9.24,1.8,0.06675912408759126
7.52,8.09,2.2,0.01,7.14,10.1,2.1,0.06675912408759126,6.94,9.4,1.9,0.06675912408759126,7.32,9.24,1.8,0.06675912408759126,7.41,10.5,2.2,0.01
7.59,9.74,2.0,0.06675912408759126,6.94,9.4,1.9,0.06675912408759126,7.32,9.24,1.8,0.06675912408759126,7.41,10.5,2.2,0.01,7.23,11.1,2.2,0.03
7.7,8.89,4.3,0.04,7.32,9.24,1.8,0.06675912408759126,7.41,10.5,2.2,0.01,7.23,11.1,2.2,0.03,7.52,8.09,2.2,0.01
7.6,7.89,1.9,0.02,7.41,10.5,2.2,0.01,7.23,11.1,2.2,0.03,7.52,8.09,2.2,0.01,7.59,9.74,2.0,0.06675912408759126
7.46,9.44,1.6,0.01,7.23,11.1,2.2,0.03,7.52,8.09,2.2,0.01,7.59,9.74,2.0,0.06675912408759126,7.7,8.89,4.3,0.04
7.48,8.75,1.5,0.06675912408759126,7.52,8.09,2.2,0.01,7.59,9.74,2.0,0.06675912408759126,7.7,8.89,4.3,0.04,7.6,7.89,1.9,0.02
7.66,8.31,1.9,0.06675912408759126,7.59,9.74,2.0,0.06675912408759126,7.7,8.89,4.3,0.04,7.6,7.89,1.9,0.02,7.46,9.44,1.6,0.01
7.6,8.59,2.3,0.01,7.7,8.89,4.3,0.04,7.6,7.89,1.9,0.02,7.46,9.44,1.6,0.01,7.48,8.75,1.5,0.06675912408759126
7.448666666666668,9.274833333333332,2.3488888888888875,0.06675912408759126,7.6,7.89,1.9,0.02,7.46,9.44,1.6,0.01,7.48,8.75,1.5,0.06675912408759126,7.66,8.31,1.9,0.06675912408759126
7.99,8.85,1.7,0.08,7.46,9.44,1.6,0.01,7.48,8.75,1.5,0.06675912408759126,7.66,8.31,1.9,0.06675912408759126,7.6,8.59,2.3,0.01
7.95,9.43,1.4,0.06675912408759126,7.48,8.75,1.5,0.06675912408759126,7.66,8.31,1.9,0.06675912408759126,7.6,8.59,2.3,0.01,7.448666666666668,9.274833333333332,2.3488888888888875,0.06675912408759126
7.76,8.74,2.0,0.01,7.66,8.31,1.9,0.06675912408759126,7.6,8.59,2.3,0.01,7.448666666666668,9.274833333333332,2.3488888888888875,0.06675912408759126,7.99,8.85,1.7,0.08
7.51,8.68,1.9,0.01,7.6,8.59,2.3,0.01,7.448666666666668,9.274833333333332,2.3488888888888875,0.06675912408759126,7.99,8.85,1.7,0.08,7.95,9.43,1.4,0.06675912408759126
7.46,9.05,1.4,0.04,7.448666666666668,9.274833333333332,2.3488888888888875,0.06675912408759126,7.99,8.85,1.7,0.08,7.95,9.43,1.4,0.06675912408759126,7.76,8.74,2.0,0.01
7.55,7.53,1.8,0.08,7.99,8.85,1.7,0.08,7.95,9.43,1.4,0.06675912408759126,7.76,8.74,2.0,0.01,7.51,8.68,1.9,0.01
7.56,7.03,1.3,0.05,7.95,9.43,1.4,0.06675912408759126,7.76,8.74,2.0,0.01,7.51,8.68,1.9,0.01,7.46,9.05,1.4,0.04
7.31,9.7,1.2,0.01,7.76,8.74,2.0,0.01,7.51,8.68,1.9,0.01,7.46,9.05,1.4,0.04,7.55,7.53,1.8,0.08
7.59,9.97,1.8,0.06675912408759126,7.51,8.68,1.9,0.01,7.46,9.05,1.4,0.04,7.55,7.53,1.8,0.08,7.56,7.03,1.3,0.05
7.93,9.03,1.8,0.06675912408759126,7.46,9.05,1.4,0.04,7.55,7.53,1.8,0.08,7.56,7.03,1.3,0.05,7.31,9.7,1.2,0.01
8.16,10.3,2.2,0.06675912408759126,7.55,7.53,1.8,0.08,7.56,7.03,1.3,0.05,7.31,9.7,1.2,0.01,7.59,9.97,1.8,0.06675912408759126
7.72,8.18,2.4,0.06675912408759126,7.56,7.03,1.3,0.05,7.31,9.7,1.2,0.01,7.59,9.97,1.8,0.06675912408759126,7.93,9.03,1.8,0.06675912408759126
7.64,7.36,2.5,0.01,7.31,9.7,1.2,0.01,7.59,9.97,1.8,0.06675912408759126,7.93,9.03,1.8,0.06675912408759126,8.16,10.3,2.2,0.06675912408759126
7.42,8.32,2.3,0.02,7.59,9.97,1.8,0.06675912408759126,7.93,9.03,1.8,0.06675912408759126,8.16,10.3,2.2,0.06675912408759126,7.72,8.18,2.4,0.06675912408759126
7.44,8.52,2.8,0.02,7.93,9.03,1.8,0.06675912408759126,8.16,10.3,2.2,0.06675912408759126,7.72,8.18,2.4,0.06675912408759126,7.64,7.36,2.5,0.01
7.38,7.54,1.5,0.09,8.16,10.3,2.2,0.06675912408759126,7.72,8.18,2.4,0.06675912408759126,7.64,7.36,2.5,0.01,7.42,8.32,2.3,0.02
7.44,7.45,1.9,0.08,7.72,8.18,2.4,0.06675912408759126,7.64,7.36,2.5,0.01,7.42,8.32,2.3,0.02,7.44,8.52,2.8,0.02
7.25,7.87,2.2,0.06,7.64,7.36,2.5,0.01,7.42,8.32,2.3,0.02,7.44,8.52,2.8,0.02,7.38,7.54,1.5,0.09
7.35,8.54,2.4,0.04,7.42,8.32,2.3,0.02,7.44,8.52,2.8,0.02,7.38,7.54,1.5,0.09,7.44,7.45,1.9,0.08
7.29,8.94,2.7,0.05,7.44,8.52,2.8,0.02,7.38,7.54,1.5,0.09,7.44,7.45,1.9,0.08,7.25,7.87,2.2,0.06
7.01,8.75,3.2,0.04,7.38,7.54,1.5,0.09,7.44,7.45,1.9,0.08,7.25,7.87,2.2,0.06,7.35,8.54,2.4,0.04
6.9,8.67,2.3,0.02,7.44,7.45,1.9,0.08,7.25,7.87,2.2,0.06,7.35,8.54,2.4,0.04,7.29,8.94,2.7,0.05
7.81,8.01,2.2,0.02,7.25,7.87,2.2,0.06,7.35,8.54,2.4,0.04,7.29,8.94,2.7,0.05,7.01,8.75,3.2,0.04
7.89,7.96,2.1,0.05,7.35,8.54,2.4,0.04,7.29,8.94,2.7,0.05,7.01,8.75,3.2,0.04,6.9,8.67,2.3,0.02
7.79,7.31,1.9,0.06,7.29,8.94,2.7,0.05,7.01,8.75,3.2,0.04,6.9,8.67,2.3,0.02,7.81,8.01,2.2,0.02
7.63,8.53,1.5,0.08,7.01,8.75,3.2,0.04,6.9,8.67,2.3,0.02,7.81,8.01,2.2,0.02,7.89,7.96,2.1,0.05
7.62,9.74,1.7,0.07,6.9,8.67,2.3,0.02,7.81,8.01,2.2,0.02,7.89,7.96,2.1,0.05,7.79,7.31,1.9,0.06
7.3,9.86,1.3,0.08,7.81,8.01,2.2,0.02,7.89,7.96,2.1,0.05,7.79,7.31,1.9,0.06,7.63,8.53,1.5,0.08
7.26,9.55,1.1,0.07,7.89,7.96,2.1,0.05,7.79,7.31,1.9,0.06,7.63,8.53,1.5,0.08,7.62,9.74,1.7,0.07
7.17,10.9,1.0,0.06,7.79,7.31,1.9,0.06,7.63,8.53,1.5,0.08,7.62,9.74,1.7,0.07,7.3,9.86,1.3,0.08
7.42,8.87,1.9,0.03,7.63,8.53,1.5,0.08,7.62,9.74,1.7,0.07,7.3,9.86,1.3,0.08,7.26,9.55,1.1,0.07
7.51,8.29,1.3,0.02,7.62,9.74,1.7,0.07,7.3,9.86,1.3,0.08,7.26,9.55,1.1,0.07,7.17,10.9,1.0,0.06
7.45,8.92,1.8,0.02,7.3,9.86,1.3,0.08,7.26,9.55,1.1,0.07,7.17,10.9,1.0,0.06,7.42,8.87,1.9,0.03
7.32,9.45,2.1,0.05,7.26,9.55,1.1,0.07,7.17,10.9,1.0,0.06,7.42,8.87,1.9,0.03,7.51,8.29,1.3,0.02
7.53,9.87,1.6,0.02,7.17,10.9,1.0,0.06,7.42,8.87,1.9,0.03,7.51,8.29,1.3,0.02,7.45,8.92,1.8,0.02
7.39,9.23,2.1,0.02,7.42,8.87,1.9,0.03,7.51,8.29,1.3,0.02,7.45,8.92,1.8,0.02,7.32,9.45,2.1,0.05
7.0,8.27,2.4,0.02,7.51,8.29,1.3,0.02,7.45,8.92,1.8,0.02,7.32,9.45,2.1,0.05,7.53,9.87,1.6,0.02
7.26,8.68,2.4,0.04,7.45,8.92,1.8,0.02,7.32,9.45,2.1,0.05,7.53,9.87,1.6,0.02,7.39,9.23,2.1,0.02
7.11,8.53,2.3,0.03,7.32,9.45,2.1,0.05,7.53,9.87,1.6,0.02,7.39,9.23,2.1,0.02,7.0,8.27,2.4,0.02
7.51,8.32,1.4,0.01,7.53,9.87,1.6,0.02,7.39,9.23,2.1,0.02,7.0,8.27,2.4,0.02,7.26,8.68,2.4,0.04
7.21,9.85,2.6,0.06,7.39,9.23,2.1,0.02,7.0,8.27,2.4,0.02,7.26,8.68,2.4,0.04,7.11,8.53,2.3,0.03
7.08,6.8,2.2,0.1,7.0,8.27,2.4,0.02,7.26,8.68,2.4,0.04,7.11,8.53,2.3,0.03,7.51,8.32,1.4,0.01
7.05,7.13,1.6,0.09,7.26,8.68,2.4,0.04,7.11,8.53,2.3,0.03,7.51,8.32,1.4,0.01,7.21,9.85,2.6,0.06
6.69,7.23,2.1,0.11,7.11,8.53,2.3,0.03,7.51,8.32,1.4,0.01,7.21,9.85,2.6,0.06,7.08,6.8,2.2,0.1
7.19,7.23,1.9,0.09,7.51,8.32,1.4,0.01,7.21,9.85,2.6,0.06,7.08,6.8,2.2,0.1,7.05,7.13,1.6,0.09
7.36,7.39,1.5,0.12,7.21,9.85,2.6,0.06,7.08,6.8,2.2,0.1,7.05,7.13,1.6,0.09,6.69,7.23,2.1,0.11
7.24,7.97,2.7,0.11,7.08,6.8,2.2,0.1,7.05,7.13,1.6,0.09,6.69,7.23,2.1,0.11,7.19,7.23,1.9,0.09
7.37,7.62,2.8,0.04,7.05,7.13,1.6,0.09,6.69,7.23,2.1,0.11,7.19,7.23,1.9,0.09,7.36,7.39,1.5,0.12
7.48,7.18,1.8,0.03,6.69,7.23,2.1,0.11,7.19,7.23,1.9,0.09,7.36,7.39,1.5,0.12,7.24,7.97,2.7,0.11
7.19,6.57,1.7,0.02,7.19,7.23,1.9,0.09,7.36,7.39,1.5,0.12,7.24,7.97,2.7,0.11,7.37,7.62,2.8,0.04
7.3,6.77,2.4,0.02,7.36,7.39,1.5,0.12,7.24,7.97,2.7,0.11,7.37,7.62,2.8,0.04,7.48,7.18,1.8,0.03
7.18,7.98,2.7,0.03,7.24,7.97,2.7,0.11,7.37,7.62,2.8,0.04,7.48,7.18,1.8,0.03,7.19,6.57,1.7,0.02
7.26,11.0,2.4,0.08,7.37,7.62,2.8,0.04,7.48,7.18,1.8,0.03,7.19,6.57,1.7,0.02,7.3,6.77,2.4,0.02
7.11,7.02,2.6,0.06,7.48,7.18,1.8,0.03,7.19,6.57,1.7,0.02,7.3,6.77,2.4,0.02,7.18,7.98,2.7,0.03
7.41,6.74,2.5,0.03,7.19,6.57,1.7,0.02,7.3,6.77,2.4,0.02,7.18,7.98,2.7,0.03,7.26,11.0,2.4,0.08
7.18,7.37,2.2,0.01,7.3,6.77,2.4,0.02,7.18,7.98,2.7,0.03,7.26,11.0,2.4,0.08,7.11,7.02,2.6,0.06
7.63,8.66,1.9,0.03,7.18,7.98,2.7,0.03,7.26,11.0,2.4,0.08,7.11,7.02,2.6,0.06,7.41,6.74,2.5,0.03
7.448666666666668,9.274833333333332,2.3488888888888875,0.06675912408759126,7.26,11.0,2.4,0.08,7.11,7.02,2.6,0.06,7.41,6.74,2.5,0.03,7.18,7.37,2.2,0.01
7.15,8.3,2.2,0.06675912408759126,7.11,7.02,2.6,0.06,7.41,6.74,2.5,0.03,7.18,7.37,2.2,0.01,7.63,8.66,1.9,0.03
7.23,8.95,2.3,0.02,7.41,6.74,2.5,0.03,7.18,7.37,2.2,0.01,7.63,8.66,1.9,0.03,7.448666666666668,9.274833333333332,2.3488888888888875,0.06675912408759126
7.83,7.09,2.2,0.01,7.18,7.37,2.2,0.01,7.63,8.66,1.9,0.03,7.448666666666668,9.274833333333332,2.3488888888888875,0.06675912408759126,7.15,8.3,2.2,0.06675912408759126
7.57,7.18,2.0,0.03,7.63,8.66,1.9,0.03,7.448666666666668,9.274833333333332,2.3488888888888875,0.06675912408759126,7.15,8.3,2.2,0.06675912408759126,7.23,8.95,2.3,0.02
7.57,7.33,2.1,0.04,7.448666666666668,9.274833333333332,2.3488888888888875,0.06675912408759126,7.15,8.3,2.2,0.06675912408759126,7.23,8.95,2.3,0.02,7.83,7.09,2.2,0.01
7.49,8.79,2.3,0.06675912408759126,7.15,8.3,2.2,0.06675912408759126,7.23,8.95,2.3,0.02,7.83,7.09,2.2,0.01,7.57,7.18,2.0,0.03
7.46,8.52,2.6,0.02,7.23,8.95,2.3,0.02,7.83,7.09,2.2,0.01,7.57,7.18,2.0,0.03,7.57,7.33,2.1,0.04
7.4,7.14,2.6,0.03,7.83,7.09,2.2,0.01,7.57,7.18,2.0,0.03,7.57,7.33,2.1,0.04,7.49,8.79,2.3,0.06675912408759126
7.63,7.47,2.7,0.07,7.57,7.18,2.0,0.03,7.57,7.33,2.1,0.04,7.49,8.79,2.3,0.06675912408759126,7.46,8.52,2.6,0.02
7.83,8.38,2.6,0.05,7.57,7.33,2.1,0.04,7.49,8.79,2.3,0.06675912408759126,7.46,8.52,2.6,0.02,7.4,7.14,2.6,0.03
7.68,9.77,2.2,0.04,7.49,8.79,2.3,0.06675912408759126,7.46,8.52,2.6,0.02,7.4,7.14,2.6,0.03,7.63,7.47,2.7,0.07
7.62,8.14,2.6,0.02,7.46,8.52,2.6,0.02,7.4,7.14,2.6,0.03,7.63,7.47,2.7,0.07,7.83,8.38,2.6,0.05
7.44,7.25,3.3,0.07,7.4,7.14,2.6,0.03,7.63,7.47,2.7,0.07,7.83,8.38,2.6,0.05,7.68,9.77,2.2,0.04
7.45,8.37,2.2,0.07,7.63,7.47,2.7,0.07,7.83,8.38,2.6,0.05,7.68,9.77,2.2,0.04,7.62,8.14,2.6,0.02
7.58,8.14,2.8,0.06,7.83,8.38,2.6,0.05,7.68,9.77,2.2,0.04,7.62,8.14,2.6,0.02,7.44,7.25,3.3,0.07
7.62,7.5,3.2,0.06,7.68,9.77,2.2,0.04,7.62,8.14,2.6,0.02,7.44,7.25,3.3,0.07,7.45,8.37,2.2,0.07
7.72,8.43,3.6,0.06,7.62,8.14,2.6,0.02,7.44,7.25,3.3,0.07,7.45,8.37,2.2,0.07,7.58,8.14,2.8,0.06
7.63,7.17,3.2,0.08,7.44,7.25,3.3,0.07,7.45,8.37,2.2,0.07,7.58,8.14,2.8,0.06,7.62,7.5,3.2,0.06
7.63,7.01,3.0,0.04,7.45,8.37,2.2,0.07,7.58,8.14,2.8,0.06,7.62,7.5,3.2,0.06,7.72,8.43,3.6,0.06
7.63,6.96,2.7,0.05,7.58,8.14,2.8,0.06,7.62,7.5,3.2,0.06,7.72,8.43,3.6,0.06,7.63,7.17,3.2,0.08
7.46,7.96,2.7,0.03,7.62,7.5,3.2,0.06,7.72,8.43,3.6,0.06,7.63,7.17,3.2,0.08,7.63,7.01,3.0,0.04
7.26,7.23,3.2,0.02,7.72,8.43,3.6,0.06,7.63,7.17,3.2,0.08,7.63,7.01,3.0,0.04,7.63,6.96,2.7,0.05
7.79,7.5,3.2,0.01,7.63,7.17,3.2,0.08,7.63,7.01,3.0,0.04,7.63,6.96,2.7,0.05,7.46,7.96,2.7,0.03
7.86,6.68,3.3,0.02,7.63,7.01,3.0,0.04,7.63,6.96,2.7,0.05,7.46,7.96,2.7,0.03,7.26,7.23,3.2,0.02
7.69,6.27,3.3,0.01,7.63,6.96,2.7,0.05,7.46,7.96,2.7,0.03,7.26,7.23,3.2,0.02,7.79,7.5,3.2,0.01
7.85,7.56,3.4,0.04,7.46,7.96,2.7,0.03,7.26,7.23,3.2,0.02,7.79,7.5,3.2,0.01,7.86,6.68,3.3,0.02
7.79,7.59,2.1,0.07,7.26,7.23,3.2,0.02,7.79,7.5,3.2,0.01,7.86,6.68,3.3,0.02,7.69,6.27,3.3,0.01
7.85,7.95,2.2,0.02,7.79,7.5,3.2,0.01,7.86,6.68,3.3,0.02,7.69,6.27,3.3,0.01,7.85,7.56,3.4,0.04
7.8,7.72,2.4,0.04,7.86,6.68,3.3,0.02,7.69,6.27,3.3,0.01,7.85,7.56,3.4,0.04,7.79,7.59,2.1,0.07
7.9,8.58,2.4,0.03,7.69,6.27,3.3,0.01,7.85,7.56,3.4,0.04,7.79,7.59,2.1,0.07,7.85,7.95,2.2,0.02
7.8,8.72,2.6,0.14,7.85,7.56,3.4,0.04,7.79,7.59,2.1,0.07,7.85,7.95,2.2,0.02,7.8,7.72,2.4,0.04
7.66,9.33,2.6,0.05,7.79,7.59,2.1,0.07,7.85,7.95,2.2,0.02,7.8,7.72,2.4,0.04,7.9,8.58,2.4,0.03
7.5,9.19,2.5,0.07,7.85,7.95,2.2,0.02,7.8,7.72,2.4,0.04,7.9,8.58,2.4,0.03,7.8,8.72,2.6,0.14
7.25,9.37,3.0,0.03,7.8,7.72,2.4,0.04,7.9,8.58,2.4,0.03,7.8,8.72,2.6,0.14,7.66,9.33,2.6,0.05
7.23,9.55,2.7,0.02,7.9,8.58,2.4,0.03,7.8,8.72,2.6,0.14,7.66,9.33,2.6,0.05,7.5,9.19,2.5,0.07
7.5,8.43,3.3,0.02,7.8,8.72,2.6,0.14,7.66,9.33,2.6,0.05,7.5,9.19,2.5,0.07,7.25,9.37,3.0,0.03
7.67,8.74,2.9,0.06675912408759126,7.66,9.33,2.6,0.05,7.5,9.19,2.5,0.07,7.25,9.37,3.0,0.03,7.23,9.55,2.7,0.02
7.54,8.75,2.7,0.01,7.5,9.19,2.5,0.07,7.25,9.37,3.0,0.03,7.23,9.55,2.7,0.02,7.5,8.43,3.3,0.02
7.62,7.73,3.1,0.06675912408759126,7.25,9.37,3.0,0.03,7.23,9.55,2.7,0.02,7.5,8.43,3.3,0.02,7.67,8.74,2.9,0.06675912408759126
7.59,7.34,2.9,0.03,7.23,9.55,2.7,0.02,7.5,8.43,3.3,0.02,7.67,8.74,2.9,0.06675912408759126,7.54,8.75,2.7,0.01
7.82,8.41,2.9,0.03,7.5,8.43,3.3,0.02,7.67,8.74,2.9,0.06675912408759126,7.54,8.75,2.7,0.01,7.62,7.73,3.1,0.06675912408759126
7.66,7.8,3.1,0.01,7.67,8.74,2.9,0.06675912408759126,7.54,8.75,2.7,0.01,7.62,7.73,3.1,0.06675912408759126,7.59,7.34,2.9,0.03
7.64,7.62,3.0,0.02,7.54,8.75,2.7,0.01,7.62,7.73,3.1,0.06675912408759126,7.59,7.34,2.9,0.03,7.82,8.41,2.9,0.03
7.67,6.87,2.8,0.1,7.62,7.73,3.1,0.06675912408759126,7.59,7.34,2.9,0.03,7.82,8.41,2.9,0.03,7.66,7.8,3.1,0.01
7.51,7.14,1.6,0.02,7.59,7.34,2.9,0.03,7.82,8.41,2.9,0.03,7.66,7.8,3.1,0.01,7.64,7.62,3.0,0.02
7.33,9.39,1.7,0.03,7.82,8.41,2.9,0.03,7.66,7.8,3.1,0.01,7.64,7.62,3.0,0.02,7.67,6.87,2.8,0.1
7.38,8.93,2.0,0.01,7.66,7.8,3.1,0.01,7.64,7.62,3.0,0.02,7.67,6.87,2.8,0.1,7.51,7.14,1.6,0.02
7.31,9.66,2.2,0.03,7.64,7.62,3.0,0.02,7.67,6.87,2.8,0.1,7.51,7.14,1.6,0.02,7.33,9.39,1.7,0.03
7.41,9.22,2.3,0.04,7.67,6.87,2.8,0.1,7.51,7.14,1.6,0.02,7.33,9.39,1.7,0.03,7.38,8.93,2.0,0.01
7.28,9.42,2.4,0.03,7.51,7.14,1.6,0.02,7.33,9.39,1.7,0.03,7.38,8.93,2.0,0.01,7.31,9.66,2.2,0.03
7.66,8.16,2.2,0.03,7.33,9.39,1.7,0.03,7.38,8.93,2.0,0.01,7.31,9.66,2.2,0.03,7.41,9.22,2.3,0.04
7.76,7.3,2.0,0.04,7.38,8.93,2.0,0.01,7.31,9.66,2.2,0.03,7.41,9.22,2.3,0.04,7.28,9.42,2.4,0.03
7.64,7.3,1.7,0.02,7.31,9.66,2.2,0.03,7.41,9.22,2.3,0.04,7.28,9.42,2.4,0.03,7.66,8.16,2.2,0.03
7.76,7.84,1.9,0.01,7.41,9.22,2.3,0.04,7.28,9.42,2.4,0.03,7.66,8.16,2.2,0.03,7.76,7.3,2.0,0.04
7.76,7.56,2.2,0.06675912408759126,7.28,9.42,2.4,0.03,7.66,8.16,2.2,0.03,7.76,7.3,2.0,0.04,7.64,7.3,1.7,0.02
7.75,7.9,1.7,0.07,7.66,8.16,2.2,0.03,7.76,7.3,2.0,0.04,7.64,7.3,1.7,0.02,7.76,7.84,1.9,0.01
7.75,8.27,2.5,0.03,7.76,7.3,2.0,0.04,7.64,7.3,1.7,0.02,7.76,7.84,1.9,0.01,7.76,7.56,2.2,0.06675912408759126
7.86,7.95,2.5,0.05,7.64,7.3,1.7,0.02,7.76,7.84,1.9,0.01,7.76,7.56,2.2,0.06675912408759126,7.75,7.9,1.7,0.07
7.73,9.3,2.1,0.04,7.76,7.84,1.9,0.01,7.76,7.56,2.2,0.06675912408759126,7.75,7.9,1.7,0.07,7.75,8.27,2.5,0.03
7.66,7.56,2.2,0.06675912408759126,7.76,7.56,2.2,0.06675912408759126,7.75,7.9,1.7,0.07,7.75,8.27,2.5,0.03,7.86,7.95,2.5,0.05
7.56,7.0,2.1,0.06675912408759126,7.75,7.9,1.7,0.07,7.75,8.27,2.5,0.03,7.86,7.95,2.5,0.05,7.73,9.3,2.1,0.04
7.55,6.52,2.7,0.06675912408759126,7.75,8.27,2.5,0.03,7.86,7.95,2.5,0.05,7.73,9.3,2.1,0.04,7.66,7.56,2.2,0.06675912408759126
7.57,8.13,2.7,0.06675912408759126,7.86,7.95,2.5,0.05,7.73,9.3,2.1,0.04,7.66,7.56,2.2,0.06675912408759126,7.56,7.0,2.1,0.06675912408759126
7.71,8.45,2.8,0.06675912408759126,7.73,9.3,2.1,0.04,7.66,7.56,2.2,0.06675912408759126,7.56,7.0,2.1,0.06675912408759126,7.55,6.52,2.7,0.06675912408759126
7.49,8.12,2.4,0.01,7.66,7.56,2.2,0.06675912408759126,7.56,7.0,2.1,0.06675912408759126,7.55,6.52,2.7,0.06675912408759126,7.57,8.13,2.7,0.06675912408759126
7.65,6.83,2.6,0.03,7.56,7.0,2.1,0.06675912408759126,7.55,6.52,2.7,0.06675912408759126,7.57,8.13,2.7,0.06675912408759126,7.71,8.45,2.8,0.06675912408759126
7.61,7.64,2.8,0.02,7.55,6.52,2.7,0.06675912408759126,7.57,8.13,2.7,0.06675912408759126,7.71,8.45,2.8,0.06675912408759126,7.49,8.12,2.4,0.01
7.6,8.45,2.8,0.02,7.57,8.13,2.7,0.06675912408759126,7.71,8.45,2.8,0.06675912408759126,7.49,8.12,2.4,0.01,7.65,6.83,2.6,0.03
7.28,7.14,2.5,0.05,7.71,8.45,2.8,0.06675912408759126,7.49,8.12,2.4,0.01,7.65,6.83,2.6,0.03,7.61,7.64,2.8,0.02
7.33,7.83,3.3,0.05,7.49,8.12,2.4,0.01,7.65,6.83,2.6,0.03,7.61,7.64,2.8,0.02,7.6,8.45,2.8,0.02
7.51,7.53,2.8,0.06,7.65,6.83,2.6,0.03,7.61,7.64,2.8,0.02,7.6,8.45,2.8,0.02,7.28,7.14,2.5,0.05
7.6,7.68,2.6,0.08,7.61,7.64,2.8,0.02,7.6,8.45,2.8,0.02,7.28,7.14,2.5,0.05,7.33,7.83,3.3,0.05
7.47,8.39,2.1,0.05,7.6,8.45,2.8,0.02,7.28,7.14,2.5,0.05,7.33,7.83,3.3,0.05,7.51,7.53,2.8,0.06
7.47,7.7,1.9,0.06,7.28,7.14,2.5,0.05,7.33,7.83,3.3,0.05,7.51,7.53,2.8,0.06,7.6,7.68,2.6,0.08
7.53,8.27,1.8,0.08,7.33,7.83,3.3,0.05,7.51,7.53,2.8,0.06,7.6,7.68,2.6,0.08,7.47,8.39,2.1,0.05
7.45,8.02,1.5,0.09,7.51,7.53,2.8,0.06,7.6,7.68,2.6,0.08,7.47,8.39,2.1,0.05,7.47,7.7,1.9,0.06
7.56,7.74,1.7,0.07,7.6,7.68,2.6,0.08,7.47,8.39,2.1,0.05,7.47,7.7,1.9,0.06,7.53,8.27,1.8,0.08
7.54,8.13,2.1,0.08,7.47,8.39,2.1,0.05,7.47,7.7,1.9,0.06,7.53,8.27,1.8,0.08,7.45,8.02,1.5,0.09
7.6,7.24,2.1,0.07,7.47,7.7,1.9,0.06,7.53,8.27,1.8,0.08,7.45,8.02,1.5,0.09,7.56,7.74,1.7,0.07
7.14,7.25,2.2,0.05,7.53,8.27,1.8,0.08,7.45,8.02,1.5,0.09,7.56,7.74,1.7,0.07,7.54,8.13,2.1,0.08
7.69,7.74,2.2,0.05,7.45,8.02,1.5,0.09,7.56,7.74,1.7,0.07,7.54,8.13,2.1,0.08,7.6,7.24,2.1,0.07
7.72,7.97,2.1,0.07,7.56,7.74,1.7,0.07,7.54,8.13,2.1,0.08,7.6,7.24,2.1,0.07,7.14,7.25,2.2,0.05
7.7,7.83,2.4,0.08,7.54,8.13,2.1,0.08,7.6,7.24,2.1,0.07,7.14,7.25,2.2,0.05,7.69,7.74,2.2,0.05
7.64,7.43,2.1,0.08,7.6,7.24,2.1,0.07,7.14,7.25,2.2,0.05,7.69,7.74,2.2,0.05,7.72,7.97,2.1,0.07
7.62,7.72,1.9,0.06,7.14,7.25,2.2,0.05,7.69,7.74,2.2,0.05,7.72,7.97,2.1,0.07,7.7,7.83,2.4,0.08
7.54,7.42,1.9,0.06,7.69,7.74,2.2,0.05,7.72,7.97,2.1,0.07,7.7,7.83,2.4,0.08,7.64,7.43,2.1,0.08
7.67,8.76,2.4,0.02,7.72,7.97,2.1,0.07,7.7,7.83,2.4,0.08,7.64,7.43,2.1,0.08,7.62,7.72,1.9,0.06
7.58,8.91,3.0,0.04,7.7,7.83,2.4,0.08,7.64,7.43,2.1,0.08,7.62,7.72,1.9,0.06,7.54,7.42,1.9,0.06
7.54,8.99,2.8,0.06,7.64,7.43,2.1,0.08,7.62,7.72,1.9,0.06,7.54,7.42,1.9,0.06,7.67,8.76,2.4,0.02
7.46,8.98,2.8,0.06,7.62,7.72,1.9,0.06,7.54,7.42,1.9,0.06,7.67,8.76,2.4,0.02,7.58,8.91,3.0,0.04
7.57,7.78,2.7,0.03,7.54,7.42,1.9,0.06,7.67,8.76,2.4,0.02,7.58,8.91,3.0,0.04,7.54,8.99,2.8,0.06
7.58,7.43,2.4,0.1,7.67,8.76,2.4,0.02,7.58,8.91,3.0,0.04,7.54,8.99,2.8,0.06,7.46,8.98,2.8,0.06
7.28,7.97,2.3,0.13,7.58,8.91,3.0,0.04,7.54,8.99,2.8,0.06,7.46,8.98,2.8,0.06,7.57,7.78,2.7,0.03
7.31,6.64,2.3,0.11,7.54,8.99,2.8,0.06,7.46,8.98,2.8,0.06,7.57,7.78,2.7,0.03,7.58,7.43,2.4,0.1
7.25,6.6,2.2,0.1,7.46,8.98,2.8,0.06,7.57,7.78,2.7,0.03,7.58,7.43,2.4,0.1,7.28,7.97,2.3,0.13
7.56,7.0,1.6,0.09,7.57,7.78,2.7,0.03,7.58,7.43,2.4,0.1,7.28,7.97,2.3,0.13,7.31,6.64,2.3,0.11
7.6,7.38,1.9,0.1,7.58,7.43,2.4,0.1,7.28,7.97,2.3,0.13,7.31,6.64,2.3,0.11,7.25,6.6,2.2,0.1
7.448666666666668,9.274833333333332,2.3488888888888875,0.06675912408759126,7.28,7.97,2.3,0.13,7.31,6.64,2.3,0.11,7.25,6.6,2.2,0.1,7.56,7.0,1.6,0.09
7.64,8.18,2.1,0.09,7.31,6.64,2.3,0.11,7.25,6.6,2.2,0.1,7.56,7.0,1.6,0.09,7.6,7.38,1.9,0.1
7.56,7.8,2.2,0.1,7.25,6.6,2.2,0.1,7.56,7.0,1.6,0.09,7.6,7.38,1.9,0.1,7.448666666666668,9.274833333333332,2.3488888888888875,0.06675912408759126
7.62,8.07,2.2,0.08,7.56,7.0,1.6,0.09,7.6,7.38,1.9,0.1,7.448666666666668,9.274833333333332,2.3488888888888875,0.06675912408759126,7.64,8.18,2.1,0.09
7.56,7.21,2.1,0.13,7.6,7.38,1.9,0.1,7.448666666666668,9.274833333333332,2.3488888888888875,0.06675912408759126,7.64,8.18,2.1,0.09,7.56,7.8,2.2,0.1
7.71,6.88,1.8,0.15,7.448666666666668,9.274833333333332,2.3488888888888875,0.06675912408759126,7.64,8.18,2.1,0.09,7.56,7.8,2.2,0.1,7.62,8.07,2.2,0.08
7.77,7.58,1.7,0.15,7.64,8.18,2.1,0.09,7.56,7.8,2.2,0.1,7.62,8.07,2.2,0.08,7.56,7.21,2.1,0.13
7.65,7.51,1.6,0.17,7.56,7.8,2.2,0.1,7.62,8.07,2.2,0.08,7.56,7.21,2.1,0.13,7.71,6.88,1.8,0.15
7.63,7.35,1.5,0.15,7.62,8.07,2.2,0.08,7.56,7.21,2.1,0.13,7.71,6.88,1.8,0.15,7.77,7.58,1.7,0.15
7.74,7.35,3.2,0.12,7.56,7.21,2.1,0.13,7.71,6.88,1.8,0.15,7.77,7.58,1.7,0.15,7.65,7.51,1.6,0.17
7.75,7.72,2.7,0.06,7.71,6.88,1.8,0.15,7.77,7.58,1.7,0.15,7.65,7.51,1.6,0.17,7.63,7.35,1.5,0.15
7.7,8.0,2.4,0.07,7.77,7.58,1.7,0.15,7.65,7.51,1.6,0.17,7.63,7.35,1.5,0.15,7.74,7.35,3.2,0.12
7.69,7.14,2.2,0.05,7.65,7.51,1.6,0.17,7.63,7.35,1.5,0.15,7.74,7.35,3.2,0.12,7.75,7.72,2.7,0.06
7.84,6.83,2.1,0.1,7.63,7.35,1.5,0.15,7.74,7.35,3.2,0.12,7.75,7.72,2.7,0.06,7.7,8.0,2.4,0.07
7.63,7.43,2.0,0.07,7.74,7.35,3.2,0.12,7.75,7.72,2.7,0.06,7.7,8.0,2.4,0.07,7.69,7.14,2.2,0.05
7.61,6.2,2.1,0.18,7.75,7.72,2.7,0.06,7.7,8.0,2.4,0.07,7.69,7.14,2.2,0.05,7.84,6.83,2.1,0.1
7.53,8.62,2.4,0.09,7.7,8.0,2.4,0.07,7.69,7.14,2.2,0.05,7.84,6.83,2.1,0.1,7.63,7.43,2.0,0.07
7.42,6.94,2.2,0.23,7.69,7.14,2.2,0.05,7.84,6.83,2.1,0.1,7.63,7.43,2.0,0.07,7.61,6.2,2.1,0.18
7.38,7.65,2.0,0.11,7.84,6.83,2.1,0.1,7.63,7.43,2.0,0.07,7.61,6.2,2.1,0.18,7.53,8.62,2.4,0.09
7.57,8.7,1.7,0.04,7.63,7.43,2.0,0.07,7.61,6.2,2.1,0.18,7.53,8.62,2.4,0.09,7.42,6.94,2.2,0.23
7.37,6.74,3.0,0.07,7.61,6.2,2.1,0.18,7.53,8.62,2.4,0.09,7.42,6.94,2.2,0.23,7.38,7.65,2.0,0.11
7.5,7.39,2.6,0.06,7.53,8.62,2.4,0.09,7.42,6.94,2.2,0.23,7.38,7.65,2.0,0.11,7.57,8.7,1.7,0.04
7.39,7.59,2.6,0.03,7.42,6.94,2.2,0.23,7.38,7.65,2.0,0.11,7.57,8.7,1.7,0.04,7.37,6.74,3.0,0.07
7.22,7.8,2.6,0.04,7.38,7.65,2.0,0.11,7.57,8.7,1.7,0.04,7.37,6.74,3.0,0.07,7.5,7.39,2.6,0.06
7.22,7.8,2.6,0.04,7.57,8.7,1.7,0.04,7.37,6.74,3.0,0.07,7.5,7.39,2.6,0.06,7.39,7.59,2.6,0.03
7.16,7.88,2.3,0.04,7.37,6.74,3.0,0.07,7.5,7.39,2.6,0.06,7.39,7.59,2.6,0.03,7.22,7.8,2.6,0.04
7.17,7.81,2.1,0.05,7.5,7.39,2.6,0.06,7.39,7.59,2.6,0.03,7.22,7.8,2.6,0.04,7.22,7.8,2.6,0.04
7.19,7.84,2.0,0.06,7.39,7.59,2.6,0.03,7.22,7.8,2.6,0.04,7.22,7.8,2.6,0.04,7.16,7.88,2.3,0.04
7.36,7.99,1.8,0.08,7.22,7.8,2.6,0.04,7.22,7.8,2.6,0.04,7.16,7.88,2.3,0.04,7.17,7.81,2.1,0.05
7.57,8.13,2.2,0.1,7.22,7.8,2.6,0.04,7.16,7.88,2.3,0.04,7.17,7.81,2.1,0.05,7.19,7.84,2.0,0.06
7.81,8.16,2.9,0.08,7.16,7.88,2.3,0.04,7.17,7.81,2.1,0.05,7.19,7.84,2.0,0.06,7.36,7.99,1.8,0.08
7.77,8.17,3.1,0.06,7.17,7.81,2.1,0.05,7.19,7.84,2.0,0.06,7.36,7.99,1.8,0.08,7.57,8.13,2.2,0.1
7.66,8.08,5.2,0.04,7.19,7.84,2.0,0.06,7.36,7.99,1.8,0.08,7.57,8.13,2.2,0.1,7.81,8.16,2.9,0.08
7.71,8.27,3.8,0.06675912408759126,7.36,7.99,1.8,0.08,7.57,8.13,2.2,0.1,7.81,8.16,2.9,0.08,7.77,8.17,3.1,0.06
7.96,8.3,3.2,0.07,7.57,8.13,2.2,0.1,7.81,8.16,2.9,0.08,7.77,8.17,3.1,0.06,7.66,8.08,5.2,0.04
7.71,8.24,3.3,0.01,7.81,8.16,2.9,0.08,7.77,8.17,3.1,0.06,7.66,8.08,5.2,0.04,7.71,8.27,3.8,0.06675912408759126
7.83,8.24,3.0,0.06675912408759126,7.77,8.17,3.1,0.06,7.66,8.08,5.2,0.04,7.71,8.27,3.8,0.06675912408759126,7.96,8.3,3.2,0.07
7.99,8.33,2.4,0.06675912408759126,7.66,8.08,5.2,0.04,7.71,8.27,3.8,0.06675912408759126,7.96,8.3,3.2,0.07,7.71,8.24,3.3,0.01
7.93,8.4,2.0,0.01,7.71,8.27,3.8,0.06675912408759126,7.96,8.3,3.2,0.07,7.71,8.24,3.3,0.01,7.83,8.24,3.0,0.06675912408759126
7.76,8.52,2.1,0.06675912408759126,7.96,8.3,3.2,0.07,7.71,8.24,3.3,0.01,7.83,8.24,3.0,0.06675912408759126,7.99,8.33,2.4,0.06675912408759126
7.49,8.43,2.2,0.06675912408759126,7.71,8.24,3.3,0.01,7.83,8.24,3.0,0.06675912408759126,7.99,8.33,2.4,0.06675912408759126,7.93,8.4,2.0,0.01
7.43,8.41,2.0,0.06675912408759126,7.83,8.24,3.0,0.06675912408759126,7.99,8.33,2.4,0.06675912408759126,7.93,8.4,2.0,0.01,7.76,8.52,2.1,0.06675912408759126
7.31,8.51,1.9,0.06675912408759126,7.99,8.33,2.4,0.06675912408759126,7.93,8.4,2.0,0.01,7.76,8.52,2.1,0.06675912408759126,7.49,8.43,2.2,0.06675912408759126
7.67,8.55,1.4,0.06,7.93,8.4,2.0,0.01,7.76,8.52,2.1,0.06675912408759126,7.49,8.43,2.2,0.06675912408759126,7.43,8.41,2.0,0.06675912408759126
7.91,8.31,1.9,0.04,7.76,8.52,2.1,0.06675912408759126,7.49,8.43,2.2,0.06675912408759126,7.43,8.41,2.0,0.06675912408759126,7.31,8.51,1.9,0.06675912408759126
7.59,6.99,2.2,0.04,7.49,8.43,2.2,0.06675912408759126,7.43,8.41,2.0,0.06675912408759126,7.31,8.51,1.9,0.06675912408759126,7.67,8.55,1.4,0.06
7.448666666666668,9.274833333333332,2.3488888888888875,0.06675912408759126,7.43,8.41,2.0,0.06675912408759126,7.31,8.51,1.9,0.06675912408759126,7.67,8.55,1.4,0.06,7.91,8.31,1.9,0.04
7.7,8.7,2.2,0.02,7.31,8.51,1.9,0.06675912408759126,7.67,8.55,1.4,0.06,7.91,8.31,1.9,0.04,7.59,6.99,2.2,0.04
7.72,8.06,2.2,0.02,7.67,8.55,1.4,0.06,7.91,8.31,1.9,0.04,7.59,6.99,2.2,0.04,7.448666666666668,9.274833333333332,2.3488888888888875,0.06675912408759126
7.03,8.02,2.2,0.07,7.91,8.31,1.9,0.04,7.59,6.99,2.2,0.04,7.448666666666668,9.274833333333332,2.3488888888888875,0.06675912408759126,7.7,8.7,2.2,0.02
7.13,10.2,2.2,0.12,7.59,6.99,2.2,0.04,7.448666666666668,9.274833333333332,2.3488888888888875,0.06675912408759126,7.7,8.7,2.2,0.02,7.72,8.06,2.2,0.02
7.38,9.3,2.2,0.06,7.448666666666668,9.274833333333332,2.3488888888888875,0.06675912408759126,7.7,8.7,2.2,0.02,7.72,8.06,2.2,0.02,7.03,8.02,2.2,0.07
7.56,9.34,1.7,0.05,7.7,8.7,2.2,0.02,7.72,8.06,2.2,0.02,7.03,8.02,2.2,0.07,7.13,10.2,2.2,0.12
7.31,8.73,2.6,0.06,7.72,8.06,2.2,0.02,7.03,8.02,2.2,0.07,7.13,10.2,2.2,0.12,7.38,9.3,2.2,0.06
7.29,9.03,2.4,0.23,7.03,8.02,2.2,0.07,7.13,10.2,2.2,0.12,7.38,9.3,2.2,0.06,7.56,9.34,1.7,0.05
7.4,10.1,2.4,0.04,7.13,10.2,2.2,0.12,7.38,9.3,2.2,0.06,7.56,9.34,1.7,0.05,7.31,8.73,2.6,0.06
7.31,10.1,2.2,0.02,7.38,9.3,2.2,0.06,7.56,9.34,1.7,0.05,7.31,8.73,2.6,0.06,7.29,9.03,2.4,0.23
7.27,10.9,2.0,0.01,7.56,9.34,1.7,0.05,7.31,8.73,2.6,0.06,7.29,9.03,2.4,0.23,7.4,10.1,2.4,0.04
7.37,9.94,2.2,0.08,7.31,8.73,2.6,0.06,7.29,9.03,2.4,0.23,7.4,10.1,2.4,0.04,7.31,10.1,2.2,0.02
7.59,8.1,1.7,0.03,7.29,9.03,2.4,0.23,7.4,10.1,2.4,0.04,7.31,10.1,2.2,0.02,7.27,10.9,2.0,0.01
7.48,7.38,1.8,0.06,7.4,10.1,2.4,0.04,7.31,10.1,2.2,0.02,7.27,10.9,2.0,0.01,7.37,9.94,2.2,0.08
7.37,8.67,1.7,0.03,7.31,10.1,2.2,0.02,7.27,10.9,2.0,0.01,7.37,9.94,2.2,0.08,7.59,8.1,1.7,0.03
7.2,9.42,2.2,0.03,7.27,10.9,2.0,0.01,7.37,9.94,2.2,0.08,7.59,8.1,1.7,0.03,7.48,7.38,1.8,0.06
7.15,9.76,1.6,0.03,7.37,9.94,2.2,0.08,7.59,8.1,1.7,0.03,7.48,7.38,1.8,0.06,7.37,8.67,1.7,0.03
7.55,10.1,1.5,0.02,7.59,8.1,1.7,0.03,7.48,7.38,1.8,0.06,7.37,8.67,1.7,0.03,7.2,9.42,2.2,0.03
7.49,8.71,1.7,0.03,7.48,7.38,1.8,0.06,7.37,8.67,1.7,0.03,7.2,9.42,2.2,0.03,7.15,9.76,1.6,0.03
7.73,8.66,1.4,0.02,7.37,8.67,1.7,0.03,7.2,9.42,2.2,0.03,7.15,9.76,1.6,0.03,7.55,10.1,1.5,0.02
7.77,8.25,2.0,0.03,7.2,9.42,2.2,0.03,7.15,9.76,1.6,0.03,7.55,10.1,1.5,0.02,7.49,8.71,1.7,0.03
7.85,9.32,2.0,0.22,7.15,9.76,1.6,0.03,7.55,10.1,1.5,0.02,7.49,8.71,1.7,0.03,7.73,8.66,1.4,0.02
8.0,9.95,1.8,0.04,7.55,10.1,1.5,0.02,7.49,8.71,1.7,0.03,7.73,8.66,1.4,0.02,7.77,8.25,2.0,0.03
7.98,9.9,2.2,0.05,7.49,8.71,1.7,0.03,7.73,8.66,1.4,0.02,7.77,8.25,2.0,0.03,7.85,9.32,2.0,0.22
7.9,9.75,3.1,0.09,7.73,8.66,1.4,0.02,7.77,8.25,2.0,0.03,7.85,9.32,2.0,0.22,8.0,9.95,1.8,0.04
7.65,10.0,2.6,0.21,7.77,8.25,2.0,0.03,7.85,9.32,2.0,0.22,8.0,9.95,1.8,0.04,7.98,9.9,2.2,0.05
7.64,9.61,3.2,0.03,7.85,9.32,2.0,0.22,8.0,9.95,1.8,0.04,7.98,9.9,2.2,0.05,7.9,9.75,3.1,0.09
7.65,8.49,2.5,0.01,8.0,9.95,1.8,0.04,7.98,9.9,2.2,0.05,7.9,9.75,3.1,0.09,7.65,10.0,2.6,0.21
7.35,8.88,1.5,0.06675912408759126,7.98,9.9,2.2,0.05,7.9,9.75,3.1,0.09,7.65,10.0,2.6,0.21,7.64,9.61,3.2,0.03
7.89,8.82,1.3,0.06675912408759126,7.9,9.75,3.1,0.09,7.65,10.0,2.6,0.21,7.64,9.61,3.2,0.03,7.65,8.49,2.5,0.01
7.89,9.0,1.5,0.08,7.65,10.0,2.6,0.21,7.64,9.61,3.2,0.03,7.65,8.49,2.5,0.01,7.35,8.88,1.5,0.06675912408759126
7.56,8.79,1.2,0.09,7.64,9.61,3.2,0.03,7.65,8.49,2.5,0.01,7.35,8.88,1.5,0.06675912408759126,7.89,8.82,1.3,0.06675912408759126
7.26,8.21,1.3,0.12,7.65,8.49,2.5,0.01,7.35,8.88,1.5,0.06675912408759126,7.89,8.82,1.3,0.06675912408759126,7.89,9.0,1.5,0.08
7.31,8.53,1.8,0.17,7.35,8.88,1.5,0.06675912408759126,7.89,8.82,1.3,0.06675912408759126,7.89,9.0,1.5,0.08,7.56,8.79,1.2,0.09
7.25,8.61,2.3,0.13,7.89,8.82,1.3,0.06675912408759126,7.89,9.0,1.5,0.08,7.56,8.79,1.2,0.09,7.26,8.21,1.3,0.12
6.92,8.31,2.2,0.02,7.89,9.0,1.5,0.08,7.56,8.79,1.2,0.09,7.26,8.21,1.3,0.12,7.31,8.53,1.8,0.17
6.04,6.8,1.8,0.15,7.56,8.79,1.2,0.09,7.26,8.21,1.3,0.12,7.31,8.53,1.8,0.17,7.25,8.61,2.3,0.13
7.17,8.42,2.2,0.04,7.26,8.21,1.3,0.12,7.31,8.53,1.8,0.17,7.25,8.61,2.3,0.13,6.92,8.31,2.2,0.02
6.98,7.17,3.4,0.15,7.31,8.53,1.8,0.17,7.25,8.61,2.3,0.13,6.92,8.31,2.2,0.02,6.04,6.8,1.8,0.15
7.03,5.88,3.3,0.13,7.25,8.61,2.3,0.13,6.92,8.31,2.2,0.02,6.04,6.8,1.8,0.15,7.17,8.42,2.2,0.04
7.15,7.92,2.6,0.13,6.92,8.31,2.2,0.02,6.04,6.8,1.8,0.15,7.17,8.42,2.2,0.04,6.98,7.17,3.4,0.15
7.58,7.38,2.6,0.07,6.04,6.8,1.8,0.15,7.17,8.42,2.2,0.04,6.98,7.17,3.4,0.15,7.03,5.88,3.3,0.13
7.56,7.96,2.3,0.06,7.17,8.42,2.2,0.04,6.98,7.17,3.4,0.15,7.03,5.88,3.3,0.13,7.15,7.92,2.6,0.13
7.36,8.28,1.9,0.07,6.98,7.17,3.4,0.15,7.03,5.88,3.3,0.13,7.15,7.92,2.6,0.13,7.58,7.38,2.6,0.07
6.8,8.72,3.3,0.27,7.03,5.88,3.3,0.13,7.15,7.92,2.6,0.13,7.58,7.38,2.6,0.07,7.56,7.96,2.3,0.06
7.26,8.17,1.5,0.08,7.15,7.92,2.6,0.13,7.58,7.38,2.6,0.07,7.56,7.96,2.3,0.06,7.36,8.28,1.9,0.07
7.27,7.49,1.2,0.02,7.58,7.38,2.6,0.07,7.56,7.96,2.3,0.06,7.36,8.28,1.9,0.07,6.8,8.72,3.3,0.27
7.64,6.91,1.3,0.03,7.56,7.96,2.3,0.06,7.36,8.28,1.9,0.07,6.8,8.72,3.3,0.27,7.26,8.17,1.5,0.08
7.29,7.49,1.0,0.09,7.36,8.28,1.9,0.07,6.8,8.72,3.3,0.27,7.26,8.17,1.5,0.08,7.27,7.49,1.2,0.02
7.37,7.96,2.1,0.08,6.8,8.72,3.3,0.27,7.26,8.17,1.5,0.08,7.27,7.49,1.2,0.02,7.64,6.91,1.3,0.03
7.26,8.45,2.4,0.08,7.26,8.17,1.5,0.08,7.27,7.49,1.2,0.02,7.64,6.91,1.3,0.03,7.29,7.49,1.0,0.09
7.46,7.42,2.3,0.06,7.27,7.49,1.2,0.02,7.64,6.91,1.3,0.03,7.29,7.49,1.0,0.09,7.37,7.96,2.1,0.08
7.19,8.05,2.1,0.08,7.64,6.91,1.3,0.03,7.29,7.49,1.0,0.09,7.37,7.96,2.1,0.08,7.26,8.45,2.4,0.08
7.31,8.2,2.4,0.03,7.29,7.49,1.0,0.09,7.37,7.96,2.1,0.08,7.26,8.45,2.4,0.08,7.46,7.42,2.3,0.06
7.43,7.8,2.1,0.03,7.37,7.96,2.1,0.08,7.26,8.45,2.4,0.08,7.46,7.42,2.3,0.06,7.19,8.05,2.1,0.08
7.37,8.4,1.9,0.04,7.26,8.45,2.4,0.08,7.46,7.42,2.3,0.06,7.19,8.05,2.1,0.08,7.31,8.2,2.4,0.03
6.9,7.29,1.8,0.09,7.46,7.42,2.3,0.06,7.19,8.05,2.1,0.08,7.31,8.2,2.4,0.03,7.43,7.8,2.1,0.03
7.39,7.18,1.9,0.05,7.19,8.05,2.1,0.08,7.31,8.2,2.4,0.03,7.43,7.8,2.1,0.03,7.37,8.4,1.9,0.04
7.34,7.8,1.8,0.03,7.31,8.2,2.4,0.03,7.43,7.8,2.1,0.03,7.37,8.4,1.9,0.04,6.9,7.29,1.8,0.09
7.81,7.6,2.1,0.03,7.43,7.8,2.1,0.03,7.37,8.4,1.9,0.04,6.9,7.29,1.8,0.09,7.39,7.18,1.9,0.05
7.7,7.85,2.3,0.04,7.37,8.4,1.9,0.04,6.9,7.29,1.8,0.09,7.39,7.18,1.9,0.05,7.34,7.8,1.8,0.03
7.59,8.4,2.3,0.05,6.9,7.29,1.8,0.09,7.39,7.18,1.9,0.05,7.34,7.8,1.8,0.03,7.81,7.6,2.1,0.03
7.7,8.21,2.2,0.04,7.39,7.18,1.9,0.05,7.34,7.8,1.8,0.03,7.81,7.6,2.1,0.03,7.7,7.85,2.3,0.04
7.46,8.43,2.2,0.03,7.34,7.8,1.8,0.03,7.81,7.6,2.1,0.03,7.7,7.85,2.3,0.04,7.59,8.4,2.3,0.05
7.38,8.27,2.6,0.05,7.81,7.6,2.1,0.03,7.7,7.85,2.3,0.04,7.59,8.4,2.3,0.05,7.7,8.21,2.2,0.04
7.23,8.78,2.5,0.05,7.7,7.85,2.3,0.04,7.59,8.4,2.3,0.05,7.7,8.21,2.2,0.04,7.46,8.43,2.2,0.03
7.05,9.75,2.5,0.07,7.59,8.4,2.3,0.05,7.7,8.21,2.2,0.04,7.46,8.43,2.2,0.03,7.38,8.27,2.6,0.05
6.85,9.99,2.4,0.08,7.7,8.21,2.2,0.04,7.46,8.43,2.2,0.03,7.38,8.27,2.6,0.05,7.23,8.78,2.5,0.05
6.91,9.43,2.3,0.05,7.46,8.43,2.2,0.03,7.38,8.27,2.6,0.05,7.23,8.78,2.5,0.05,7.05,9.75,2.5,0.07
7.77,9.03,2.4,0.03,7.38,8.27,2.6,0.05,7.23,8.78,2.5,0.05,7.05,9.75,2.5,0.07,6.85,9.99,2.4,0.08
7.58,9.09,2.5,0.09,7.23,8.78,2.5,0.05,7.05,9.75,2.5,0.07,6.85,9.99,2.4,0.08,6.91,9.43,2.3,0.05
7.56,9.14,2.6,0.06,7.05,9.75,2.5,0.07,6.85,9.99,2.4,0.08,6.91,9.43,2.3,0.05,7.77,9.03,2.4,0.03
7.47,10.2,2.5,0.05,6.85,9.99,2.4,0.08,6.91,9.43,2.3,0.05,7.77,9.03,2.4,0.03,7.58,9.09,2.5,0.09
7.448666666666668,9.274833333333332,2.3488888888888875,0.06675912408759126,6.91,9.43,2.3,0.05,7.77,9.03,2.4,0.03,7.58,9.09,2.5,0.09,7.56,9.14,2.6,0.06
7.44,9.92,2.4,0.09,7.77,9.03,2.4,0.03,7.58,9.09,2.5,0.09,7.56,9.14,2.6,0.06,7.47,10.2,2.5,0.05
7.04,10.2,2.6,0.07,7.58,9.09,2.5,0.09,7.56,9.14,2.6,0.06,7.47,10.2,2.5,0.05,7.448666666666668,9.274833333333332,2.3488888888888875,0.06675912408759126
7.39,9.75,2.4,0.06,7.56,9.14,2.6,0.06,7.47,10.2,2.5,0.05,7.448666666666668,9.274833333333332,2.3488888888888875,0.06675912408759126,7.44,9.92,2.4,0.09
7.52,8.0,2.4,0.07,7.47,10.2,2.5,0.05,7.448666666666668,9.274833333333332,2.3488888888888875,0.06675912408759126,7.44,9.92,2.4,0.09,7.04,10.2,2.6,0.07
7.73,9.33,2.4,0.06,7.448666666666668,9.274833333333332,2.3488888888888875,0.06675912408759126,7.44,9.92,2.4,0.09,7.04,10.2,2.6,0.07,7.39,9.75,2.4,0.06
7.74,8.53,2.3,0.05,7.44,9.92,2.4,0.09,7.04,10.2,2.6,0.07,7.39,9.75,2.4,0.06,7.52,8.0,2.4,0.07
7.87,8.0,2.3,0.05,7.04,10.2,2.6,0.07,7.39,9.75,2.4,0.06,7.52,8.0,2.4,0.07,7.73,9.33,2.4,0.06
7.69,7.35,2.3,0.06,7.39,9.75,2.4,0.06,7.52,8.0,2.4,0.07,7.73,9.33,2.4,0.06,7.74,8.53,2.3,0.05
7.95,8.49,1.5,0.18,7.52,8.0,2.4,0.07,7.73,9.33,2.4,0.06,7.74,8.53,2.3,0.05,7.87,8.0,2.3,0.05
7.6,9.43,1.4,0.04,7.73,9.33,2.4,0.06,7.74,8.53,2.3,0.05,7.87,8.0,2.3,0.05,7.69,7.35,2.3,0.06
7.24,9.17,2.1,0.15,7.74,8.53,2.3,0.05,7.87,8.0,2.3,0.05,7.69,7.35,2.3,0.06,7.95,8.49,1.5,0.18
7.28,8.16,1.9,0.14,7.87,8.0,2.3,0.05,7.69,7.35,2.3,0.06,7.95,8.49,1.5,0.18,7.6,9.43,1.4,0.04
7.73,8.92,1.9,0.14,7.69,7.35,2.3,0.06,7.95,8.49,1.5,0.18,7.6,9.43,1.4,0.04,7.24,9.17,2.1,0.15
7.27,8.02,2.0,0.12,7.95,8.49,1.5,0.18,7.6,9.43,1.4,0.04,7.24,9.17,2.1,0.15,7.28,8.16,1.9,0.14
7.67,8.38,1.9,0.02,7.6,9.43,1.4,0.04,7.24,9.17,2.1,0.15,7.28,8.16,1.9,0.14,7.73,8.92,1.9,0.14
7.88,7.92,2.4,0.06,7.24,9.17,2.1,0.15,7.28,8.16,1.9,0.14,7.73,8.92,1.9,0.14,7.27,8.02,2.0,0.12
7.48,7.52,2.7,0.07,7.28,8.16,1.9,0.14,7.73,8.92,1.9,0.14,7.27,8.02,2.0,0.12,7.67,8.38,1.9,0.02
8.03,7.69,3.0,0.06,7.73,8.92,1.9,0.14,7.27,8.02,2.0,0.12,7.67,8.38,1.9,0.02,7.88,7.92,2.4,0.06
7.51,6.46,3.0,0.07,7.27,8.02,2.0,0.12,7.67,8.38,1.9,0.02,7.88,7.92,2.4,0.06,7.48,7.52,2.7,0.07
7.39,8.74,2.8,0.06,7.67,8.38,1.9,0.02,7.88,7.92,2.4,0.06,7.48,7.52,2.7,0.07,8.03,7.69,3.0,0.06
6.86,7.79,2.6,0.05,7.88,7.92,2.4,0.06,7.48,7.52,2.7,0.07,8.03,7.69,3.0,0.06,7.51,6.46,3.0,0.07
6.82,6.77,2.6,0.05,7.48,7.52,2.7,0.07,8.03,7.69,3.0,0.06,7.51,6.46,3.0,0.07,7.39,8.74,2.8,0.06
7.1,8.83,2.7,0.17,8.03,7.69,3.0,0.06,7.51,6.46,3.0,0.07,7.39,8.74,2.8,0.06,6.86,7.79,2.6,0.05
7.01,8.69,2.8,0.13,7.51,6.46,3.0,0.07,7.39,8.74,2.8,0.06,6.86,7.79,2.6,0.05,6.82,6.77,2.6,0.05
7.02,8.54,2.7,0.07,7.39,8.74,2.8,0.06,6.86,7.79,2.6,0.05,6.82,6.77,2.6,0.05,7.1,8.83,2.7,0.17
7.0,8.44,2.6,0.12,6.86,7.79,2.6,0.05,6.82,6.77,2.6,0.05,7.1,8.83,2.7,0.17,7.01,8.69,2.8,0.13
7.66,10.3,2.4,0.14,6.82,6.77,2.6,0.05,7.1,8.83,2.7,0.17,7.01,8.69,2.8,0.13,7.02,8.54,2.7,0.07
8.03,7.93,2.5,0.1,7.1,8.83,2.7,0.17,7.01,8.69,2.8,0.13,7.02,8.54,2.7,0.07,7.0,8.44,2.6,0.12
7.8,7.64,2.6,0.04,7.01,8.69,2.8,0.13,7.02,8.54,2.7,0.07,7.0,8.44,2.6,0.12,7.66,10.3,2.4,0.14
7.52,8.56,2.4,0.14,7.02,8.54,2.7,0.07,7.0,8.44,2.6,0.12,7.66,10.3,2.4,0.14,8.03,7.93,2.5,0.1
7.49,7.79,2.3,0.16,7.0,8.44,2.6,0.12,7.66,10.3,2.4,0.14,8.03,7.93,2.5,0.1,7.8,7.64,2.6,0.04
7.52,7.66,2.5,0.08,7.66,10.3,2.4,0.14,8.03,7.93,2.5,0.1,7.8,7.64,2.6,0.04,7.52,8.56,2.4,0.14
7.61,8.2,3.6,0.07,8.03,7.93,2.5,0.1,7.8,7.64,2.6,0.04,7.52,8.56,2.4,0.14,7.49,7.79,2.3,0.16
7.05,8.94,3.0,0.18,7.8,7.64,2.6,0.04,7.52,8.56,2.4,0.14,7.49,7.79,2.3,0.16,7.52,7.66,2.5,0.08
7.33,8.24,2.5,0.07,7.52,8.56,2.4,0.14,7.49,7.79,2.3,0.16,7.52,7.66,2.5,0.08,7.61,8.2,3.6,0.07
7.5,11.3,2.4,0.06,7.49,7.79,2.3,0.16,7.52,7.66,2.5,0.08,7.61,8.2,3.6,0.07,7.05,8.94,3.0,0.18
7.46,11.1,2.4,0.06,7.52,7.66,2.5,0.08,7.61,8.2,3.6,0.07,7.05,8.94,3.0,0.18,7.33,8.24,2.5,0.07
7.62,11.0,3.1,0.05,7.61,8.2,3.6,0.07,7.05,8.94,3.0,0.18,7.33,8.24,2.5,0.07,7.5,11.3,2.4,0.06
7.58,11.0,2.9,0.05,7.05,8.94,3.0,0.18,7.33,8.24,2.5,0.07,7.5,11.3,2.4,0.06,7.46,11.1,2.4,0.06
7.56,12.3,1.5,0.08,7.33,8.24,2.5,0.07,7.5,11.3,2.4,0.06,7.46,11.1,2.4,0.06,7.62,11.0,3.1,0.05
7.52,12.0,2.3,0.08,7.5,11.3,2.4,0.06,7.46,11.1,2.4,0.06,7.62,11.0,3.1,0.05,7.58,11.0,2.9,0.05
7.45,11.9,3.1,0.06,7.46,11.1,2.4,0.06,7.62,11.0,3.1,0.05,7.58,11.0,2.9,0.05,7.56,12.3,1.5,0.08
7.46,10.3,3.0,0.05,7.62,11.0,3.1,0.05,7.58,11.0,2.9,0.05,7.56,12.3,1.5,0.08,7.52,12.0,2.3,0.08
7.51,11.4,3.5,0.06,7.58,11.0,2.9,0.05,7.56,12.3,1.5,0.08,7.52,12.0,2.3,0.08,7.45,11.9,3.1,0.06
7.46,12.1,3.8,0.06,7.56,12.3,1.5,0.08,7.52,12.0,2.3,0.08,7.45,11.9,3.1,0.06,7.46,10.3,3.0,0.05
7.41,11.9,3.7,0.02,7.52,12.0,2.3,0.08,7.45,11.9,3.1,0.06,7.46,10.3,3.0,0.05,7.51,11.4,3.5,0.06
7.41,11.8,3.8,0.09,7.45,11.9,3.1,0.06,7.46,10.3,3.0,0.05,7.51,11.4,3.5,0.06,7.46,12.1,3.8,0.06
7.43,12.2,4.0,0.07,7.46,10.3,3.0,0.05,7.51,11.4,3.5,0.06,7.46,12.1,3.8,0.06,7.41,11.9,3.7,0.02
7.51,12.5,4.0,0.06,7.51,11.4,3.5,0.06,7.46,12.1,3.8,0.06,7.41,11.9,3.7,0.02,7.41,11.8,3.8,0.09
7.49,12.5,3.8,0.04,7.46,12.1,3.8,0.06,7.41,11.9,3.7,0.02,7.41,11.8,3.8,0.09,7.43,12.2,4.0,0.07
7.46,12.3,3.9,0.04,7.41,11.9,3.7,0.02,7.41,11.8,3.8,0.09,7.43,12.2,4.0,0.07,7.51,12.5,4.0,0.06
7.44,12.3,3.8,0.07,7.41,11.8,3.8,0.09,7.43,12.2,4.0,0.07,7.51,12.5,4.0,0.06,7.49,12.5,3.8,0.04
7.55,12.7,3.6,0.01,7.43,12.2,4.0,0.07,7.51,12.5,4.0,0.06,7.49,12.5,3.8,0.04,7.46,12.3,3.9,0.04
7.32,11.6,3.6,0.01,7.51,12.5,4.0,0.06,7.49,12.5,3.8,0.04,7.46,12.3,3.9,0.04,7.44,12.3,3.8,0.07
7.4,12.0,3.7,0.01,7.49,12.5,3.8,0.04,7.46,12.3,3.9,0.04,7.44,12.3,3.8,0.07,7.55,12.7,3.6,0.01
7.46,12.1,3.6,0.02,7.46,12.3,3.9,0.04,7.44,12.3,3.8,0.07,7.55,12.7,3.6,0.01,7.32,11.6,3.6,0.01
7.39,11.6,3.9,0.12,7.44,12.3,3.8,0.07,7.55,12.7,3.6,0.01,7.32,11.6,3.6,0.01,7.4,12.0,3.7,0.01
7.14,11.2,2.9,0.11,7.55,12.7,3.6,0.01,7.32,11.6,3.6,0.01,7.4,12.0,3.7,0.01,7.46,12.1,3.6,0.02
7.21,10.8,2.2,0.1,7.32,11.6,3.6,0.01,7.4,12.0,3.7,0.01,7.46,12.1,3.6,0.02,7.39,11.6,3.9,0.12
7.33,9.92,2.0,0.07,7.4,12.0,3.7,0.01,7.46,12.1,3.6,0.02,7.39,11.6,3.9,0.12,7.14,11.2,2.9,0.11
7.35,9.18,2.0,0.05,7.46,12.1,3.6,0.02,7.39,11.6,3.9,0.12,7.14,11.2,2.9,0.11,7.21,10.8,2.2,0.1
7.41,8.66,2.1,0.12,7.39,11.6,3.9,0.12,7.14,11.2,2.9,0.11,7.21,10.8,2.2,0.1,7.33,9.92,2.0,0.07
7.68,7.68,2.4,0.1,7.14,11.2,2.9,0.11,7.21,10.8,2.2,0.1,7.33,9.92,2.0,0.07,7.35,9.18,2.0,0.05
7.94,7.82,2.8,0.06,7.21,10.8,2.2,0.1,7.33,9.92,2.0,0.07,7.35,9.18,2.0,0.05,7.41,8.66,2.1,0.12
7.75,7.35,1.9,0.07,7.33,9.92,2.0,0.07,7.35,9.18,2.0,0.05,7.41,8.66,2.1,0.12,7.68,7.68,2.4,0.1
7.34,5.61,2.2,0.05,7.35,9.18,2.0,0.05,7.41,8.66,2.1,0.12,7.68,7.68,2.4,0.1,7.94,7.82,2.8,0.06
7.24,7.42,1.6,0.05,7.41,8.66,2.1,0.12,7.68,7.68,2.4,0.1,7.94,7.82,2.8,0.06,7.75,7.35,1.9,0.07
6.92,6.76,0.8,0.13,7.68,7.68,2.4,0.1,7.94,7.82,2.8,0.06,7.75,7.35,1.9,0.07,7.34,5.61,2.2,0.05
7.31,6.63,1.6,0.02,7.94,7.82,2.8,0.06,7.75,7.35,1.9,0.07,7.34,5.61,2.2,0.05,7.24,7.42,1.6,0.05
6.96,6.08,2.5,0.02,7.75,7.35,1.9,0.07,7.34,5.61,2.2,0.05,7.24,7.42,1.6,0.05,6.92,6.76,0.8,0.13
7.4,5.74,11.4,0.04,7.34,5.61,2.2,0.05,7.24,7.42,1.6,0.05,6.92,6.76,0.8,0.13,7.31,6.63,1.6,0.02
7.18,6.06,7.5,0.04,7.24,7.42,1.6,0.05,6.92,6.76,0.8,0.13,7.31,6.63,1.6,0.02,6.96,6.08,2.5,0.02
7.16,7.4,5.1,0.05,6.92,6.76,0.8,0.13,7.31,6.63,1.6,0.02,6.96,6.08,2.5,0.02,7.4,5.74,11.4,0.04
6.81,7.75,4.1,0.02,7.31,6.63,1.6,0.02,6.96,6.08,2.5,0.02,7.4,5.74,11.4,0.04,7.18,6.06,7.5,0.04
6.82,7.96,3.6,0.04,6.96,6.08,2.5,0.02,7.4,5.74,11.4,0.04,7.18,6.06,7.5,0.04,7.16,7.4,5.1,0.05
6.81,8.0,4.6,0.04,7.4,5.74,11.4,0.04,7.18,6.06,7.5,0.04,7.16,7.4,5.1,0.05,6.81,7.75,4.1,0.02
6.79,8.14,4.0,0.04,7.18,6.06,7.5,0.04,7.16,7.4,5.1,0.05,6.81,7.75,4.1,0.02,6.82,7.96,3.6,0.04
6.79,8.43,4.5,0.08,7.16,7.4,5.1,0.05,6.81,7.75,4.1,0.02,6.82,7.96,3.6,0.04,6.81,8.0,4.6,0.04
7.0,8.79,4.1,0.09,6.81,7.75,4.1,0.02,6.82,7.96,3.6,0.04,6.81,8.0,4.6,0.04,6.79,8.14,4.0,0.04
7.23,9.6,3.4,0.05,6.82,7.96,3.6,0.04,6.81,8.0,4.6,0.04,6.79,8.14,4.0,0.04,6.79,8.43,4.5,0.08
7.3,10.0,3.1,0.04,6.81,8.0,4.6,0.04,6.79,8.14,4.0,0.04,6.79,8.43,4.5,0.08,7.0,8.79,4.1,0.09
7.32,10.4,2.9,0.08,6.79,8.14,4.0,0.04,6.79,8.43,4.5,0.08,7.0,8.79,4.1,0.09,7.23,9.6,3.4,0.05
7.35,11.0,2.8,0.08,6.79,8.43,4.5,0.08,7.0,8.79,4.1,0.09,7.23,9.6,3.4,0.05,7.3,10.0,3.1,0.04
7.5,11.7,2.3,0.05,7.0,8.79,4.1,0.09,7.23,9.6,3.4,0.05,7.3,10.0,3.1,0.04,7.32,10.4,2.9,0.08
7.57,11.1,1.8,0.03,7.23,9.6,3.4,0.05,7.3,10.0,3.1,0.04,7.32,10.4,2.9,0.08,7.35,11.0,2.8,0.08
7.66,11.3,1.4,0.04,7.3,10.0,3.1,0.04,7.32,10.4,2.9,0.08,7.35,11.0,2.8,0.08,7.5,11.7,2.3,0.05
7.62,11.9,1.2,0.02,7.32,10.4,2.9,0.08,7.35,11.0,2.8,0.08,7.5,11.7,2.3,0.05,7.57,11.1,1.8,0.03
7.67,12.5,1.2,0.04,7.35,11.0,2.8,0.08,7.5,11.7,2.3,0.05,7.57,11.1,1.8,0.03,7.66,11.3,1.4,0.04
7.69,12.6,1.3,0.04,7.5,11.7,2.3,0.05,7.57,11.1,1.8,0.03,7.66,11.3,1.4,0.04,7.62,11.9,1.2,0.02
7.65,12.6,1.1,0.07,7.57,11.1,1.8,0.03,7.66,11.3,1.4,0.04,7.62,11.9,1.2,0.02,7.67,12.5,1.2,0.04
7.64,12.6,1.2,0.07,7.66,11.3,1.4,0.04,7.62,11.9,1.2,0.02,7.67,12.5,1.2,0.04,7.69,12.6,1.3,0.04
7.61,12.6,1.6,0.06,7.62,11.9,1.2,0.02,7.67,12.5,1.2,0.04,7.69,12.6,1.3,0.04,7.65,12.6,1.1,0.07
7.57,12.5,1.2,0.06,7.67,12.5,1.2,0.04,7.69,12.6,1.3,0.04,7.65,12.6,1.1,0.07,7.64,12.6,1.2,0.07
7.48,12.4,1.2,0.07,7.69,12.6,1.3,0.04,7.65,12.6,1.1,0.07,7.64,12.6,1.2,0.07,7.61,12.6,1.6,0.06
7.43,12.4,1.1,0.07,7.65,12.6,1.1,0.07,7.64,12.6,1.2,0.07,7.61,12.6,1.6,0.06,7.57,12.5,1.2,0.06
7.45,12.6,1.0,0.07,7.64,12.6,1.2,0.07,7.61,12.6,1.6,0.06,7.57,12.5,1.2,0.06,7.48,12.4,1.2,0.07
7.38,12.5,1.0,0.07,7.61,12.6,1.6,0.06,7.57,12.5,1.2,0.06,7.48,12.4,1.2,0.07,7.43,12.4,1.1,0.07
7.37,12.4,1.0,0.08,7.57,12.5,1.2,0.06,7.48,12.4,1.2,0.07,7.43,12.4,1.1,0.07,7.45,12.6,1.0,0.07
7.32,12.4,0.8,0.07,7.48,12.4,1.2,0.07,7.43,12.4,1.1,0.07,7.45,12.6,1.0,0.07,7.38,12.5,1.0,0.07
7.24,12.3,0.9,0.07,7.43,12.4,1.1,0.07,7.45,12.6,1.0,0.07,7.38,12.5,1.0,0.07,7.37,12.4,1.0,0.08
7.21,12.5,1.6,0.05,7.45,12.6,1.0,0.07,7.38,12.5,1.0,0.07,7.37,12.4,1.0,0.08,7.32,12.4,0.8,0.07
7.43,12.3,2.2,0.05,7.38,12.5,1.0,0.07,7.37,12.4,1.0,0.08,7.32,12.4,0.8,0.07,7.24,12.3,0.9,0.07
7.46,12.5,2.2,0.13,7.37,12.4,1.0,0.08,7.32,12.4,0.8,0.07,7.24,12.3,0.9,0.07,7.21,12.5,1.6,0.05
7.36,12.4,2.1,0.09,7.32,12.4,0.8,0.07,7.24,12.3,0.9,0.07,7.21,12.5,1.6,0.05,7.43,12.3,2.2,0.05
7.38,12.2,2.3,0.09,7.24,12.3,0.9,0.07,7.21,12.5,1.6,0.05,7.43,12.3,2.2,0.05,7.46,12.5,2.2,0.13
7.4,11.6,2.1,0.06,7.21,12.5,1.6,0.05,7.43,12.3,2.2,0.05,7.46,12.5,2.2,0.13,7.36,12.4,2.1,0.09
7.59,11.6,2.2,0.05,7.43,12.3,2.2,0.05,7.46,12.5,2.2,0.13,7.36,12.4,2.1,0.09,7.38,12.2,2.3,0.09
7.58,11.2,1.8,0.05,7.46,12.5,2.2,0.13,7.36,12.4,2.1,0.09,7.38,12.2,2.3,0.09,7.4,11.6,2.1,0.06
7.52,10.6,1.7,0.06,7.36,12.4,2.1,0.09,7.38,12.2,2.3,0.09,7.4,11.6,2.1,0.06,7.59,11.6,2.2,0.05
7.59,10.2,1.8,0.05,7.38,12.2,2.3,0.09,7.4,11.6,2.1,0.06,7.59,11.6,2.2,0.05,7.58,11.2,1.8,0.05
7.81,9.76,1.9,0.06,7.4,11.6,2.1,0.06,7.59,11.6,2.2,0.05,7.58,11.2,1.8,0.05,7.52,10.6,1.7,0.06
8.08,9.04,1.7,0.06,7.59,11.6,2.2,0.05,7.58,11.2,1.8,0.05,7.52,10.6,1.7,0.06,7.59,10.2,1.8,0.05
7.72,7.77,2.4,0.06,7.58,11.2,1.8,0.05,7.52,10.6,1.7,0.06,7.59,10.2,1.8,0.05,7.81,9.76,1.9,0.06
8.02,6.92,2.3,0.06,7.52,10.6,1.7,0.06,7.59,10.2,1.8,0.05,7.81,9.76,1.9,0.06,8.08,9.04,1.7,0.06
7.73,6.23,2.2,0.06,7.59,10.2,1.8,0.05,7.81,9.76,1.9,0.06,8.08,9.04,1.7,0.06,7.72,7.77,2.4,0.06
6.94,5.27,2.0,0.03,7.81,9.76,1.9,0.06,8.08,9.04,1.7,0.06,7.72,7.77,2.4,0.06,8.02,6.92,2.3,0.06
6.94,6.62,2.1,0.02,8.08,9.04,1.7,0.06,7.72,7.77,2.4,0.06,8.02,6.92,2.3,0.06,7.73,6.23,2.2,0.06
7.48,7.07,3.1,0.04,7.72,7.77,2.4,0.06,8.02,6.92,2.3,0.06,7.73,6.23,2.2,0.06,6.94,5.27,2.0,0.03
7.63,6.75,2.3,0.08,8.02,6.92,2.3,0.06,7.73,6.23,2.2,0.06,6.94,5.27,2.0,0.03,6.94,6.62,2.1,0.02
7.41,6.12,2.2,0.05,7.73,6.23,2.2,0.06,6.94,5.27,2.0,0.03,6.94,6.62,2.1,0.02,7.48,7.07,3.1,0.04
7.6,6.26,2.4,0.05,6.94,5.27,2.0,0.03,6.94,6.62,2.1,0.02,7.48,7.07,3.1,0.04,7.63,6.75,2.3,0.08
7.71,6.44,2.5,0.05,6.94,6.62,2.1,0.02,7.48,7.07,3.1,0.04,7.63,6.75,2.3,0.08,7.41,6.12,2.2,0.05
7.83,6.81,2.5,0.02,7.48,7.07,3.1,0.04,7.63,6.75,2.3,0.08,7.41,6.12,2.2,0.05,7.6,6.26,2.4,0.05
7.86,7.22,2.7,0.03,7.63,6.75,2.3,0.08,7.41,6.12,2.2,0.05,7.6,6.26,2.4,0.05,7.71,6.44,2.5,0.05
7.78,7.33,2.8,0.03,7.41,6.12,2.2,0.05,7.6,6.26,2.4,0.05,7.71,6.44,2.5,0.05,7.83,6.81,2.5,0.02
7.63,7.98,2.9,0.03,7.6,6.26,2.4,0.05,7.71,6.44,2.5,0.05,7.83,6.81,2.5,0.02,7.86,7.22,2.7,0.03
7.42,8.07,2.8,0.03,7.71,6.44,2.5,0.05,7.83,6.81,2.5,0.02,7.86,7.22,2.7,0.03,7.78,7.33,2.8,0.03
7.34,8.19,2.8,0.05,7.83,6.81,2.5,0.02,7.86,7.22,2.7,0.03,7.78,7.33,2.8,0.03,7.63,7.98,2.9,0.03
7.26,8.37,3.1,0.09,7.86,7.22,2.7,0.03,7.78,7.33,2.8,0.03,7.63,7.98,2.9,0.03,7.42,8.07,2.8,0.03
7.25,8.73,2.7,0.09,7.78,7.33,2.8,0.03,7.63,7.98,2.9,0.03,7.42,8.07,2.8,0.03,7.34,8.19,2.8,0.05
7.27,9.36,2.6,0.1,7.63,7.98,2.9,0.03,7.42,8.07,2.8,0.03,7.34,8.19,2.8,0.05,7.26,8.37,3.1,0.09
7.27,9.68,2.4,0.1,7.42,8.07,2.8,0.03,7.34,8.19,2.8,0.05,7.26,8.37,3.1,0.09,7.25,8.73,2.7,0.09
7.2,9.78,2.3,0.09,7.34,8.19,2.8,0.05,7.26,8.37,3.1,0.09,7.25,8.73,2.7,0.09,7.27,9.36,2.6,0.1
7.17,9.93,2.3,0.09,7.26,8.37,3.1,0.09,7.25,8.73,2.7,0.09,7.27,9.36,2.6,0.1,7.27,9.68,2.4,0.1
7.23,10.4,2.2,0.1,7.25,8.73,2.7,0.09,7.27,9.36,2.6,0.1,7.27,9.68,2.4,0.1,7.2,9.78,2.3,0.09
7.3,11.2,2.0,0.1,7.27,9.36,2.6,0.1,7.27,9.68,2.4,0.1,7.2,9.78,2.3,0.09,7.17,9.93,2.3,0.09
7.34,11.6,2.0,0.1,7.27,9.68,2.4,0.1,7.2,9.78,2.3,0.09,7.17,9.93,2.3,0.09,7.23,10.4,2.2,0.1
7.4,12.3,2.0,0.05,7.2,9.78,2.3,0.09,7.17,9.93,2.3,0.09,7.23,10.4,2.2,0.1,7.3,11.2,2.0,0.1
7.48,13.3,2.1,0.07,7.17,9.93,2.3,0.09,7.23,10.4,2.2,0.1,7.3,11.2,2.0,0.1,7.34,11.6,2.0,0.1
7.49,13.4,2.3,0.07,7.23,10.4,2.2,0.1,7.3,11.2,2.0,0.1,7.34,11.6,2.0,0.1,7.4,12.3,2.0,0.05
7.54,13.5,1.8,0.1,7.3,11.2,2.0,0.1,7.34,11.6,2.0,0.1,7.4,12.3,2.0,0.05,7.48,13.3,2.1,0.07
7.5,13.5,1.9,0.05,7.34,11.6,2.0,0.1,7.4,12.3,2.0,0.05,7.48,13.3,2.1,0.07,7.49,13.4,2.3,0.07
7.42,13.3,1.9,0.12,7.4,12.3,2.0,0.05,7.48,13.3,2.1,0.07,7.49,13.4,2.3,0.07,7.54,13.5,1.8,0.1
7.36,13.1,1.7,0.08,7.48,13.3,2.1,0.07,7.49,13.4,2.3,0.07,7.54,13.5,1.8,0.1,7.5,13.5,1.9,0.05
7.32,13.0,2.1,0.09,7.49,13.4,2.3,0.07,7.54,13.5,1.8,0.1,7.5,13.5,1.9,0.05,7.42,13.3,1.9,0.12
7.29,13.0,1.9,0.08,7.54,13.5,1.8,0.1,7.5,13.5,1.9,0.05,7.42,13.3,1.9,0.12,7.36,13.1,1.7,0.08
7.27,13.0,1.7,0.09,7.5,13.5,1.9,0.05,7.42,13.3,1.9,0.12,7.36,13.1,1.7,0.08,7.32,13.0,2.1,0.09
7.27,12.8,1.7,0.17,7.42,13.3,1.9,0.12,7.36,13.1,1.7,0.08,7.32,13.0,2.1,0.09,7.29,13.0,1.9,0.08
7.25,12.7,1.8,0.08,7.36,13.1,1.7,0.08,7.32,13.0,2.1,0.09,7.29,13.0,1.9,0.08,7.27,13.0,1.7,0.09
7.24,12.7,1.8,0.04,7.32,13.0,2.1,0.09,7.29,13.0,1.9,0.08,7.27,13.0,1.7,0.09,7.27,12.8,1.7,0.17
7.23,12.6,2.0,0.07,7.29,13.0,1.9,0.08,7.27,13.0,1.7,0.09,7.27,12.8,1.7,0.17,7.25,12.7,1.8,0.08
7.19,12.3,2.2,0.02,7.27,13.0,1.7,0.09,7.27,12.8,1.7,0.17,7.25,12.7,1.8,0.08,7.24,12.7,1.8,0.04
7.19,12.2,2.3,0.02,7.27,12.8,1.7,0.17,7.25,12.7,1.8,0.08,7.24,12.7,1.8,0.04,7.23,12.6,2.0,0.07
7.26,12.5,2.4,0.06,7.25,12.7,1.8,0.08,7.24,12.7,1.8,0.04,7.23,12.6,2.0,0.07,7.19,12.3,2.2,0.02
7.36,12.9,2.6,0.06,7.24,12.7,1.8,0.04,7.23,12.6,2.0,0.07,7.19,12.3,2.2,0.02,7.19,12.2,2.3,0.02
7.36,13.2,2.6,0.06,7.23,12.6,2.0,0.07,7.19,12.3,2.2,0.02,7.19,12.2,2.3,0.02,7.26,12.5,2.4,0.06
7.56,13.7,2.8,0.09,7.19,12.3,2.2,0.02,7.19,12.2,2.3,0.02,7.26,12.5,2.4,0.06,7.36,12.9,2.6,0.06
7.61,13.7,2.7,0.05,7.19,12.2,2.3,0.02,7.26,12.5,2.4,0.06,7.36,12.9,2.6,0.06,7.36,13.2,2.6,0.06
7.75,13.0,2.9,0.12,7.26,12.5,2.4,0.06,7.36,12.9,2.6,0.06,7.36,13.2,2.6,0.06,7.56,13.7,2.8,0.09
7.6,12.3,2.9,0.06,7.36,12.9,2.6,0.06,7.36,13.2,2.6,0.06,7.56,13.7,2.8,0.09,7.61,13.7,2.7,0.05
7.6,8.18,4.6,0.46,7.36,13.2,2.6,0.06,7.56,13.7,2.8,0.09,7.61,13.7,2.7,0.05,7.75,13.0,2.9,0.12
7.65,8.08,4.5,0.47,7.56,13.7,2.8,0.09,7.61,13.7,2.7,0.05,7.75,13.0,2.9,0.12,7.6,12.3,2.9,0.06
8.01,9.77,2.3,0.07,7.61,13.7,2.7,0.05,7.75,13.0,2.9,0.12,7.6,12.3,2.9,0.06,7.6,8.18,4.6,0.46
8.09,9.2,2.6,0.07,7.75,13.0,2.9,0.12,7.6,12.3,2.9,0.06,7.6,8.18,4.6,0.46,7.65,8.08,4.5,0.47
8.26,8.88,2.5,0.07,7.6,12.3,2.9,0.06,7.6,8.18,4.6,0.46,7.65,8.08,4.5,0.47,8.01,9.77,2.3,0.07
8.3,8.31,2.6,0.07,7.6,8.18,4.6,0.46,7.65,8.08,4.5,0.47,8.01,9.77,2.3,0.07,8.09,9.2,2.6,0.07
8.15,7.08,2.7,0.07,7.65,8.08,4.5,0.47,8.01,9.77,2.3,0.07,8.09,9.2,2.6,0.07,8.26,8.88,2.5,0.07
7.84,6.46,2.7,0.03,8.01,9.77,2.3,0.07,8.09,9.2,2.6,0.07,8.26,8.88,2.5,0.07,8.3,8.31,2.6,0.07
7.98,6.59,2.7,0.06,8.09,9.2,2.6,0.07,8.26,8.88,2.5,0.07,8.3,8.31,2.6,0.07,8.15,7.08,2.7,0.07
8.04,6.21,2.6,0.06,8.26,8.88,2.5,0.07,8.3,8.31,2.6,0.07,8.15,7.08,2.7,0.07,7.84,6.46,2.7,0.03
7.85,6.17,2.3,0.05,8.3,8.31,2.6,0.07,8.15,7.08,2.7,0.07,7.84,6.46,2.7,0.03,7.98,6.59,2.7,0.06
7.89,6.76,2.4,0.04,8.15,7.08,2.7,0.07,7.84,6.46,2.7,0.03,7.98,6.59,2.7,0.06,8.04,6.21,2.6,0.06
7.8,6.27,2.3,0.02,7.84,6.46,2.7,0.03,7.98,6.59,2.7,0.06,8.04,6.21,2.6,0.06,7.85,6.17,2.3,0.05
7.53,5.86,2.3,0.02,7.98,6.59,2.7,0.06,8.04,6.21,2.6,0.06,7.85,6.17,2.3,0.05,7.89,6.76,2.4,0.04
7.58,6.27,2.3,0.02,8.04,6.21,2.6,0.06,7.85,6.17,2.3,0.05,7.89,6.76,2.4,0.04,7.8,6.27,2.3,0.02
7.51,6.13,2.3,0.03,7.85,6.17,2.3,0.05,7.89,6.76,2.4,0.04,7.8,6.27,2.3,0.02,7.53,5.86,2.3,0.02
7.57,6.61,2.3,0.01,7.89,6.76,2.4,0.04,7.8,6.27,2.3,0.02,7.53,5.86,2.3,0.02,7.58,6.27,2.3,0.02
7.53,6.77,2.2,0.01,7.8,6.27,2.3,0.02,7.53,5.86,2.3,0.02,7.58,6.27,2.3,0.02,7.51,6.13,2.3,0.03
7.39,6.79,2.0,0.03,7.53,5.86,2.3,0.02,7.58,6.27,2.3,0.02,7.51,6.13,2.3,0.03,7.57,6.61,2.3,0.01
7.58,7.07,1.5,0.02,7.58,6.27,2.3,0.02,7.51,6.13,2.3,0.03,7.57,6.61,2.3,0.01,7.53,6.77,2.2,0.01
7.36,7.01,1.9,0.02,7.51,6.13,2.3,0.03,7.57,6.61,2.3,0.01,7.53,6.77,2.2,0.01,7.39,6.79,2.0,0.03
7.41,7.63,1.9,0.04,7.57,6.61,2.3,0.01,7.53,6.77,2.2,0.01,7.39,6.79,2.0,0.03,7.58,7.07,1.5,0.02
7.4,8.14,2.0,0.05,7.53,6.77,2.2,0.01,7.39,6.79,2.0,0.03,7.58,7.07,1.5,0.02,7.36,7.01,1.9,0.02
7.47,8.37,1.9,0.02,7.39,6.79,2.0,0.03,7.58,7.07,1.5,0.02,7.36,7.01,1.9,0.02,7.41,7.63,1.9,0.04
7.43,8.44,1.8,0.04,7.58,7.07,1.5,0.02,7.36,7.01,1.9,0.02,7.41,7.63,1.9,0.04,7.4,8.14,2.0,0.05
7.44,9.0,1.8,0.04,7.36,7.01,1.9,0.02,7.41,7.63,1.9,0.04,7.4,8.14,2.0,0.05,7.47,8.37,1.9,0.02
7.56,9.73,2.0,0.02,7.41,7.63,1.9,0.04,7.4,8.14,2.0,0.05,7.47,8.37,1.9,0.02,7.43,8.44,1.8,0.04
7.57,10.2,2.0,0.02,7.4,8.14,2.0,0.05,7.47,8.37,1.9,0.02,7.43,8.44,1.8,0.04,7.44,9.0,1.8,0.04
7.6,10.8,1.9,0.03,7.47,8.37,1.9,0.02,7.43,8.44,1.8,0.04,7.44,9.0,1.8,0.04,7.56,9.73,2.0,0.02
7.64,11.3,2.1,0.02,7.43,8.44,1.8,0.04,7.44,9.0,1.8,0.04,7.56,9.73,2.0,0.02,7.57,10.2,2.0,0.02
7.69,11.8,2.0,0.03,7.44,9.0,1.8,0.04,7.56,9.73,2.0,0.02,7.57,10.2,2.0,0.02,7.6,10.8,1.9,0.03
7.72,12.1,2.3,0.04,7.56,9.73,2.0,0.02,7.57,10.2,2.0,0.02,7.6,10.8,1.9,0.03,7.64,11.3,2.1,0.02
7.79,12.6,2.1,0.01,7.57,10.2,2.0,0.02,7.6,10.8,1.9,0.03,7.64,11.3,2.1,0.02,7.69,11.8,2.0,0.03
7.73,12.4,2.2,0.03,7.6,10.8,1.9,0.03,7.64,11.3,2.1,0.02,7.69,11.8,2.0,0.03,7.72,12.1,2.3,0.04
7.69,12.2,2.1,0.03,7.64,11.3,2.1,0.02,7.69,11.8,2.0,0.03,7.72,12.1,2.3,0.04,7.79,12.6,2.1,0.01
7.66,12.1,2.2,0.05,7.69,11.8,2.0,0.03,7.72,12.1,2.3,0.04,7.79,12.6,2.1,0.01,7.73,12.4,2.2,0.03
7.63,12.2,2.1,0.06,7.72,12.1,2.3,0.04,7.79,12.6,2.1,0.01,7.73,12.4,2.2,0.03,7.69,12.2,2.1,0.03
7.64,12.2,2.0,0.06,7.79,12.6,2.1,0.01,7.73,12.4,2.2,0.03,7.69,12.2,2.1,0.03,7.66,12.1,2.2,0.05
7.64,12.2,1.7,0.06,7.73,12.4,2.2,0.03,7.69,12.2,2.1,0.03,7.66,12.1,2.2,0.05,7.63,12.2,2.1,0.06
7.64,12.0,1.6,0.05,7.69,12.2,2.1,0.03,7.66,12.1,2.2,0.05,7.63,12.2,2.1,0.06,7.64,12.2,2.0,0.06
7.6,12.0,1.7,0.04,7.66,12.1,2.2,0.05,7.63,12.2,2.1,0.06,7.64,12.2,2.0,0.06,7.64,12.2,1.7,0.06
7.56,12.0,1.7,0.05,7.63,12.2,2.1,0.06,7.64,12.2,2.0,0.06,7.64,12.2,1.7,0.06,7.64,12.0,1.6,0.05
7.71,11.9,1.9,0.05,7.64,12.2,2.0,0.06,7.64,12.2,1.7,0.06,7.64,12.0,1.6,0.05,7.6,12.0,1.7,0.04
7.74,11.4,2.0,0.03,7.64,12.2,1.7,0.06,7.64,12.0,1.6,0.05,7.6,12.0,1.7,0.04,7.56,12.0,1.7,0.05
7.86,11.9,2.2,0.03,7.64,12.0,1.6,0.05,7.6,12.0,1.7,0.04,7.56,12.0,1.7,0.05,7.71,11.9,1.9,0.05
8.0,12.6,2.1,0.04,7.6,12.0,1.7,0.04,7.56,12.0,1.7,0.05,7.71,11.9,1.9,0.05,7.74,11.4,2.0,0.03
7.91,12.1,2.1,0.04,7.56,12.0,1.7,0.05,7.71,11.9,1.9,0.05,7.74,11.4,2.0,0.03,7.86,11.9,2.2,0.03
7.58,10.5,2.1,0.06,7.71,11.9,1.9,0.05,7.74,11.4,2.0,0.03,7.86,11.9,2.2,0.03,8.0,12.6,2.1,0.04
7.8,10.0,1.8,0.05,7.74,11.4,2.0,0.03,7.86,11.9,2.2,0.03,8.0,12.6,2.1,0.04,7.91,12.1,2.1,0.04
7.67,10.6,2.2,0.06,7.86,11.9,2.2,0.03,8.0,12.6,2.1,0.04,7.91,12.1,2.1,0.04,7.58,10.5,2.1,0.06
7.88,10.5,2.2,0.02,8.0,12.6,2.1,0.04,7.91,12.1,2.1,0.04,7.58,10.5,2.1,0.06,7.8,10.0,1.8,0.05
7.81,9.99,2.4,0.02,7.91,12.1,2.1,0.04,7.58,10.5,2.1,0.06,7.8,10.0,1.8,0.05,7.67,10.6,2.2,0.06
7.84,9.68,2.4,0.02,7.58,10.5,2.1,0.06,7.8,10.0,1.8,0.05,7.67,10.6,2.2,0.06,7.88,10.5,2.2,0.02
7.97,9.53,2.4,0.02,7.8,10.0,1.8,0.05,7.67,10.6,2.2,0.06,7.88,10.5,2.2,0.02,7.81,9.99,2.4,0.02
7.9,8.96,2.5,0.05,7.67,10.6,2.2,0.06,7.88,10.5,2.2,0.02,7.81,9.99,2.4,0.02,7.84,9.68,2.4,0.02
8.03,8.66,2.6,0.02,7.88,10.5,2.2,0.02,7.81,9.99,2.4,0.02,7.84,9.68,2.4,0.02,7.97,9.53,2.4,0.02
8.21,8.58,3.0,0.05,7.81,9.99,2.4,0.02,7.84,9.68,2.4,0.02,7.97,9.53,2.4,0.02,7.9,8.96,2.5,0.05
8.17,7.81,2.7,0.04,7.84,9.68,2.4,0.02,7.97,9.53,2.4,0.02,7.9,8.96,2.5,0.05,8.03,8.66,2.6,0.02
7.448666666666668,9.274833333333332,2.3488888888888875,0.06675912408759126,7.97,9.53,2.4,0.02,7.9,8.96,2.5,0.05,8.03,8.66,2.6,0.02,8.21,8.58,3.0,0.05
7.448666666666668,9.274833333333332,2.3488888888888875,0.06675912408759126,7.9,8.96,2.5,0.05,8.03,8.66,2.6,0.02,8.21,8.58,3.0,0.05,8.17,7.81,2.7,0.04
7.8,6.83,2.5,0.06,8.03,8.66,2.6,0.02,8.21,8.58,3.0,0.05,8.17,7.81,2.7,0.04,7.448666666666668,9.274833333333332,2.3488888888888875,0.06675912408759126
7.75,6.22,2.5,0.06,8.21,8.58,3.0,0.05,8.17,7.81,2.7,0.04,7.448666666666668,9.274833333333332,2.3488888888888875,0.06675912408759126,7.448666666666668,9.274833333333332,2.3488888888888875,0.06675912408759126
7.85,6.29,2.4,0.07,8.17,7.81,2.7,0.04,7.448666666666668,9.274833333333332,2.3488888888888875,0.06675912408759126,7.448666666666668,9.274833333333332,2.3488888888888875,0.06675912408759126,7.8,6.83,2.5,0.06
7.46,5.53,2.3,0.1,7.448666666666668,9.274833333333332,2.3488888888888875,0.06675912408759126,7.448666666666668,9.274833333333332,2.3488888888888875,0.06675912408759126,7.8,6.83,2.5,0.06,7.75,6.22,2.5,0.06
7.62,5.89,2.6,0.07,7.448666666666668,9.274833333333332,2.3488888888888875,0.06675912408759126,7.8,6.83,2.5,0.06,7.75,6.22,2.5,0.06,7.85,6.29,2.4,0.07
8.09,6.62,3.0,0.08,7.8,6.83,2.5,0.06,7.75,6.22,2.5,0.06,7.85,6.29,2.4,0.07,7.46,5.53,2.3,0.1
8.13,6.61,3.3,0.09,7.75,6.22,2.5,0.06,7.85,6.29,2.4,0.07,7.46,5.53,2.3,0.1,7.62,5.89,2.6,0.07
8.15,6.66,3.2,0.09,7.85,6.29,2.4,0.07,7.46,5.53,2.3,0.1,7.62,5.89,2.6,0.07,8.09,6.62,3.0,0.08
7.64,6.07,3.4,0.08,7.46,5.53,2.3,0.1,7.62,5.89,2.6,0.07,8.09,6.62,3.0,0.08,8.13,6.61,3.3,0.09
7.58,6.5,3.1,0.08,7.62,5.89,2.6,0.07,8.09,6.62,3.0,0.08,8.13,6.61,3.3,0.09,8.15,6.66,3.2,0.09
7.53,6.61,2.8,0.08,8.09,6.62,3.0,0.08,8.13,6.61,3.3,0.09,8.15,6.66,3.2,0.09,7.64,6.07,3.4,0.08
7.58,7.02,3.1,0.09,8.13,6.61,3.3,0.09,8.15,6.66,3.2,0.09,7.64,6.07,3.4,0.08,7.58,6.5,3.1,0.08
7.49,7.12,2.7,0.03,8.15,6.66,3.2,0.09,7.64,6.07,3.4,0.08,7.58,6.5,3.1,0.08,7.53,6.61,2.8,0.08
7.47,7.26,2.8,0.06,7.64,6.07,3.4,0.08,7.58,6.5,3.1,0.08,7.53,6.61,2.8,0.08,7.58,7.02,3.1,0.09
7.51,7.58,2.1,0.06,7.58,6.5,3.1,0.08,7.53,6.61,2.8,0.08,7.58,7.02,3.1,0.09,7.49,7.12,2.7,0.03
7.56,7.93,2.2,0.05,7.53,6.61,2.8,0.08,7.58,7.02,3.1,0.09,7.49,7.12,2.7,0.03,7.47,7.26,2.8,0.06
7.53,8.25,2.3,0.02,7.58,7.02,3.1,0.09,7.49,7.12,2.7,0.03,7.47,7.26,2.8,0.06,7.51,7.58,2.1,0.06
7.49,8.23,2.3,0.05,7.49,7.12,2.7,0.03,7.47,7.26,2.8,0.06,7.51,7.58,2.1,0.06,7.56,7.93,2.2,0.05
7.51,8.63,2.4,0.06,7.47,7.26,2.8,0.06,7.51,7.58,2.1,0.06,7.56,7.93,2.2,0.05,7.53,8.25,2.3,0.02
7.59,9.34,2.5,0.05,7.51,7.58,2.1,0.06,7.56,7.93,2.2,0.05,7.53,8.25,2.3,0.02,7.49,8.23,2.3,0.05
7.62,9.81,2.5,0.04,7.56,7.93,2.2,0.05,7.53,8.25,2.3,0.02,7.49,8.23,2.3,0.05,7.51,8.63,2.4,0.06
7.64,10.6,2.1,0.07,7.53,8.25,2.3,0.02,7.49,8.23,2.3,0.05,7.51,8.63,2.4,0.06,7.59,9.34,2.5,0.05
7.448666666666668,9.274833333333332,2.3488888888888875,0.06675912408759126,7.49,8.23,2.3,0.05,7.51,8.63,2.4,0.06,7.59,9.34,2.5,0.05,7.62,9.81,2.5,0.04
7.448666666666668,9.274833333333332,2.3488888888888875,0.06675912408759126,7.51,8.63,2.4,0.06,7.59,9.34,2.5,0.05,7.62,9.81,2.5,0.04,7.64,10.6,2.1,0.07
7.81,10.9,2.4,0.06,7.59,9.34,2.5,0.05,7.62,9.81,2.5,0.04,7.64,10.6,2.1,0.07,7.448666666666668,9.274833333333332,2.3488888888888875,0.06675912408759126
7.44,10.2,3.2,0.35,7.62,9.81,2.5,0.04,7.64,10.6,2.1,0.07,7.448666666666668,9.274833333333332,2.3488888888888875,0.06675912408759126,7.448666666666668,9.274833333333332,2.3488888888888875,0.06675912408759126
7.448666666666668,9.274833333333332,2.3488888888888875,0.06675912408759126,7.64,10.6,2.1,0.07,7.448666666666668,9.274833333333332,2.3488888888888875,0.06675912408759126,7.448666666666668,9.274833333333332,2.3488888888888875,0.06675912408759126,7.81,10.9,2.4,0.06
7.8,11.6,2.2,0.04,7.448666666666668,9.274833333333332,2.3488888888888875,0.06675912408759126,7.448666666666668,9.274833333333332,2.3488888888888875,0.06675912408759126,7.81,10.9,2.4,0.06,7.44,10.2,3.2,0.35
7.81,11.6,2.3,0.04,7.448666666666668,9.274833333333332,2.3488888888888875,0.06675912408759126,7.81,10.9,2.4,0.06,7.44,10.2,3.2,0.35,7.448666666666668,9.274833333333332,2.3488888888888875,0.06675912408759126
7.8,11.6,2.5,0.05,7.81,10.9,2.4,0.06,7.44,10.2,3.2,0.35,7.448666666666668,9.274833333333332,2.3488888888888875,0.06675912408759126,7.8,11.6,2.2,0.04
7.77,11.6,2.5,0.05,7.44,10.2,3.2,0.35,7.448666666666668,9.274833333333332,2.3488888888888875,0.06675912408759126,7.8,11.6,2.2,0.04,7.81,11.6,2.3,0.04
7.75,11.6,2.6,0.05,7.448666666666668,9.274833333333332,2.3488888888888875,0.06675912408759126,7.8,11.6,2.2,0.04,7.81,11.6,2.3,0.04,7.8,11.6,2.5,0.05
7.72,11.8,2.4,0.05,7.8,11.6,2.2,0.04,7.81,11.6,2.3,0.04,7.8,11.6,2.5,0.05,7.77,11.6,2.5,0.05
7.71,11.7,2.4,0.04,7.81,11.6,2.3,0.04,7.8,11.6,2.5,0.05,7.77,11.6,2.5,0.05,7.75,11.6,2.6,0.05
7.73,11.4,2.5,0.02,7.8,11.6,2.5,0.05,7.77,11.6,2.5,0.05,7.75,11.6,2.6,0.05,7.72,11.8,2.4,0.05
7.26,11.5,2.4,0.02,7.77,11.6,2.5,0.05,7.75,11.6,2.6,0.05,7.72,11.8,2.4,0.05,7.71,11.7,2.4,0.04
7.78,11.8,2.1,0.02,7.75,11.6,2.6,0.05,7.72,11.8,2.4,0.05,7.71,11.7,2.4,0.04,7.73,11.4,2.5,0.02
7.94,12.1,2.3,0.1,7.72,11.8,2.4,0.05,7.71,11.7,2.4,0.04,7.73,11.4,2.5,0.02,7.26,11.5,2.4,0.02
7.448666666666668,9.274833333333332,2.3488888888888875,0.06675912408759126,7.71,11.7,2.4,0.04,7.73,11.4,2.5,0.02,7.26,11.5,2.4,0.02,7.78,11.8,2.1,0.02
7.68,11.1,1.9,0.04,7.73,11.4,2.5,0.02,7.26,11.5,2.4,0.02,7.78,11.8,2.1,0.02,7.94,12.1,2.3,0.1
7.63,10.3,1.9,0.06,7.26,11.5,2.4,0.02,7.78,11.8,2.1,0.02,7.94,12.1,2.3,0.1,7.448666666666668,9.274833333333332,2.3488888888888875,0.06675912408759126
7.83,10.6,1.9,0.06,7.78,11.8,2.1,0.02,7.94,12.1,2.3,0.1,7.448666666666668,9.274833333333332,2.3488888888888875,0.06675912408759126,7.68,11.1,1.9,0.04
7.79,10.5,1.8,0.1,7.94,12.1,2.3,0.1,7.448666666666668,9.274833333333332,2.3488888888888875,0.06675912408759126,7.68,11.1,1.9,0.04,7.63,10.3,1.9,0.06
7.75,9.93,1.8,0.07,7.448666666666668,9.274833333333332,2.3488888888888875,0.06675912408759126,7.68,11.1,1.9,0.04,7.63,10.3,1.9,0.06,7.83,10.6,1.9,0.06
7.8,9.42,2.1,0.07,7.68,11.1,1.9,0.04,7.63,10.3,1.9,0.06,7.83,10.6,1.9,0.06,7.79,10.5,1.8,0.1
7.448666666666668,9.274833333333332,2.3488888888888875,0.06675912408759126,7.63,10.3,1.9,0.06,7.83,10.6,1.9,0.06,7.79,10.5,1.8,0.1,7.75,9.93,1.8,0.07
7.97,8.92,2.2,0.07,7.83,10.6,1.9,0.06,7.79,10.5,1.8,0.1,7.75,9.93,1.8,0.07,7.8,9.42,2.1,0.07
8.07,8.68,2.3,0.09,7.79,10.5,1.8,0.1,7.75,9.93,1.8,0.07,7.8,9.42,2.1,0.07,7.448666666666668,9.274833333333332,2.3488888888888875,0.06675912408759126
7.448666666666668,9.274833333333332,2.3488888888888875,0.06675912408759126,7.75,9.93,1.8,0.07,7.8,9.42,2.1,0.07,7.448666666666668,9.274833333333332,2.3488888888888875,0.06675912408759126,7.97,8.92,2.2,0.07
8.41,8.61,2.2,0.06,7.8,9.42,2.1,0.07,7.448666666666668,9.274833333333332,2.3488888888888875,0.06675912408759126,7.97,8.92,2.2,0.07,8.07,8.68,2.3,0.09
8.36,8.06,1.7,0.09,7.448666666666668,9.274833333333332,2.3488888888888875,0.06675912408759126,7.97,8.92,2.2,0.07,8.07,8.68,2.3,0.09,7.448666666666668,9.274833333333332,2.3488888888888875,0.06675912408759126
8.44,7.92,2.1,0.09,7.97,8.92,2.2,0.07,8.07,8.68,2.3,0.09,7.448666666666668,9.274833333333332,2.3488888888888875,0.06675912408759126,8.41,8.61,2.2,0.06
7.448666666666668,9.274833333333332,2.3488888888888875,0.06675912408759126,8.07,8.68,2.3,0.09,7.448666666666668,9.274833333333332,2.3488888888888875,0.06675912408759126,8.41,8.61,2.2,0.06,8.36,8.06,1.7,0.09
8.09,6.92,1.3,0.09,7.448666666666668,9.274833333333332,2.3488888888888875,0.06675912408759126,8.41,8.61,2.2,0.06,8.36,8.06,1.7,0.09,8.44,7.92,2.1,0.09
7.76,6.38,1.8,0.1,8.41,8.61,2.2,0.06,8.36,8.06,1.7,0.09,8.44,7.92,2.1,0.09,7.448666666666668,9.274833333333332,2.3488888888888875,0.06675912408759126
7.448666666666668,9.274833333333332,2.3488888888888875,0.06675912408759126,8.36,8.06,1.7,0.09,8.44,7.92,2.1,0.09,7.448666666666668,9.274833333333332,2.3488888888888875,0.06675912408759126,8.09,6.92,1.3,0.09
7.448666666666668,9.274833333333332,2.3488888888888875,0.06675912408759126,8.44,7.92,2.1,0.09,7.448666666666668,9.274833333333332,2.3488888888888875,0.06675912408759126,8.09,6.92,1.3,0.09,7.76,6.38,1.8,0.1
7.448666666666668,9.274833333333332,2.3488888888888875,0.06675912408759126,7.448666666666668,9.274833333333332,2.3488888888888875,0.06675912408759126,8.09,6.92,1.3,0.09,7.76,6.38,1.8,0.1,7.448666666666668,9.274833333333332,2.3488888888888875,0.06675912408759126
7.448666666666668,9.274833333333332,2.3488888888888875,0.06675912408759126,8.09,6.92,1.3,0.09,7.76,6.38,1.8,0.1,7.448666666666668,9.274833333333332,2.3488888888888875,0.06675912408759126,7.448666666666668,9.274833333333332,2.3488888888888875,0.06675912408759126
7.448666666666668,9.274833333333332,2.3488888888888875,0.06675912408759126,7.76,6.38,1.8,0.1,7.448666666666668,9.274833333333332,2.3488888888888875,0.06675912408759126,7.448666666666668,9.274833333333332,2.3488888888888875,0.06675912408759126,7.448666666666668,9.274833333333332,2.3488888888888875,0.06675912408759126
7.448666666666668,9.274833333333332,2.3488888888888875,0.06675912408759126,7.448666666666668,9.274833333333332,2.3488888888888875,0.06675912408759126,7.448666666666668,9.274833333333332,2.3488888888888875,0.06675912408759126,7.448666666666668,9.274833333333332,2.3488888888888875,0.06675912408759126,7.448666666666668,9.274833333333332,2.3488888888888875,0.06675912408759126
7.448666666666668,9.274833333333332,2.3488888888888875,0.06675912408759126,7.448666666666668,9.274833333333332,2.3488888888888875,0.06675912408759126,7.448666666666668,9.274833333333332,2.3488888888888875,0.06675912408759126,7.448666666666668,9.274833333333332,2.3488888888888875,0.06675912408759126,7.448666666666668,9.274833333333332,2.3488888888888875,0.06675912408759126
7.448666666666668,9.274833333333332,2.3488888888888875,0.06675912408759126,7.448666666666668,9.274833333333332,2.3488888888888875,0.06675912408759126,7.448666666666668,9.274833333333332,2.3488888888888875,0.06675912408759126,7.448666666666668,9.274833333333332,2.3488888888888875,0.06675912408759126,7.448666666666668,9.274833333333332,2.3488888888888875,0.06675912408759126
7.448666666666668,9.274833333333332,2.3488888888888875,0.06675912408759126,7.448666666666668,9.274833333333332,2.3488888888888875,0.06675912408759126,7.448666666666668,9.274833333333332,2.3488888888888875,0.06675912408759126,7.448666666666668,9.274833333333332,2.3488888888888875,0.06675912408759126,7.448666666666668,9.274833333333332,2.3488888888888875,0.06675912408759126
7.448666666666668,9.274833333333332,2.3488888888888875,0.06675912408759126,7.448666666666668,9.274833333333332,2.3488888888888875,0.06675912408759126,7.448666666666668,9.274833333333332,2.3488888888888875,0.06675912408759126,7.448666666666668,9.274833333333332,2.3488888888888875,0.06675912408759126,7.448666666666668,9.274833333333332,2.3488888888888875,0.06675912408759126
7.448666666666668,9.274833333333332,2.3488888888888875,0.06675912408759126,7.448666666666668,9.274833333333332,2.3488888888888875,0.06675912408759126,7.448666666666668,9.274833333333332,2.3488888888888875,0.06675912408759126,7.448666666666668,9.274833333333332,2.3488888888888875,0.06675912408759126,7.448666666666668,9.274833333333332,2.3488888888888875,0.06675912408759126
7.38,8.84,1.5,0.06,7.448666666666668,9.274833333333332,2.3488888888888875,0.06675912408759126,7.448666666666668,9.274833333333332,2.3488888888888875,0.06675912408759126,7.448666666666668,9.274833333333332,2.3488888888888875,0.06675912408759126,7.448666666666668,9.274833333333332,2.3488888888888875,0.06675912408759126
7.448666666666668,9.274833333333332,2.3488888888888875,0.06675912408759126,7.448666666666668,9.274833333333332,2.3488888888888875,0.06675912408759126,7.448666666666668,9.274833333333332,2.3488888888888875,0.06675912408759126,7.448666666666668,9.274833333333332,2.3488888888888875,0.06675912408759126,7.448666666666668,9.274833333333332,2.3488888888888875,0.06675912408759126
7.08,8.12,2.2,0.13,7.448666666666668,9.274833333333332,2.3488888888888875,0.06675912408759126,7.448666666666668,9.274833333333332,2.3488888888888875,0.06675912408759126,7.448666666666668,9.274833333333332,2.3488888888888875,0.06675912408759126,7.38,8.84,1.5,0.06
7.22,9.08,2.1,0.16,7.448666666666668,9.274833333333332,2.3488888888888875,0.06675912408759126,7.448666666666668,9.274833333333332,2.3488888888888875,0.06675912408759126,7.38,8.84,1.5,0.06,7.448666666666668,9.274833333333332,2.3488888888888875,0.06675912408759126
7.19,9.36,2.0,0.2,7.448666666666668,9.274833333333332,2.3488888888888875,0.06675912408759126,7.38,8.84,1.5,0.06,7.448666666666668,9.274833333333332,2.3488888888888875,0.06675912408759126,7.08,8.12,2.2,0.13
7.448666666666668,9.274833333333332,2.3488888888888875,0.06675912408759126,7.38,8.84,1.5,0.06,7.448666666666668,9.274833333333332,2.3488888888888875,0.06675912408759126,7.08,8.12,2.2,0.13,7.22,9.08,2.1,0.16
7.448666666666668,9.274833333333332,2.3488888888888875,0.06675912408759126,7.448666666666668,9.274833333333332,2.3488888888888875,0.06675912408759126,7.08,8.12,2.2,0.13,7.22,9.08,2.1,0.16,7.19,9.36,2.0,0.2
7.48,11.1,1.8,0.24,7.08,8.12,2.2,0.13,7.22,9.08,2.1,0.16,7.19,9.36,2.0,0.2,7.448666666666668,9.274833333333332,2.3488888888888875,0.06675912408759126
7.56,11.9,1.8,0.08,7.22,9.08,2.1,0.16,7.19,9.36,2.0,0.2,7.448666666666668,9.274833333333332,2.3488888888888875,0.06675912408759126,7.448666666666668,9.274833333333332,2.3488888888888875,0.06675912408759126
7.448666666666668,9.274833333333332,2.3488888888888875,0.06675912408759126,7.19,9.36,2.0,0.2,7.448666666666668,9.274833333333332,2.3488888888888875,0.06675912408759126,7.448666666666668,9.274833333333332,2.3488888888888875,0.06675912408759126,7.48,11.1,1.8,0.24
7.83,12.4,2.6,0.11,7.448666666666668,9.274833333333332,2.3488888888888875,0.06675912408759126,7.448666666666668,9.274833333333332,2.3488888888888875,0.06675912408759126,7.48,11.1,1.8,0.24,7.56,11.9,1.8,0.08
7.75,12.7,2.4,0.18,7.448666666666668,9.274833333333332,2.3488888888888875,0.06675912408759126,7.48,11.1,1.8,0.24,7.56,11.9,1.8,0.08,7.448666666666668,9.274833333333332,2.3488888888888875,0.06675912408759126
7.448666666666668,9.274833333333332,2.3488888888888875,0.06675912408759126,7.48,11.1,1.8,0.24,7.56,11.9,1.8,0.08,7.448666666666668,9.274833333333332,2.3488888888888875,0.06675912408759126,7.83,12.4,2.6,0.11
7.55,11.9,2.5,0.32,7.56,11.9,1.8,0.08,7.448666666666668,9.274833333333332,2.3488888888888875,0.06675912408759126,7.83,12.4,2.6,0.11,7.75,12.7,2.4,0.18
7.448666666666668,9.274833333333332,2.3488888888888875,0.06675912408759126,7.448666666666668,9.274833333333332,2.3488888888888875,0.06675912408759126,7.83,12.4,2.6,0.11,7.75,12.7,2.4,0.18,7.448666666666668,9.274833333333332,2.3488888888888875,0.06675912408759126
7.448666666666668,9.274833333333332,2.3488888888888875,0.06675912408759126,7.83,12.4,2.6,0.11,7.75,12.7,2.4,0.18,7.448666666666668,9.274833333333332,2.3488888888888875,0.06675912408759126,7.55,11.9,2.5,0.32
7.38,12.5,2.1,0.14,7.75,12.7,2.4,0.18,7.448666666666668,9.274833333333332,2.3488888888888875,0.06675912408759126,7.55,11.9,2.5,0.32,7.448666666666668,9.274833333333332,2.3488888888888875,0.06675912408759126
7.448666666666668,9.274833333333332,2.3488888888888875,0.06675912408759126,7.448666666666668,9.274833333333332,2.3488888888888875,0.06675912408759126,7.55,11.9,2.5,0.32,7.448666666666668,9.274833333333332,2.3488888888888875,0.06675912408759126,7.448666666666668,9.274833333333332,2.3488888888888875,0.06675912408759126
7.448666666666668,9.274833333333332,2.3488888888888875,0.06675912408759126,7.55,11.9,2.5,0.32,7.448666666666668,9.274833333333332,2.3488888888888875,0.06675912408759126,7.448666666666668,9.274833333333332,2.3488888888888875,0.06675912408759126,7.38,12.5,2.1,0.14
7.44,13.4,2.3,0.08,7.448666666666668,9.274833333333332,2.3488888888888875,0.06675912408759126,7.448666666666668,9.274833333333332,2.3488888888888875,0.06675912408759126,7.38,12.5,2.1,0.14,7.448666666666668,9.274833333333332,2.3488888888888875,0.06675912408759126
7.59,12.6,2.5,0.1,7.448666666666668,9.274833333333332,2.3488888888888875,0.06675912408759126,7.38,12.5,2.1,0.14,7.448666666666668,9.274833333333332,2.3488888888888875,0.06675912408759126,7.448666666666668,9.274833333333332,2.3488888888888875,0.06675912408759126
7.448666666666668,9.274833333333332,2.3488888888888875,0.06675912408759126,7.38,12.5,2.1,0.14,7.448666666666668,9.274833333333332,2.3488888888888875,0.06675912408759126,7.448666666666668,9.274833333333332,2.3488888888888875,0.06675912408759126,7.44,13.4,2.3,0.08
7.36,12.5,2.2,0.28,7.448666666666668,9.274833333333332,2.3488888888888875,0.06675912408759126,7.448666666666668,9.274833333333332,2.3488888888888875,0.06675912408759126,7.44,13.4,2.3,0.08,7.59,12.6,2.5,0.1
7.43,12.1,2.8,0.19,7.448666666666668,9.274833333333332,2.3488888888888875,0.06675912408759126,7.44,13.4,2.3,0.08,7.59,12.6,2.5,0.1,7.448666666666668,9.274833333333332,2.3488888888888875,0.06675912408759126
7.45,12.0,3.4,0.23,7.44,13.4,2.3,0.08,7.59,12.6,2.5,0.1,7.448666666666668,9.274833333333332,2.3488888888888875,0.06675912408759126,7.36,12.5,2.2,0.28
7.47,12.3,4.4,0.26,7.59,12.6,2.5,0.1,7.448666666666668,9.274833333333332,2.3488888888888875,0.06675912408759126,7.36,12.5,2.2,0.28,7.43,12.1,2.8,0.19
7.4,11.8,2.6,0.29,7.448666666666668,9.274833333333332,2.3488888888888875,0.06675912408759126,7.36,12.5,2.2,0.28,7.43,12.1,2.8,0.19,7.45,12.0,3.4,0.23
7.25,11.4,2.3,0.35,7.36,12.5,2.2,0.28,7.43,12.1,2.8,0.19,7.45,12.0,3.4,0.23,7.47,12.3,4.4,0.26
7.34,11.4,2.3,0.18,7.43,12.1,2.8,0.19,7.45,12.0,3.4,0.23,7.47,12.3,4.4,0.26,7.4,11.8,2.6,0.29
7.53,10.8,2.3,0.28,7.45,12.0,3.4,0.23,7.47,12.3,4.4,0.26,7.4,11.8,2.6,0.29,7.25,11.4,2.3,0.35
7.85,10.6,2.6,0.19,7.47,12.3,4.4,0.26,7.4,11.8,2.6,0.29,7.25,11.4,2.3,0.35,7.34,11.4,2.3,0.18
8.0,10.4,2.8,0.19,7.4,11.8,2.6,0.29,7.25,11.4,2.3,0.35,7.34,11.4,2.3,0.18,7.53,10.8,2.3,0.28
7.448666666666668,9.274833333333332,2.3488888888888875,0.06675912408759126,7.25,11.4,2.3,0.35,7.34,11.4,2.3,0.18,7.53,10.8,2.3,0.28,7.85,10.6,2.6,0.19
7.78,10.2,2.6,0.05,7.34,11.4,2.3,0.18,7.53,10.8,2.3,0.28,7.85,10.6,2.6,0.19,8.0,10.4,2.8,0.19
7.448666666666668,9.274833333333332,2.3488888888888875,0.06675912408759126,7.53,10.8,2.3,0.28,7.85,10.6,2.6,0.19,8.0,10.4,2.8,0.19,7.448666666666668,9.274833333333332,2.3488888888888875,0.06675912408759126
8.34,9.11,3.1,0.07,7.85,10.6,2.6,0.19,8.0,10.4,2.8,0.19,7.448666666666668,9.274833333333332,2.3488888888888875,0.06675912408759126,7.78,10.2,2.6,0.05
7.448666666666668,9.274833333333332,2.3488888888888875,0.06675912408759126,8.0,10.4,2.8,0.19,7.448666666666668,9.274833333333332,2.3488888888888875,0.06675912408759126,7.78,10.2,2.6,0.05,7.448666666666668,9.274833333333332,2.3488888888888875,0.06675912408759126
7.448666666666668,9.274833333333332,2.3488888888888875,0.06675912408759126,7.448666666666668,9.274833333333332,2.3488888888888875,0.06675912408759126,7.78,10.2,2.6,0.05,7.448666666666668,9.274833333333332,2.3488888888888875,0.06675912408759126,8.34,9.11,3.1,0.07
7.448666666666668,9.274833333333332,2.3488888888888875,0.06675912408759126,7.78,10.2,2.6,0.05,7.448666666666668,9.274833333333332,2.3488888888888875,0.06675912408759126,8.34,9.11,3.1,0.07,7.448666666666668,9.274833333333332,2.3488888888888875,0.06675912408759126
7.448666666666668,9.274833333333332,2.3488888888888875,0.06675912408759126,7.448666666666668,9.274833333333332,2.3488888888888875,0.06675912408759126,8.34,9.11,3.1,0.07,7.448666666666668,9.274833333333332,2.3488888888888875,0.06675912408759126,7.448666666666668,9.274833333333332,2.3488888888888875,0.06675912408759126
7.448666666666668,9.274833333333332,2.3488888888888875,0.06675912408759126,8.34,9.11,3.1,0.07,7.448666666666668,9.274833333333332,2.3488888888888875,0.06675912408759126,7.448666666666668,9.274833333333332,2.3488888888888875,0.06675912408759126,7.448666666666668,9.274833333333332,2.3488888888888875,0.06675912408759126
7.448666666666668,9.274833333333332,2.3488888888888875,0.06675912408759126,7.448666666666668,9.274833333333332,2.3488888888888875,0.06675912408759126,7.448666666666668,9.274833333333332,2.3488888888888875,0.06675912408759126,7.448666666666668,9.274833333333332,2.3488888888888875,0.06675912408759126,7.448666666666668,9.274833333333332,2.3488888888888875,0.06675912408759126
7.47,7.6,2.0,0.12,7.448666666666668,9.274833333333332,2.3488888888888875,0.06675912408759126,7.448666666666668,9.274833333333332,2.3488888888888875,0.06675912408759126,7.448666666666668,9.274833333333332,2.3488888888888875,0.06675912408759126,7.448666666666668,9.274833333333332,2.3488888888888875,0.06675912408759126
6.6,7.9,2.2,0.13,7.448666666666668,9.274833333333332,2.3488888888888875,0.06675912408759126,7.448666666666668,9.274833333333332,2.3488888888888875,0.06675912408759126,7.448666666666668,9.274833333333332,2.3488888888888875,0.06675912408759126,7.448666666666668,9.274833333333332,2.3488888888888875,0.06675912408759126
7.448666666666668,9.274833333333332,2.3488888888888875,0.06675912408759126,7.448666666666668,9.274833333333332,2.3488888888888875,0.06675912408759126,7.448666666666668,9.274833333333332,2.3488888888888875,0.06675912408759126,7.448666666666668,9.274833333333332,2.3488888888888875,0.06675912408759126,7.47,7.6,2.0,0.12
7.448666666666668,9.274833333333332,2.3488888888888875,0.06675912408759126,7.448666666666668,9.274833333333332,2.3488888888888875,0.06675912408759126,7.448666666666668,9.274833333333332,2.3488888888888875,0.06675912408759126,7.47,7.6,2.0,0.12,6.6,7.9,2.2,0.13
7.448666666666668,9.274833333333332,2.3488888888888875,0.06675912408759126,7.448666666666668,9.274833333333332,2.3488888888888875,0.06675912408759126,7.47,7.6,2.0,0.12,6.6,7.9,2.2,0.13,7.448666666666668,9.274833333333332,2.3488888888888875,0.06675912408759126
6.24,8.41,3.0,0.1,7.47,7.6,2.0,0.12,6.6,7.9,2.2,0.13,7.448666666666668,9.274833333333332,2.3488888888888875,0.06675912408759126,7.448666666666668,9.274833333333332,2.3488888888888875,0.06675912408759126
7.448666666666668,9.274833333333332,2.3488888888888875,0.06675912408759126,6.6,7.9,2.2,0.13,7.448666666666668,9.274833333333332,2.3488888888888875,0.06675912408759126,7.448666666666668,9.274833333333332,2.3488888888888875,0.06675912408759126,7.448666666666668,9.274833333333332,2.3488888888888875,0.06675912408759126
7.88,10.1,3.0,0.09,7.448666666666668,9.274833333333332,2.3488888888888875,0.06675912408759126,7.448666666666668,9.274833333333332,2.3488888888888875,0.06675912408759126,7.448666666666668,9.274833333333332,2.3488888888888875,0.06675912408759126,6.24,8.41,3.0,0.1
7.448666666666668,9.274833333333332,2.3488888888888875,0.06675912408759126,7.448666666666668,9.274833333333332,2.3488888888888875,0.06675912408759126,7.448666666666668,9.274833333333332,2.3488888888888875,0.06675912408759126,6.24,8.41,3.0,0.1,7.448666666666668,9.274833333333332,2.3488888888888875,0.06675912408759126
7.448666666666668,9.274833333333332,2.3488888888888875,0.06675912408759126,7.448666666666668,9.274833333333332,2.3488888888888875,0.06675912408759126,6.24,8.41,3.0,0.1,7.448666666666668,9.274833333333332,2.3488888888888875,0.06675912408759126,7.88,10.1,3.0,0.09
7.448666666666668,9.274833333333332,2.3488888888888875,0.06675912408759126,6.24,8.41,3.0,0.1,7.448666666666668,9.274833333333332,2.3488888888888875,0.06675912408759126,7.88,10.1,3.0,0.09,7.448666666666668,9.274833333333332,2.3488888888888875,0.06675912408759126
7.448666666666668,9.274833333333332,2.3488888888888875,0.06675912408759126,7.448666666666668,9.274833333333332,2.3488888888888875,0.06675912408759126,7.88,10.1,3.0,0.09,7.448666666666668,9.274833333333332,2.3488888888888875,0.06675912408759126,7.448666666666668,9.274833333333332,2.3488888888888875,0.06675912408759126
7.448666666666668,9.274833333333332,2.3488888888888875,0.06675912408759126,7.88,10.1,3.0,0.09,7.448666666666668,9.274833333333332,2.3488888888888875,0.06675912408759126,7.448666666666668,9.274833333333332,2.3488888888888875,0.06675912408759126,7.448666666666668,9.274833333333332,2.3488888888888875,0.06675912408759126
6.72,10.9,3.6,0.19,7.448666666666668,9.274833333333332,2.3488888888888875,0.06675912408759126,7.448666666666668,9.274833333333332,2.3488888888888875,0.06675912408759126,7.448666666666668,9.274833333333332,2.3488888888888875,0.06675912408759126,7.448666666666668,9.274833333333332,2.3488888888888875,0.06675912408759126
6.84,11.3,3.4,0.12,7.448666666666668,9.274833333333332,2.3488888888888875,0.06675912408759126,7.448666666666668,9.274833333333332,2.3488888888888875,0.06675912408759126,7.448666666666668,9.274833333333332,2.3488888888888875,0.06675912408759126,7.448666666666668,9.274833333333332,2.3488888888888875,0.06675912408759126
6.87,11.8,3.3,0.16,7.448666666666668,9.274833333333332,2.3488888888888875,0.06675912408759126,7.448666666666668,9.274833333333332,2.3488888888888875,0.06675912408759126,7.448666666666668,9.274833333333332,2.3488888888888875,0.06675912408759126,6.72,10.9,3.6,0.19
7.448666666666668,9.274833333333332,2.3488888888888875,0.06675912408759126,7.448666666666668,9.274833333333332,2.3488888888888875,0.06675912408759126,7.448666666666668,9.274833333333332,2.3488888888888875,0.06675912408759126,6.72,10.9,3.6,0.19,6.84,11.3,3.4,0.12
7.448666666666668,9.274833333333332,2.3488888888888875,0.06675912408759126,7.448666666666668,9.274833333333332,2.3488888888888875,0.06675912408759126,6.72,10.9,3.6,0.19,6.84,11.3,3.4,0.12,6.87,11.8,3.3,0.16
7.448666666666668,9.274833333333332,2.3488888888888875,0.06675912408759126,6.72,10.9,3.6,0.19,6.84,11.3,3.4,0.12,6.87,11.8,3.3,0.16,7.448666666666668,9.274833333333332,2.3488888888888875,0.06675912408759126
7.448666666666668,9.274833333333332,2.3488888888888875,0.06675912408759126,6.84,11.3,3.4,0.12,6.87,11.8,3.3,0.16,7.448666666666668,9.274833333333332,2.3488888888888875,0.06675912408759126,7.448666666666668,9.274833333333332,2.3488888888888875,0.06675912408759126
7.16,10.2,2.4,0.12,6.87,11.8,3.3,0.16,7.448666666666668,9.274833333333332,2.3488888888888875,0.06675912408759126,7.448666666666668,9.274833333333332,2.3488888888888875,0.06675912408759126,7.448666666666668,9.274833333333332,2.3488888888888875,0.06675912408759126
7.26,10.2,2.8,0.17,7.448666666666668,9.274833333333332,2.3488888888888875,0.06675912408759126,7.448666666666668,9.274833333333332,2.3488888888888875,0.06675912408759126,7.448666666666668,9.274833333333332,2.3488888888888875,0.06675912408759126,7.448666666666668,9.274833333333332,2.3488888888888875,0.06675912408759126
