8.22,9.55,0.7,0.16,8.21,9.47,2.0,0.42,8.39,9.84,1.5,0.14
7.6,9.53,0.5,1.08,8.39,9.84,1.5,0.14,8.208987517337025,8.817154811715474,1.58008356545961,0.1030845070422536
7.47,9.49,0.4,1.22,8.208987517337025,8.817154811715474,1.58008356545961,0.1030845070422536,8.32,9.79,0.7,0.08
8.16,9.36,2.1,0.03,8.32,9.79,0.7,0.08,8.37,9.7,0.7,0.12
8.55,9.15,2.4,0.05,8.37,9.7,0.7,0.12,8.22,9.55,0.7,0.16
8.38,8.97,2.3,0.13,8.22,9.55,0.7,0.16,7.6,9.53,0.5,1.08
8.42,8.75,1.4,0.14,7.6,9.53,0.5,1.08,7.47,9.49,0.4,1.22
8.39,8.73,2.0,0.1030845070422536,7.47,9.49,0.4,1.22,8.16,9.36,2.1,0.03
8.56,8.8,0.6,0.15,8.16,9.36,2.1,0.03,8.55,9.15,2.4,0.05
8.15,9.09,2.0,0.15,8.55,9.15,2.4,0.05,8.38,8.97,2.3,0.13
8.15,9.09,2.0,0.15,8.38,8.97,2.3,0.13,8.42,8.75,1.4,0.14
8.46,9.04,2.3,0.15,8.42,8.75,1.4,0.14,8.39,8.73,2.0,0.1030845070422536
8.52,8.84,3.2,0.07,8.39,8.73,2.0,0.1030845070422536,8.56,8.8,0.6,0.15
8.44,8.85,3.7,0.07,8.56,8.8,0.6,0.15,8.15,9.09,2.0,0.15
8.4,8.85,4.1,0.11,8.15,9.09,2.0,0.15,8.15,9.09,2.0,0.15
8.23,9.09,4.3,0.07,8.15,9.09,2.0,0.15,8.46,9.04,2.3,0.15
8.28,8.64,2.3,0.02,8.46,9.04,2.3,0.15,8.52,8.84,3.2,0.07
8.28,8.64,2.3,0.02,8.52,8.84,3.2,0.07,8.44,8.85,3.7,0.07
8.29,8.61,0.9,0.09,8.44,8.85,3.7,0.07,8.4,8.85,4.1,0.11
8.24,8.43,1.2,0.07,8.4,8.85,4.1,0.11,8.23,9.09,4.3,0.07
8.1,8.79,2.5,0.04,8.23,9.09,4.3,0.07,8.28,8.64,2.3,0.02
8.01,8.46,2.4,0.04,8.28,8.64,2.3,0.02,8.28,8.64,2.3,0.02
8.208987517337025,8.817154811715474,1.58008356545961,0.1030845070422536,8.28,8.64,2.3,0.02,8.29,8.61,0.9,0.09
8.208987517337025,8.817154811715474,1.58008356545961,0.1030845070422536,8.29,8.61,0.9,0.09,8.24,8.43,1.2,0.07
8.208987517337025,8.817154811715474,1.58008356545961,0.1030845070422536,8.24,8.43,1.2,0.07,8.1,8.79,2.5,0.04
7.92,9.1,2.8,0.1030845070422536,8.1,8.79,2.5,0.04,8.01,8.46,2.4,0.04
8.03,10.0,4.5,0.02,8.01,8.46,2.4,0.04,8.208987517337025,8.817154811715474,1.58008356545961,0.1030845070422536
8.33,9.04,1.9,0.12,8.208987517337025,8.817154811715474,1.58008356545961,0.1030845070422536,8.208987517337025,8.817154811715474,1.58008356545961,0.1030845070422536
8.52,8.94,1.5,0.06,8.208987517337025,8.817154811715474,1.58008356545961,0.1030845070422536,8.208987517337025,8.817154811715474,1.58008356545961,0.1030845070422536
8.33,13.9,5.8,1.0,8.208987517337025,8.817154811715474,1.58008356545961,0.1030845070422536,7.92,9.1,2.8,0.1030845070422536
8.61,9.42,6.1,0.09,7.92,9.1,2.8,0.1030845070422536,8.03,10.0,4.5,0.02
8.47,10.2,2.4,0.09,8.03,10.0,4.5,0.02,8.33,9.04,1.9,0.12
7.93,9.08,1.7,0.42,8.33,9.04,1.9,0.12,8.52,8.94,1.5,0.06
8.208987517337025,8.817154811715474,1.58008356545961,0.1030845070422536,8.52,8.94,1.5,0.06,8.33,13.9,5.8,1.0
7.96,9.23,1.1,0.1,8.33,13.9,5.8,1.0,8.61,9.42,6.1,0.09
7.55,9.9,1.2,0.13,8.61,9.42,6.1,0.09,8.47,10.2,2.4,0.09
7.25,9.72,0.8,0.08,8.47,10.2,2.4,0.09,7.93,9.08,1.7,0.42
7.25,9.72,0.8,0.08,7.93,9.08,1.7,0.42,8.208987517337025,8.817154811715474,1.58008356545961,0.1030845070422536
8.28,9.47,0.9,0.11,8.208987517337025,8.817154811715474,1.58008356545961,0.1030845070422536,7.96,9.23,1.1,0.1
8.13,9.37,0.8,0.09,7.96,9.23,1.1,0.1,7.55,9.9,1.2,0.13
8.01,9.41,1.4,0.07,7.55,9.9,1.2,0.13,7.25,9.72,0.8,0.08
7.93,9.34,2.8,0.06,7.25,9.72,0.8,0.08,7.25,9.72,0.8,0.08
8.01,9.99,2.0,0.09,7.25,9.72,0.8,0.08,8.28,9.47,0.9,0.11
8.1,10.4,2.0,0.08,8.28,9.47,0.9,0.11,8.13,9.37,0.8,0.09
8.06,10.5,1.8,0.05,8.13,9.37,0.8,0.09,8.01,9.41,1.4,0.07
7.99,10.4,1.8,0.07,8.01,9.41,1.4,0.07,7.93,9.34,2.8,0.06
7.87,10.3,1.6,0.08,7.93,9.34,2.8,0.06,8.01,9.99,2.0,0.09
7.8,10.2,1.7,0.09,8.01,9.99,2.0,0.09,8.1,10.4,2.0,0.08
8.05,9.9,1.6,0.05,8.1,10.4,2.0,0.08,8.06,10.5,1.8,0.05
8.5,10.2,1.2,0.07,8.06,10.5,1.8,0.05,7.99,10.4,1.8,0.07
8.52,9.97,1.8,0.09,7.99,10.4,1.8,0.07,7.87,10.3,1.6,0.08
8.57,9.84,1.3,0.13,7.87,10.3,1.6,0.08,7.8,10.2,1.7,0.09
8.52,9.38,0.9,0.15,7.8,10.2,1.7,0.09,8.05,9.9,1.6,0.05
8.208987517337025,8.817154811715474,1.58008356545961,0.1030845070422536,8.05,9.9,1.6,0.05,8.5,10.2,1.2,0.07
8.29,8.01,1.9,0.03,8.5,10.2,1.2,0.07,8.52,9.97,1.8,0.09
8.31,8.97,1.1,0.08,8.52,9.97,1.8,0.09,8.57,9.84,1.3,0.13
8.33,9.6,1.1,0.26,8.57,9.84,1.3,0.13,8.52,9.38,0.9,0.15
8.35,9.5,1.8,0.13,8.52,9.38,0.9,0.15,8.208987517337025,8.817154811715474,1.58008356545961,0.1030845070422536
8.38,8.8,1.8,0.04,8.208987517337025,8.817154811715474,1.58008356545961,0.1030845070422536,8.29,8.01,1.9,0.03
8.76,8.76,2.0,0.02,8.29,8.01,1.9,0.03,8.31,8.97,1.1,0.08
8.78,9.09,2.4,0.01,8.31,8.97,1.1,0.08,8.33,9.6,1.1,0.26
8.28,9.03,1.1,0.1,8.33,9.6,1.1,0.26,8.35,9.5,1.8,0.13
8.34,8.84,1.8,0.29,8.35,9.5,1.8,0.13,8.38,8.8,1.8,0.04
8.4,8.83,2.3,0.14,8.38,8.8,1.8,0.04,8.76,8.76,2.0,0.02
8.41,8.71,2.3,0.16,8.76,8.76,2.0,0.02,8.78,9.09,2.4,0.01
8.2,8.56,3.6,0.12,8.78,9.09,2.4,0.01,8.28,9.03,1.1,0.1
7.95,8.45,3.7,0.11,8.28,9.03,1.1,0.1,8.34,8.84,1.8,0.29
8.25,8.46,2.6,0.09,8.34,8.84,1.8,0.29,8.4,8.83,2.3,0.14
8.22,8.24,2.6,0.1030845070422536,8.4,8.83,2.3,0.14,8.41,8.71,2.3,0.16
8.02,8.65,2.0,0.35,8.41,8.71,2.3,0.16,8.2,8.56,3.6,0.12
7.62,8.7,1.4,0.1030845070422536,8.2,8.56,3.6,0.12,7.95,8.45,3.7,0.11
8.35,8.62,3.0,0.08,7.95,8.45,3.7,0.11,8.25,8.46,2.6,0.09
8.28,8.77,2.6,0.11,8.25,8.46,2.6,0.09,8.22,8.24,2.6,0.1030845070422536
8.82,8.62,3.2,0.09,8.22,8.24,2.6,0.1030845070422536,8.02,8.65,2.0,0.35
8.71,8.38,2.5,0.07,8.02,8.65,2.0,0.35,7.62,8.7,1.4,0.1030845070422536
8.54,8.8,2.9,0.08,7.62,8.7,1.4,0.1030845070422536,8.35,8.62,3.0,0.08
8.18,8.74,2.0,0.1,8.35,8.62,3.0,0.08,8.28,8.77,2.6,0.11
8.19,8.62,4.0,0.08,8.28,8.77,2.6,0.11,8.82,8.62,3.2,0.09
8.16,8.62,3.9,0.1,8.82,8.62,3.2,0.09,8.71,8.38,2.5,0.07
8.04,8.93,2.6,0.09,8.71,8.38,2.5,0.07,8.54,8.8,2.9,0.08
8.4,8.59,6.9,0.09,8.54,8.8,2.9,0.08,8.18,8.74,2.0,0.1
8.56,8.62,5.6,0.12,8.18,8.74,2.0,0.1,8.19,8.62,4.0,0.08
8.39,8.67,5.1,0.07,8.19,8.62,4.0,0.08,8.16,8.62,3.9,0.1
8.46,8.5,4.0,0.08,8.16,8.62,3.9,0.1,8.04,8.93,2.6,0.09
8.25,8.44,2.7,0.05,8.04,8.93,2.6,0.09,8.4,8.59,6.9,0.09
8.55,8.42,3.9,0.06,8.4,8.59,6.9,0.09,8.56,8.62,5.6,0.12
8.83,8.41,4.3,0.09,8.56,8.62,5.6,0.12,8.39,8.67,5.1,0.07
8.79,8.41,4.5,0.08,8.39,8.67,5.1,0.07,8.46,8.5,4.0,0.08
7.81,8.36,3.0,0.1,8.46,8.5,4.0,0.08,8.25,8.44,2.7,0.05
8.51,8.49,3.2,0.1,8.25,8.44,2.7,0.05,8.55,8.42,3.9,0.06
8.47,9.13,2.6,0.14,8.55,8.42,3.9,0.06,8.83,8.41,4.3,0.09
8.36,8.98,2.2,0.14,8.83,8.41,4.3,0.09,8.79,8.41,4.5,0.08
8.31,9.09,2.2,0.13,8.79,8.41,4.5,0.08,7.81,8.36,3.0,0.1
8.8,9.33,1.7,0.13,7.81,8.36,3.0,0.1,8.51,8.49,3.2,0.1
8.36,9.5,1.5,0.14,8.51,8.49,3.2,0.1,8.47,9.13,2.6,0.14
8.75,9.79,1.6,0.17,8.47,9.13,2.6,0.14,8.36,8.98,2.2,0.14
8.65,9.83,1.3,0.17,8.36,8.98,2.2,0.14,8.31,9.09,2.2,0.13
8.52,10.3,2.0,0.18,8.31,9.09,2.2,0.13,8.8,9.33,1.7,0.13
8.47,10.6,1.9,0.17,8.8,9.33,1.7,0.13,8.36,9.5,1.5,0.14
8.42,10.5,1.7,0.17,8.36,9.5,1.5,0.14,8.75,9.79,1.6,0.17
8.35,10.6,1.6,0.16,8.75,9.79,1.6,0.17,8.65,9.83,1.3,0.17
8.37,10.6,1.3,0.15,8.65,9.83,1.3,0.17,8.52,10.3,2.0,0.18
8.24,10.5,1.3,0.19,8.52,10.3,2.0,0.18,8.47,10.6,1.9,0.17
8.17,10.1,1.7,0.4,8.47,10.6,1.9,0.17,8.42,10.5,1.7,0.17
8.03,10.2,1.8,0.51,8.42,10.5,1.7,0.17,8.35,10.6,1.6,0.16
7.99,10.2,0.1,0.17,8.35,10.6,1.6,0.16,8.37,10.6,1.3,0.15
7.97,10.0,0.8,0.08,8.37,10.6,1.3,0.15,8.24,10.5,1.3,0.19
7.91,9.94,0.7,0.1,8.24,10.5,1.3,0.19,8.17,10.1,1.7,0.4
7.56,9.54,0.9,0.02,8.17,10.1,1.7,0.4,8.03,10.2,1.8,0.51
8.24,9.0,2.3,0.47,8.03,10.2,1.8,0.51,7.99,10.2,0.1,0.17
8.84,9.35,2.8,0.26,7.99,10.2,0.1,0.17,7.97,10.0,0.8,0.08
8.81,9.4,3.5,0.2,7.97,10.0,0.8,0.08,7.91,9.94,0.7,0.1
8.78,9.39,4.0,0.2,7.91,9.94,0.7,0.1,7.56,9.54,0.9,0.02
8.78,9.55,3.6,0.18,7.56,9.54,0.9,0.02,8.24,9.0,2.3,0.47
8.77,9.44,3.0,0.11,8.24,9.0,2.3,0.47,8.84,9.35,2.8,0.26
8.76,9.45,2.9,0.2,8.84,9.35,2.8,0.26,8.81,9.4,3.5,0.2
8.208987517337025,8.817154811715474,1.58008356545961,0.1030845070422536,8.81,9.4,3.5,0.2,8.78,9.39,4.0,0.2
8.49,8.79,1.9,0.12,8.78,9.39,4.0,0.2,8.78,9.55,3.6,0.18
8.22,8.4,1.2,0.11,8.78,9.55,3.6,0.18,8.77,9.44,3.0,0.11
8.3,8.69,0.2,0.12,8.77,9.44,3.0,0.11,8.76,9.45,2.9,0.2
8.53,9.63,0.2,0.08,8.76,9.45,2.9,0.2,8.208987517337025,8.817154811715474,1.58008356545961,0.1030845070422536
8.17,10.1,0.2,0.06,8.208987517337025,8.817154811715474,1.58008356545961,0.1030845070422536,8.49,8.79,1.9,0.12
8.3,9.42,1.58008356545961,0.08,8.49,8.79,1.9,0.12,8.22,8.4,1.2,0.11
8.43,9.34,3.3,0.12,8.22,8.4,1.2,0.11,8.3,8.69,0.2,0.12
8.78,9.58,5.3,0.14,8.3,8.69,0.2,0.12,8.53,9.63,0.2,0.08
8.45,9.52,3.2,0.08,8.53,9.63,0.2,0.08,8.17,10.1,0.2,0.06
7.77,9.04,1.5,0.24,8.17,10.1,0.2,0.06,8.3,9.42,1.58008356545961,0.08
8.0,8.85,3.1,0.01,8.3,9.42,1.58008356545961,0.08,8.43,9.34,3.3,0.12
8.59,8.8,2.3,0.12,8.43,9.34,3.3,0.12,8.78,9.58,5.3,0.14
8.44,8.78,2.6,0.19,8.78,9.58,5.3,0.14,8.45,9.52,3.2,0.08
8.6,8.82,1.6,0.1,8.45,9.52,3.2,0.08,7.77,9.04,1.5,0.24
8.61,8.59,1.5,0.1030845070422536,7.77,9.04,1.5,0.24,8.0,8.85,3.1,0.01
8.32,8.49,1.2,0.1030845070422536,8.0,8.85,3.1,0.01,8.59,8.8,2.3,0.12
8.61,8.58,1.6,0.09,8.59,8.8,2.3,0.12,8.44,8.78,2.6,0.19
8.72,8.23,1.9,0.11,8.44,8.78,2.6,0.19,8.6,8.82,1.6,0.1
8.67,8.19,2.3,0.08,8.6,8.82,1.6,0.1,8.61,8.59,1.5,0.1030845070422536
8.52,8.71,1.4,0.1,8.61,8.59,1.5,0.1030845070422536,8.32,8.49,1.2,0.1030845070422536
8.23,8.52,1.6,0.08,8.32,8.49,1.2,0.1030845070422536,8.61,8.58,1.6,0.09
8.69,8.57,1.5,0.02,8.61,8.58,1.6,0.09,8.72,8.23,1.9,0.11
8.64,8.87,2.4,0.06,8.72,8.23,1.9,0.11,8.67,8.19,2.3,0.08
8.53,9.1,1.7,0.1030845070422536,8.67,8.19,2.3,0.08,8.52,8.71,1.4,0.1
8.61,8.51,1.1,0.1030845070422536,8.52,8.71,1.4,0.1,8.23,8.52,1.6,0.08
8.55,8.54,1.4,0.1030845070422536,8.23,8.52,1.6,0.08,8.69,8.57,1.5,0.02
8.62,8.67,2.1,0.07,8.69,8.57,1.5,0.02,8.64,8.87,2.4,0.06
8.69,9.37,1.9,0.14,8.64,8.87,2.4,0.06,8.53,9.1,1.7,0.1030845070422536
8.66,9.52,2.1,0.15,8.53,9.1,1.7,0.1030845070422536,8.61,8.51,1.1,0.1030845070422536
8.63,9.82,2.4,0.13,8.61,8.51,1.1,0.1030845070422536,8.55,8.54,1.4,0.1030845070422536
8.64,10.2,2.1,0.07,8.55,8.54,1.4,0.1030845070422536,8.62,8.67,2.1,0.07
8.66,10.4,1.8,0.15,8.62,8.67,2.1,0.07,8.69,9.37,1.9,0.14
8.62,10.4,0.9,0.13,8.69,9.37,1.9,0.14,8.66,9.52,2.1,0.15
8.68,10.4,0.7,0.13,8.66,9.52,2.1,0.15,8.63,9.82,2.4,0.13
8.208987517337025,8.817154811715474,1.58008356545961,0.1030845070422536,8.63,9.82,2.4,0.13,8.64,10.2,2.1,0.07
8.61,10.5,0.8,0.04,8.64,10.2,2.1,0.07,8.66,10.4,1.8,0.15
8.65,10.3,0.7,0.07,8.66,10.4,1.8,0.15,8.62,10.4,0.9,0.13
8.67,10.4,0.4,0.06,8.62,10.4,0.9,0.13,8.68,10.4,0.7,0.13
8.72,10.3,0.2,0.07,8.68,10.4,0.7,0.13,8.208987517337025,8.817154811715474,1.58008356545961,0.1030845070422536
8.74,10.2,0.2,0.05,8.208987517337025,8.817154811715474,1.58008356545961,0.1030845070422536,8.61,10.5,0.8,0.04
8.88,9.8,1.58008356545961,0.05,8.61,10.5,0.8,0.04,8.65,10.3,0.7,0.07
8.79,9.79,0.5,0.05,8.65,10.3,0.7,0.07,8.67,10.4,0.4,0.06
8.89,9.7,0.5,0.03,8.67,10.4,0.4,0.06,8.72,10.3,0.2,0.07
8.79,9.74,0.4,0.07,8.72,10.3,0.2,0.07,8.74,10.2,0.2,0.05
8.77,9.7,0.4,0.08,8.74,10.2,0.2,0.05,8.88,9.8,1.58008356545961,0.05
8.72,9.25,0.3,0.06,8.88,9.8,1.58008356545961,0.05,8.79,9.79,0.5,0.05
8.75,9.99,0.1,0.02,8.79,9.79,0.5,0.05,8.89,9.7,0.5,0.03
8.52,9.82,0.2,0.02,8.89,9.7,0.5,0.03,8.79,9.74,0.4,0.07
8.47,9.85,0.1,0.03,8.79,9.74,0.4,0.07,8.77,9.7,0.4,0.08
8.62,9.95,0.1,0.02,8.77,9.7,0.4,0.08,8.72,9.25,0.3,0.06
8.58,9.85,0.3,0.02,8.72,9.25,0.3,0.06,8.75,9.99,0.1,0.02
8.61,9.84,0.2,0.03,8.75,9.99,0.1,0.02,8.52,9.82,0.2,0.02
8.51,8.817154811715474,0.2,0.15,8.52,9.82,0.2,0.02,8.47,9.85,0.1,0.03
8.35,8.817154811715474,0.5,0.19,8.47,9.85,0.1,0.03,8.62,9.95,0.1,0.02
8.25,8.817154811715474,1.1,0.17,8.62,9.95,0.1,0.02,8.58,9.85,0.3,0.02
8.14,8.817154811715474,1.8,0.14,8.58,9.85,0.3,0.02,8.61,9.84,0.2,0.03
8.25,7.97,1.6,0.1,8.61,9.84,0.2,0.03,8.51,8.817154811715474,0.2,0.15
7.93,8.13,1.1,0.06,8.51,8.817154811715474,0.2,0.15,8.35,8.817154811715474,0.5,0.19
8.31,7.11,1.2,0.09,8.35,8.817154811715474,0.5,0.19,8.25,8.817154811715474,1.1,0.17
8.18,6.94,1.1,0.08,8.25,8.817154811715474,1.1,0.17,8.14,8.817154811715474,1.8,0.14
8.37,7.14,4.2,0.07,8.14,8.817154811715474,1.8,0.14,8.25,7.97,1.6,0.1
7.97,7.08,3.1,0.05,8.25,7.97,1.6,0.1,7.93,8.13,1.1,0.06
8.09,9.65,3.9,0.06,7.93,8.13,1.1,0.06,8.31,7.11,1.2,0.09
8.32,8.62,4.4,0.09,8.31,7.11,1.2,0.09,8.18,6.94,1.1,0.08
8.21,8.83,4.9,0.11,8.18,6.94,1.1,0.08,8.37,7.14,4.2,0.07
8.08,8.83,4.0,0.1,8.37,7.14,4.2,0.07,7.97,7.08,3.1,0.05
8.45,9.15,3.1,0.08,7.97,7.08,3.1,0.05,8.09,9.65,3.9,0.06
8.38,9.7,2.6,0.08,8.09,9.65,3.9,0.06,8.32,8.62,4.4,0.09
8.45,9.56,2.3,0.06,8.32,8.62,4.4,0.09,8.21,8.83,4.9,0.11
8.09,11.9,3.8,0.12,8.21,8.83,4.9,0.11,8.08,8.83,4.0,0.1
8.55,8.8,4.0,0.1,8.08,8.83,4.0,0.1,8.45,9.15,3.1,0.08
8.23,9.08,3.8,0.13,8.45,9.15,3.1,0.08,8.38,9.7,2.6,0.08
8.02,10.1,3.5,0.18,8.38,9.7,2.6,0.08,8.45,9.56,2.3,0.06
8.48,9.7,3.2,0.13,8.45,9.56,2.3,0.06,8.09,11.9,3.8,0.12
8.45,9.73,3.6,0.11,8.09,11.9,3.8,0.12,8.55,8.8,4.0,0.1
8.15,7.61,3.1,0.11,8.55,8.8,4.0,0.1,8.23,9.08,3.8,0.13
8.27,7.65,1.6,0.12,8.23,9.08,3.8,0.13,8.02,10.1,3.5,0.18
8.13,7.62,1.2,0.12,8.02,10.1,3.5,0.18,8.48,9.7,3.2,0.13
8.22,7.55,0.8,0.13,8.48,9.7,3.2,0.13,8.45,9.73,3.6,0.11
8.18,7.77,0.6,0.12,8.45,9.73,3.6,0.11,8.15,7.61,3.1,0.11
8.12,7.99,0.6,0.14,8.15,7.61,3.1,0.11,8.27,7.65,1.6,0.12
8.09,8.31,0.6,0.17,8.27,7.65,1.6,0.12,8.13,7.62,1.2,0.12
8.28,8.23,1.0,0.2,8.13,7.62,1.2,0.12,8.22,7.55,0.8,0.13
8.2,8.17,1.1,0.16,8.22,7.55,0.8,0.13,8.18,7.77,0.6,0.12
8.25,8.13,1.0,0.13,8.18,7.77,0.6,0.12,8.12,7.99,0.6,0.14
8.25,8.27,1.0,0.11,8.12,7.99,0.6,0.14,8.09,8.31,0.6,0.17
8.3,8.28,0.9,0.11,8.09,8.31,0.6,0.17,8.28,8.23,1.0,0.2
8.35,8.27,0.8,0.11,8.28,8.23,1.0,0.2,8.2,8.17,1.1,0.16
8.35,9.0,0.9,0.12,8.2,8.17,1.1,0.16,8.25,8.13,1.0,0.13
8.27,8.94,0.5,0.11,8.25,8.13,1.0,0.13,8.25,8.27,1.0,0.11
8.25,8.9,0.2,0.11,8.25,8.27,1.0,0.11,8.3,8.28,0.9,0.11
8.25,9.24,0.3,0.12,8.3,8.28,0.9,0.11,8.35,8.27,0.8,0.11
8.208987517337025,8.817154811715474,1.58008356545961,0.1030845070422536,8.35,8.27,0.8,0.11,8.35,9.0,0.9,0.12
8.09,9.42,0.1,0.13,8.35,9.0,0.9,0.12,8.27,8.94,0.5,0.11
8.19,9.43,0.4,0.13,8.27,8.94,0.5,0.11,8.25,8.9,0.2,0.11
8.33,9.22,0.6,0.12,8.25,8.9,0.2,0.11,8.25,9.24,0.3,0.12
8.33,9.24,0.8,0.11,8.25,9.24,0.3,0.12,8.208987517337025,8.817154811715474,1.58008356545961,0.1030845070422536
8.33,9.18,0.9,0.1,8.208987517337025,8.817154811715474,1.58008356545961,0.1030845070422536,8.09,9.42,0.1,0.13
8.38,8.69,0.7,0.08,8.09,9.42,0.1,0.13,8.19,9.43,0.4,0.13
8.26,8.51,0.3,0.1,8.19,9.43,0.4,0.13,8.33,9.22,0.6,0.12
8.25,8.53,0.3,0.08,8.33,9.22,0.6,0.12,8.33,9.24,0.8,0.11
8.13,8.46,0.3,0.08,8.33,9.24,0.8,0.11,8.33,9.18,0.9,0.1
8.08,8.54,0.3,0.09,8.33,9.18,0.9,0.1,8.38,8.69,0.7,0.08
8.11,8.55,0.3,0.09,8.38,8.69,0.7,0.08,8.26,8.51,0.3,0.1
8.14,8.67,0.7,0.08,8.26,8.51,0.3,0.1,8.25,8.53,0.3,0.08
8.13,8.54,1.3,0.06,8.25,8.53,0.3,0.08,8.13,8.46,0.3,0.08
8.02,8.57,2.0,0.03,8.13,8.46,0.3,0.08,8.08,8.54,0.3,0.09
7.95,8.44,1.8,0.07,8.08,8.54,0.3,0.09,8.11,8.55,0.3,0.09
7.83,7.76,1.1,0.15,8.11,8.55,0.3,0.09,8.14,8.67,0.7,0.08
8.21,7.38,1.1,0.07,8.14,8.67,0.7,0.08,8.13,8.54,1.3,0.06
8.27,7.7,2.7,0.03,8.13,8.54,1.3,0.06,8.02,8.57,2.0,0.03
8.47,7.96,2.1,0.02,8.02,8.57,2.0,0.03,7.95,8.44,1.8,0.07
8.17,7.7,2.4,0.02,7.95,8.44,1.8,0.07,7.83,7.76,1.1,0.15
8.06,7.71,3.3,0.07,7.83,7.76,1.1,0.15,8.21,7.38,1.1,0.07
7.97,7.74,2.9,0.04,8.21,7.38,1.1,0.07,8.27,7.7,2.7,0.03
7.94,7.92,2.6,0.06,8.27,7.7,2.7,0.03,8.47,7.96,2.1,0.02
7.89,7.94,3.5,0.07,8.47,7.96,2.1,0.02,8.17,7.7,2.4,0.02
8.11,7.9,2.7,0.05,8.17,7.7,2.4,0.02,8.06,7.71,3.3,0.07
8.25,8.27,3.3,0.04,8.06,7.71,3.3,0.07,7.97,7.74,2.9,0.04
8.31,8.39,3.0,0.06,7.97,7.74,2.9,0.04,7.94,7.92,2.6,0.06
8.28,8.59,3.7,0.04,7.94,7.92,2.6,0.06,7.89,7.94,3.5,0.07
8.31,8.55,3.2,0.08,7.89,7.94,3.5,0.07,8.11,7.9,2.7,0.05
8.34,8.68,2.5,0.09,8.11,7.9,2.7,0.05,8.25,8.27,3.3,0.04
8.3,8.61,1.6,0.12,8.25,8.27,3.3,0.04,8.31,8.39,3.0,0.06
8.17,8.45,1.6,0.15,8.31,8.39,3.0,0.06,8.28,8.59,3.7,0.04
8.34,8.23,1.4,0.18,8.28,8.59,3.7,0.04,8.31,8.55,3.2,0.08
8.32,8.32,1.6,0.16,8.31,8.55,3.2,0.08,8.34,8.68,2.5,0.09
8.36,8.3,0.8,0.11,8.34,8.68,2.5,0.09,8.3,8.61,1.6,0.12
8.64,8.11,0.2,0.14,8.3,8.61,1.6,0.12,8.17,8.45,1.6,0.15
8.26,8.19,0.9,0.1,8.17,8.45,1.6,0.15,8.34,8.23,1.4,0.18
7.83,8.41,1.6,0.18,8.34,8.23,1.4,0.18,8.32,8.32,1.6,0.16
7.92,8.26,0.4,0.1,8.32,8.32,1.6,0.16,8.36,8.3,0.8,0.11
8.13,8.53,0.8,0.07,8.36,8.3,0.8,0.11,8.64,8.11,0.2,0.14
8.17,8.49,0.6,0.08,8.64,8.11,0.2,0.14,8.26,8.19,0.9,0.1
8.29,8.43,0.5,0.13,8.26,8.19,0.9,0.1,7.83,8.41,1.6,0.18
8.24,8.55,0.5,0.16,7.83,8.41,1.6,0.18,7.92,8.26,0.4,0.1
8.35,8.55,0.4,0.15,7.92,8.26,0.4,0.1,8.13,8.53,0.8,0.07
8.3,8.53,0.4,0.15,8.13,8.53,0.8,0.07,8.17,8.49,0.6,0.08
8.21,8.52,0.4,0.16,8.17,8.49,0.6,0.08,8.29,8.43,0.5,0.13
8.38,8.53,1.1,0.18,8.29,8.43,0.5,0.13,8.24,8.55,0.5,0.16
8.49,8.55,1.0,0.21,8.24,8.55,0.5,0.16,8.35,8.55,0.4,0.15
8.55,8.6,1.0,0.11,8.35,8.55,0.4,0.15,8.3,8.53,0.4,0.15
8.61,8.44,1.0,0.08,8.3,8.53,0.4,0.15,8.21,8.52,0.4,0.16
8.71,8.4,0.9,0.05,8.21,8.52,0.4,0.16,8.38,8.53,1.1,0.18
8.57,8.23,1.0,0.06,8.38,8.53,1.1,0.18,8.49,8.55,1.0,0.21
8.48,8.17,1.1,0.09,8.49,8.55,1.0,0.21,8.55,8.6,1.0,0.11
8.51,8.24,1.1,0.11,8.55,8.6,1.0,0.11,8.61,8.44,1.0,0.08
8.49,8.17,1.1,0.11,8.61,8.44,1.0,0.08,8.71,8.4,0.9,0.05
8.47,8.19,1.1,0.07,8.71,8.4,0.9,0.05,8.57,8.23,1.0,0.06
8.36,8.12,1.2,0.06,8.57,8.23,1.0,0.06,8.48,8.17,1.1,0.09
8.42,8.07,1.2,0.04,8.48,8.17,1.1,0.09,8.51,8.24,1.1,0.11
7.97,8.05,1.1,0.03,8.51,8.24,1.1,0.11,8.49,8.17,1.1,0.11
8.43,7.98,0.9,0.1,8.49,8.17,1.1,0.11,8.47,8.19,1.1,0.07
8.36,7.92,1.0,0.07,8.47,8.19,1.1,0.07,8.36,8.12,1.2,0.06
8.49,7.72,0.8,0.07,8.36,8.12,1.2,0.06,8.42,8.07,1.2,0.04
8.44,7.58,0.5,0.08,8.42,8.07,1.2,0.04,7.97,8.05,1.1,0.03
8.42,7.67,0.8,0.07,7.97,8.05,1.1,0.03,8.43,7.98,0.9,0.1
8.4,7.64,1.2,0.09,8.43,7.98,0.9,0.1,8.36,7.92,1.0,0.07
8.45,7.64,0.8,0.1,8.36,7.92,1.0,0.07,8.49,7.72,0.8,0.07
8.37,7.7,0.4,0.08,8.49,7.72,0.8,0.07,8.44,7.58,0.5,0.08
8.13,7.75,0.3,0.07,8.44,7.58,0.5,0.08,8.42,7.67,0.8,0.07
8.32,7.89,1.0,0.1,8.42,7.67,0.8,0.07,8.4,7.64,1.2,0.09
8.17,7.9,2.3,0.1,8.4,7.64,1.2,0.09,8.45,7.64,0.8,0.1
8.29,8.18,3.9,0.07,8.45,7.64,0.8,0.1,8.37,7.7,0.4,0.08
8.12,8.1,4.5,0.05,8.37,7.7,0.4,0.08,8.13,7.75,0.3,0.07
8.07,8.34,3.1,0.11,8.13,7.75,0.3,0.07,8.32,7.89,1.0,0.1
8.19,8.64,3.3,0.13,8.32,7.89,1.0,0.1,8.17,7.9,2.3,0.1
8.05,8.86,3.9,0.12,8.17,7.9,2.3,0.1,8.29,8.18,3.9,0.07
8.26,8.71,4.2,0.14,8.29,8.18,3.9,0.07,8.12,8.1,4.5,0.05
8.29,9.27,5.6,0.19,8.12,8.1,4.5,0.05,8.07,8.34,3.1,0.11
8.08,8.96,5.4,0.2,8.07,8.34,3.1,0.11,8.19,8.64,3.3,0.13
8.09,8.89,6.6,0.16,8.19,8.64,3.3,0.13,8.05,8.86,3.9,0.12
8.06,8.65,5.8,0.15,8.05,8.86,3.9,0.12,8.26,8.71,4.2,0.14
8.25,8.53,2.7,0.07,8.26,8.71,4.2,0.14,8.29,9.27,5.6,0.19
8.21,8.36,3.0,0.13,8.29,9.27,5.6,0.19,8.08,8.96,5.4,0.2
8.33,7.94,2.3,0.2,8.08,8.96,5.4,0.2,8.09,8.89,6.6,0.16
8.44,8.01,2.3,0.13,8.09,8.89,6.6,0.16,8.06,8.65,5.8,0.15
8.54,8.56,2.6,0.13,8.06,8.65,5.8,0.15,8.25,8.53,2.7,0.07
8.57,8.9,0.9,0.22,8.25,8.53,2.7,0.07,8.21,8.36,3.0,0.13
8.55,8.87,0.4,0.07,8.21,8.36,3.0,0.13,8.33,7.94,2.3,0.2
8.56,8.78,1.6,0.08,8.33,7.94,2.3,0.2,8.44,8.01,2.3,0.13
8.28,8.68,2.3,0.07,8.44,8.01,2.3,0.13,8.54,8.56,2.6,0.13
8.15,8.51,1.6,0.07,8.54,8.56,2.6,0.13,8.57,8.9,0.9,0.22
8.17,8.34,1.1,0.06,8.57,8.9,0.9,0.22,8.55,8.87,0.4,0.07
7.88,8.43,0.9,0.09,8.55,8.87,0.4,0.07,8.56,8.78,1.6,0.08
7.96,8.34,0.8,0.08,8.56,8.78,1.6,0.08,8.28,8.68,2.3,0.07
8.02,8.78,0.6,0.12,8.28,8.68,2.3,0.07,8.15,8.51,1.6,0.07
8.23,8.59,0.5,0.11,8.15,8.51,1.6,0.07,8.17,8.34,1.1,0.06
8.22,8.56,0.4,0.11,8.17,8.34,1.1,0.06,7.88,8.43,0.9,0.09
8.28,8.56,0.4,0.12,7.88,8.43,0.9,0.09,7.96,8.34,0.8,0.08
8.208987517337025,8.817154811715474,1.58008356545961,0.1030845070422536,7.96,8.34,0.8,0.08,8.02,8.78,0.6,0.12
8.24,9.56,0.4,0.09,8.02,8.78,0.6,0.12,8.23,8.59,0.5,0.11
8.11,9.52,0.4,0.07,8.23,8.59,0.5,0.11,8.22,8.56,0.4,0.11
8.21,9.33,0.6,0.11,8.22,8.56,0.4,0.11,8.28,8.56,0.4,0.12
8.2,9.22,0.6,0.08,8.28,8.56,0.4,0.12,8.208987517337025,8.817154811715474,1.58008356545961,0.1030845070422536
8.2,9.34,0.6,0.13,8.208987517337025,8.817154811715474,1.58008356545961,0.1030845070422536,8.24,9.56,0.4,0.09
8.02,9.21,0.4,0.1,8.24,9.56,0.4,0.09,8.11,9.52,0.4,0.07
8.05,9.07,0.7,0.08,8.11,9.52,0.4,0.07,8.21,9.33,0.6,0.11
7.99,8.74,0.4,0.07,8.21,9.33,0.6,0.11,8.2,9.22,0.6,0.08
8.02,8.93,0.5,0.06,8.2,9.22,0.6,0.08,8.2,9.34,0.6,0.13
7.95,8.56,0.6,0.06,8.2,9.34,0.6,0.13,8.02,9.21,0.4,0.1
7.97,8.2,0.7,0.05,8.02,9.21,0.4,0.1,8.05,9.07,0.7,0.08
7.83,8.34,0.8,0.05,8.05,9.07,0.7,0.08,7.99,8.74,0.4,0.07
7.88,7.92,0.7,0.06,7.99,8.74,0.4,0.07,8.02,8.93,0.5,0.06
7.99,7.79,0.4,0.09,8.02,8.93,0.5,0.06,7.95,8.56,0.6,0.06
7.92,7.95,0.8,0.06,7.95,8.56,0.6,0.06,7.97,8.2,0.7,0.05
8.28,8.49,0.6,0.12,7.97,8.2,0.7,0.05,7.83,8.34,0.8,0.05
8.39,8.11,1.4,0.06,7.83,8.34,0.8,0.05,7.88,7.92,0.7,0.06
8.43,8.15,1.8,0.04,7.88,7.92,0.7,0.06,7.99,7.79,0.4,0.09
8.43,7.91,1.4,0.02,7.99,7.79,0.4,0.09,7.92,7.95,0.8,0.06
8.44,7.91,1.7,0.03,7.92,7.95,0.8,0.06,8.28,8.49,0.6,0.12
8.39,7.8,1.4,0.03,8.28,8.49,0.6,0.12,8.39,8.11,1.4,0.06
8.37,7.74,1.3,0.05,8.39,8.11,1.4,0.06,8.43,8.15,1.8,0.04
8.33,7.84,1.0,0.04,8.43,8.15,1.8,0.04,8.43,7.91,1.4,0.02
8.35,7.61,0.7,0.02,8.43,7.91,1.4,0.02,8.44,7.91,1.7,0.03
8.38,7.41,0.9,0.05,8.44,7.91,1.7,0.03,8.39,7.8,1.4,0.03
8.35,7.72,1.8,0.03,8.39,7.8,1.4,0.03,8.37,7.74,1.3,0.05
8.35,7.89,2.2,0.02,8.37,7.74,1.3,0.05,8.33,7.84,1.0,0.04
8.38,8.18,3.4,0.09,8.33,7.84,1.0,0.04,8.35,7.61,0.7,0.02
8.4,8.5,4.3,0.14,8.35,7.61,0.7,0.02,8.38,7.41,0.9,0.05
8.36,8.96,3.8,0.09,8.38,7.41,0.9,0.05,8.35,7.72,1.8,0.03
8.37,8.09,3.1,0.04,8.35,7.72,1.8,0.03,8.35,7.89,2.2,0.02
8.32,8.02,2.0,0.03,8.35,7.89,2.2,0.02,8.38,8.18,3.4,0.09
8.33,8.08,1.5,0.02,8.38,8.18,3.4,0.09,8.4,8.5,4.3,0.14
8.36,8.14,2.1,0.04,8.4,8.5,4.3,0.14,8.36,8.96,3.8,0.09
8.3,8.22,3.1,0.09,8.36,8.96,3.8,0.09,8.37,8.09,3.1,0.04
8.34,8.55,2.2,0.03,8.37,8.09,3.1,0.04,8.32,8.02,2.0,0.03
8.34,8.68,1.9,0.02,8.32,8.02,2.0,0.03,8.33,8.08,1.5,0.02
8.3,8.77,2.0,0.04,8.33,8.08,1.5,0.02,8.36,8.14,2.1,0.04
8.38,8.49,1.5,0.05,8.36,8.14,2.1,0.04,8.3,8.22,3.1,0.09
8.45,8.67,1.0,0.06,8.3,8.22,3.1,0.09,8.34,8.55,2.2,0.03
8.48,8.87,0.8,0.07,8.34,8.55,2.2,0.03,8.34,8.68,1.9,0.02
8.34,8.96,0.9,0.07,8.34,8.68,1.9,0.02,8.3,8.77,2.0,0.04
8.27,8.99,1.0,0.09,8.3,8.77,2.0,0.04,8.38,8.49,1.5,0.05
8.15,8.93,0.5,0.19,8.38,8.49,1.5,0.05,8.45,8.67,1.0,0.06
8.08,8.86,0.3,0.11,8.45,8.67,1.0,0.06,8.48,8.87,0.8,0.07
8.208987517337025,8.817154811715474,1.58008356545961,0.1030845070422536,8.48,8.87,0.8,0.07,8.34,8.96,0.9,0.07
8.56,8.78,0.9,0.08,8.34,8.96,0.9,0.07,8.27,8.99,1.0,0.09
8.51,8.53,0.8,0.07,8.27,8.99,1.0,0.09,8.15,8.93,0.5,0.19
8.57,8.06,0.7,0.09,8.15,8.93,0.5,0.19,8.08,8.86,0.3,0.11
8.65,9.42,0.5,0.11,8.08,8.86,0.3,0.11,8.208987517337025,8.817154811715474,1.58008356545961,0.1030845070422536
8.53,9.48,0.4,0.09,8.208987517337025,8.817154811715474,1.58008356545961,0.1030845070422536,8.56,8.78,0.9,0.08
8.49,9.53,0.4,0.09,8.56,8.78,0.9,0.08,8.51,8.53,0.8,0.07
8.51,9.49,0.3,0.1,8.51,8.53,0.8,0.07,8.57,8.06,0.7,0.09
8.62,9.78,0.2,0.13,8.57,8.06,0.7,0.09,8.65,9.42,0.5,0.11
8.6,10.2,0.4,0.11,8.65,9.42,0.5,0.11,8.53,9.48,0.4,0.09
8.38,8.79,0.3,0.11,8.53,9.48,0.4,0.09,8.49,9.53,0.4,0.09
8.38,8.56,0.3,0.11,8.49,9.53,0.4,0.09,8.51,9.49,0.3,0.1
8.36,9.27,0.5,0.11,8.51,9.49,0.3,0.1,8.62,9.78,0.2,0.13
8.28,8.91,0.6,0.07,8.62,9.78,0.2,0.13,8.6,10.2,0.4,0.11
8.34,7.81,0.7,0.08,8.6,10.2,0.4,0.11,8.38,8.79,0.3,0.11
8.24,7.81,0.8,0.06,8.38,8.79,0.3,0.11,8.38,8.56,0.3,0.11
8.21,8.17,0.7,0.06,8.38,8.56,0.3,0.11,8.36,9.27,0.5,0.11
8.25,8.74,0.5,0.07,8.36,9.27,0.5,0.11,8.28,8.91,0.6,0.07
8.3,7.42,0.3,0.11,8.28,8.91,0.6,0.07,8.34,7.81,0.7,0.08
8.62,8.21,0.3,0.05,8.34,7.81,0.7,0.08,8.24,7.81,0.8,0.06
8.68,8.82,0.2,0.03,8.24,7.81,0.8,0.06,8.21,8.17,0.7,0.06
8.72,8.63,0.5,0.04,8.21,8.17,0.7,0.06,8.25,8.74,0.5,0.07
8.4,8.39,0.4,0.03,8.25,8.74,0.5,0.07,8.3,7.42,0.3,0.11
8.39,8.61,1.0,0.03,8.3,7.42,0.3,0.11,8.62,8.21,0.3,0.05
8.39,8.66,1.2,0.05,8.62,8.21,0.3,0.05,8.68,8.82,0.2,0.03
8.52,9.04,1.4,0.02,8.68,8.82,0.2,0.03,8.72,8.63,0.5,0.04
8.47,9.11,1.6,0.04,8.72,8.63,0.5,0.04,8.4,8.39,0.4,0.03
8.37,8.83,1.5,0.03,8.4,8.39,0.4,0.03,8.39,8.61,1.0,0.03
8.43,8.7,1.1,0.03,8.39,8.61,1.0,0.03,8.39,8.66,1.2,0.05
8.49,8.85,1.0,0.05,8.39,8.66,1.2,0.05,8.52,9.04,1.4,0.02
8.53,8.95,1.4,0.06,8.52,9.04,1.4,0.02,8.47,9.11,1.6,0.04
8.52,8.78,1.7,0.06,8.47,9.11,1.6,0.04,8.37,8.83,1.5,0.03
8.58,8.48,1.3,0.06,8.37,8.83,1.5,0.03,8.43,8.7,1.1,0.03
8.46,8.73,1.6,0.07,8.43,8.7,1.1,0.03,8.49,8.85,1.0,0.05
8.35,8.95,1.9,0.08,8.49,8.85,1.0,0.05,8.53,8.95,1.4,0.06
8.41,8.45,2.7,0.09,8.53,8.95,1.4,0.06,8.52,8.78,1.7,0.06
8.39,7.98,3.6,0.08,8.52,8.78,1.7,0.06,8.58,8.48,1.3,0.06
8.44,7.78,2.0,0.09,8.58,8.48,1.3,0.06,8.46,8.73,1.6,0.07
8.45,8.33,1.7,0.06,8.46,8.73,1.6,0.07,8.35,8.95,1.9,0.08
8.37,8.51,2.7,0.06,8.35,8.95,1.9,0.08,8.41,8.45,2.7,0.09
8.36,8.24,2.2,0.08,8.41,8.45,2.7,0.09,8.39,7.98,3.6,0.08
8.49,8.21,1.8,0.1,8.39,7.98,3.6,0.08,8.44,7.78,2.0,0.09
8.41,8.2,2.0,0.1,8.44,7.78,2.0,0.09,8.45,8.33,1.7,0.06
8.43,8.04,2.3,0.11,8.45,8.33,1.7,0.06,8.37,8.51,2.7,0.06
8.52,8.15,1.5,0.12,8.37,8.51,2.7,0.06,8.36,8.24,2.2,0.08
8.56,8.02,1.2,0.13,8.36,8.24,2.2,0.08,8.49,8.21,1.8,0.1
8.52,8.32,0.9,0.12,8.49,8.21,1.8,0.1,8.41,8.2,2.0,0.1
8.47,8.4,1.1,0.11,8.41,8.2,2.0,0.1,8.43,8.04,2.3,0.11
8.5,8.41,1.2,0.11,8.43,8.04,2.3,0.11,8.52,8.15,1.5,0.12
8.49,8.32,1.1,0.12,8.52,8.15,1.5,0.12,8.56,8.02,1.2,0.13
8.57,8.18,1.1,0.11,8.56,8.02,1.2,0.13,8.52,8.32,0.9,0.12
8.28,8.1,0.6,0.08,8.52,8.32,0.9,0.12,8.47,8.4,1.1,0.11
8.2,7.59,0.9,0.13,8.47,8.4,1.1,0.11,8.5,8.41,1.2,0.11
8.3,7.75,0.9,0.14,8.5,8.41,1.2,0.11,8.49,8.32,1.1,0.12
8.41,7.94,0.7,0.15,8.49,8.32,1.1,0.12,8.57,8.18,1.1,0.11
8.41,7.62,0.7,0.17,8.57,8.18,1.1,0.11,8.28,8.1,0.6,0.08
8.43,7.65,0.5,0.1,8.28,8.1,0.6,0.08,8.2,7.59,0.9,0.13
8.45,7.87,0.4,0.13,8.2,7.59,0.9,0.13,8.3,7.75,0.9,0.14
8.45,7.84,0.5,0.37,8.3,7.75,0.9,0.14,8.41,7.94,0.7,0.15
8.46,7.77,0.6,0.1,8.41,7.94,0.7,0.15,8.41,7.62,0.7,0.17
8.46,7.71,0.4,0.1,8.41,7.62,0.7,0.17,8.43,7.65,0.5,0.1
8.48,7.69,0.3,0.1,8.43,7.65,0.5,0.1,8.45,7.87,0.4,0.13
8.49,7.74,0.3,0.09,8.45,7.87,0.4,0.13,8.45,7.84,0.5,0.37
8.5,7.96,0.3,0.12,8.45,7.84,0.5,0.37,8.46,7.77,0.6,0.1
8.54,8.03,0.3,0.06,8.46,7.77,0.6,0.1,8.46,7.71,0.4,0.1
8.43,7.87,0.6,0.06,8.46,7.71,0.4,0.1,8.48,7.69,0.3,0.1
8.49,7.89,0.8,0.07,8.48,7.69,0.3,0.1,8.49,7.74,0.3,0.09
8.55,7.43,0.8,0.08,8.49,7.74,0.3,0.09,8.5,7.96,0.3,0.12
8.46,7.58,0.7,0.08,8.5,7.96,0.3,0.12,8.54,8.03,0.3,0.06
8.17,8.45,0.8,0.09,8.54,8.03,0.3,0.06,8.43,7.87,0.6,0.06
8.11,8.47,0.8,0.1,8.43,7.87,0.6,0.06,8.49,7.89,0.8,0.07
8.1,8.28,0.7,0.13,8.49,7.89,0.8,0.07,8.55,7.43,0.8,0.08
8.17,8.24,0.7,0.11,8.55,7.43,0.8,0.08,8.46,7.58,0.7,0.08
8.24,8.39,0.3,0.11,8.46,7.58,0.7,0.08,8.17,8.45,0.8,0.09
8.208987517337025,8.817154811715474,1.58008356545961,0.1030845070422536,8.17,8.45,0.8,0.09,8.11,8.47,0.8,0.1
8.3,8.33,0.7,0.12,8.11,8.47,0.8,0.1,8.1,8.28,0.7,0.13
8.37,8.24,0.8,0.12,8.1,8.28,0.7,0.13,8.17,8.24,0.7,0.11
8.33,8.35,1.1,0.13,8.17,8.24,0.7,0.11,8.24,8.39,0.3,0.11
8.16,8.68,1.1,0.12,8.24,8.39,0.3,0.11,8.208987517337025,8.817154811715474,1.58008356545961,0.1030845070422536
8.16,8.36,1.0,0.12,8.208987517337025,8.817154811715474,1.58008356545961,0.1030845070422536,8.3,8.33,0.7,0.12
8.17,7.93,1.7,0.13,8.3,8.33,0.7,0.12,8.37,8.24,0.8,0.12
8.15,8.32,2.9,0.16,8.37,8.24,0.8,0.12,8.33,8.35,1.1,0.13
8.37,8.44,2.7,0.13,8.33,8.35,1.1,0.13,8.16,8.68,1.1,0.12
8.43,8.33,2.6,0.12,8.16,8.68,1.1,0.12,8.16,8.36,1.0,0.12
8.42,8.61,2.6,0.12,8.16,8.36,1.0,0.12,8.17,7.93,1.7,0.13
8.38,8.53,2.5,0.11,8.17,7.93,1.7,0.13,8.15,8.32,2.9,0.16
8.08,8.4,2.1,0.07,8.15,8.32,2.9,0.16,8.37,8.44,2.7,0.13
8.29,7.85,1.6,0.05,8.37,8.44,2.7,0.13,8.43,8.33,2.6,0.12
8.3,8.49,2.0,0.05,8.43,8.33,2.6,0.12,8.42,8.61,2.6,0.12
8.3,9.47,2.1,0.04,8.42,8.61,2.6,0.12,8.38,8.53,2.5,0.11
8.19,9.34,2.3,0.05,8.38,8.53,2.5,0.11,8.08,8.4,2.1,0.07
8.36,8.58,1.6,0.05,8.08,8.4,2.1,0.07,8.29,7.85,1.6,0.05
8.38,8.57,2.4,0.03,8.29,7.85,1.6,0.05,8.3,8.49,2.0,0.05
8.38,8.94,2.3,0.21,8.3,8.49,2.0,0.05,8.3,9.47,2.1,0.04
8.35,9.05,2.1,0.21,8.3,9.47,2.1,0.04,8.19,9.34,2.3,0.05
8.3,9.05,2.6,0.19,8.19,9.34,2.3,0.05,8.36,8.58,1.6,0.05
8.25,9.28,2.3,0.25,8.36,8.58,1.6,0.05,8.38,8.57,2.4,0.03
8.23,9.35,1.8,0.22,8.38,8.57,2.4,0.03,8.38,8.94,2.3,0.21
8.18,9.23,1.3,0.21,8.38,8.94,2.3,0.21,8.35,9.05,2.1,0.21
8.12,9.24,0.8,0.18,8.35,9.05,2.1,0.21,8.3,9.05,2.6,0.19
8.23,9.2,1.6,0.19,8.3,9.05,2.6,0.19,8.25,9.28,2.3,0.25
8.22,9.26,1.5,0.21,8.25,9.28,2.3,0.25,8.23,9.35,1.8,0.22
8.19,9.39,1.6,0.15,8.23,9.35,1.8,0.22,8.18,9.23,1.3,0.21
8.13,9.11,1.4,0.13,8.18,9.23,1.3,0.21,8.12,9.24,0.8,0.18
8.11,9.01,1.4,0.12,8.12,9.24,0.8,0.18,8.23,9.2,1.6,0.19
8.07,8.44,1.5,0.08,8.23,9.2,1.6,0.19,8.22,9.26,1.5,0.21
8.27,9.91,1.4,0.03,8.22,9.26,1.5,0.21,8.19,9.39,1.6,0.15
8.18,9.92,1.2,0.01,8.19,9.39,1.6,0.15,8.13,9.11,1.4,0.13
8.07,9.43,1.0,0.05,8.13,9.11,1.4,0.13,8.11,9.01,1.4,0.12
8.14,9.91,1.0,0.08,8.11,9.01,1.4,0.12,8.07,8.44,1.5,0.08
8.2,9.5,1.0,0.07,8.07,8.44,1.5,0.08,8.27,9.91,1.4,0.03
8.23,9.76,1.1,0.08,8.27,9.91,1.4,0.03,8.18,9.92,1.2,0.01
8.2,9.94,1.0,0.07,8.18,9.92,1.2,0.01,8.07,9.43,1.0,0.05
8.25,9.85,1.0,0.06,8.07,9.43,1.0,0.05,8.14,9.91,1.0,0.08
8.26,9.7,1.0,0.07,8.14,9.91,1.0,0.08,8.2,9.5,1.0,0.07
8.26,9.62,0.9,0.06,8.2,9.5,1.0,0.07,8.23,9.76,1.1,0.08
8.25,9.71,1.0,0.16,8.23,9.76,1.1,0.08,8.2,9.94,1.0,0.07
8.26,9.66,1.1,0.11,8.2,9.94,1.0,0.07,8.25,9.85,1.0,0.06
8.25,9.42,1.1,0.09,8.25,9.85,1.0,0.06,8.26,9.7,1.0,0.07
8.15,9.31,1.2,0.12,8.26,9.7,1.0,0.07,8.26,9.62,0.9,0.06
8.15,9.21,1.0,0.11,8.26,9.62,0.9,0.06,8.25,9.71,1.0,0.16
8.18,9.07,1.5,0.09,8.25,9.71,1.0,0.16,8.26,9.66,1.1,0.11
8.23,8.83,1.2,0.11,8.26,9.66,1.1,0.11,8.25,9.42,1.1,0.09
8.21,8.64,0.7,0.13,8.25,9.42,1.1,0.09,8.15,9.31,1.2,0.12
8.2,8.42,0.7,0.14,8.15,9.31,1.2,0.12,8.15,9.21,1.0,0.11
8.12,8.6,0.9,0.14,8.15,9.21,1.0,0.11,8.18,9.07,1.5,0.09
8.11,8.45,1.0,0.1,8.18,9.07,1.5,0.09,8.23,8.83,1.2,0.11
8.02,8.37,0.7,0.16,8.23,8.83,1.2,0.11,8.21,8.64,0.7,0.13
8.04,8.08,0.6,0.17,8.21,8.64,0.7,0.13,8.2,8.42,0.7,0.14
8.06,8.2,0.5,0.15,8.2,8.42,0.7,0.14,8.12,8.6,0.9,0.14
8.16,8.51,0.5,0.11,8.12,8.6,0.9,0.14,8.11,8.45,1.0,0.1
8.25,8.1,0.7,0.13,8.11,8.45,1.0,0.1,8.02,8.37,0.7,0.16
8.19,8.2,1.1,0.14,8.02,8.37,0.7,0.16,8.04,8.08,0.6,0.17
7.99,8.56,1.2,0.11,8.04,8.08,0.6,0.17,8.06,8.2,0.5,0.15
8.05,8.54,1.1,0.09,8.06,8.2,0.5,0.15,8.16,8.51,0.5,0.11
8.14,8.4,1.4,0.09,8.16,8.51,0.5,0.11,8.25,8.1,0.7,0.13
8.1,8.22,1.6,0.1,8.25,8.1,0.7,0.13,8.19,8.2,1.1,0.14
8.04,8.46,3.3,0.1,8.19,8.2,1.1,0.14,7.99,8.56,1.2,0.11
8.03,8.4,1.5,0.13,7.99,8.56,1.2,0.11,8.05,8.54,1.1,0.09
7.93,8.11,2.2,0.14,8.05,8.54,1.1,0.09,8.14,8.4,1.4,0.09
7.92,8.56,2.1,0.13,8.14,8.4,1.4,0.09,8.1,8.22,1.6,0.1
7.98,9.31,2.6,0.12,8.1,8.22,1.6,0.1,8.04,8.46,3.3,0.1
8.17,8.88,2.6,0.12,8.04,8.46,3.3,0.1,8.03,8.4,1.5,0.13
8.18,8.62,1.7,0.12,8.03,8.4,1.5,0.13,7.93,8.11,2.2,0.14
8.1,8.46,1.8,0.09,7.93,8.11,2.2,0.14,7.92,8.56,2.1,0.13
8.14,8.61,1.2,0.1,7.92,8.56,2.1,0.13,7.98,9.31,2.6,0.12
8.1,8.51,1.3,0.08,7.98,9.31,2.6,0.12,8.17,8.88,2.6,0.12
8.07,8.28,1.2,0.05,8.17,8.88,2.6,0.12,8.18,8.62,1.7,0.12
8.25,8.44,1.7,0.04,8.18,8.62,1.7,0.12,8.1,8.46,1.8,0.09
8.18,8.7,1.8,0.07,8.1,8.46,1.8,0.09,8.14,8.61,1.2,0.1
8.28,8.46,1.5,0.04,8.14,8.61,1.2,0.1,8.1,8.51,1.3,0.08
8.2,8.59,1.1,0.05,8.1,8.51,1.3,0.08,8.07,8.28,1.2,0.05
8.34,8.61,0.9,0.05,8.07,8.28,1.2,0.05,8.25,8.44,1.7,0.04
8.34,8.64,1.2,0.08,8.25,8.44,1.7,0.04,8.18,8.7,1.8,0.07
8.42,8.92,1.0,0.07,8.18,8.7,1.8,0.07,8.28,8.46,1.5,0.04
8.32,9.04,1.1,0.1,8.28,8.46,1.5,0.04,8.2,8.59,1.1,0.05
8.19,9.06,1.0,0.11,8.2,8.59,1.1,0.05,8.34,8.61,0.9,0.05
8.19,8.98,0.9,0.06,8.34,8.61,0.9,0.05,8.34,8.64,1.2,0.08
8.2,9.3,0.9,0.06,8.34,8.64,1.2,0.08,8.42,8.92,1.0,0.07
8.14,9.55,0.8,0.04,8.42,8.92,1.0,0.07,8.32,9.04,1.1,0.1
8.16,9.59,0.7,0.03,8.32,9.04,1.1,0.1,8.19,9.06,1.0,0.11
8.16,9.55,1.6,0.02,8.19,9.06,1.0,0.11,8.19,8.98,0.9,0.06
8.23,9.92,0.8,0.04,8.19,8.98,0.9,0.06,8.2,9.3,0.9,0.06
8.17,10.2,0.9,0.02,8.2,9.3,0.9,0.06,8.14,9.55,0.8,0.04
8.24,9.47,0.5,0.01,8.14,9.55,0.8,0.04,8.16,9.59,0.7,0.03
8.2,9.75,2.4,0.01,8.16,9.59,0.7,0.03,8.16,9.55,1.6,0.02
8.24,9.8,0.7,0.1030845070422536,8.16,9.55,1.6,0.02,8.23,9.92,0.8,0.04
8.24,9.51,0.4,0.1030845070422536,8.23,9.92,0.8,0.04,8.17,10.2,0.9,0.02
8.25,9.38,0.4,0.15,8.17,10.2,0.9,0.02,8.24,9.47,0.5,0.01
8.18,9.11,0.9,0.12,8.24,9.47,0.5,0.01,8.2,9.75,2.4,0.01
8.25,8.75,0.6,0.09,8.2,9.75,2.4,0.01,8.24,9.8,0.7,0.1030845070422536
8.12,9.11,0.6,0.09,8.24,9.8,0.7,0.1030845070422536,8.24,9.51,0.4,0.1030845070422536
8.28,8.59,0.6,0.09,8.24,9.51,0.4,0.1030845070422536,8.25,9.38,0.4,0.15
8.22,8.42,0.5,0.11,8.25,9.38,0.4,0.15,8.18,9.11,0.9,0.12
8.21,8.39,0.5,0.11,8.18,9.11,0.9,0.12,8.25,8.75,0.6,0.09
8.22,8.19,0.5,0.1,8.25,8.75,0.6,0.09,8.12,9.11,0.6,0.09
8.19,7.96,0.3,0.09,8.12,9.11,0.6,0.09,8.28,8.59,0.6,0.09
8.14,8.25,0.1,0.09,8.28,8.59,0.6,0.09,8.22,8.42,0.5,0.11
8.13,8.56,0.2,0.08,8.22,8.42,0.5,0.11,8.21,8.39,0.5,0.11
8.06,8.42,0.3,0.07,8.21,8.39,0.5,0.11,8.22,8.19,0.5,0.1
8.07,8.24,0.4,0.03,8.22,8.19,0.5,0.1,8.19,7.96,0.3,0.09
8.07,8.41,0.5,0.05,8.19,7.96,0.3,0.09,8.14,8.25,0.1,0.09
8.12,8.44,0.5,0.01,8.14,8.25,0.1,0.09,8.13,8.56,0.2,0.08
8.14,7.7,0.6,0.09,8.13,8.56,0.2,0.08,8.06,8.42,0.3,0.07
8.12,7.59,0.5,0.06,8.06,8.42,0.3,0.07,8.07,8.24,0.4,0.03
8.1,7.46,0.4,0.1,8.07,8.24,0.4,0.03,8.07,8.41,0.5,0.05
7.97,7.93,0.8,0.08,8.07,8.41,0.5,0.05,8.12,8.44,0.5,0.01
7.95,8.72,0.5,0.05,8.12,8.44,0.5,0.01,8.14,7.7,0.6,0.09
8.19,8.06,0.7,0.06,8.14,7.7,0.6,0.09,8.12,7.59,0.5,0.06
8.17,6.63,0.4,0.09,8.12,7.59,0.5,0.06,8.1,7.46,0.4,0.1
8.08,8.43,0.6,0.07,8.1,7.46,0.4,0.1,7.97,7.93,0.8,0.08
8.07,9.29,3.3,0.09,7.97,7.93,0.8,0.08,7.95,8.72,0.5,0.05
8.12,10.1,3.6,0.06,7.95,8.72,0.5,0.05,8.19,8.06,0.7,0.06
8.36,9.75,3.8,0.05,8.19,8.06,0.7,0.06,8.17,6.63,0.4,0.09
8.35,9.85,3.6,0.02,8.17,6.63,0.4,0.09,8.08,8.43,0.6,0.07
8.41,9.98,3.1,0.07,8.08,8.43,0.6,0.07,8.07,9.29,3.3,0.09
8.45,10.2,2.5,0.03,8.07,9.29,3.3,0.09,8.12,10.1,3.6,0.06
8.46,11.3,3.0,0.09,8.12,10.1,3.6,0.06,8.36,9.75,3.8,0.05
8.45,11.0,2.9,0.03,8.36,9.75,3.8,0.05,8.35,9.85,3.6,0.02
8.5,9.84,2.9,0.14,8.35,9.85,3.6,0.02,8.41,9.98,3.1,0.07
8.44,9.67,2.5,0.13,8.41,9.98,3.1,0.07,8.45,10.2,2.5,0.03
8.32,9.73,2.1,0.05,8.45,10.2,2.5,0.03,8.46,11.3,3.0,0.09
8.37,9.68,1.9,0.03,8.46,11.3,3.0,0.09,8.45,11.0,2.9,0.03
8.4,8.98,1.5,0.02,8.45,11.0,2.9,0.03,8.5,9.84,2.9,0.14
8.35,8.84,1.7,0.03,8.5,9.84,2.9,0.14,8.44,9.67,2.5,0.13
8.3,9.45,1.3,0.05,8.44,9.67,2.5,0.13,8.32,9.73,2.1,0.05
8.32,9.17,1.4,0.09,8.32,9.73,2.1,0.05,8.37,9.68,1.9,0.03
8.41,9.11,1.4,0.18,8.37,9.68,1.9,0.03,8.4,8.98,1.5,0.02
8.41,9.03,1.3,0.11,8.4,8.98,1.5,0.02,8.35,8.84,1.7,0.03
8.43,8.9,1.3,0.06,8.35,8.84,1.7,0.03,8.3,9.45,1.3,0.05
8.41,8.98,1.2,0.02,8.3,9.45,1.3,0.05,8.32,9.17,1.4,0.09
8.37,9.12,1.3,0.02,8.32,9.17,1.4,0.09,8.41,9.11,1.4,0.18
8.36,9.15,1.3,0.04,8.41,9.11,1.4,0.18,8.41,9.03,1.3,0.11
8.33,9.26,1.4,0.03,8.41,9.03,1.3,0.11,8.43,8.9,1.3,0.06
8.24,8.65,1.3,0.03,8.43,8.9,1.3,0.06,8.41,8.98,1.2,0.02
8.25,8.38,1.3,0.04,8.41,8.98,1.2,0.02,8.37,9.12,1.3,0.02
8.32,7.67,1.6,0.08,8.37,9.12,1.3,0.02,8.36,9.15,1.3,0.04
8.23,8.43,1.8,0.08,8.36,9.15,1.3,0.04,8.33,9.26,1.4,0.03
8.26,9.58,1.4,0.07,8.33,9.26,1.4,0.03,8.24,8.65,1.3,0.03
8.27,8.62,1.3,0.13,8.24,8.65,1.3,0.03,8.25,8.38,1.3,0.04
8.26,8.3,1.4,0.14,8.25,8.38,1.3,0.04,8.32,7.67,1.6,0.08
8.21,8.21,1.2,0.1,8.32,7.67,1.6,0.08,8.23,8.43,1.8,0.08
8.21,8.16,0.9,0.1,8.23,8.43,1.8,0.08,8.26,9.58,1.4,0.07
8.12,8.11,1.5,0.11,8.26,9.58,1.4,0.07,8.27,8.62,1.3,0.13
8.07,7.82,0.8,0.09,8.27,8.62,1.3,0.13,8.26,8.3,1.4,0.14
8.03,7.76,0.2,0.09,8.26,8.3,1.4,0.14,8.21,8.21,1.2,0.1
8.01,8.19,1.58008356545961,0.09,8.21,8.21,1.2,0.1,8.21,8.16,0.9,0.1
8.01,8.13,1.5,0.09,8.21,8.16,0.9,0.1,8.12,8.11,1.5,0.11
7.92,7.2,2.0,0.09,8.12,8.11,1.5,0.11,8.07,7.82,0.8,0.09
8.34,8.63,1.9,0.1,8.07,7.82,0.8,0.09,8.03,7.76,0.2,0.09
8.54,8.6,1.1,0.09,8.03,7.76,0.2,0.09,8.01,8.19,1.58008356545961,0.09
8.14,8.47,1.0,0.08,8.01,8.19,1.58008356545961,0.09,8.01,8.13,1.5,0.09
8.08,8.05,1.0,0.12,8.01,8.13,1.5,0.09,7.92,7.2,2.0,0.09
8.08,7.84,1.0,0.1,7.92,7.2,2.0,0.09,8.34,8.63,1.9,0.1
8.04,8.49,1.1,0.11,8.34,8.63,1.9,0.1,8.54,8.6,1.1,0.09
8.12,8.57,1.0,0.09,8.54,8.6,1.1,0.09,8.14,8.47,1.0,0.08
8.1,8.58,1.0,0.1,8.14,8.47,1.0,0.08,8.08,8.05,1.0,0.12
8.04,8.01,1.1,0.08,8.08,8.05,1.0,0.12,8.08,7.84,1.0,0.1
7.98,7.36,1.2,0.1,8.08,7.84,1.0,0.1,8.04,8.49,1.1,0.11
8.06,7.69,0.9,0.14,8.04,8.49,1.1,0.11,8.12,8.57,1.0,0.09
8.18,8.53,0.8,0.17,8.12,8.57,1.0,0.09,8.1,8.58,1.0,0.1
8.24,8.77,1.0,0.15,8.1,8.58,1.0,0.1,8.04,8.01,1.1,0.08
8.22,8.61,1.0,0.13,8.04,8.01,1.1,0.08,7.98,7.36,1.2,0.1
8.03,7.98,1.2,0.14,7.98,7.36,1.2,0.1,8.06,7.69,0.9,0.14
8.11,9.18,1.3,0.1,8.06,7.69,0.9,0.14,8.18,8.53,0.8,0.17
7.95,8.94,1.2,0.07,8.18,8.53,0.8,0.17,8.24,8.77,1.0,0.15
7.88,8.55,1.3,0.06,8.24,8.77,1.0,0.15,8.22,8.61,1.0,0.13
8.25,8.5,1.2,0.08,8.22,8.61,1.0,0.13,8.03,7.98,1.2,0.14
8.18,8.09,1.4,0.09,8.03,7.98,1.2,0.14,8.11,9.18,1.3,0.1
8.16,9.41,0.9,0.06,8.11,9.18,1.3,0.1,7.95,8.94,1.2,0.07
7.99,9.98,0.5,0.02,7.95,8.94,1.2,0.07,7.88,8.55,1.3,0.06
8.1,11.4,0.5,0.03,7.88,8.55,1.3,0.06,8.25,8.5,1.2,0.08
7.69,8.25,0.8,0.11,8.25,8.5,1.2,0.08,8.18,8.09,1.4,0.09
7.39,8.5,1.2,0.11,8.18,8.09,1.4,0.09,8.16,9.41,0.9,0.06
7.68,7.96,1.2,0.08,8.16,9.41,0.9,0.06,7.99,9.98,0.5,0.02
8.0,7.74,1.7,0.03,7.99,9.98,0.5,0.02,8.1,11.4,0.5,0.03
7.99,7.08,1.6,0.03,8.1,11.4,0.5,0.03,7.69,8.25,0.8,0.11
8.25,8.16,1.3,0.01,7.69,8.25,0.8,0.11,7.39,8.5,1.2,0.11
8.14,7.7,1.3,0.01,7.39,8.5,1.2,0.11,7.68,7.96,1.2,0.08
8.06,7.6,1.2,0.06,7.68,7.96,1.2,0.08,8.0,7.74,1.7,0.03
8.28,7.68,1.2,0.09,8.0,7.74,1.7,0.03,7.99,7.08,1.6,0.03
8.39,8.62,1.3,0.16,7.99,7.08,1.6,0.03,8.25,8.16,1.3,0.01
8.48,8.51,1.5,0.08,8.25,8.16,1.3,0.01,8.14,7.7,1.3,0.01
8.29,8.77,1.5,0.02,8.14,7.7,1.3,0.01,8.06,7.6,1.2,0.06
8.28,8.82,1.4,0.01,8.06,7.6,1.2,0.06,8.28,7.68,1.2,0.09
8.35,8.83,1.4,0.02,8.28,7.68,1.2,0.09,8.39,8.62,1.3,0.16
8.41,8.95,1.4,0.02,8.39,8.62,1.3,0.16,8.48,8.51,1.5,0.08
8.24,8.97,1.2,0.03,8.48,8.51,1.5,0.08,8.29,8.77,1.5,0.02
8.16,8.98,1.1,0.01,8.29,8.77,1.5,0.02,8.28,8.82,1.4,0.01
8.208987517337025,8.817154811715474,1.58008356545961,0.1030845070422536,8.28,8.82,1.4,0.01,8.35,8.83,1.4,0.02
8.21,9.23,0.9,0.02,8.35,8.83,1.4,0.02,8.41,8.95,1.4,0.02
8.16,9.25,0.9,0.05,8.41,8.95,1.4,0.02,8.24,8.97,1.2,0.03
8.05,9.42,0.9,0.07,8.24,8.97,1.2,0.03,8.16,8.98,1.1,0.01
7.96,9.48,0.9,0.08,8.16,8.98,1.1,0.01,8.208987517337025,8.817154811715474,1.58008356545961,0.1030845070422536
7.76,9.4,0.9,0.04,8.208987517337025,8.817154811715474,1.58008356545961,0.1030845070422536,8.21,9.23,0.9,0.02
7.71,9.17,0.9,0.04,8.21,9.23,0.9,0.02,8.16,9.25,0.9,0.05
7.76,10.1,1.1,0.05,8.16,9.25,0.9,0.05,8.05,9.42,0.9,0.07
7.79,9.31,1.0,0.06,8.05,9.42,0.9,0.07,7.96,9.48,0.9,0.08
7.68,9.04,1.6,0.11,7.96,9.48,0.9,0.08,7.76,9.4,0.9,0.04
7.53,8.89,1.5,0.26,7.76,9.4,0.9,0.04,7.71,9.17,0.9,0.04
8.09,8.89,1.3,0.14,7.71,9.17,0.9,0.04,7.76,10.1,1.1,0.05
8.16,8.69,1.2,0.05,7.76,10.1,1.1,0.05,7.79,9.31,1.0,0.06
8.29,8.82,1.1,0.12,7.79,9.31,1.0,0.06,7.68,9.04,1.6,0.11
8.2,8.2,2.4,0.11,7.68,9.04,1.6,0.11,7.53,8.89,1.5,0.26
8.14,7.57,1.1,0.08,7.53,8.89,1.5,0.26,8.09,8.89,1.3,0.14
8.12,7.53,1.1,0.06,8.09,8.89,1.3,0.14,8.16,8.69,1.2,0.05
8.08,9.16,1.1,0.09,8.16,8.69,1.2,0.05,8.29,8.82,1.1,0.12
8.03,9.12,1.1,0.16,8.29,8.82,1.1,0.12,8.2,8.2,2.4,0.11
8.03,8.88,1.1,0.04,8.2,8.2,2.4,0.11,8.14,7.57,1.1,0.08
8.02,8.76,1.1,0.06,8.14,7.57,1.1,0.08,8.12,7.53,1.1,0.06
8.08,9.39,1.3,0.03,8.12,7.53,1.1,0.06,8.08,9.16,1.1,0.09
8.05,8.62,1.5,0.03,8.08,9.16,1.1,0.09,8.03,9.12,1.1,0.16
8.07,8.61,1.4,0.02,8.03,9.12,1.1,0.16,8.03,8.88,1.1,0.04
8.208987517337025,8.817154811715474,1.58008356545961,0.1030845070422536,8.03,8.88,1.1,0.04,8.02,8.76,1.1,0.06
8.208987517337025,8.817154811715474,1.58008356545961,0.1030845070422536,8.02,8.76,1.1,0.06,8.08,9.39,1.3,0.03
8.02,9.88,2.0,0.01,8.08,9.39,1.3,0.03,8.05,8.62,1.5,0.03
8.19,9.06,1.7,0.01,8.05,8.62,1.5,0.03,8.07,8.61,1.4,0.02
8.08,9.74,1.9,0.06,8.07,8.61,1.4,0.02,8.208987517337025,8.817154811715474,1.58008356545961,0.1030845070422536
8.1,8.69,2.0,0.06,8.208987517337025,8.817154811715474,1.58008356545961,0.1030845070422536,8.208987517337025,8.817154811715474,1.58008356545961,0.1030845070422536
8.2,8.06,2.8,0.28,8.208987517337025,8.817154811715474,1.58008356545961,0.1030845070422536,8.02,9.88,2.0,0.01
8.42,7.94,3.8,0.23,8.02,9.88,2.0,0.01,8.19,9.06,1.7,0.01
8.32,7.6,4.3,0.19,8.19,9.06,1.7,0.01,8.08,9.74,1.9,0.06
8.38,7.31,3.9,0.18,8.08,9.74,1.9,0.06,8.1,8.69,2.0,0.06
8.39,8.16,3.2,0.19,8.1,8.69,2.0,0.06,8.2,8.06,2.8,0.28
8.52,7.98,3.5,0.23,8.2,8.06,2.8,0.28,8.42,7.94,3.8,0.23
8.28,7.09,3.5,0.21,8.42,7.94,3.8,0.23,8.32,7.6,4.3,0.19
8.3,8.69,1.3,0.17,8.32,7.6,4.3,0.19,8.38,7.31,3.9,0.18
8.28,7.97,1.9,0.17,8.38,7.31,3.9,0.18,8.39,8.16,3.2,0.19
8.25,8.52,2.5,0.16,8.39,8.16,3.2,0.19,8.52,7.98,3.5,0.23
8.16,8.8,2.8,0.2,8.52,7.98,3.5,0.23,8.28,7.09,3.5,0.21
7.75,9.42,2.2,0.2,8.28,7.09,3.5,0.21,8.3,8.69,1.3,0.17
7.65,9.89,2.2,0.2,8.3,8.69,1.3,0.17,8.28,7.97,1.9,0.17
7.66,9.35,2.3,0.18,8.28,7.97,1.9,0.17,8.25,8.52,2.5,0.16
7.65,9.78,2.2,0.21,8.25,8.52,2.5,0.16,8.16,8.8,2.8,0.2
7.65,10.1,2.1,0.13,8.16,8.8,2.8,0.2,7.75,9.42,2.2,0.2
7.77,10.9,2.2,0.18,7.75,9.42,2.2,0.2,7.65,9.89,2.2,0.2
7.77,11.2,1.5,0.18,7.65,9.89,2.2,0.2,7.66,9.35,2.3,0.18
7.7,11.6,1.9,0.16,7.66,9.35,2.3,0.18,7.65,9.78,2.2,0.21
8.208987517337025,8.817154811715474,1.58008356545961,0.1030845070422536,7.65,9.78,2.2,0.21,7.65,10.1,2.1,0.13
7.94,11.0,1.4,0.31,7.65,10.1,2.1,0.13,7.77,10.9,2.2,0.18
7.83,12.2,0.9,0.22,7.77,10.9,2.2,0.18,7.77,11.2,1.5,0.18
7.82,11.6,1.8,0.23,7.77,11.2,1.5,0.18,7.7,11.6,1.9,0.16
7.76,12.7,2.5,0.22,7.7,11.6,1.9,0.16,8.208987517337025,8.817154811715474,1.58008356545961,0.1030845070422536
7.67,12.7,2.5,0.18,8.208987517337025,8.817154811715474,1.58008356545961,0.1030845070422536,7.94,11.0,1.4,0.31
7.86,10.3,3.0,0.1,7.94,11.0,1.4,0.31,7.83,12.2,0.9,0.22
7.6,9.48,2.8,0.09,7.83,12.2,0.9,0.22,7.82,11.6,1.8,0.23
7.09,7.26,2.0,0.11,7.82,11.6,1.8,0.23,7.76,12.7,2.5,0.22
7.13,7.76,2.1,0.08,7.76,12.7,2.5,0.22,7.67,12.7,2.5,0.18
7.33,9.8,1.9,0.1,7.67,12.7,2.5,0.18,7.86,10.3,3.0,0.1
7.18,9.45,2.8,0.1,7.86,10.3,3.0,0.1,7.6,9.48,2.8,0.09
7.1,9.0,3.2,0.04,7.6,9.48,2.8,0.09,7.09,7.26,2.0,0.11
7.02,8.58,2.4,0.11,7.09,7.26,2.0,0.11,7.13,7.76,2.1,0.08
7.48,8.26,1.7,0.09,7.13,7.76,2.1,0.08,7.33,9.8,1.9,0.1
8.208987517337025,8.817154811715474,1.58008356545961,0.1030845070422536,7.33,9.8,1.9,0.1,7.18,9.45,2.8,0.1
7.54,7.52,1.5,0.09,7.18,9.45,2.8,0.1,7.1,9.0,3.2,0.04
7.15,7.14,1.4,0.08,7.1,9.0,3.2,0.04,7.02,8.58,2.4,0.11
7.64,8.58,1.3,0.13,7.02,8.58,2.4,0.11,7.48,8.26,1.7,0.09
7.15,8.86,1.2,0.05,7.48,8.26,1.7,0.09,8.208987517337025,8.817154811715474,1.58008356545961,0.1030845070422536
6.5,4.65,1.6,0.09,8.208987517337025,8.817154811715474,1.58008356545961,0.1030845070422536,7.54,7.52,1.5,0.09
7.4,8.24,1.6,0.13,7.54,7.52,1.5,0.09,7.15,7.14,1.4,0.08
8.208987517337025,8.817154811715474,1.58008356545961,0.1030845070422536,7.15,7.14,1.4,0.08,7.64,8.58,1.3,0.13
6.31,6.48,1.5,0.09,7.64,8.58,1.3,0.13,7.15,8.86,1.2,0.05
6.54,7.26,1.4,0.24,7.15,8.86,1.2,0.05,6.5,4.65,1.6,0.09
8.208987517337025,8.817154811715474,1.58008356545961,0.1030845070422536,6.5,4.65,1.6,0.09,7.4,8.24,1.6,0.13
7.3,7.69,1.5,0.25,7.4,8.24,1.6,0.13,8.208987517337025,8.817154811715474,1.58008356545961,0.1030845070422536
7.63,8.23,1.5,0.1,8.208987517337025,8.817154811715474,1.58008356545961,0.1030845070422536,6.31,6.48,1.5,0.09
7.81,6.29,1.5,0.08,6.31,6.48,1.5,0.09,6.54,7.26,1.4,0.24
8.208987517337025,8.817154811715474,1.58008356545961,0.1030845070422536,6.54,7.26,1.4,0.24,8.208987517337025,8.817154811715474,1.58008356545961,0.1030845070422536
8.06,8.81,1.5,0.11,8.208987517337025,8.817154811715474,1.58008356545961,0.1030845070422536,7.3,7.69,1.5,0.25
8.26,9.65,1.5,0.08,7.3,7.69,1.5,0.25,7.63,8.23,1.5,0.1
8.208987517337025,8.817154811715474,1.58008356545961,0.1030845070422536,7.63,8.23,1.5,0.1,7.81,6.29,1.5,0.08
8.208987517337025,8.817154811715474,1.58008356545961,0.1030845070422536,7.81,6.29,1.5,0.08,8.208987517337025,8.817154811715474,1.58008356545961,0.1030845070422536
8.208987517337025,8.817154811715474,1.58008356545961,0.1030845070422536,8.208987517337025,8.817154811715474,1.58008356545961,0.1030845070422536,8.06,8.81,1.5,0.11
8.208987517337025,8.817154811715474,1.58008356545961,0.1030845070422536,8.06,8.81,1.5,0.11,8.26,9.65,1.5,0.08
8.208987517337025,8.817154811715474,1.58008356545961,0.1030845070422536,8.26,9.65,1.5,0.08,8.208987517337025,8.817154811715474,1.58008356545961,0.1030845070422536
8.208987517337025,8.817154811715474,1.58008356545961,0.1030845070422536,8.208987517337025,8.817154811715474,1.58008356545961,0.1030845070422536,8.208987517337025,8.817154811715474,1.58008356545961,0.1030845070422536
8.208987517337025,8.817154811715474,1.58008356545961,0.1030845070422536,8.208987517337025,8.817154811715474,1.58008356545961,0.1030845070422536,8.208987517337025,8.817154811715474,1.58008356545961,0.1030845070422536
8.208987517337025,8.817154811715474,1.58008356545961,0.1030845070422536,8.208987517337025,8.817154811715474,1.58008356545961,0.1030845070422536,8.208987517337025,8.817154811715474,1.58008356545961,0.1030845070422536
8.208987517337025,8.817154811715474,1.58008356545961,0.1030845070422536,8.208987517337025,8.817154811715474,1.58008356545961,0.1030845070422536,8.208987517337025,8.817154811715474,1.58008356545961,0.1030845070422536
8.208987517337025,8.817154811715474,1.58008356545961,0.1030845070422536,8.208987517337025,8.817154811715474,1.58008356545961,0.1030845070422536,8.208987517337025,8.817154811715474,1.58008356545961,0.1030845070422536
8.208987517337025,8.817154811715474,1.58008356545961,0.1030845070422536,8.208987517337025,8.817154811715474,1.58008356545961,0.1030845070422536,8.208987517337025,8.817154811715474,1.58008356545961,0.1030845070422536
7.9,8.82,1.6,0.09,8.208987517337025,8.817154811715474,1.58008356545961,0.1030845070422536,8.208987517337025,8.817154811715474,1.58008356545961,0.1030845070422536
8.208987517337025,8.817154811715474,1.58008356545961,0.1030845070422536,8.208987517337025,8.817154811715474,1.58008356545961,0.1030845070422536,8.208987517337025,8.817154811715474,1.58008356545961,0.1030845070422536
8.03,9.35,1.7,0.07,8.208987517337025,8.817154811715474,1.58008356545961,0.1030845070422536,8.208987517337025,8.817154811715474,1.58008356545961,0.1030845070422536
8.01,9.46,1.6,0.08,8.208987517337025,8.817154811715474,1.58008356545961,0.1030845070422536,8.208987517337025,8.817154811715474,1.58008356545961,0.1030845070422536
7.96,9.34,1.4,0.08,8.208987517337025,8.817154811715474,1.58008356545961,0.1030845070422536,7.9,8.82,1.6,0.09
8.208987517337025,8.817154811715474,1.58008356545961,0.1030845070422536,7.9,8.82,1.6,0.09,8.208987517337025,8.817154811715474,1.58008356545961,0.1030845070422536
8.208987517337025,8.817154811715474,1.58008356545961,0.1030845070422536,8.208987517337025,8.817154811715474,1.58008356545961,0.1030845070422536,8.03,9.35,1.7,0.07
7.6,10.5,1.2,0.06,8.03,9.35,1.7,0.07,8.01,9.46,1.6,0.08
8.16,9.43,1.3,0.07,8.01,9.46,1.6,0.08,7.96,9.34,1.4,0.08
8.208987517337025,8.817154811715474,1.58008356545961,0.1030845070422536,7.96,9.34,1.4,0.08,8.208987517337025,8.817154811715474,1.58008356545961,0.1030845070422536
8.29,9.99,1.1,0.12,8.208987517337025,8.817154811715474,1.58008356545961,0.1030845070422536,8.208987517337025,8.817154811715474,1.58008356545961,0.1030845070422536
8.59,9.9,1.2,0.08,8.208987517337025,8.817154811715474,1.58008356545961,0.1030845070422536,7.6,10.5,1.2,0.06
8.208987517337025,8.817154811715474,1.58008356545961,0.1030845070422536,7.6,10.5,1.2,0.06,8.16,9.43,1.3,0.07
8.03,9.84,1.2,0.06,8.16,9.43,1.3,0.07,8.208987517337025,8.817154811715474,1.58008356545961,0.1030845070422536
8.208987517337025,8.817154811715474,1.58008356545961,0.1030845070422536,8.208987517337025,8.817154811715474,1.58008356545961,0.1030845070422536,8.29,9.99,1.1,0.12
8.208987517337025,8.817154811715474,1.58008356545961,0.1030845070422536,8.29,9.99,1.1,0.12,8.59,9.9,1.2,0.08
7.97,10.4,1.3,0.09,8.59,9.9,1.2,0.08,8.208987517337025,8.817154811715474,1.58008356545961,0.1030845070422536
8.208987517337025,8.817154811715474,1.58008356545961,0.1030845070422536,8.208987517337025,8.817154811715474,1.58008356545961,0.1030845070422536,8.03,9.84,1.2,0.06
8.208987517337025,8.817154811715474,1.58008356545961,0.1030845070422536,8.03,9.84,1.2,0.06,8.208987517337025,8.817154811715474,1.58008356545961,0.1030845070422536
8.14,9.9,1.3,0.07,8.208987517337025,8.817154811715474,1.58008356545961,0.1030845070422536,8.208987517337025,8.817154811715474,1.58008356545961,0.1030845070422536
8.1,9.5,1.3,0.06,8.208987517337025,8.817154811715474,1.58008356545961,0.1030845070422536,7.97,10.4,1.3,0.09
8.208987517337025,8.817154811715474,1.58008356545961,0.1030845070422536,7.97,10.4,1.3,0.09,8.208987517337025,8.817154811715474,1.58008356545961,0.1030845070422536
7.94,10.3,1.4,0.08,8.208987517337025,8.817154811715474,1.58008356545961,0.1030845070422536,8.208987517337025,8.817154811715474,1.58008356545961,0.1030845070422536
7.71,9.92,1.2,0.05,8.208987517337025,8.817154811715474,1.58008356545961,0.1030845070422536,8.14,9.9,1.3,0.07
7.56,10.1,1.3,0.07,8.14,9.9,1.3,0.07,8.1,9.5,1.3,0.06
7.37,8.65,1.4,0.07,8.1,9.5,1.3,0.06,8.208987517337025,8.817154811715474,1.58008356545961,0.1030845070422536
7.48,9.09,1.4,0.06,8.208987517337025,8.817154811715474,1.58008356545961,0.1030845070422536,7.94,10.3,1.4,0.08
7.36,8.13,1.5,0.06,7.94,10.3,1.4,0.08,7.71,9.92,1.2,0.05
7.33,7.4,1.2,0.06,7.71,9.92,1.2,0.05,7.56,10.1,1.3,0.07
7.1,7.44,1.3,0.12,7.56,10.1,1.3,0.07,7.37,8.65,1.4,0.07
7.09,7.32,1.2,0.08,7.37,8.65,1.4,0.07,7.48,9.09,1.4,0.06
6.98,7.58,1.2,0.07,7.48,9.09,1.4,0.06,7.36,8.13,1.5,0.06
8.208987517337025,8.817154811715474,1.58008356545961,0.1030845070422536,7.36,8.13,1.5,0.06,7.33,7.4,1.2,0.06
7.05,7.99,1.3,0.06,7.33,7.4,1.2,0.06,7.1,7.44,1.3,0.12
8.208987517337025,8.817154811715474,1.58008356545961,0.1030845070422536,7.1,7.44,1.3,0.12,7.09,7.32,1.2,0.08
6.79,7.65,1.5,0.05,7.09,7.32,1.2,0.08,6.98,7.58,1.2,0.07
8.208987517337025,8.817154811715474,1.58008356545961,0.1030845070422536,6.98,7.58,1.2,0.07,8.208987517337025,8.817154811715474,1.58008356545961,0.1030845070422536
8.208987517337025,8.817154811715474,1.58008356545961,0.1030845070422536,8.208987517337025,8.817154811715474,1.58008356545961,0.1030845070422536,7.05,7.99,1.3,0.06
8.208987517337025,8.817154811715474,1.58008356545961,0.1030845070422536,7.05,7.99,1.3,0.06,8.208987517337025,8.817154811715474,1.58008356545961,0.1030845070422536
8.208987517337025,8.817154811715474,1.58008356545961,0.1030845070422536,8.208987517337025,8.817154811715474,1.58008356545961,0.1030845070422536,6.79,7.65,1.5,0.05
8.208987517337025,8.817154811715474,1.58008356545961,0.1030845070422536,6.79,7.65,1.5,0.05,8.208987517337025,8.817154811715474,1.58008356545961,0.1030845070422536
8.208987517337025,8.817154811715474,1.58008356545961,0.1030845070422536,8.208987517337025,8.817154811715474,1.58008356545961,0.1030845070422536,8.208987517337025,8.817154811715474,1.58008356545961,0.1030845070422536
7.0,10.3,1.8,0.08,8.208987517337025,8.817154811715474,1.58008356545961,0.1030845070422536,8.208987517337025,8.817154811715474,1.58008356545961,0.1030845070422536
6.79,8.5,1.6,0.08,8.208987517337025,8.817154811715474,1.58008356545961,0.1030845070422536,8.208987517337025,8.817154811715474,1.58008356545961,0.1030845070422536
8.208987517337025,8.817154811715474,1.58008356545961,0.1030845070422536,8.208987517337025,8.817154811715474,1.58008356545961,0.1030845070422536,8.208987517337025,8.817154811715474,1.58008356545961,0.1030845070422536
8.208987517337025,8.817154811715474,1.58008356545961,0.1030845070422536,8.208987517337025,8.817154811715474,1.58008356545961,0.1030845070422536,8.208987517337025,8.817154811715474,1.58008356545961,0.1030845070422536
8.208987517337025,8.817154811715474,1.58008356545961,0.1030845070422536,8.208987517337025,8.817154811715474,1.58008356545961,0.1030845070422536,7.0,10.3,1.8,0.08
6.96,8.68,1.7,0.07,7.0,10.3,1.8,0.08,6.79,8.5,1.6,0.08
8.208987517337025,8.817154811715474,1.58008356545961,0.1030845070422536,6.79,8.5,1.6,0.08,8.208987517337025,8.817154811715474,1.58008356545961,0.1030845070422536
7.77,9.0,1.6,0.1,8.208987517337025,8.817154811715474,1.58008356545961,0.1030845070422536,8.208987517337025,8.817154811715474,1.58008356545961,0.1030845070422536
8.208987517337025,8.817154811715474,1.58008356545961,0.1030845070422536,8.208987517337025,8.817154811715474,1.58008356545961,0.1030845070422536,8.208987517337025,8.817154811715474,1.58008356545961,0.1030845070422536
8.208987517337025,8.817154811715474,1.58008356545961,0.1030845070422536,8.208987517337025,8.817154811715474,1.58008356545961,0.1030845070422536,6.96,8.68,1.7,0.07
8.208987517337025,8.817154811715474,1.58008356545961,0.1030845070422536,6.96,8.68,1.7,0.07,8.208987517337025,8.817154811715474,1.58008356545961,0.1030845070422536
8.208987517337025,8.817154811715474,1.58008356545961,0.1030845070422536,8.208987517337025,8.817154811715474,1.58008356545961,0.1030845070422536,7.77,9.0,1.6,0.1
8.208987517337025,8.817154811715474,1.58008356545961,0.1030845070422536,7.77,9.0,1.6,0.1,8.208987517337025,8.817154811715474,1.58008356545961,0.1030845070422536
8.1,10.8,1.7,0.08,8.208987517337025,8.817154811715474,1.58008356545961,0.1030845070422536,8.208987517337025,8.817154811715474,1.58008356545961,0.1030845070422536
8.12,10.9,1.7,0.13,8.208987517337025,8.817154811715474,1.58008356545961,0.1030845070422536,8.208987517337025,8.817154811715474,1.58008356545961,0.1030845070422536
7.89,10.9,1.6,0.11,8.208987517337025,8.817154811715474,1.58008356545961,0.1030845070422536,8.208987517337025,8.817154811715474,1.58008356545961,0.1030845070422536
8.208987517337025,8.817154811715474,1.58008356545961,0.1030845070422536,8.208987517337025,8.817154811715474,1.58008356545961,0.1030845070422536,8.208987517337025,8.817154811715474,1.58008356545961,0.1030845070422536
8.208987517337025,8.817154811715474,1.58008356545961,0.1030845070422536,8.208987517337025,8.817154811715474,1.58008356545961,0.1030845070422536,8.1,10.8,1.7,0.08
8.208987517337025,8.817154811715474,1.58008356545961,0.1030845070422536,8.1,10.8,1.7,0.08,8.12,10.9,1.7,0.13
8.208987517337025,8.817154811715474,1.58008356545961,0.1030845070422536,8.12,10.9,1.7,0.13,7.89,10.9,1.6,0.11
7.81,9.68,1.3,0.1,7.89,10.9,1.6,0.11,8.208987517337025,8.817154811715474,1.58008356545961,0.1030845070422536
7.84,10.4,1.3,0.09,8.208987517337025,8.817154811715474,1.58008356545961,0.1030845070422536,8.208987517337025,8.817154811715474,1.58008356545961,0.1030845070422536
