7.19,6.8,5.6,5.42,7.36,7.68,5.5,5.03
7.338377253814136,6.459930362116999,4.528294036061027,2.0446518105849583,7.19,6.8,5.6,5.42
7.53,7.5,5.1,5.78,7.338377253814136,6.459930362116999,4.528294036061027,2.0446518105849583
7.42,8.02,4.8,5.34,7.53,7.5,5.1,5.78
7.18,7.92,4.8,6.15,7.42,8.02,4.8,5.34
7.24,7.62,4.9,5.91,7.18,7.92,4.8,6.15
7.65,7.86,5.1,5.83,7.24,7.62,4.9,5.91
7.52,6.83,5.0,5.66,7.65,7.86,5.1,5.83
7.47,6.96,5.6,5.28,7.52,6.83,5.0,5.66
7.41,6.7,5.6,5.48,7.47,6.96,5.6,5.28
7.44,7.33,5.2,6.88,7.41,6.7,5.6,5.48
7.4,6.89,5.1,7.25,7.44,7.33,5.2,6.88
7.5,6.26,4.5,7.82,7.4,6.89,5.1,7.25
7.58,6.92,4.7,7.68,7.5,6.26,4.5,7.82
7.52,5.3,4.9,8.0,7.58,6.92,4.7,7.68
7.51,6.58,5.8,7.82,7.52,5.3,4.9,8.0
7.51,6.58,5.8,7.82,7.51,6.58,5.8,7.82
7.41,4.78,4.9,7.73,7.51,6.58,5.8,7.82
7.11,4.68,4.9,6.1,7.41,4.78,4.9,7.73
7.53,4.47,4.6,6.34,7.11,4.68,4.9,6.1
7.41,4.45,4.6,5.9,7.53,4.47,4.6,6.34
7.39,3.79,5.5,5.54,7.41,4.45,4.6,5.9
7.38,4.64,5.6,5.16,7.39,3.79,5.5,5.54
7.3,4.49,6.1,5.56,7.38,4.64,5.6,5.16
7.98,4.18,5.7,5.35,7.3,4.49,6.1,5.56
7.51,3.77,5.2,4.91,7.98,4.18,5.7,5.35
7.338377253814136,6.459930362116999,4.528294036061027,2.0446518105849583,7.51,3.77,5.2,4.91
7.338377253814136,6.459930362116999,4.528294036061027,2.0446518105849583,7.338377253814136,6.459930362116999,4.528294036061027,2.0446518105849583
7.338377253814136,6.459930362116999,4.528294036061027,2.0446518105849583,7.338377253814136,6.459930362116999,4.528294036061027,2.0446518105849583
7.19,4.28,4.5,4.56,7.338377253814136,6.459930362116999,4.528294036061027,2.0446518105849583
7.08,3.75,5.5,4.2,7.19,4.28,4.5,4.56
6.81,3.89,5.1,3.64,7.08,3.75,5.5,4.2
7.08,3.5,5.4,3.13,6.81,3.89,5.1,3.64
7.24,3.72,5.0,2.99,7.08,3.5,5.4,3.13
7.34,4.14,4.9,2.4,7.24,3.72,5.0,2.99
7.4,4.36,5.1,1.57,7.34,4.14,4.9,2.4
7.41,4.42,4.0,1.38,7.4,4.36,5.1,1.57
7.338377253814136,6.459930362116999,4.528294036061027,2.0446518105849583,7.41,4.42,4.0,1.38
7.36,4.23,5.6,1.42,7.338377253814136,6.459930362116999,4.528294036061027,2.0446518105849583
7.43,4.24,5.5,1.86,7.36,4.23,5.6,1.42
7.39,4.18,5.5,2.14,7.43,4.24,5.5,1.86
7.4,5.32,5.6,2.33,7.39,4.18,5.5,2.14
7.05,5.18,5.6,2.21,7.4,5.32,5.6,2.33
7.25,5.06,5.5,2.53,7.05,5.18,5.6,2.21
7.11,5.03,5.6,2.44,7.25,5.06,5.5,2.53
7.2,5.31,5.5,2.32,7.11,5.03,5.6,2.44
7.3,4.74,5.6,3.26,7.2,5.31,5.5,2.32
7.13,6.18,5.4,3.51,7.3,4.74,5.6,3.26
7.28,6.56,5.4,4.32,7.13,6.18,5.4,3.51
7.03,5.4,5.6,4.12,7.28,6.56,5.4,4.32
7.37,6.69,4.9,4.77,7.03,5.4,5.6,4.12
7.34,7.86,5.6,4.24,7.37,6.69,4.9,4.77
7.1,8.99,5.7,4.13,7.34,7.86,5.6,4.24
7.29,8.35,5.5,4.07,7.1,8.99,5.7,4.13
7.03,7.39,5.6,4.34,7.29,8.35,5.5,4.07
7.23,7.86,5.5,3.93,7.03,7.39,5.6,4.34
7.32,8.25,5.5,4.38,7.23,7.86,5.5,3.93
7.338377253814136,6.459930362116999,4.528294036061027,2.0446518105849583,7.32,8.25,5.5,4.38
7.33,8.32,5.6,4.61,7.338377253814136,6.459930362116999,4.528294036061027,2.0446518105849583
7.13,9.34,5.7,4.96,7.33,8.32,5.6,4.61
7.19,7.8,5.7,4.4,7.13,9.34,5.7,4.96
7.1,7.45,5.6,4.8,7.19,7.8,5.7,4.4
7.14,8.27,5.6,5.06,7.1,7.45,5.6,4.8
7.08,7.15,5.6,4.65,7.14,8.27,5.6,5.06
7.34,6.07,5.4,4.85,7.08,7.15,5.6,4.65
7.35,6.66,6.2,6.31,7.34,6.07,5.4,4.85
6.99,5.31,6.6,5.97,7.35,6.66,6.2,6.31
7.01,5.66,5.9,6.35,6.99,5.31,6.6,5.97
7.03,6.43,5.9,5.98,7.01,5.66,5.9,6.35
7.06,5.11,5.8,6.25,7.03,6.43,5.9,5.98
7.07,7.57,6.6,5.63,7.06,5.11,5.8,6.25
7.02,5.36,5.7,5.05,7.07,7.57,6.6,5.63
7.04,4.07,5.8,5.01,7.02,5.36,5.7,5.05
6.94,5.87,5.8,4.4,7.04,4.07,5.8,5.01
6.97,4.36,5.8,4.03,6.94,5.87,5.8,4.4
7.26,3.9,5.6,4.14,6.97,4.36,5.8,4.03
6.97,3.36,5.7,4.36,7.26,3.9,5.6,4.14
6.95,3.9,5.9,4.07,6.97,3.36,5.7,4.36
7.3,3.01,5.8,3.38,6.95,3.9,5.9,4.07
7.18,4.28,5.8,2.93,7.3,3.01,5.8,3.38
7.22,4.02,6.0,2.88,7.18,4.28,5.8,2.93
7.39,3.53,5.9,2.97,7.22,4.02,6.0,2.88
7.36,3.02,5.9,3.22,7.39,3.53,5.9,2.97
7.46,4.14,6.2,2.18,7.36,3.02,5.9,3.22
7.23,4.22,5.9,2.11,7.46,4.14,6.2,2.18
6.98,2.7,5.9,1.98,7.23,4.22,5.9,2.11
7.35,3.1,5.9,2.13,6.98,2.7,5.9,1.98
6.96,4.66,5.9,2.1,7.35,3.1,5.9,2.13
7.04,4.9,5.9,1.98,6.96,4.66,5.9,2.1
7.37,3.81,5.9,2.14,7.04,4.9,5.9,1.98
7.26,3.35,5.9,2.51,7.37,3.81,5.9,2.14
7.13,3.99,5.9,2.84,7.26,3.35,5.9,2.51
7.31,4.9,5.7,2.92,7.13,3.99,5.9,2.84
7.29,4.9,5.8,3.07,7.31,4.9,5.7,2.92
7.26,4.7,5.8,3.18,7.29,4.9,5.8,3.07
7.34,5.73,6.0,3.35,7.26,4.7,5.8,3.18
7.23,3.92,5.8,3.45,7.34,5.73,6.0,3.35
7.26,5.12,5.8,3.56,7.23,3.92,5.8,3.45
7.46,5.81,5.7,3.65,7.26,5.12,5.8,3.56
7.4,5.5,5.8,4.15,7.46,5.81,5.7,3.65
7.38,9.95,5.8,4.34,7.4,5.5,5.8,4.15
7.32,9.43,5.8,4.36,7.38,9.95,5.8,4.34
7.24,9.41,5.8,4.49,7.32,9.43,5.8,4.36
7.41,9.05,5.7,4.58,7.24,9.41,5.8,4.49
7.52,9.8,6.1,4.32,7.41,9.05,5.7,4.58
7.55,9.45,6.6,5.41,7.52,9.8,6.1,4.32
7.39,8.63,5.9,5.44,7.55,9.45,6.6,5.41
7.36,7.36,6.5,5.23,7.39,8.63,5.9,5.44
7.37,7.2,5.5,4.81,7.36,7.36,6.5,5.23
7.41,8.52,5.7,4.43,7.37,7.2,5.5,4.81
7.31,7.56,5.5,4.7,7.41,8.52,5.7,4.43
7.26,6.6,5.9,5.17,7.31,7.56,5.5,4.7
7.35,6.63,6.0,4.91,7.26,6.6,5.9,5.17
7.25,5.17,5.8,4.52,7.35,6.63,6.0,4.91
7.36,8.09,5.3,5.1,7.25,5.17,5.8,4.52
7.33,7.76,5.3,5.72,7.36,8.09,5.3,5.1
7.29,7.98,5.2,5.62,7.33,7.76,5.3,5.72
7.21,7.62,5.6,5.82,7.29,7.98,5.2,5.62
7.32,6.59,6.2,5.69,7.21,7.62,5.6,5.82
7.35,7.94,6.2,5.09,7.32,6.59,6.2,5.69
7.338377253814136,6.459930362116999,4.528294036061027,2.0446518105849583,7.35,7.94,6.2,5.09
7.25,7.01,6.0,3.58,7.338377253814136,6.459930362116999,4.528294036061027,2.0446518105849583
7.12,5.33,5.6,3.23,7.25,7.01,6.0,3.58
7.06,6.52,5.8,2.97,7.12,5.33,5.6,3.23
7.05,6.18,5.0,1.63,7.06,6.52,5.8,2.97
6.98,6.61,5.0,1.45,7.05,6.18,5.0,1.63
6.99,5.45,5.3,2.25,6.98,6.61,5.0,1.45
6.94,4.51,5.5,2.62,6.99,5.45,5.3,2.25
6.82,3.84,5.9,2.71,6.94,4.51,5.5,2.62
6.76,3.78,5.5,4.14,6.82,3.84,5.9,2.71
7.01,4.08,5.4,2.98,6.76,3.78,5.5,4.14
7.1,4.91,5.9,2.43,7.01,4.08,5.4,2.98
7.18,4.82,6.0,3.31,7.1,4.91,5.9,2.43
7.14,5.41,6.1,2.83,7.18,4.82,6.0,3.31
7.16,5.56,5.8,1.14,7.14,5.41,6.1,2.83
7.15,4.94,5.3,1.14,7.16,5.56,5.8,1.14
7.16,4.77,5.8,1.95,7.15,4.94,5.3,1.14
7.07,4.37,5.5,1.98,7.16,4.77,5.8,1.95
7.25,3.96,5.1,2.06,7.07,4.37,5.5,1.98
7.2,4.28,4.6,1.77,7.25,3.96,5.1,2.06
7.12,5.04,4.3,1.57,7.2,4.28,4.6,1.77
6.99,5.47,4.3,1.6,7.12,5.04,4.3,1.57
6.96,5.19,4.7,1.77,6.99,5.47,4.3,1.6
7.15,4.39,4.7,2.93,6.96,5.19,4.7,1.77
7.2,4.67,4.6,2.13,7.15,4.39,4.7,2.93
7.12,4.79,4.8,2.14,7.2,4.67,4.6,2.13
7.15,5.88,4.4,1.82,7.12,4.79,4.8,2.14
7.11,6.04,4.6,4.3,7.15,5.88,4.4,1.82
7.16,6.9,4.6,3.88,7.11,6.04,4.6,4.3
7.3,6.62,3.8,4.14,7.16,6.9,4.6,3.88
7.46,7.02,3.3,4.33,7.3,6.62,3.8,4.14
7.46,7.58,3.0,3.89,7.46,7.02,3.3,4.33
7.46,8.07,3.1,5.4,7.46,7.58,3.0,3.89
7.46,8.16,6.4,5.63,7.46,8.07,3.1,5.4
7.5,8.55,6.1,3.96,7.46,8.16,6.4,5.63
7.338377253814136,6.459930362116999,4.528294036061027,2.0446518105849583,7.5,8.55,6.1,3.96
7.53,8.7,6.2,3.23,7.338377253814136,6.459930362116999,4.528294036061027,2.0446518105849583
7.6,9.03,6.2,3.61,7.53,8.7,6.2,3.23
7.65,7.49,6.4,5.46,7.6,9.03,6.2,3.61
7.67,6.48,6.8,6.5,7.65,7.49,6.4,5.46
7.66,7.22,6.9,5.9,7.67,6.48,6.8,6.5
7.59,6.69,6.7,5.31,7.66,7.22,6.9,5.9
7.58,6.44,6.5,6.12,7.59,6.69,6.7,5.31
7.55,6.27,6.2,5.47,7.58,6.44,6.5,6.12
7.51,6.3,6.1,4.26,7.55,6.27,6.2,5.47
7.55,6.9,6.5,4.56,7.51,6.3,6.1,4.26
7.67,7.68,5.8,4.18,7.55,6.9,6.5,4.56
7.57,7.32,6.2,4.46,7.67,7.68,5.8,4.18
7.4,6.52,6.7,4.62,7.57,7.32,6.2,4.46
7.52,7.3,6.2,4.49,7.4,6.52,6.7,4.62
7.57,9.22,7.0,4.19,7.52,7.3,6.2,4.49
7.49,9.74,6.1,3.9,7.57,9.22,7.0,4.19
7.39,9.74,6.0,4.45,7.49,9.74,6.1,3.9
7.3,11.2,5.8,3.72,7.39,9.74,6.0,4.45
7.25,12.6,6.1,2.63,7.3,11.2,5.8,3.72
7.25,10.9,5.8,2.41,7.25,12.6,6.1,2.63
7.25,10.8,5.2,1.54,7.25,10.9,5.8,2.41
7.17,7.55,5.6,2.21,7.25,10.8,5.2,1.54
7.46,4.05,5.3,4.15,7.17,7.55,5.6,2.21
7.2,4.47,5.3,2.26,7.46,4.05,5.3,4.15
7.12,4.92,5.1,1.95,7.2,4.47,5.3,2.26
7.03,4.27,4.3,1.34,7.12,4.92,5.1,1.95
6.94,3.49,4.5,1.51,7.03,4.27,4.3,1.34
6.86,3.34,4.5,1.27,6.94,3.49,4.5,1.51
7.15,4.6,4.7,1.97,6.86,3.34,4.5,1.27
7.28,5.09,4.9,2.02,7.15,4.6,4.7,1.97
7.25,3.76,5.3,2.28,7.28,5.09,4.9,2.02
7.33,4.47,5.6,2.02,7.25,3.76,5.3,2.28
7.28,4.64,4.7,1.59,7.33,4.47,5.6,2.02
7.34,5.15,5.4,1.56,7.28,4.64,4.7,1.59
7.34,4.83,5.3,1.61,7.34,5.15,5.4,1.56
7.29,4.73,4.9,2.05,7.34,4.83,5.3,1.61
7.23,4.63,4.9,1.69,7.29,4.73,4.9,2.05
7.26,4.54,4.9,1.59,7.23,4.63,4.9,1.69
7.19,4.17,4.7,2.04,7.26,4.54,4.9,1.59
7.22,4.58,4.7,1.65,7.19,4.17,4.7,2.04
7.29,5.42,4.7,1.61,7.22,4.58,4.7,1.65
7.3,4.5,5.2,1.59,7.29,5.42,4.7,1.61
7.36,6.09,4.7,2.31,7.3,4.5,5.2,1.59
7.32,6.96,3.7,2.56,7.36,6.09,4.7,2.31
7.3,6.59,3.8,2.14,7.32,6.96,3.7,2.56
7.32,6.82,4.2,1.76,7.3,6.59,3.8,2.14
7.44,8.62,3.8,1.86,7.32,6.82,4.2,1.76
7.47,9.12,4.1,1.94,7.44,8.62,3.8,1.86
7.54,9.21,4.6,2.01,7.47,9.12,4.1,1.94
7.47,9.42,5.0,2.21,7.54,9.21,4.6,2.01
7.48,8.3,4.6,2.52,7.47,9.42,5.0,2.21
7.49,7.98,4.7,3.16,7.48,8.3,4.6,2.52
7.59,10.1,5.0,3.05,7.49,7.98,4.7,3.16
7.42,9.33,4.7,2.79,7.59,10.1,5.0,3.05
7.65,10.8,5.1,2.88,7.42,9.33,4.7,2.79
7.68,11.0,4.8,3.52,7.65,10.8,5.1,2.88
7.69,11.7,4.8,3.4,7.68,11.0,4.8,3.52
7.338377253814136,6.459930362116999,4.528294036061027,2.0446518105849583,7.69,11.7,4.8,3.4
7.76,11.7,4.3,2.42,7.338377253814136,6.459930362116999,4.528294036061027,2.0446518105849583
7.69,11.6,5.2,2.77,7.76,11.7,4.3,2.42
7.64,9.52,4.5,3.56,7.69,11.6,5.2,2.77
7.66,7.54,4.8,3.38,7.64,9.52,4.5,3.56
7.57,6.9,5.0,3.67,7.66,7.54,4.8,3.38
7.61,5.34,5.4,3.99,7.57,6.9,5.0,3.67
7.61,4.68,4.9,3.84,7.61,5.34,5.4,3.99
7.58,4.21,5.0,3.65,7.61,4.68,4.9,3.84
7.56,3.84,4.9,3.59,7.58,4.21,5.0,3.65
7.56,2.23,4.7,4.12,7.56,3.84,4.9,3.59
7.58,2.18,4.7,3.53,7.56,2.23,4.7,4.12
7.39,7.7,5.0,2.58,7.58,2.18,4.7,3.53
7.48,5.82,5.3,2.19,7.39,7.7,5.0,2.58
7.49,5.81,5.1,2.13,7.48,5.82,5.3,2.19
7.39,4.68,4.4,2.19,7.49,5.81,5.1,2.13
7.31,4.38,4.6,2.88,7.39,4.68,4.4,2.19
7.35,4.77,4.5,2.67,7.31,4.38,4.6,2.88
7.34,4.58,4.1,2.34,7.35,4.77,4.5,2.67
7.23,4.31,4.0,1.8,7.34,4.58,4.1,2.34
7.16,4.53,3.9,1.36,7.23,4.31,4.0,1.8
7.2,5.01,3.7,1.41,7.16,4.53,3.9,1.36
7.17,6.459930362116999,5.8,1.23,7.2,5.01,3.7,1.41
7.16,3.31,3.6,1.8,7.17,6.459930362116999,5.8,1.23
7.08,4.64,3.5,1.7,7.16,3.31,3.6,1.8
7.2,4.51,3.5,1.58,7.08,4.64,3.5,1.7
6.99,4.75,3.6,1.75,7.2,4.51,3.5,1.58
7.05,4.0,3.3,1.91,6.99,4.75,3.6,1.75
7.09,4.1,3.2,1.66,7.05,4.0,3.3,1.91
7.13,4.5,4.6,1.65,7.09,4.1,3.2,1.66
7.16,4.22,5.4,1.63,7.13,4.5,4.6,1.65
7.41,3.56,5.5,2.01,7.16,4.22,5.4,1.63
7.28,3.6,5.3,1.89,7.41,3.56,5.5,2.01
7.6,6.68,4.5,1.9,7.28,3.6,5.3,1.89
7.39,5.2,4.2,1.96,7.6,6.68,4.5,1.9
7.63,4.61,4.6,1.6,7.39,5.2,4.2,1.96
7.51,4.8,4.7,1.68,7.63,4.61,4.6,1.6
7.24,8.5,4.9,2.15,7.51,4.8,4.7,1.68
7.25,7.23,5.2,1.78,7.24,8.5,4.9,2.15
7.28,6.4,5.7,1.96,7.25,7.23,5.2,1.78
7.32,8.33,4.7,2.04,7.28,6.4,5.7,1.96
7.43,8.68,5.4,1.95,7.32,8.33,4.7,2.04
7.7,8.48,4.3,2.24,7.43,8.68,5.4,1.95
7.7,8.45,4.6,2.29,7.7,8.48,4.3,2.24
7.67,7.93,4.7,2.1,7.7,8.45,4.6,2.29
7.64,7.27,5.0,2.04,7.67,7.93,4.7,2.1
7.6,8.02,5.1,2.03,7.64,7.27,5.0,2.04
7.55,8.04,5.3,2.4,7.6,8.02,5.1,2.03
7.61,7.71,5.9,2.7,7.55,8.04,5.3,2.4
7.61,8.6,5.0,3.17,7.61,7.71,5.9,2.7
7.53,8.44,5.6,3.25,7.61,8.6,5.0,3.17
7.45,7.86,4.8,3.01,7.53,8.44,5.6,3.25
7.48,12.0,4.9,3.29,7.45,7.86,4.8,3.01
7.48,10.5,5.1,3.45,7.48,12.0,4.9,3.29
7.6,10.4,5.4,3.68,7.48,10.5,5.1,3.45
7.43,7.43,5.4,3.64,7.6,10.4,5.4,3.68
7.41,6.94,4.9,4.23,7.43,7.43,5.4,3.64
7.39,5.64,4.4,3.91,7.41,6.94,4.9,4.23
7.25,5.36,5.3,2.99,7.39,5.64,4.4,3.91
7.37,6.78,4.6,3.11,7.25,5.36,5.3,2.99
7.46,5.85,4.9,3.14,7.37,6.78,4.6,3.11
7.27,6.29,4.6,2.26,7.46,5.85,4.9,3.14
7.25,6.62,4.5,1.72,7.27,6.29,4.6,2.26
7.39,6.19,4.7,1.86,7.25,6.62,4.5,1.72
7.39,8.09,4.1,1.4,7.39,6.19,4.7,1.86
7.08,7.63,4.5,1.46,7.39,8.09,4.1,1.4
6.99,7.58,4.1,1.23,7.08,7.63,4.5,1.46
7.07,7.17,4.0,1.4,6.99,7.58,4.1,1.23
6.89,6.51,3.7,1.48,7.07,7.17,4.0,1.4
6.88,6.51,3.6,1.17,6.89,6.51,3.7,1.48
6.81,7.69,3.6,1.45,6.88,6.51,3.6,1.17
7.15,4.66,4.1,1.62,6.81,7.69,3.6,1.45
7.02,7.23,3.9,1.69,7.15,4.66,4.1,1.62
7.3,5.97,3.7,1.88,7.02,7.23,3.9,1.69
7.18,4.33,3.9,1.65,7.3,5.97,3.7,1.88
7.23,4.46,3.3,1.74,7.18,4.33,3.9,1.65
7.04,4.23,3.3,1.62,7.23,4.46,3.3,1.74
7.12,4.62,3.5,1.94,7.04,4.23,3.3,1.62
6.93,5.68,3.7,1.75,7.12,4.62,3.5,1.94
7.13,5.88,3.7,1.82,6.93,5.68,3.7,1.75
7.18,5.66,4.2,1.66,7.13,5.88,3.7,1.82
7.26,5.68,4.5,1.46,7.18,5.66,4.2,1.66
7.38,5.47,4.6,2.04,7.26,5.68,4.5,1.46
7.32,5.13,4.1,1.86,7.38,5.47,4.6,2.04
7.29,3.98,3.8,1.67,7.32,5.13,4.1,1.86
7.28,6.08,3.7,1.77,7.29,3.98,3.8,1.67
7.2,5.36,3.9,2.08,7.28,6.08,3.7,1.77
7.19,5.81,3.6,1.42,7.2,5.36,3.9,2.08
7.27,6.04,4.4,1.17,7.19,5.81,3.6,1.42
7.41,5.34,4.7,1.35,7.27,6.04,4.4,1.17
7.37,5.45,5.0,1.31,7.41,5.34,4.7,1.35
7.53,6.44,4.8,1.59,7.37,5.45,5.0,1.31
7.55,6.14,4.2,1.37,7.53,6.44,4.8,1.59
7.62,7.08,5.6,2.31,7.55,6.14,4.2,1.37
7.39,5.54,5.0,2.6,7.62,7.08,5.6,2.31
7.52,7.05,5.4,2.43,7.39,5.54,5.0,2.6
7.47,7.88,5.2,1.93,7.52,7.05,5.4,2.43
7.45,7.48,5.4,2.29,7.47,7.88,5.2,1.93
7.338377253814136,6.459930362116999,4.528294036061027,2.0446518105849583,7.45,7.48,5.4,2.29
7.46,7.53,5.4,2.36,7.338377253814136,6.459930362116999,4.528294036061027,2.0446518105849583
7.44,10.4,6.2,3.13,7.46,7.53,5.4,2.36
7.13,8.63,6.0,2.75,7.44,10.4,6.2,3.13
7.54,8.84,5.9,2.57,7.13,8.63,6.0,2.75
7.72,12.0,6.0,2.36,7.54,8.84,5.9,2.57
7.45,11.4,5.5,2.85,7.72,12.0,6.0,2.36
7.51,9.98,6.0,2.99,7.45,11.4,5.5,2.85
7.63,9.05,6.1,2.71,7.51,9.98,6.0,2.99
7.42,8.7,5.9,2.35,7.63,9.05,6.1,2.71
7.45,8.84,5.9,2.34,7.42,8.7,5.9,2.35
7.46,9.25,5.8,1.89,7.45,8.84,5.9,2.34
7.3,9.06,5.3,1.81,7.46,9.25,5.8,1.89
7.41,8.84,5.0,1.94,7.3,9.06,5.3,1.81
7.3,7.24,5.0,1.11,7.41,8.84,5.0,1.94
7.2,7.41,5.2,1.11,7.3,7.24,5.0,1.11
7.13,6.92,4.6,1.39,7.2,7.41,5.2,1.11
6.97,7.01,5.0,1.79,7.13,6.92,4.6,1.39
6.82,6.74,5.3,1.75,6.97,7.01,5.0,1.79
6.7,4.48,5.1,0.9,6.82,6.74,5.3,1.75
6.89,5.47,5.2,1.57,6.7,4.48,5.1,0.9
7.13,6.26,3.4,1.91,6.89,5.47,5.2,1.57
7.22,4.71,4.5,2.74,7.13,6.26,3.4,1.91
7.2,4.13,4.3,2.28,7.22,4.71,4.5,2.74
7.16,3.61,4.1,1.82,7.2,4.13,4.3,2.28
7.08,4.48,4.3,2.28,7.16,3.61,4.1,1.82
7.1,4.21,4.2,1.87,7.08,4.48,4.3,2.28
7.03,4.87,3.8,1.11,7.1,4.21,4.2,1.87
6.97,5.36,3.6,0.88,7.03,4.87,3.8,1.11
6.9,5.79,3.7,1.7,6.97,5.36,3.6,0.88
6.97,8.92,4.9,0.87,6.9,5.79,3.7,1.7
6.95,6.76,4.2,0.8,6.97,8.92,4.9,0.87
6.97,6.1,4.2,0.72,6.95,6.76,4.2,0.8
7.01,5.13,4.2,0.94,6.97,6.1,4.2,0.72
7.11,5.42,4.0,0.84,7.01,5.13,4.2,0.94
7.09,5.61,3.8,0.82,7.11,5.42,4.0,0.84
7.19,5.59,4.1,0.92,7.09,5.61,3.8,0.82
7.3,5.27,3.7,1.09,7.19,5.59,4.1,0.92
7.37,5.75,3.8,1.09,7.3,5.27,3.7,1.09
7.41,7.08,3.8,0.6,7.37,5.75,3.8,1.09
7.43,5.53,4.3,1.0,7.41,7.08,3.8,0.6
7.39,4.99,4.1,0.87,7.43,5.53,4.3,1.0
7.31,5.39,3.9,1.03,7.39,4.99,4.1,0.87
7.38,5.04,3.7,1.0,7.31,5.39,3.9,1.03
7.49,4.92,3.6,1.27,7.38,5.04,3.7,1.0
7.33,6.32,3.7,1.78,7.49,4.92,3.6,1.27
7.338377253814136,6.459930362116999,4.528294036061027,2.0446518105849583,7.33,6.32,3.7,1.78
7.39,7.17,3.5,1.72,7.338377253814136,6.459930362116999,4.528294036061027,2.0446518105849583
7.6,7.31,3.7,1.84,7.39,7.17,3.5,1.72
7.58,6.69,3.6,1.8,7.6,7.31,3.7,1.84
7.76,7.25,3.9,1.96,7.58,6.69,3.6,1.8
7.85,7.31,3.9,2.79,7.76,7.25,3.9,1.96
7.82,7.33,4.0,2.41,7.85,7.31,3.9,2.79
7.94,8.26,4.1,2.65,7.82,7.33,4.0,2.41
7.58,11.2,3.9,2.15,7.94,8.26,4.1,2.65
7.49,12.4,4.2,2.36,7.58,11.2,3.9,2.15
7.29,10.9,4.5,2.34,7.49,12.4,4.2,2.36
7.36,10.8,3.1,2.24,7.29,10.9,4.5,2.34
7.32,10.5,3.1,1.5,7.36,10.8,3.1,2.24
7.21,8.5,2.5,1.51,7.32,10.5,3.1,1.5
7.48,8.76,3.3,2.01,7.21,8.5,2.5,1.51
7.42,7.2,3.9,2.29,7.48,8.76,3.3,2.01
7.6,5.63,4.1,2.45,7.42,7.2,3.9,2.29
7.56,6.56,4.2,1.98,7.6,5.63,4.1,2.45
7.61,7.21,4.0,1.42,7.56,6.56,4.2,1.98
7.57,8.57,3.8,1.84,7.61,7.21,4.0,1.42
7.57,9.51,3.7,2.5,7.57,8.57,3.8,1.84
7.43,11.1,4.8,3.58,7.57,9.51,3.7,2.5
6.88,10.7,5.4,2.12,7.43,11.1,4.8,3.58
7.04,9.86,5.7,1.34,6.88,10.7,5.4,2.12
7.2,9.13,5.3,1.23,7.04,9.86,5.7,1.34
7.18,8.87,4.6,1.11,7.2,9.13,5.3,1.23
7.22,7.11,4.4,1.95,7.18,8.87,4.6,1.11
7.3,5.96,4.3,2.25,7.22,7.11,4.4,1.95
7.24,5.55,4.0,1.51,7.3,5.96,4.3,2.25
7.29,5.47,4.1,1.45,7.24,5.55,4.0,1.51
7.32,5.21,4.0,2.24,7.29,5.47,4.1,1.45
7.21,4.3,3.8,2.89,7.32,5.21,4.0,2.24
7.21,4.72,4.1,2.83,7.21,4.3,3.8,2.89
7.39,3.87,4.3,1.78,7.21,4.72,4.1,2.83
7.27,3.33,4.0,1.95,7.39,3.87,4.3,1.78
7.33,3.53,3.7,2.1,7.27,3.33,4.0,1.95
7.21,5.23,3.9,1.8,7.33,3.53,3.7,2.1
7.24,6.56,4.0,1.52,7.21,5.23,3.9,1.8
7.01,6.34,4.2,1.17,7.24,6.56,4.0,1.52
7.06,6.38,3.6,1.17,7.01,6.34,4.2,1.17
7.19,6.18,3.4,1.36,7.06,6.38,3.6,1.17
7.15,5.95,3.3,1.89,7.19,6.18,3.4,1.36
7.02,5.71,3.4,1.44,7.15,5.95,3.3,1.89
7.2,5.61,3.3,1.1,7.02,5.71,3.4,1.44
7.18,5.53,3.2,0.95,7.2,5.61,3.3,1.1
7.32,5.2,4.2,1.35,7.18,5.53,3.2,0.95
7.16,5.49,4.0,1.16,7.32,5.2,4.2,1.35
7.28,5.53,4.8,1.45,7.16,5.49,4.0,1.16
7.14,4.36,3.4,0.96,7.28,5.53,4.8,1.45
7.33,4.46,4.6,1.25,7.14,4.36,3.4,0.96
7.35,6.19,4.2,1.29,7.33,4.46,4.6,1.25
7.22,7.13,3.0,1.07,7.35,6.19,4.2,1.29
7.39,6.4,3.3,1.3,7.22,7.13,3.0,1.07
7.5,5.76,3.3,0.86,7.39,6.4,3.3,1.3
7.49,5.76,4.8,1.73,7.5,5.76,3.3,0.86
7.47,5.92,4.5,1.84,7.49,5.76,4.8,1.73
7.59,5.34,4.0,1.71,7.47,5.92,4.5,1.84
7.57,5.57,4.3,2.02,7.59,5.34,4.0,1.71
7.5,6.19,4.3,2.01,7.57,5.57,4.3,2.02
7.42,5.8,4.3,1.96,7.5,6.19,4.3,2.01
7.4,5.55,4.5,2.11,7.42,5.8,4.3,1.96
7.38,5.97,4.5,1.55,7.4,5.55,4.5,2.11
7.65,7.0,3.9,1.83,7.38,5.97,4.5,1.55
7.87,6.39,3.0,1.7,7.65,7.0,3.9,1.83
7.67,7.43,3.9,1.38,7.87,6.39,3.0,1.7
7.73,7.3,4.2,2.16,7.67,7.43,3.9,1.38
7.6,7.36,4.6,2.39,7.73,7.3,4.2,2.16
7.54,7.25,5.1,2.27,7.6,7.36,4.6,2.39
7.43,8.06,4.7,2.66,7.54,7.25,5.1,2.27
7.34,8.18,4.4,2.95,7.43,8.06,4.7,2.66
7.31,7.5,4.3,2.43,7.34,8.18,4.4,2.95
7.49,7.24,4.2,2.11,7.31,7.5,4.3,2.43
7.2,7.55,4.2,1.83,7.49,7.24,4.2,2.11
7.13,7.55,3.9,1.31,7.2,7.55,4.2,1.83
7.338377253814136,6.459930362116999,4.528294036061027,2.0446518105849583,7.13,7.55,3.9,1.31
7.07,7.86,4.1,1.53,7.338377253814136,6.459930362116999,4.528294036061027,2.0446518105849583
7.24,7.24,4.2,1.6,7.07,7.86,4.1,1.53
7.2,4.53,4.0,2.03,7.24,7.24,4.2,1.6
7.2,4.06,3.3,1.47,7.2,4.53,4.0,2.03
7.2,3.78,3.5,1.78,7.2,4.06,3.3,1.47
7.21,4.09,4.1,1.63,7.2,3.78,3.5,1.78
7.28,4.41,4.9,1.47,7.21,4.09,4.1,1.63
7.17,3.28,5.2,1.69,7.28,4.41,4.9,1.47
7.11,5.07,5.4,1.46,7.17,3.28,5.2,1.69
7.18,3.68,5.2,0.73,7.11,5.07,5.4,1.46
7.06,3.22,5.3,1.13,7.18,3.68,5.2,0.73
6.97,2.65,5.0,0.85,7.06,3.22,5.3,1.13
6.94,3.04,4.6,1.07,6.97,2.65,5.0,0.85
6.94,2.8,5.1,0.94,6.94,3.04,4.6,1.07
7.02,4.98,4.3,0.61,6.94,2.8,5.1,0.94
6.98,4.4,4.8,0.92,7.02,4.98,4.3,0.61
7.13,5.0,4.4,0.73,6.98,4.4,4.8,0.92
6.96,4.11,4.2,0.84,7.13,5.0,4.4,0.73
6.92,3.16,4.4,1.0,6.96,4.11,4.2,0.84
6.98,3.92,4.4,0.58,6.92,3.16,4.4,1.0
6.92,1.91,4.7,0.81,6.98,3.92,4.4,0.58
6.9,4.03,4.2,0.68,6.92,1.91,4.7,0.81
6.94,4.85,4.9,0.98,6.9,4.03,4.2,0.68
6.98,4.51,4.6,1.47,6.94,4.85,4.9,0.98
7.0,4.49,4.6,0.98,6.98,4.51,4.6,1.47
7.01,4.43,4.6,1.45,7.0,4.49,4.6,0.98
7.04,5.49,4.7,1.15,7.01,4.43,4.6,1.45
7.0,4.48,4.9,2.0446518105849583,7.04,5.49,4.7,1.15
7.03,5.54,4.5,1.02,7.0,4.48,4.9,2.0446518105849583
7.06,4.04,4.6,1.0,7.03,5.54,4.5,1.02
7.08,6.81,4.5,1.06,7.06,4.04,4.6,1.0
7.1,5.95,4.0,1.23,7.08,6.81,4.5,1.06
7.14,6.65,4.5,1.52,7.1,5.95,4.0,1.23
7.16,6.11,4.3,1.49,7.14,6.65,4.5,1.52
7.21,6.16,4.9,1.78,7.16,6.11,4.3,1.49
7.2,11.4,5.0,1.69,7.21,6.16,4.9,1.78
7.06,11.4,5.4,1.78,7.2,11.4,5.0,1.69
6.98,12.4,5.0,1.31,7.06,11.4,5.4,1.78
7.04,11.3,4.6,0.94,6.98,12.4,5.0,1.31
6.97,9.4,5.4,1.58,7.04,11.3,4.6,0.94
7.08,8.4,4.8,1.7,6.97,9.4,5.4,1.58
7.06,7.68,4.8,1.48,7.08,8.4,4.8,1.7
7.19,9.14,4.3,1.99,7.06,7.68,4.8,1.48
7.13,9.38,4.1,1.57,7.19,9.14,4.3,1.99
7.06,9.26,4.3,1.43,7.13,9.38,4.1,1.57
7.06,8.12,4.4,1.42,7.06,9.26,4.3,1.43
6.97,8.1,5.2,1.12,7.06,8.12,4.4,1.42
7.13,8.86,4.5,0.91,6.97,8.1,5.2,1.12
7.1,7.11,4.0,2.0446518105849583,7.13,8.86,4.5,0.91
7.1,6.75,3.5,0.55,7.1,7.11,4.0,2.0446518105849583
7.13,7.26,3.9,0.39,7.1,6.75,3.5,0.55
7.05,6.98,3.8,0.27,7.13,7.26,3.9,0.39
7.12,7.45,4.3,0.64,7.05,6.98,3.8,0.27
7.12,6.53,3.7,0.48,7.12,7.45,4.3,0.64
7.13,5.75,3.9,0.2,7.12,6.53,3.7,0.48
7.14,6.14,4.2,0.92,7.13,5.75,3.9,0.2
7.07,4.13,4.4,0.68,7.14,6.14,4.2,0.92
7.03,3.83,3.7,0.71,7.07,4.13,4.4,0.68
7.1,4.98,4.1,0.76,7.03,3.83,3.7,0.71
7.12,5.09,3.5,0.73,7.1,4.98,4.1,0.76
7.338377253814136,6.459930362116999,4.528294036061027,2.0446518105849583,7.12,5.09,3.5,0.73
6.93,7.33,3.7,1.06,7.338377253814136,6.459930362116999,4.528294036061027,2.0446518105849583
6.96,6.66,3.7,0.74,6.93,7.33,3.7,1.06
6.91,5.02,4.2,1.07,6.96,6.66,3.7,0.74
7.2,5.0,3.4,0.78,6.91,5.02,4.2,1.07
7.17,4.83,3.6,0.26,7.2,5.0,3.4,0.78
7.12,4.42,3.5,0.14,7.17,4.83,3.6,0.26
7.3,5.4,3.5,0.36,7.12,4.42,3.5,0.14
7.37,4.8,3.1,0.4,7.3,5.4,3.5,0.36
7.37,5.54,3.5,0.42,7.37,4.8,3.1,0.4
7.35,5.12,3.4,0.45,7.37,5.54,3.5,0.42
7.25,5.53,3.3,0.47,7.35,5.12,3.4,0.45
7.19,4.79,3.0,0.48,7.25,5.53,3.3,0.47
7.13,4.99,3.3,0.54,7.19,4.79,3.0,0.48
7.12,4.23,2.8,0.54,7.13,4.99,3.3,0.54
7.2,6.28,3.4,0.65,7.12,4.23,2.8,0.54
7.16,5.04,3.6,0.59,7.2,6.28,3.4,0.65
7.25,5.07,3.3,0.63,7.16,5.04,3.6,0.59
7.15,6.21,3.8,1.02,7.25,5.07,3.3,0.63
7.16,5.64,3.8,0.91,7.15,6.21,3.8,1.02
7.29,7.04,3.9,0.87,7.16,5.64,3.8,0.91
7.27,7.87,3.6,0.88,7.29,7.04,3.9,0.87
7.24,7.76,3.6,1.06,7.27,7.87,3.6,0.88
7.3,8.2,3.6,1.05,7.24,7.76,3.6,1.06
7.39,7.56,4.2,1.21,7.3,8.2,3.6,1.05
7.29,8.12,4.2,1.27,7.39,7.56,4.2,1.21
7.37,9.04,4.2,1.7,7.29,8.12,4.2,1.27
7.33,8.89,4.1,1.81,7.37,9.04,4.2,1.7
7.31,8.03,4.6,1.69,7.33,8.89,4.1,1.81
7.23,6.45,4.3,1.48,7.31,8.03,4.6,1.69
7.36,8.47,4.2,1.47,7.23,6.45,4.3,1.48
7.4,7.8,4.5,1.74,7.36,8.47,4.2,1.47
7.4,7.26,4.0,1.04,7.4,7.8,4.5,1.74
7.37,6.97,3.1,0.73,7.4,7.26,4.0,1.04
7.57,7.84,3.0,0.63,7.37,6.97,3.1,0.73
7.56,9.02,4.1,0.87,7.57,7.84,3.0,0.63
7.47,8.23,4.2,0.41,7.56,9.02,4.1,0.87
7.43,7.42,3.8,1.12,7.47,8.23,4.2,0.41
7.47,7.25,4.4,1.54,7.43,7.42,3.8,1.12
7.52,6.42,4.6,0.96,7.47,7.25,4.4,1.54
7.47,6.14,4.2,0.5,7.52,6.42,4.6,0.96
7.43,4.51,4.2,0.32,7.47,6.14,4.2,0.5
7.45,7.15,4.2,0.64,7.43,4.51,4.2,0.32
7.44,5.25,4.0,0.36,7.45,7.15,4.2,0.64
7.47,5.2,4.2,0.57,7.44,5.25,4.0,0.36
7.43,5.08,4.5,0.87,7.47,5.2,4.2,0.57
7.41,5.58,4.5,0.62,7.43,5.08,4.5,0.87
7.43,5.21,4.1,0.33,7.41,5.58,4.5,0.62
7.4,6.2,3.9,0.48,7.43,5.21,4.1,0.33
7.41,4.94,4.1,0.53,7.4,6.2,3.9,0.48
7.46,5.03,4.4,0.41,7.41,4.94,4.1,0.53
7.56,5.27,4.4,0.45,7.46,5.03,4.4,0.41
7.49,4.81,4.9,0.56,7.56,5.27,4.4,0.45
7.52,4.19,5.1,0.56,7.49,4.81,4.9,0.56
7.47,3.5,4.7,0.86,7.52,4.19,5.1,0.56
7.46,3.95,4.3,0.63,7.47,3.5,4.7,0.86
7.42,5.0,4.2,0.33,7.46,3.95,4.3,0.63
7.33,5.87,3.9,0.44,7.42,5.0,4.2,0.33
7.22,5.13,3.8,0.33,7.33,5.87,3.9,0.44
7.24,5.18,3.2,0.36,7.22,5.13,3.8,0.33
7.36,6.25,3.6,0.53,7.24,5.18,3.2,0.36
7.54,5.77,4.1,0.64,7.36,6.25,3.6,0.53
7.45,5.64,4.4,0.84,7.54,5.77,4.1,0.64
6.65,3.59,3.9,0.64,7.45,5.64,4.4,0.84
6.78,4.64,4.4,0.69,6.65,3.59,3.9,0.64
6.78,3.49,3.8,0.72,6.78,4.64,4.4,0.69
7.14,4.05,4.6,0.69,6.78,3.49,3.8,0.72
7.31,4.97,3.9,0.59,7.14,4.05,4.6,0.69
7.42,5.03,3.9,0.63,7.31,4.97,3.9,0.59
7.47,4.94,3.6,0.27,7.42,5.03,3.9,0.63
7.55,6.45,3.6,0.23,7.47,4.94,3.6,0.27
7.32,5.55,3.9,0.35,7.55,6.45,3.6,0.23
7.19,4.09,4.0,0.61,7.32,5.55,3.9,0.35
7.42,5.54,3.8,0.64,7.19,4.09,4.0,0.61
7.33,5.57,3.9,0.64,7.42,5.54,3.8,0.64
7.34,6.69,4.2,0.75,7.33,5.57,3.9,0.64
7.53,5.45,2.4,0.96,7.34,6.69,4.2,0.75
7.5,5.54,4.1,0.9,7.53,5.45,2.4,0.96
7.42,8.09,3.5,1.13,7.5,5.54,4.1,0.9
7.48,9.01,3.7,0.95,7.42,8.09,3.5,1.13
7.38,9.44,3.6,1.04,7.48,9.01,3.7,0.95
7.31,10.1,3.2,1.09,7.38,9.44,3.6,1.04
7.33,10.4,3.8,1.44,7.31,10.1,3.2,1.09
7.49,10.3,3.8,1.5,7.33,10.4,3.8,1.44
7.63,9.2,3.8,1.56,7.49,10.3,3.8,1.5
7.76,8.96,3.8,1.44,7.63,9.2,3.8,1.56
7.71,10.0,3.9,1.81,7.76,8.96,3.8,1.44
7.76,10.4,3.6,1.78,7.71,10.0,3.9,1.81
7.72,9.81,3.3,0.49,7.76,10.4,3.6,1.78
7.76,8.95,3.0,0.4,7.72,9.81,3.3,0.49
7.61,8.61,3.6,0.36,7.76,8.95,3.0,0.4
7.58,9.32,3.8,0.35,7.61,8.61,3.6,0.36
7.42,8.82,3.6,0.62,7.58,9.32,3.8,0.35
7.27,7.68,4.1,1.3,7.42,8.82,3.6,0.62
7.27,6.07,3.8,1.51,7.27,7.68,4.1,1.3
7.45,7.22,3.7,1.59,7.27,6.07,3.8,1.51
7.32,7.91,3.7,0.97,7.45,7.22,3.7,1.59
7.39,6.01,3.3,0.87,7.32,7.91,3.7,0.97
7.44,4.56,3.3,0.56,7.39,6.01,3.3,0.87
7.35,4.26,3.2,0.66,7.44,4.56,3.3,0.56
7.15,3.43,3.3,1.13,7.35,4.26,3.2,0.66
7.23,3.17,3.0,1.06,7.15,3.43,3.3,1.13
7.38,2.81,3.0,1.17,7.23,3.17,3.0,1.06
7.35,2.04,3.8,0.65,7.38,2.81,3.0,1.17
7.42,6.459930362116999,3.9,1.55,7.35,2.04,3.8,0.65
7.48,6.459930362116999,3.7,1.38,7.42,6.459930362116999,3.9,1.55
7.37,2.46,3.8,2.73,7.48,6.459930362116999,3.7,1.38
7.4,2.34,3.5,2.78,7.37,2.46,3.8,2.73
7.46,3.17,3.7,1.07,7.4,2.34,3.5,2.78
7.2,3.2,3.8,1.04,7.46,3.17,3.7,1.07
7.0,2.93,3.7,2.07,7.2,3.2,3.8,1.04
7.12,4.16,3.5,1.28,7.0,2.93,3.7,2.07
7.35,6.35,3.7,0.73,7.12,4.16,3.5,1.28
7.65,7.12,4.0,0.89,7.35,6.35,3.7,0.73
7.53,5.5,3.2,0.79,7.65,7.12,4.0,0.89
7.36,4.16,2.9,1.07,7.53,5.5,3.2,0.79
7.28,4.76,3.3,1.05,7.36,4.16,2.9,1.07
7.23,4.23,3.6,0.76,7.28,4.76,3.3,1.05
7.22,4.01,3.4,0.68,7.23,4.23,3.6,0.76
7.32,4.55,3.5,0.49,7.22,4.01,3.4,0.68
7.49,6.43,3.6,0.51,7.32,4.55,3.5,0.49
7.49,6.64,3.5,1.39,7.49,6.43,3.6,0.51
7.54,6.11,3.2,0.88,7.49,6.64,3.5,1.39
7.5,6.2,3.1,0.81,7.54,6.11,3.2,0.88
7.52,5.9,3.5,0.9,7.5,6.2,3.1,0.81
7.48,5.13,3.9,1.66,7.52,5.9,3.5,0.9
7.57,5.48,3.7,1.74,7.48,5.13,3.9,1.66
7.53,5.74,3.5,1.49,7.57,5.48,3.7,1.74
7.76,7.37,3.5,1.18,7.53,5.74,3.5,1.49
7.71,7.42,3.8,1.49,7.76,7.37,3.5,1.18
7.74,7.43,3.4,0.85,7.71,7.42,3.8,1.49
7.88,8.13,3.6,0.5,7.74,7.43,3.4,0.85
7.82,7.8,3.7,0.47,7.88,8.13,3.6,0.5
7.88,9.03,4.3,0.71,7.82,7.8,3.7,0.47
7.87,8.6,4.2,0.8,7.88,9.03,4.3,0.71
7.93,9.44,4.0,0.89,7.87,8.6,4.2,0.8
7.97,10.0,4.3,1.15,7.93,9.44,4.0,0.89
7.9,12.5,4.2,1.73,7.97,10.0,4.3,1.15
7.81,11.4,4.2,1.67,7.9,12.5,4.2,1.73
7.96,10.5,3.6,0.62,7.81,11.4,4.2,1.67
7.92,10.4,3.9,1.27,7.96,10.5,3.6,0.62
7.8,10.2,4.1,1.28,7.92,10.4,3.9,1.27
7.74,9.32,4.7,1.74,7.8,10.2,4.1,1.28
7.83,10.3,4.6,1.33,7.74,9.32,4.7,1.74
7.69,10.0,4.4,2.4,7.83,10.3,4.6,1.33
7.69,10.2,4.7,2.38,7.69,10.0,4.4,2.4
7.63,9.66,4.0,2.04,7.69,10.2,4.7,2.38
7.56,9.17,3.4,1.78,7.63,9.66,4.0,2.04
7.5,7.9,4.6,2.59,7.56,9.17,3.4,1.78
7.55,7.62,4.7,2.18,7.5,7.9,4.6,2.59
7.49,7.79,4.5,1.81,7.55,7.62,4.7,2.18
7.53,7.26,4.2,1.5,7.49,7.79,4.5,1.81
7.49,7.76,4.0,0.65,7.53,7.26,4.2,1.5
7.54,7.82,4.0,0.58,7.49,7.76,4.0,0.65
7.35,7.69,3.6,1.04,7.54,7.82,4.0,0.58
7.3,7.69,3.4,1.01,7.35,7.69,3.6,1.04
7.32,7.53,3.1,0.56,7.3,7.69,3.4,1.01
7.49,6.63,4.1,0.54,7.32,7.53,3.1,0.56
7.338377253814136,6.459930362116999,4.528294036061027,2.0446518105849583,7.49,6.63,4.1,0.54
7.338377253814136,6.459930362116999,4.528294036061027,2.0446518105849583,7.338377253814136,6.459930362116999,4.528294036061027,2.0446518105849583
7.42,6.17,3.7,2.47,7.338377253814136,6.459930362116999,4.528294036061027,2.0446518105849583
7.42,5.88,3.4,1.08,7.42,6.17,3.7,2.47
7.45,5.63,2.9,0.46,7.42,5.88,3.4,1.08
7.52,5.38,2.9,0.33,7.45,5.63,2.9,0.46
7.49,5.46,2.9,0.18,7.52,5.38,2.9,0.33
7.56,5.47,3.4,0.08,7.49,5.46,2.9,0.18
7.61,5.56,3.8,0.17,7.56,5.47,3.4,0.08
7.67,5.68,3.7,0.23,7.61,5.56,3.8,0.17
7.91,6.0,3.9,0.32,7.67,5.68,3.7,0.23
7.86,6.14,3.7,0.51,7.91,6.0,3.9,0.32
7.94,6.25,3.6,0.52,7.86,6.14,3.7,0.51
7.96,6.33,4.3,0.57,7.94,6.25,3.6,0.52
7.93,6.27,4.2,0.71,7.96,6.33,4.3,0.57
7.8,6.36,3.8,0.81,7.93,6.27,4.2,0.71
7.95,6.36,4.6,1.01,7.8,6.36,3.8,0.81
7.84,6.17,4.3,1.42,7.95,6.36,4.6,1.01
7.91,6.34,4.3,2.26,7.84,6.17,4.3,1.42
8.01,6.8,4.4,1.98,7.91,6.34,4.3,2.26
8.14,7.01,4.3,1.38,8.01,6.8,4.4,1.98
8.06,6.95,4.3,0.91,8.14,7.01,4.3,1.38
8.04,7.56,4.0,0.56,8.06,6.95,4.3,0.91
7.8,8.05,4.4,0.68,8.04,7.56,4.0,0.56
7.79,7.92,4.2,0.72,7.8,8.05,4.4,0.68
7.338377253814136,6.459930362116999,4.528294036061027,2.0446518105849583,7.79,7.92,4.2,0.72
7.34,8.73,4.1,1.07,7.338377253814136,6.459930362116999,4.528294036061027,2.0446518105849583
7.51,9.79,4.1,0.7,7.34,8.73,4.1,1.07
7.41,8.98,3.8,1.23,7.51,9.79,4.1,0.7
7.43,8.07,4.5,1.44,7.41,8.98,3.8,1.23
7.4,9.52,4.5,1.14,7.43,8.07,4.5,1.44
7.46,9.05,4.6,0.57,7.4,9.52,4.5,1.14
7.57,10.1,3.6,0.74,7.46,9.05,4.6,0.57
7.75,10.7,3.7,0.55,7.57,10.1,3.6,0.74
7.61,10.4,4.5,0.69,7.75,10.7,3.7,0.55
7.47,9.28,4.9,0.67,7.61,10.4,4.5,0.69
7.56,8.17,3.9,1.21,7.47,9.28,4.9,0.67
7.53,7.63,4.4,0.66,7.56,8.17,3.9,1.21
7.51,7.04,3.9,0.94,7.53,7.63,4.4,0.66
7.48,6.81,3.8,0.94,7.51,7.04,3.9,0.94
7.338377253814136,6.459930362116999,4.528294036061027,2.0446518105849583,7.48,6.81,3.8,0.94
7.37,5.69,3.8,0.76,7.338377253814136,6.459930362116999,4.528294036061027,2.0446518105849583
7.34,5.28,3.8,0.72,7.37,5.69,3.8,0.76
7.3,5.84,3.9,0.62,7.34,5.28,3.8,0.72
7.47,5.82,2.9,2.0446518105849583,7.3,5.84,3.9,0.62
7.23,4.66,2.6,0.27,7.47,5.82,2.9,2.0446518105849583
7.15,5.02,3.8,0.29,7.23,4.66,2.6,0.27
7.338377253814136,6.459930362116999,4.528294036061027,2.0446518105849583,7.15,5.02,3.8,0.29
7.25,4.71,4.8,0.29,7.338377253814136,6.459930362116999,4.528294036061027,2.0446518105849583
7.16,4.36,4.4,0.32,7.25,4.71,4.8,0.29
7.338377253814136,6.459930362116999,4.528294036061027,2.0446518105849583,7.16,4.36,4.4,0.32
7.09,2.92,4.2,0.45,7.338377253814136,6.459930362116999,4.528294036061027,2.0446518105849583
7.06,1.85,4.5,0.44,7.09,2.92,4.2,0.45
6.98,1.93,4.8,0.58,7.06,1.85,4.5,0.44
7.338377253814136,6.459930362116999,4.528294036061027,2.0446518105849583,6.98,1.93,4.8,0.58
7.04,2.23,3.9,0.18,7.338377253814136,6.459930362116999,4.528294036061027,2.0446518105849583
7.04,1.61,4.0,0.27,7.04,2.23,3.9,0.18
7.338377253814136,6.459930362116999,4.528294036061027,2.0446518105849583,7.04,1.61,4.0,0.27
7.338377253814136,6.459930362116999,4.528294036061027,2.0446518105849583,7.338377253814136,6.459930362116999,4.528294036061027,2.0446518105849583
7.338377253814136,6.459930362116999,4.528294036061027,2.0446518105849583,7.338377253814136,6.459930362116999,4.528294036061027,2.0446518105849583
7.338377253814136,6.459930362116999,4.528294036061027,2.0446518105849583,7.338377253814136,6.459930362116999,4.528294036061027,2.0446518105849583
7.338377253814136,6.459930362116999,4.528294036061027,2.0446518105849583,7.338377253814136,6.459930362116999,4.528294036061027,2.0446518105849583
7.338377253814136,6.459930362116999,4.528294036061027,2.0446518105849583,7.338377253814136,6.459930362116999,4.528294036061027,2.0446518105849583
7.338377253814136,6.459930362116999,4.528294036061027,2.0446518105849583,7.338377253814136,6.459930362116999,4.528294036061027,2.0446518105849583
7.338377253814136,6.459930362116999,4.528294036061027,2.0446518105849583,7.338377253814136,6.459930362116999,4.528294036061027,2.0446518105849583
7.338377253814136,6.459930362116999,4.528294036061027,2.0446518105849583,7.338377253814136,6.459930362116999,4.528294036061027,2.0446518105849583
7.338377253814136,6.459930362116999,4.528294036061027,2.0446518105849583,7.338377253814136,6.459930362116999,4.528294036061027,2.0446518105849583
7.338377253814136,6.459930362116999,4.528294036061027,2.0446518105849583,7.338377253814136,6.459930362116999,4.528294036061027,2.0446518105849583
7.19,4.76,2.0,0.22,7.338377253814136,6.459930362116999,4.528294036061027,2.0446518105849583
7.338377253814136,6.459930362116999,4.528294036061027,2.0446518105849583,7.19,4.76,2.0,0.22
7.21,6.13,3.2,0.26,7.338377253814136,6.459930362116999,4.528294036061027,2.0446518105849583
7.29,6.58,3.4,0.18,7.21,6.13,3.2,0.26
7.15,5.19,3.3,0.31,7.29,6.58,3.4,0.18
7.338377253814136,6.459930362116999,4.528294036061027,2.0446518105849583,7.15,5.19,3.3,0.31
7.338377253814136,6.459930362116999,4.528294036061027,2.0446518105849583,7.338377253814136,6.459930362116999,4.528294036061027,2.0446518105849583
6.93,11.5,3.4,0.52,7.338377253814136,6.459930362116999,4.528294036061027,2.0446518105849583
7.13,11.8,3.5,0.51,6.93,11.5,3.4,0.52
7.338377253814136,6.459930362116999,4.528294036061027,2.0446518105849583,7.13,11.8,3.5,0.51
7.3,9.2,6.0,0.56,7.338377253814136,6.459930362116999,4.528294036061027,2.0446518105849583
7.29,8.66,6.6,0.52,7.3,9.2,6.0,0.56
7.338377253814136,6.459930362116999,4.528294036061027,2.0446518105849583,7.29,8.66,6.6,0.52
7.46,8.81,6.4,1.36,7.338377253814136,6.459930362116999,4.528294036061027,2.0446518105849583
7.338377253814136,6.459930362116999,4.528294036061027,2.0446518105849583,7.46,8.81,6.4,1.36
7.338377253814136,6.459930362116999,4.528294036061027,2.0446518105849583,7.338377253814136,6.459930362116999,4.528294036061027,2.0446518105849583
7.33,9.34,5.8,0.92,7.338377253814136,6.459930362116999,4.528294036061027,2.0446518105849583
7.338377253814136,6.459930362116999,4.528294036061027,2.0446518105849583,7.33,9.34,5.8,0.92
7.338377253814136,6.459930362116999,4.528294036061027,2.0446518105849583,7.338377253814136,6.459930362116999,4.528294036061027,2.0446518105849583
7.55,9.11,5.1,0.37,7.338377253814136,6.459930362116999,4.528294036061027,2.0446518105849583
7.41,7.63,5.5,0.52,7.55,9.11,5.1,0.37
7.338377253814136,6.459930362116999,4.528294036061027,2.0446518105849583,7.41,7.63,5.5,0.52
7.38,6.5,7.1,0.39,7.338377253814136,6.459930362116999,4.528294036061027,2.0446518105849583
7.49,7.03,6.5,0.44,7.38,6.5,7.1,0.39
7.47,5.69,6.9,0.28,7.49,7.03,6.5,0.44
7.47,4.64,6.6,0.32,7.47,5.69,6.9,0.28
7.32,6.45,6.9,0.21,7.47,4.64,6.6,0.32
7.5,7.46,8.2,0.23,7.32,6.45,6.9,0.21
7.44,7.63,4.1,0.27,7.5,7.46,8.2,0.23
7.47,7.2,3.1,0.13,7.44,7.63,4.1,0.27
7.51,7.44,3.0,0.14,7.47,7.2,3.1,0.13
7.43,6.94,2.6,0.16,7.51,7.44,3.0,0.14
7.338377253814136,6.459930362116999,4.528294036061027,2.0446518105849583,7.43,6.94,2.6,0.16
7.34,4.87,2.9,0.25,7.338377253814136,6.459930362116999,4.528294036061027,2.0446518105849583
7.338377253814136,6.459930362116999,4.528294036061027,2.0446518105849583,7.34,4.87,2.9,0.25
7.34,6.71,3.1,0.12,7.338377253814136,6.459930362116999,4.528294036061027,2.0446518105849583
7.338377253814136,6.459930362116999,4.528294036061027,2.0446518105849583,7.34,6.71,3.1,0.12
7.338377253814136,6.459930362116999,4.528294036061027,2.0446518105849583,7.338377253814136,6.459930362116999,4.528294036061027,2.0446518105849583
7.338377253814136,6.459930362116999,4.528294036061027,2.0446518105849583,7.338377253814136,6.459930362116999,4.528294036061027,2.0446518105849583
7.338377253814136,6.459930362116999,4.528294036061027,2.0446518105849583,7.338377253814136,6.459930362116999,4.528294036061027,2.0446518105849583
7.338377253814136,6.459930362116999,4.528294036061027,2.0446518105849583,7.338377253814136,6.459930362116999,4.528294036061027,2.0446518105849583
7.338377253814136,6.459930362116999,4.528294036061027,2.0446518105849583,7.338377253814136,6.459930362116999,4.528294036061027,2.0446518105849583
7.33,6.24,4.8,0.13,7.338377253814136,6.459930362116999,4.528294036061027,2.0446518105849583
7.39,6.8,1.3,0.13,7.33,6.24,4.8,0.13
7.338377253814136,6.459930362116999,4.528294036061027,2.0446518105849583,7.39,6.8,1.3,0.13
7.338377253814136,6.459930362116999,4.528294036061027,2.0446518105849583,7.338377253814136,6.459930362116999,4.528294036061027,2.0446518105849583
7.338377253814136,6.459930362116999,4.528294036061027,2.0446518105849583,7.338377253814136,6.459930362116999,4.528294036061027,2.0446518105849583
7.34,6.75,1.3,0.13,7.338377253814136,6.459930362116999,4.528294036061027,2.0446518105849583
7.338377253814136,6.459930362116999,4.528294036061027,2.0446518105849583,7.34,6.75,1.3,0.13
7.22,6.91,2.1,0.13,7.338377253814136,6.459930362116999,4.528294036061027,2.0446518105849583
7.338377253814136,6.459930362116999,4.528294036061027,2.0446518105849583,7.22,6.91,2.1,0.13
7.338377253814136,6.459930362116999,4.528294036061027,2.0446518105849583,7.338377253814136,6.459930362116999,4.528294036061027,2.0446518105849583
7.338377253814136,6.459930362116999,4.528294036061027,2.0446518105849583,7.338377253814136,6.459930362116999,4.528294036061027,2.0446518105849583
7.338377253814136,6.459930362116999,4.528294036061027,2.0446518105849583,7.338377253814136,6.459930362116999,4.528294036061027,2.0446518105849583
7.338377253814136,6.459930362116999,4.528294036061027,2.0446518105849583,7.338377253814136,6.459930362116999,4.528294036061027,2.0446518105849583
7.53,8.0,2.2,0.37,7.338377253814136,6.459930362116999,4.528294036061027,2.0446518105849583
7.66,8.16,2.3,0.26,7.53,8.0,2.2,0.37
7.61,8.54,2.4,0.4,7.66,8.16,2.3,0.26
7.338377253814136,6.459930362116999,4.528294036061027,2.0446518105849583,7.61,8.54,2.4,0.4
7.338377253814136,6.459930362116999,4.528294036061027,2.0446518105849583,7.338377253814136,6.459930362116999,4.528294036061027,2.0446518105849583
7.338377253814136,6.459930362116999,4.528294036061027,2.0446518105849583,7.338377253814136,6.459930362116999,4.528294036061027,2.0446518105849583
7.338377253814136,6.459930362116999,4.528294036061027,2.0446518105849583,7.338377253814136,6.459930362116999,4.528294036061027,2.0446518105849583
7.63,9.18,2.7,0.4,7.338377253814136,6.459930362116999,4.528294036061027,2.0446518105849583
7.68,9.51,2.8,0.44,7.63,9.18,2.7,0.4
