8.5,17.0,1.5,0.12,8.49,13.7,1.9,0.18,8.55,14.2,1.6,0.16,8.22128987517336,10.645891364902509,2.840059790732435,0.2826629680998609,8.67,15.8,1.5,0.13
8.76,12.2,1.5,0.12,8.55,14.2,1.6,0.16,8.22128987517336,10.645891364902509,2.840059790732435,0.2826629680998609,8.67,15.8,1.5,0.13,8.5,17.0,1.5,0.12
9.0,18.8,1.6,0.13,8.22128987517336,10.645891364902509,2.840059790732435,0.2826629680998609,8.67,15.8,1.5,0.13,8.5,17.0,1.5,0.12,8.76,12.2,1.5,0.12
9.0,18.6,1.6,0.14,8.67,15.8,1.5,0.13,8.5,17.0,1.5,0.12,8.76,12.2,1.5,0.12,9.0,18.8,1.6,0.13
8.94,16.5,1.6,0.16,8.5,17.0,1.5,0.12,8.76,12.2,1.5,0.12,9.0,18.8,1.6,0.13,9.0,18.6,1.6,0.14
9.0,15.7,1.6,0.17,8.76,12.2,1.5,0.12,9.0,18.8,1.6,0.13,9.0,18.6,1.6,0.14,8.94,16.5,1.6,0.16
9.13,15.1,2.3,0.17,9.0,18.8,1.6,0.13,9.0,18.6,1.6,0.14,8.94,16.5,1.6,0.16,9.0,15.7,1.6,0.17
9.22,14.5,3.1,0.15,9.0,18.6,1.6,0.14,8.94,16.5,1.6,0.16,9.0,15.7,1.6,0.17,9.13,15.1,2.3,0.17
9.21,14.0,4.7,0.13,8.94,16.5,1.6,0.16,9.0,15.7,1.6,0.17,9.13,15.1,2.3,0.17,9.22,14.5,3.1,0.15
9.06,11.8,4.6,0.13,9.0,15.7,1.6,0.17,9.13,15.1,2.3,0.17,9.22,14.5,3.1,0.15,9.21,14.0,4.7,0.13
8.93,10.3,4.7,0.09,9.13,15.1,2.3,0.17,9.22,14.5,3.1,0.15,9.21,14.0,4.7,0.13,9.06,11.8,4.6,0.13
8.67,8.53,5.1,0.11,9.22,14.5,3.1,0.15,9.21,14.0,4.7,0.13,9.06,11.8,4.6,0.13,8.93,10.3,4.7,0.09
7.88,7.21,4.5,0.16,9.21,14.0,4.7,0.13,9.06,11.8,4.6,0.13,8.93,10.3,4.7,0.09,8.67,8.53,5.1,0.11
7.6,8.03,3.8,0.16,9.06,11.8,4.6,0.13,8.93,10.3,4.7,0.09,8.67,8.53,5.1,0.11,7.88,7.21,4.5,0.16
7.68,8.54,4.0,0.15,8.93,10.3,4.7,0.09,8.67,8.53,5.1,0.11,7.88,7.21,4.5,0.16,7.6,8.03,3.8,0.16
7.79,8.16,4.7,0.13,8.67,8.53,5.1,0.11,7.88,7.21,4.5,0.16,7.6,8.03,3.8,0.16,7.68,8.54,4.0,0.15
7.73,7.87,4.7,0.12,7.88,7.21,4.5,0.16,7.6,8.03,3.8,0.16,7.68,8.54,4.0,0.15,7.79,8.16,4.7,0.13
7.93,8.11,3.9,0.1,7.6,8.03,3.8,0.16,7.68,8.54,4.0,0.15,7.79,8.16,4.7,0.13,7.73,7.87,4.7,0.12
8.12,8.48,3.5,0.33,7.68,8.54,4.0,0.15,7.79,8.16,4.7,0.13,7.73,7.87,4.7,0.12,7.93,8.11,3.9,0.1
8.16,8.37,2.9,0.34,7.79,8.16,4.7,0.13,7.73,7.87,4.7,0.12,7.93,8.11,3.9,0.1,8.12,8.48,3.5,0.33
8.13,8.49,3.8,0.37,7.73,7.87,4.7,0.12,7.93,8.11,3.9,0.1,8.12,8.48,3.5,0.33,8.16,8.37,2.9,0.34
7.9,8.55,5.4,0.31,7.93,8.11,3.9,0.1,8.12,8.48,3.5,0.33,8.16,8.37,2.9,0.34,8.13,8.49,3.8,0.37
7.9,8.43,4.6,0.27,8.12,8.48,3.5,0.33,8.16,8.37,2.9,0.34,8.13,8.49,3.8,0.37,7.9,8.55,5.4,0.31
8.22128987517336,10.645891364902509,2.840059790732435,0.2826629680998609,8.16,8.37,2.9,0.34,8.13,8.49,3.8,0.37,7.9,8.55,5.4,0.31,7.9,8.43,4.6,0.27
8.22128987517336,10.645891364902509,2.840059790732435,0.2826629680998609,8.13,8.49,3.8,0.37,7.9,8.55,5.4,0.31,7.9,8.43,4.6,0.27,8.22128987517336,10.645891364902509,2.840059790732435,0.2826629680998609
8.22128987517336,10.645891364902509,2.840059790732435,0.2826629680998609,7.9,8.55,5.4,0.31,7.9,8.43,4.6,0.27,8.22128987517336,10.645891364902509,2.840059790732435,0.2826629680998609,8.22128987517336,10.645891364902509,2.840059790732435,0.2826629680998609
7.44,6.42,5.5,0.18,7.9,8.43,4.6,0.27,8.22128987517336,10.645891364902509,2.840059790732435,0.2826629680998609,8.22128987517336,10.645891364902509,2.840059790732435,0.2826629680998609,8.22128987517336,10.645891364902509,2.840059790732435,0.2826629680998609
7.48,6.25,5.1,0.16,8.22128987517336,10.645891364902509,2.840059790732435,0.2826629680998609,8.22128987517336,10.645891364902509,2.840059790732435,0.2826629680998609,8.22128987517336,10.645891364902509,2.840059790732435,0.2826629680998609,7.44,6.42,5.5,0.18
7.41,5.31,3.7,0.14,8.22128987517336,10.645891364902509,2.840059790732435,0.2826629680998609,8.22128987517336,10.645891364902509,2.840059790732435,0.2826629680998609,7.44,6.42,5.5,0.18,7.48,6.25,5.1,0.16
7.39,5.4,3.4,0.08,8.22128987517336,10.645891364902509,2.840059790732435,0.2826629680998609,7.44,6.42,5.5,0.18,7.48,6.25,5.1,0.16,7.41,5.31,3.7,0.14
7.43,5.72,3.4,0.08,7.44,6.42,5.5,0.18,7.48,6.25,5.1,0.16,7.41,5.31,3.7,0.14,7.39,5.4,3.4,0.08
7.49,7.69,3.1,0.05,7.48,6.25,5.1,0.16,7.41,5.31,3.7,0.14,7.39,5.4,3.4,0.08,7.43,5.72,3.4,0.08
7.49,7.0,2.5,0.52,7.41,5.31,3.7,0.14,7.39,5.4,3.4,0.08,7.43,5.72,3.4,0.08,7.49,7.69,3.1,0.05
7.61,6.86,2.7,0.1,7.39,5.4,3.4,0.08,7.43,5.72,3.4,0.08,7.49,7.69,3.1,0.05,7.49,7.0,2.5,0.52
8.22128987517336,10.645891364902509,2.840059790732435,0.2826629680998609,7.43,5.72,3.4,0.08,7.49,7.69,3.1,0.05,7.49,7.0,2.5,0.52,7.61,6.86,2.7,0.1
7.89,8.86,3.0,0.02,7.49,7.69,3.1,0.05,7.49,7.0,2.5,0.52,7.61,6.86,2.7,0.1,8.22128987517336,10.645891364902509,2.840059790732435,0.2826629680998609
7.95,9.27,3.0,0.02,7.49,7.0,2.5,0.52,7.61,6.86,2.7,0.1,8.22128987517336,10.645891364902509,2.840059790732435,0.2826629680998609,7.89,8.86,3.0,0.02
7.96,9.72,2.0,0.02,7.61,6.86,2.7,0.1,8.22128987517336,10.645891364902509,2.840059790732435,0.2826629680998609,7.89,8.86,3.0,0.02,7.95,9.27,3.0,0.02
7.97,9.77,1.7,0.02,8.22128987517336,10.645891364902509,2.840059790732435,0.2826629680998609,7.89,8.86,3.0,0.02,7.95,9.27,3.0,0.02,7.96,9.72,2.0,0.02
7.83,9.62,1.9,0.03,7.89,8.86,3.0,0.02,7.95,9.27,3.0,0.02,7.96,9.72,2.0,0.02,7.97,9.77,1.7,0.02
8.02,10.0,1.4,0.03,7.95,9.27,3.0,0.02,7.96,9.72,2.0,0.02,7.97,9.77,1.7,0.02,7.83,9.62,1.9,0.03
8.06,10.4,1.2,0.02,7.96,9.72,2.0,0.02,7.97,9.77,1.7,0.02,7.83,9.62,1.9,0.03,8.02,10.0,1.4,0.03
8.68,11.1,1.0,0.02,7.97,9.77,1.7,0.02,7.83,9.62,1.9,0.03,8.02,10.0,1.4,0.03,8.06,10.4,1.2,0.02
8.76,11.4,1.1,0.02,7.83,9.62,1.9,0.03,8.02,10.0,1.4,0.03,8.06,10.4,1.2,0.02,8.68,11.1,1.0,0.02
8.73,11.5,1.4,0.03,8.02,10.0,1.4,0.03,8.06,10.4,1.2,0.02,8.68,11.1,1.0,0.02,8.76,11.4,1.1,0.02
8.69,11.1,1.5,0.04,8.06,10.4,1.2,0.02,8.68,11.1,1.0,0.02,8.76,11.4,1.1,0.02,8.73,11.5,1.4,0.03
8.64,11.7,1.5,0.03,8.68,11.1,1.0,0.02,8.76,11.4,1.1,0.02,8.73,11.5,1.4,0.03,8.69,11.1,1.5,0.04
8.66,12.4,1.8,0.02,8.76,11.4,1.1,0.02,8.73,11.5,1.4,0.03,8.69,11.1,1.5,0.04,8.64,11.7,1.5,0.03
8.65,13.6,1.6,0.02,8.73,11.5,1.4,0.03,8.69,11.1,1.5,0.04,8.64,11.7,1.5,0.03,8.66,12.4,1.8,0.02
8.66,15.6,1.6,0.04,8.69,11.1,1.5,0.04,8.64,11.7,1.5,0.03,8.66,12.4,1.8,0.02,8.65,13.6,1.6,0.02
8.61,15.2,1.6,0.05,8.64,11.7,1.5,0.03,8.66,12.4,1.8,0.02,8.65,13.6,1.6,0.02,8.66,15.6,1.6,0.04
8.7,14.8,1.5,0.05,8.66,12.4,1.8,0.02,8.65,13.6,1.6,0.02,8.66,15.6,1.6,0.04,8.61,15.2,1.6,0.05
8.73,14.6,1.5,0.05,8.65,13.6,1.6,0.02,8.66,15.6,1.6,0.04,8.61,15.2,1.6,0.05,8.7,14.8,1.5,0.05
8.74,15.0,1.5,0.05,8.66,15.6,1.6,0.04,8.61,15.2,1.6,0.05,8.7,14.8,1.5,0.05,8.73,14.6,1.5,0.05
8.22128987517336,10.645891364902509,2.840059790732435,0.2826629680998609,8.61,15.2,1.6,0.05,8.7,14.8,1.5,0.05,8.73,14.6,1.5,0.05,8.74,15.0,1.5,0.05
8.8,15.3,1.5,0.05,8.7,14.8,1.5,0.05,8.73,14.6,1.5,0.05,8.74,15.0,1.5,0.05,8.22128987517336,10.645891364902509,2.840059790732435,0.2826629680998609
8.79,16.3,1.5,0.05,8.73,14.6,1.5,0.05,8.74,15.0,1.5,0.05,8.22128987517336,10.645891364902509,2.840059790732435,0.2826629680998609,8.8,15.3,1.5,0.05
8.79,16.3,1.5,0.04,8.74,15.0,1.5,0.05,8.22128987517336,10.645891364902509,2.840059790732435,0.2826629680998609,8.8,15.3,1.5,0.05,8.79,16.3,1.5,0.05
8.77,16.2,1.5,0.04,8.22128987517336,10.645891364902509,2.840059790732435,0.2826629680998609,8.8,15.3,1.5,0.05,8.79,16.3,1.5,0.05,8.79,16.3,1.5,0.04
8.74,14.4,1.5,0.05,8.8,15.3,1.5,0.05,8.79,16.3,1.5,0.05,8.79,16.3,1.5,0.04,8.77,16.2,1.5,0.04
8.77,10.7,1.7,0.08,8.79,16.3,1.5,0.05,8.79,16.3,1.5,0.04,8.77,16.2,1.5,0.04,8.74,14.4,1.5,0.05
8.58,9.63,2.0,0.06,8.79,16.3,1.5,0.04,8.77,16.2,1.5,0.04,8.74,14.4,1.5,0.05,8.77,10.7,1.7,0.08
8.76,10.8,2.0,0.05,8.77,16.2,1.5,0.04,8.74,14.4,1.5,0.05,8.77,10.7,1.7,0.08,8.58,9.63,2.0,0.06
8.51,8.63,2.7,0.05,8.74,14.4,1.5,0.05,8.77,10.7,1.7,0.08,8.58,9.63,2.0,0.06,8.76,10.8,2.0,0.05
8.54,8.81,2.0,0.1,8.77,10.7,1.7,0.08,8.58,9.63,2.0,0.06,8.76,10.8,2.0,0.05,8.51,8.63,2.7,0.05
8.48,8.81,2.2,0.09,8.58,9.63,2.0,0.06,8.76,10.8,2.0,0.05,8.51,8.63,2.7,0.05,8.54,8.81,2.0,0.1
8.28,8.94,2.3,0.11,8.76,10.8,2.0,0.05,8.51,8.63,2.7,0.05,8.54,8.81,2.0,0.1,8.48,8.81,2.2,0.09
8.36,9.58,2.4,0.14,8.51,8.63,2.7,0.05,8.54,8.81,2.0,0.1,8.48,8.81,2.2,0.09,8.28,8.94,2.3,0.11
8.18,10.9,2.0,0.11,8.54,8.81,2.0,0.1,8.48,8.81,2.2,0.09,8.28,8.94,2.3,0.11,8.36,9.58,2.4,0.14
8.43,14.2,1.3,0.03,8.48,8.81,2.2,0.09,8.28,8.94,2.3,0.11,8.36,9.58,2.4,0.14,8.18,10.9,2.0,0.11
8.45,11.4,2.2,0.07,8.28,8.94,2.3,0.11,8.36,9.58,2.4,0.14,8.18,10.9,2.0,0.11,8.43,14.2,1.3,0.03
8.2,9.18,3.0,0.13,8.36,9.58,2.4,0.14,8.18,10.9,2.0,0.11,8.43,14.2,1.3,0.03,8.45,11.4,2.2,0.07
8.38,9.78,2.8,0.11,8.18,10.9,2.0,0.11,8.43,14.2,1.3,0.03,8.45,11.4,2.2,0.07,8.2,9.18,3.0,0.13
8.33,8.73,2.8,0.06,8.43,14.2,1.3,0.03,8.45,11.4,2.2,0.07,8.2,9.18,3.0,0.13,8.38,9.78,2.8,0.11
8.09,8.28,2.4,0.06,8.45,11.4,2.2,0.07,8.2,9.18,3.0,0.13,8.38,9.78,2.8,0.11,8.33,8.73,2.8,0.06
7.98,7.1,3.3,0.03,8.2,9.18,3.0,0.13,8.38,9.78,2.8,0.11,8.33,8.73,2.8,0.06,8.09,8.28,2.4,0.06
7.66,5.01,3.8,0.03,8.38,9.78,2.8,0.11,8.33,8.73,2.8,0.06,8.09,8.28,2.4,0.06,7.98,7.1,3.3,0.03
7.88,5.99,3.1,0.03,8.33,8.73,2.8,0.06,8.09,8.28,2.4,0.06,7.98,7.1,3.3,0.03,7.66,5.01,3.8,0.03
7.78,7.39,3.6,0.02,8.09,8.28,2.4,0.06,7.98,7.1,3.3,0.03,7.66,5.01,3.8,0.03,7.88,5.99,3.1,0.03
7.8,6.08,3.8,0.03,7.98,7.1,3.3,0.03,7.66,5.01,3.8,0.03,7.88,5.99,3.1,0.03,7.78,7.39,3.6,0.02
7.96,5.12,4.2,0.07,7.66,5.01,3.8,0.03,7.88,5.99,3.1,0.03,7.78,7.39,3.6,0.02,7.8,6.08,3.8,0.03
8.13,7.51,3.9,0.14,7.88,5.99,3.1,0.03,7.78,7.39,3.6,0.02,7.8,6.08,3.8,0.03,7.96,5.12,4.2,0.07
7.88,7.51,3.3,0.12,7.78,7.39,3.6,0.02,7.8,6.08,3.8,0.03,7.96,5.12,4.2,0.07,8.13,7.51,3.9,0.14
8.03,7.32,3.5,0.17,7.8,6.08,3.8,0.03,7.96,5.12,4.2,0.07,8.13,7.51,3.9,0.14,7.88,7.51,3.3,0.12
8.12,7.6,3.1,0.18,7.96,5.12,4.2,0.07,8.13,7.51,3.9,0.14,7.88,7.51,3.3,0.12,8.03,7.32,3.5,0.17
8.26,7.81,3.3,0.1,8.13,7.51,3.9,0.14,7.88,7.51,3.3,0.12,8.03,7.32,3.5,0.17,8.12,7.6,3.1,0.18
8.43,8.26,3.5,0.11,7.88,7.51,3.3,0.12,8.03,7.32,3.5,0.17,8.12,7.6,3.1,0.18,8.26,7.81,3.3,0.1
8.38,8.18,3.4,0.22,8.03,7.32,3.5,0.17,8.12,7.6,3.1,0.18,8.26,7.81,3.3,0.1,8.43,8.26,3.5,0.11
8.43,9.93,2.7,0.17,8.12,7.6,3.1,0.18,8.26,7.81,3.3,0.1,8.43,8.26,3.5,0.11,8.38,8.18,3.4,0.22
8.36,9.51,2.9,0.02,8.26,7.81,3.3,0.1,8.43,8.26,3.5,0.11,8.38,8.18,3.4,0.22,8.43,9.93,2.7,0.17
7.99,7.1,3.2,0.02,8.43,8.26,3.5,0.11,8.38,8.18,3.4,0.22,8.43,9.93,2.7,0.17,8.36,9.51,2.9,0.02
8.08,7.97,3.0,0.15,8.38,8.18,3.4,0.22,8.43,9.93,2.7,0.17,8.36,9.51,2.9,0.02,7.99,7.1,3.2,0.02
8.12,8.82,2.9,0.18,8.43,9.93,2.7,0.17,8.36,9.51,2.9,0.02,7.99,7.1,3.2,0.02,8.08,7.97,3.0,0.15
8.03,9.07,2.7,0.16,8.36,9.51,2.9,0.02,7.99,7.1,3.2,0.02,8.08,7.97,3.0,0.15,8.12,8.82,2.9,0.18
8.32,10.7,2.3,0.2,7.99,7.1,3.2,0.02,8.08,7.97,3.0,0.15,8.12,8.82,2.9,0.18,8.03,9.07,2.7,0.16
8.24,11.5,1.7,0.24,8.08,7.97,3.0,0.15,8.12,8.82,2.9,0.18,8.03,9.07,2.7,0.16,8.32,10.7,2.3,0.2
8.04,11.5,1.9,0.25,8.12,8.82,2.9,0.18,8.03,9.07,2.7,0.16,8.32,10.7,2.3,0.2,8.24,11.5,1.7,0.24
8.17,12.5,1.5,0.28,8.03,9.07,2.7,0.16,8.32,10.7,2.3,0.2,8.24,11.5,1.7,0.24,8.04,11.5,1.9,0.25
8.21,13.1,1.5,0.26,8.32,10.7,2.3,0.2,8.24,11.5,1.7,0.24,8.04,11.5,1.9,0.25,8.17,12.5,1.5,0.28
8.17,13.4,1.5,0.24,8.24,11.5,1.7,0.24,8.04,11.5,1.9,0.25,8.17,12.5,1.5,0.28,8.21,13.1,1.5,0.26
8.1,13.4,1.7,0.19,8.04,11.5,1.9,0.25,8.17,12.5,1.5,0.28,8.21,13.1,1.5,0.26,8.17,13.4,1.5,0.24
8.08,13.4,1.9,0.15,8.17,12.5,1.5,0.28,8.21,13.1,1.5,0.26,8.17,13.4,1.5,0.24,8.1,13.4,1.7,0.19
7.92,12.0,3.2,0.15,8.21,13.1,1.5,0.26,8.17,13.4,1.5,0.24,8.1,13.4,1.7,0.19,8.08,13.4,1.9,0.15
7.69,12.6,2.0,0.18,8.17,13.4,1.5,0.24,8.1,13.4,1.7,0.19,8.08,13.4,1.9,0.15,7.92,12.0,3.2,0.15
7.44,13.0,1.6,0.28,8.1,13.4,1.7,0.19,8.08,13.4,1.9,0.15,7.92,12.0,3.2,0.15,7.69,12.6,2.0,0.18
7.29,12.8,1.8,0.34,8.08,13.4,1.9,0.15,7.92,12.0,3.2,0.15,7.69,12.6,2.0,0.18,7.44,13.0,1.6,0.28
7.32,13.4,1.9,0.3,7.92,12.0,3.2,0.15,7.69,12.6,2.0,0.18,7.44,13.0,1.6,0.28,7.29,12.8,1.8,0.34
7.77,14.0,2.3,0.61,7.69,12.6,2.0,0.18,7.44,13.0,1.6,0.28,7.29,12.8,1.8,0.34,7.32,13.4,1.9,0.3
7.93,14.4,1.7,0.52,7.44,13.0,1.6,0.28,7.29,12.8,1.8,0.34,7.32,13.4,1.9,0.3,7.77,14.0,2.3,0.61
8.06,15.2,1.6,0.5,7.29,12.8,1.8,0.34,7.32,13.4,1.9,0.3,7.77,14.0,2.3,0.61,7.93,14.4,1.7,0.52
8.2,14.9,1.4,0.56,7.32,13.4,1.9,0.3,7.77,14.0,2.3,0.61,7.93,14.4,1.7,0.52,8.06,15.2,1.6,0.5
8.18,13.2,1.7,0.5,7.77,14.0,2.3,0.61,7.93,14.4,1.7,0.52,8.06,15.2,1.6,0.5,8.2,14.9,1.4,0.56
8.34,12.8,1.8,0.42,7.93,14.4,1.7,0.52,8.06,15.2,1.6,0.5,8.2,14.9,1.4,0.56,8.18,13.2,1.7,0.5
8.36,12.0,1.6,0.35,8.06,15.2,1.6,0.5,8.2,14.9,1.4,0.56,8.18,13.2,1.7,0.5,8.34,12.8,1.8,0.42
8.16,11.3,2.6,0.31,8.2,14.9,1.4,0.56,8.18,13.2,1.7,0.5,8.34,12.8,1.8,0.42,8.36,12.0,1.6,0.35
8.41,11.8,3.3,0.29,8.18,13.2,1.7,0.5,8.34,12.8,1.8,0.42,8.36,12.0,1.6,0.35,8.16,11.3,2.6,0.31
8.53,12.3,1.6,0.25,8.34,12.8,1.8,0.42,8.36,12.0,1.6,0.35,8.16,11.3,2.6,0.31,8.41,11.8,3.3,0.29
8.22128987517336,10.645891364902509,2.840059790732435,0.2826629680998609,8.36,12.0,1.6,0.35,8.16,11.3,2.6,0.31,8.41,11.8,3.3,0.29,8.53,12.3,1.6,0.25
8.29,12.5,2.0,0.29,8.16,11.3,2.6,0.31,8.41,11.8,3.3,0.29,8.53,12.3,1.6,0.25,8.22128987517336,10.645891364902509,2.840059790732435,0.2826629680998609
8.15,11.4,2.1,0.25,8.41,11.8,3.3,0.29,8.53,12.3,1.6,0.25,8.22128987517336,10.645891364902509,2.840059790732435,0.2826629680998609,8.29,12.5,2.0,0.29
8.33,9.88,1.7,0.29,8.53,12.3,1.6,0.25,8.22128987517336,10.645891364902509,2.840059790732435,0.2826629680998609,8.29,12.5,2.0,0.29,8.15,11.4,2.1,0.25
8.17,9.75,2.2,0.29,8.22128987517336,10.645891364902509,2.840059790732435,0.2826629680998609,8.29,12.5,2.0,0.29,8.15,11.4,2.1,0.25,8.33,9.88,1.7,0.29
8.05,9.79,2.2,0.31,8.29,12.5,2.0,0.29,8.15,11.4,2.1,0.25,8.33,9.88,1.7,0.29,8.17,9.75,2.2,0.29
8.04,9.27,2.8,0.3,8.15,11.4,2.1,0.25,8.33,9.88,1.7,0.29,8.17,9.75,2.2,0.29,8.05,9.79,2.2,0.31
8.34,12.1,1.6,0.56,8.33,9.88,1.7,0.29,8.17,9.75,2.2,0.29,8.05,9.79,2.2,0.31,8.04,9.27,2.8,0.3
8.24,12.3,1.9,0.54,8.17,9.75,2.2,0.29,8.05,9.79,2.2,0.31,8.04,9.27,2.8,0.3,8.34,12.1,1.6,0.56
8.35,10.1,2.4,0.59,8.05,9.79,2.2,0.31,8.04,9.27,2.8,0.3,8.34,12.1,1.6,0.56,8.24,12.3,1.9,0.54
8.53,9.26,3.2,0.33,8.04,9.27,2.8,0.3,8.34,12.1,1.6,0.56,8.24,12.3,1.9,0.54,8.35,10.1,2.4,0.59
8.4,9.02,3.3,0.48,8.34,12.1,1.6,0.56,8.24,12.3,1.9,0.54,8.35,10.1,2.4,0.59,8.53,9.26,3.2,0.33
8.37,8.89,4.4,0.37,8.24,12.3,1.9,0.54,8.35,10.1,2.4,0.59,8.53,9.26,3.2,0.33,8.4,9.02,3.3,0.48
8.27,8.4,4.4,0.26,8.35,10.1,2.4,0.59,8.53,9.26,3.2,0.33,8.4,9.02,3.3,0.48,8.37,8.89,4.4,0.37
8.55,9.27,4.5,0.59,8.53,9.26,3.2,0.33,8.4,9.02,3.3,0.48,8.37,8.89,4.4,0.37,8.27,8.4,4.4,0.26
8.51,8.73,5.3,0.65,8.4,9.02,3.3,0.48,8.37,8.89,4.4,0.37,8.27,8.4,4.4,0.26,8.55,9.27,4.5,0.59
8.19,8.45,5.3,0.35,8.37,8.89,4.4,0.37,8.27,8.4,4.4,0.26,8.55,9.27,4.5,0.59,8.51,8.73,5.3,0.65
8.27,8.46,5.0,0.26,8.27,8.4,4.4,0.26,8.55,9.27,4.5,0.59,8.51,8.73,5.3,0.65,8.19,8.45,5.3,0.35
8.29,8.12,3.9,0.27,8.55,9.27,4.5,0.59,8.51,8.73,5.3,0.65,8.19,8.45,5.3,0.35,8.27,8.46,5.0,0.26
7.95,6.75,3.0,0.26,8.51,8.73,5.3,0.65,8.19,8.45,5.3,0.35,8.27,8.46,5.0,0.26,8.29,8.12,3.9,0.27
7.93,7.58,2.5,0.16,8.19,8.45,5.3,0.35,8.27,8.46,5.0,0.26,8.29,8.12,3.9,0.27,7.95,6.75,3.0,0.26
7.72,6.59,3.1,0.11,8.27,8.46,5.0,0.26,8.29,8.12,3.9,0.27,7.95,6.75,3.0,0.26,7.93,7.58,2.5,0.16
8.04,8.11,2.8,0.27,8.29,8.12,3.9,0.27,7.95,6.75,3.0,0.26,7.93,7.58,2.5,0.16,7.72,6.59,3.1,0.11
8.17,9.33,2.5,0.15,7.95,6.75,3.0,0.26,7.93,7.58,2.5,0.16,7.72,6.59,3.1,0.11,8.04,8.11,2.8,0.27
8.14,9.57,2.1,0.19,7.93,7.58,2.5,0.16,7.72,6.59,3.1,0.11,8.04,8.11,2.8,0.27,8.17,9.33,2.5,0.15
8.04,9.48,1.9,0.51,7.72,6.59,3.1,0.11,8.04,8.11,2.8,0.27,8.17,9.33,2.5,0.15,8.14,9.57,2.1,0.19
7.81,9.51,1.6,0.65,8.04,8.11,2.8,0.27,8.17,9.33,2.5,0.15,8.14,9.57,2.1,0.19,8.04,9.48,1.9,0.51
7.86,10.8,1.7,0.48,8.17,9.33,2.5,0.15,8.14,9.57,2.1,0.19,8.04,9.48,1.9,0.51,7.81,9.51,1.6,0.65
7.95,11.8,1.8,0.5,8.14,9.57,2.1,0.19,8.04,9.48,1.9,0.51,7.81,9.51,1.6,0.65,7.86,10.8,1.7,0.48
7.89,12.0,1.8,0.5,8.04,9.48,1.9,0.51,7.81,9.51,1.6,0.65,7.86,10.8,1.7,0.48,7.95,11.8,1.8,0.5
7.65,12.3,1.6,0.6,7.81,9.51,1.6,0.65,7.86,10.8,1.7,0.48,7.95,11.8,1.8,0.5,7.89,12.0,1.8,0.5
7.55,12.9,1.6,0.42,7.86,10.8,1.7,0.48,7.95,11.8,1.8,0.5,7.89,12.0,1.8,0.5,7.65,12.3,1.6,0.6
7.59,13.4,1.8,0.44,7.95,11.8,1.8,0.5,7.89,12.0,1.8,0.5,7.65,12.3,1.6,0.6,7.55,12.9,1.6,0.42
7.55,13.9,1.6,0.35,7.89,12.0,1.8,0.5,7.65,12.3,1.6,0.6,7.55,12.9,1.6,0.42,7.59,13.4,1.8,0.44
7.58,13.7,1.6,0.33,7.65,12.3,1.6,0.6,7.55,12.9,1.6,0.42,7.59,13.4,1.8,0.44,7.55,13.9,1.6,0.35
8.22128987517336,10.645891364902509,2.840059790732435,0.2826629680998609,7.55,12.9,1.6,0.42,7.59,13.4,1.8,0.44,7.55,13.9,1.6,0.35,7.58,13.7,1.6,0.33
8.1,11.8,9.8,1.47,7.59,13.4,1.8,0.44,7.55,13.9,1.6,0.35,7.58,13.7,1.6,0.33,8.22128987517336,10.645891364902509,2.840059790732435,0.2826629680998609
7.57,14.1,1.4,0.46,7.55,13.9,1.6,0.35,7.58,13.7,1.6,0.33,8.22128987517336,10.645891364902509,2.840059790732435,0.2826629680998609,8.1,11.8,9.8,1.47
7.53,13.5,1.3,0.5,7.58,13.7,1.6,0.33,8.22128987517336,10.645891364902509,2.840059790732435,0.2826629680998609,8.1,11.8,9.8,1.47,7.57,14.1,1.4,0.46
8.41,15.6,1.3,0.3,8.22128987517336,10.645891364902509,2.840059790732435,0.2826629680998609,8.1,11.8,9.8,1.47,7.57,14.1,1.4,0.46,7.53,13.5,1.3,0.5
8.76,16.8,1.3,0.1,8.1,11.8,9.8,1.47,7.57,14.1,1.4,0.46,7.53,13.5,1.3,0.5,8.41,15.6,1.3,0.3
8.57,17.1,1.4,0.08,7.57,14.1,1.4,0.46,7.53,13.5,1.3,0.5,8.41,15.6,1.3,0.3,8.76,16.8,1.3,0.1
8.13,16.1,1.5,0.24,7.53,13.5,1.3,0.5,8.41,15.6,1.3,0.3,8.76,16.8,1.3,0.1,8.57,17.1,1.4,0.08
7.9,18.1,1.5,0.46,8.41,15.6,1.3,0.3,8.76,16.8,1.3,0.1,8.57,17.1,1.4,0.08,8.13,16.1,1.5,0.24
7.93,17.8,2.0,0.49,8.76,16.8,1.3,0.1,8.57,17.1,1.4,0.08,8.13,16.1,1.5,0.24,7.9,18.1,1.5,0.46
7.69,15.3,2.5,0.54,8.57,17.1,1.4,0.08,8.13,16.1,1.5,0.24,7.9,18.1,1.5,0.46,7.93,17.8,2.0,0.49
8.18,14.3,2.5,0.54,8.13,16.1,1.5,0.24,7.9,18.1,1.5,0.46,7.93,17.8,2.0,0.49,7.69,15.3,2.5,0.54
8.19,12.7,3.1,0.58,7.9,18.1,1.5,0.46,7.93,17.8,2.0,0.49,7.69,15.3,2.5,0.54,8.18,14.3,2.5,0.54
8.02,10.8,3.3,0.5,7.93,17.8,2.0,0.49,7.69,15.3,2.5,0.54,8.18,14.3,2.5,0.54,8.19,12.7,3.1,0.58
7.99,9.72,3.0,0.16,7.69,15.3,2.5,0.54,8.18,14.3,2.5,0.54,8.19,12.7,3.1,0.58,8.02,10.8,3.3,0.5
7.9,9.35,2.9,0.44,8.18,14.3,2.5,0.54,8.19,12.7,3.1,0.58,8.02,10.8,3.3,0.5,7.99,9.72,3.0,0.16
8.16,9.23,3.6,0.41,8.19,12.7,3.1,0.58,8.02,10.8,3.3,0.5,7.99,9.72,3.0,0.16,7.9,9.35,2.9,0.44
8.21,9.03,3.5,0.32,8.02,10.8,3.3,0.5,7.99,9.72,3.0,0.16,7.9,9.35,2.9,0.44,8.16,9.23,3.6,0.41
7.97,8.64,3.4,0.31,7.99,9.72,3.0,0.16,7.9,9.35,2.9,0.44,8.16,9.23,3.6,0.41,8.21,9.03,3.5,0.32
8.09,4.51,7.7,0.52,7.9,9.35,2.9,0.44,8.16,9.23,3.6,0.41,8.21,9.03,3.5,0.32,7.97,8.64,3.4,0.31
8.35,8.46,3.4,0.28,8.16,9.23,3.6,0.41,8.21,9.03,3.5,0.32,7.97,8.64,3.4,0.31,8.09,4.51,7.7,0.52
8.24,8.5,3.1,0.3,8.21,9.03,3.5,0.32,7.97,8.64,3.4,0.31,8.09,4.51,7.7,0.52,8.35,8.46,3.4,0.28
8.35,8.29,3.2,0.22,7.97,8.64,3.4,0.31,8.09,4.51,7.7,0.52,8.35,8.46,3.4,0.28,8.24,8.5,3.1,0.3
7.99,8.07,4.0,0.11,8.09,4.51,7.7,0.52,8.35,8.46,3.4,0.28,8.24,8.5,3.1,0.3,8.35,8.29,3.2,0.22
7.79,8.54,4.2,0.1,8.35,8.46,3.4,0.28,8.24,8.5,3.1,0.3,8.35,8.29,3.2,0.22,7.99,8.07,4.0,0.11
7.8,7.6,5.0,0.17,8.24,8.5,3.1,0.3,8.35,8.29,3.2,0.22,7.99,8.07,4.0,0.11,7.79,8.54,4.2,0.1
7.34,7.1,5.0,0.15,8.35,8.29,3.2,0.22,7.99,8.07,4.0,0.11,7.79,8.54,4.2,0.1,7.8,7.6,5.0,0.17
7.61,9.41,3.4,0.23,7.99,8.07,4.0,0.11,7.79,8.54,4.2,0.1,7.8,7.6,5.0,0.17,7.34,7.1,5.0,0.15
7.79,8.38,2.0,0.28,7.79,8.54,4.2,0.1,7.8,7.6,5.0,0.17,7.34,7.1,5.0,0.15,7.61,9.41,3.4,0.23
8.21,9.33,1.9,0.25,7.8,7.6,5.0,0.17,7.34,7.1,5.0,0.15,7.61,9.41,3.4,0.23,7.79,8.38,2.0,0.28
8.12,9.56,1.9,0.21,7.34,7.1,5.0,0.15,7.61,9.41,3.4,0.23,7.79,8.38,2.0,0.28,8.21,9.33,1.9,0.25
8.2,8.84,2.4,0.37,7.61,9.41,3.4,0.23,7.79,8.38,2.0,0.28,8.21,9.33,1.9,0.25,8.12,9.56,1.9,0.21
8.05,7.63,2.0,0.34,7.79,8.38,2.0,0.28,8.21,9.33,1.9,0.25,8.12,9.56,1.9,0.21,8.2,8.84,2.4,0.37
8.09,8.56,1.6,0.21,8.21,9.33,1.9,0.25,8.12,9.56,1.9,0.21,8.2,8.84,2.4,0.37,8.05,7.63,2.0,0.34
8.35,8.69,1.7,0.22,8.12,9.56,1.9,0.21,8.2,8.84,2.4,0.37,8.05,7.63,2.0,0.34,8.09,8.56,1.6,0.21
8.3,7.48,1.9,0.24,8.2,8.84,2.4,0.37,8.05,7.63,2.0,0.34,8.09,8.56,1.6,0.21,8.35,8.69,1.7,0.22
8.31,7.11,1.8,0.19,8.05,7.63,2.0,0.34,8.09,8.56,1.6,0.21,8.35,8.69,1.7,0.22,8.3,7.48,1.9,0.24
8.27,6.61,1.7,0.19,8.09,8.56,1.6,0.21,8.35,8.69,1.7,0.22,8.3,7.48,1.9,0.24,8.31,7.11,1.8,0.19
8.33,6.7,1.7,0.17,8.35,8.69,1.7,0.22,8.3,7.48,1.9,0.24,8.31,7.11,1.8,0.19,8.27,6.61,1.7,0.19
8.34,5.81,1.7,0.21,8.3,7.48,1.9,0.24,8.31,7.11,1.8,0.19,8.27,6.61,1.7,0.19,8.33,6.7,1.7,0.17
8.3,6.08,1.6,0.12,8.31,7.11,1.8,0.19,8.27,6.61,1.7,0.19,8.33,6.7,1.7,0.17,8.34,5.81,1.7,0.21
8.29,6.6,1.6,0.27,8.27,6.61,1.7,0.19,8.33,6.7,1.7,0.17,8.34,5.81,1.7,0.21,8.3,6.08,1.6,0.12
8.35,6.74,1.5,0.37,8.33,6.7,1.7,0.17,8.34,5.81,1.7,0.21,8.3,6.08,1.6,0.12,8.29,6.6,1.6,0.27
8.41,6.8,1.4,0.4,8.34,5.81,1.7,0.21,8.3,6.08,1.6,0.12,8.29,6.6,1.6,0.27,8.35,6.74,1.5,0.37
8.54,6.98,1.4,0.31,8.3,6.08,1.6,0.12,8.29,6.6,1.6,0.27,8.35,6.74,1.5,0.37,8.41,6.8,1.4,0.4
8.57,6.99,1.5,0.32,8.29,6.6,1.6,0.27,8.35,6.74,1.5,0.37,8.41,6.8,1.4,0.4,8.54,6.98,1.4,0.31
8.63,7.07,1.5,0.42,8.35,6.74,1.5,0.37,8.41,6.8,1.4,0.4,8.54,6.98,1.4,0.31,8.57,6.99,1.5,0.32
8.56,7.4,1.6,0.47,8.41,6.8,1.4,0.4,8.54,6.98,1.4,0.31,8.57,6.99,1.5,0.32,8.63,7.07,1.5,0.42
8.55,7.64,1.8,0.34,8.54,6.98,1.4,0.31,8.57,6.99,1.5,0.32,8.63,7.07,1.5,0.42,8.56,7.4,1.6,0.47
8.44,7.83,1.5,0.39,8.57,6.99,1.5,0.32,8.63,7.07,1.5,0.42,8.56,7.4,1.6,0.47,8.55,7.64,1.8,0.34
8.45,7.73,1.6,0.33,8.63,7.07,1.5,0.42,8.56,7.4,1.6,0.47,8.55,7.64,1.8,0.34,8.44,7.83,1.5,0.39
8.73,8.27,1.4,0.31,8.56,7.4,1.6,0.47,8.55,7.64,1.8,0.34,8.44,7.83,1.5,0.39,8.45,7.73,1.6,0.33
8.63,8.64,1.4,0.26,8.55,7.64,1.8,0.34,8.44,7.83,1.5,0.39,8.45,7.73,1.6,0.33,8.73,8.27,1.4,0.31
8.64,8.84,1.5,0.28,8.44,7.83,1.5,0.39,8.45,7.73,1.6,0.33,8.73,8.27,1.4,0.31,8.63,8.64,1.4,0.26
8.49,10.1,1.6,0.22,8.45,7.73,1.6,0.33,8.73,8.27,1.4,0.31,8.63,8.64,1.4,0.26,8.64,8.84,1.5,0.28
8.87,10.6,1.6,0.28,8.73,8.27,1.4,0.31,8.63,8.64,1.4,0.26,8.64,8.84,1.5,0.28,8.49,10.1,1.6,0.22
8.98,10.4,1.6,0.26,8.63,8.64,1.4,0.26,8.64,8.84,1.5,0.28,8.49,10.1,1.6,0.22,8.87,10.6,1.6,0.28
8.8,10.1,1.7,0.32,8.64,8.84,1.5,0.28,8.49,10.1,1.6,0.22,8.87,10.6,1.6,0.28,8.98,10.4,1.6,0.26
8.22128987517336,10.645891364902509,2.840059790732435,0.2826629680998609,8.49,10.1,1.6,0.22,8.87,10.6,1.6,0.28,8.98,10.4,1.6,0.26,8.8,10.1,1.7,0.32
8.87,10.3,1.6,0.26,8.87,10.6,1.6,0.28,8.98,10.4,1.6,0.26,8.8,10.1,1.7,0.32,8.22128987517336,10.645891364902509,2.840059790732435,0.2826629680998609
8.92,10.7,1.7,0.24,8.98,10.4,1.6,0.26,8.8,10.1,1.7,0.32,8.22128987517336,10.645891364902509,2.840059790732435,0.2826629680998609,8.87,10.3,1.6,0.26
8.8,10.6,2.0,0.28,8.8,10.1,1.7,0.32,8.22128987517336,10.645891364902509,2.840059790732435,0.2826629680998609,8.87,10.3,1.6,0.26,8.92,10.7,1.7,0.24
8.83,9.96,1.7,0.43,8.22128987517336,10.645891364902509,2.840059790732435,0.2826629680998609,8.87,10.3,1.6,0.26,8.92,10.7,1.7,0.24,8.8,10.6,2.0,0.28
8.6,8.54,1.6,0.59,8.87,10.3,1.6,0.26,8.92,10.7,1.7,0.24,8.8,10.6,2.0,0.28,8.83,9.96,1.7,0.43
8.41,8.71,1.6,0.54,8.92,10.7,1.7,0.24,8.8,10.6,2.0,0.28,8.83,9.96,1.7,0.43,8.6,8.54,1.6,0.59
8.33,8.86,1.5,0.45,8.8,10.6,2.0,0.28,8.83,9.96,1.7,0.43,8.6,8.54,1.6,0.59,8.41,8.71,1.6,0.54
8.44,8.73,1.5,0.3,8.83,9.96,1.7,0.43,8.6,8.54,1.6,0.59,8.41,8.71,1.6,0.54,8.33,8.86,1.5,0.45
8.78,8.74,1.8,0.31,8.6,8.54,1.6,0.59,8.41,8.71,1.6,0.54,8.33,8.86,1.5,0.45,8.44,8.73,1.5,0.3
8.53,8.19,1.9,0.26,8.41,8.71,1.6,0.54,8.33,8.86,1.5,0.45,8.44,8.73,1.5,0.3,8.78,8.74,1.8,0.31
8.74,8.44,1.9,0.3,8.33,8.86,1.5,0.45,8.44,8.73,1.5,0.3,8.78,8.74,1.8,0.31,8.53,8.19,1.9,0.26
8.7,8.37,2.1,0.29,8.44,8.73,1.5,0.3,8.78,8.74,1.8,0.31,8.53,8.19,1.9,0.26,8.74,8.44,1.9,0.3
8.64,8.34,2.0,0.38,8.78,8.74,1.8,0.31,8.53,8.19,1.9,0.26,8.74,8.44,1.9,0.3,8.7,8.37,2.1,0.29
8.63,8.45,2.0,0.41,8.53,8.19,1.9,0.26,8.74,8.44,1.9,0.3,8.7,8.37,2.1,0.29,8.64,8.34,2.0,0.38
8.62,8.32,2.1,0.29,8.74,8.44,1.9,0.3,8.7,8.37,2.1,0.29,8.64,8.34,2.0,0.38,8.63,8.45,2.0,0.41
8.64,8.22,2.2,0.18,8.7,8.37,2.1,0.29,8.64,8.34,2.0,0.38,8.63,8.45,2.0,0.41,8.62,8.32,2.1,0.29
8.76,8.79,2.8,0.27,8.64,8.34,2.0,0.38,8.63,8.45,2.0,0.41,8.62,8.32,2.1,0.29,8.64,8.22,2.2,0.18
8.27,8.21,2.7,0.21,8.63,8.45,2.0,0.41,8.62,8.32,2.1,0.29,8.64,8.22,2.2,0.18,8.76,8.79,2.8,0.27
8.28,7.8,3.2,0.32,8.62,8.32,2.1,0.29,8.64,8.22,2.2,0.18,8.76,8.79,2.8,0.27,8.27,8.21,2.7,0.21
8.29,7.43,4.7,0.41,8.64,8.22,2.2,0.18,8.76,8.79,2.8,0.27,8.27,8.21,2.7,0.21,8.28,7.8,3.2,0.32
8.19,7.46,4.9,0.46,8.76,8.79,2.8,0.27,8.27,8.21,2.7,0.21,8.28,7.8,3.2,0.32,8.29,7.43,4.7,0.41
8.54,8.05,3.4,1.95,8.27,8.21,2.7,0.21,8.28,7.8,3.2,0.32,8.29,7.43,4.7,0.41,8.19,7.46,4.9,0.46
8.09,8.76,3.3,0.28,8.28,7.8,3.2,0.32,8.29,7.43,4.7,0.41,8.19,7.46,4.9,0.46,8.54,8.05,3.4,1.95
8.74,10.4,2.8,0.17,8.29,7.43,4.7,0.41,8.19,7.46,4.9,0.46,8.54,8.05,3.4,1.95,8.09,8.76,3.3,0.28
8.11,8.51,3.5,0.3,8.19,7.46,4.9,0.46,8.54,8.05,3.4,1.95,8.09,8.76,3.3,0.28,8.74,10.4,2.8,0.17
8.36,9.26,3.0,0.27,8.54,8.05,3.4,1.95,8.09,8.76,3.3,0.28,8.74,10.4,2.8,0.17,8.11,8.51,3.5,0.3
8.03,8.67,2.2,0.2,8.09,8.76,3.3,0.28,8.74,10.4,2.8,0.17,8.11,8.51,3.5,0.3,8.36,9.26,3.0,0.27
8.11,9.82,2.6,0.17,8.74,10.4,2.8,0.17,8.11,8.51,3.5,0.3,8.36,9.26,3.0,0.27,8.03,8.67,2.2,0.2
7.99,8.58,2.6,0.18,8.11,8.51,3.5,0.3,8.36,9.26,3.0,0.27,8.03,8.67,2.2,0.2,8.11,9.82,2.6,0.17
7.87,7.87,1.9,0.21,8.36,9.26,3.0,0.27,8.03,8.67,2.2,0.2,8.11,9.82,2.6,0.17,7.99,8.58,2.6,0.18
8.28,9.77,2.3,0.34,8.03,8.67,2.2,0.2,8.11,9.82,2.6,0.17,7.99,8.58,2.6,0.18,7.87,7.87,1.9,0.21
8.33,9.91,2.6,0.28,8.11,9.82,2.6,0.17,7.99,8.58,2.6,0.18,7.87,7.87,1.9,0.21,8.28,9.77,2.3,0.34
7.66,8.39,1.9,0.37,7.99,8.58,2.6,0.18,7.87,7.87,1.9,0.21,8.28,9.77,2.3,0.34,8.33,9.91,2.6,0.28
7.84,8.62,1.3,0.28,7.87,7.87,1.9,0.21,8.28,9.77,2.3,0.34,8.33,9.91,2.6,0.28,7.66,8.39,1.9,0.37
8.25,8.57,2.0,0.54,8.28,9.77,2.3,0.34,8.33,9.91,2.6,0.28,7.66,8.39,1.9,0.37,7.84,8.62,1.3,0.28
8.05,10.7,1.5,0.26,8.33,9.91,2.6,0.28,7.66,8.39,1.9,0.37,7.84,8.62,1.3,0.28,8.25,8.57,2.0,0.54
8.02,8.84,2.0,0.25,7.66,8.39,1.9,0.37,7.84,8.62,1.3,0.28,8.25,8.57,2.0,0.54,8.05,10.7,1.5,0.26
7.97,8.5,1.8,0.32,7.84,8.62,1.3,0.28,8.25,8.57,2.0,0.54,8.05,10.7,1.5,0.26,8.02,8.84,2.0,0.25
8.16,8.69,1.9,0.23,8.25,8.57,2.0,0.54,8.05,10.7,1.5,0.26,8.02,8.84,2.0,0.25,7.97,8.5,1.8,0.32
8.1,9.0,1.6,0.39,8.05,10.7,1.5,0.26,8.02,8.84,2.0,0.25,7.97,8.5,1.8,0.32,8.16,8.69,1.9,0.23
8.14,9.38,1.6,0.35,8.02,8.84,2.0,0.25,7.97,8.5,1.8,0.32,8.16,8.69,1.9,0.23,8.1,9.0,1.6,0.39
8.12,9.34,1.6,0.4,7.97,8.5,1.8,0.32,8.16,8.69,1.9,0.23,8.1,9.0,1.6,0.39,8.14,9.38,1.6,0.35
8.07,9.39,1.6,0.41,8.16,8.69,1.9,0.23,8.1,9.0,1.6,0.39,8.14,9.38,1.6,0.35,8.12,9.34,1.6,0.4
7.96,10.3,1.8,0.37,8.1,9.0,1.6,0.39,8.14,9.38,1.6,0.35,8.12,9.34,1.6,0.4,8.07,9.39,1.6,0.41
8.47,10.2,2.1,0.22,8.14,9.38,1.6,0.35,8.12,9.34,1.6,0.4,8.07,9.39,1.6,0.41,7.96,10.3,1.8,0.37
8.59,10.8,2.1,0.24,8.12,9.34,1.6,0.4,8.07,9.39,1.6,0.41,7.96,10.3,1.8,0.37,8.47,10.2,2.1,0.22
8.45,11.6,2.1,0.31,8.07,9.39,1.6,0.41,7.96,10.3,1.8,0.37,8.47,10.2,2.1,0.22,8.59,10.8,2.1,0.24
8.53,12.3,2.1,0.39,7.96,10.3,1.8,0.37,8.47,10.2,2.1,0.22,8.59,10.8,2.1,0.24,8.45,11.6,2.1,0.31
8.33,12.5,3.6,0.38,8.47,10.2,2.1,0.22,8.59,10.8,2.1,0.24,8.45,11.6,2.1,0.31,8.53,12.3,2.1,0.39
7.37,13.0,3.2,0.35,8.59,10.8,2.1,0.24,8.45,11.6,2.1,0.31,8.53,12.3,2.1,0.39,8.33,12.5,3.6,0.38
7.74,12.8,3.0,0.33,8.45,11.6,2.1,0.31,8.53,12.3,2.1,0.39,8.33,12.5,3.6,0.38,7.37,13.0,3.2,0.35
7.91,12.8,3.4,0.38,8.53,12.3,2.1,0.39,8.33,12.5,3.6,0.38,7.37,13.0,3.2,0.35,7.74,12.8,3.0,0.33
7.68,12.1,2.9,0.34,8.33,12.5,3.6,0.38,7.37,13.0,3.2,0.35,7.74,12.8,3.0,0.33,7.91,12.8,3.4,0.38
7.62,11.7,2.2,0.39,7.37,13.0,3.2,0.35,7.74,12.8,3.0,0.33,7.91,12.8,3.4,0.38,7.68,12.1,2.9,0.34
7.49,11.0,2.2,0.36,7.74,12.8,3.0,0.33,7.91,12.8,3.4,0.38,7.68,12.1,2.9,0.34,7.62,11.7,2.2,0.39
8.63,11.1,2.1,0.35,7.91,12.8,3.4,0.38,7.68,12.1,2.9,0.34,7.62,11.7,2.2,0.39,7.49,11.0,2.2,0.36
8.56,11.1,2.0,0.36,7.68,12.1,2.9,0.34,7.62,11.7,2.2,0.39,7.49,11.0,2.2,0.36,8.63,11.1,2.1,0.35
8.0,9.7,1.9,0.38,7.62,11.7,2.2,0.39,7.49,11.0,2.2,0.36,8.63,11.1,2.1,0.35,8.56,11.1,2.0,0.36
7.83,9.02,2.1,0.36,7.49,11.0,2.2,0.36,8.63,11.1,2.1,0.35,8.56,11.1,2.0,0.36,8.0,9.7,1.9,0.38
8.19,9.05,2.3,0.3,8.63,11.1,2.1,0.35,8.56,11.1,2.0,0.36,8.0,9.7,1.9,0.38,7.83,9.02,2.1,0.36
8.29,9.25,1.9,0.29,8.56,11.1,2.0,0.36,8.0,9.7,1.9,0.38,7.83,9.02,2.1,0.36,8.19,9.05,2.3,0.3
8.55,9.25,2.6,0.32,8.0,9.7,1.9,0.38,7.83,9.02,2.1,0.36,8.19,9.05,2.3,0.3,8.29,9.25,1.9,0.29
8.7,9.15,3.1,0.36,7.83,9.02,2.1,0.36,8.19,9.05,2.3,0.3,8.29,9.25,1.9,0.29,8.55,9.25,2.6,0.32
8.45,9.0,2.1,0.6,8.19,9.05,2.3,0.3,8.29,9.25,1.9,0.29,8.55,9.25,2.6,0.32,8.7,9.15,3.1,0.36
8.41,8.8,2.2,0.53,8.29,9.25,1.9,0.29,8.55,9.25,2.6,0.32,8.7,9.15,3.1,0.36,8.45,9.0,2.1,0.6
8.29,8.82,2.4,0.49,8.55,9.25,2.6,0.32,8.7,9.15,3.1,0.36,8.45,9.0,2.1,0.6,8.41,8.8,2.2,0.53
8.15,8.77,2.4,0.44,8.7,9.15,3.1,0.36,8.45,9.0,2.1,0.6,8.41,8.8,2.2,0.53,8.29,8.82,2.4,0.49
8.02,8.97,2.5,0.42,8.45,9.0,2.1,0.6,8.41,8.8,2.2,0.53,8.29,8.82,2.4,0.49,8.15,8.77,2.4,0.44
8.07,8.82,2.5,0.43,8.41,8.8,2.2,0.53,8.29,8.82,2.4,0.49,8.15,8.77,2.4,0.44,8.02,8.97,2.5,0.42
8.84,9.06,2.5,0.46,8.29,8.82,2.4,0.49,8.15,8.77,2.4,0.44,8.02,8.97,2.5,0.42,8.07,8.82,2.5,0.43
8.72,9.12,2.3,0.55,8.15,8.77,2.4,0.44,8.02,8.97,2.5,0.42,8.07,8.82,2.5,0.43,8.84,9.06,2.5,0.46
8.6,9.89,2.1,0.47,8.02,8.97,2.5,0.42,8.07,8.82,2.5,0.43,8.84,9.06,2.5,0.46,8.72,9.12,2.3,0.55
8.52,9.15,2.0,0.25,8.07,8.82,2.5,0.43,8.84,9.06,2.5,0.46,8.72,9.12,2.3,0.55,8.6,9.89,2.1,0.47
8.07,8.78,2.0,0.38,8.84,9.06,2.5,0.46,8.72,9.12,2.3,0.55,8.6,9.89,2.1,0.47,8.52,9.15,2.0,0.25
7.62,8.39,2.0,0.37,8.72,9.12,2.3,0.55,8.6,9.89,2.1,0.47,8.52,9.15,2.0,0.25,8.07,8.78,2.0,0.38
7.94,8.37,2.2,0.61,8.6,9.89,2.1,0.47,8.52,9.15,2.0,0.25,8.07,8.78,2.0,0.38,7.62,8.39,2.0,0.37
8.12,9.02,2.6,0.55,8.52,9.15,2.0,0.25,8.07,8.78,2.0,0.38,7.62,8.39,2.0,0.37,7.94,8.37,2.2,0.61
7.93,8.84,2.4,0.3,8.07,8.78,2.0,0.38,7.62,8.39,2.0,0.37,7.94,8.37,2.2,0.61,8.12,9.02,2.6,0.55
7.68,9.08,2.4,0.27,7.62,8.39,2.0,0.37,7.94,8.37,2.2,0.61,8.12,9.02,2.6,0.55,7.93,8.84,2.4,0.3
7.45,8.04,3.2,0.23,7.94,8.37,2.2,0.61,8.12,9.02,2.6,0.55,7.93,8.84,2.4,0.3,7.68,9.08,2.4,0.27
7.68,8.32,3.3,0.29,8.12,9.02,2.6,0.55,7.93,8.84,2.4,0.3,7.68,9.08,2.4,0.27,7.45,8.04,3.2,0.23
7.65,8.52,3.4,0.24,7.93,8.84,2.4,0.3,7.68,9.08,2.4,0.27,7.45,8.04,3.2,0.23,7.68,8.32,3.3,0.29
7.47,8.41,3.5,0.35,7.68,9.08,2.4,0.27,7.45,8.04,3.2,0.23,7.68,8.32,3.3,0.29,7.65,8.52,3.4,0.24
7.87,9.18,3.3,0.29,7.45,8.04,3.2,0.23,7.68,8.32,3.3,0.29,7.65,8.52,3.4,0.24,7.47,8.41,3.5,0.35
7.62,8.93,3.3,0.31,7.68,8.32,3.3,0.29,7.65,8.52,3.4,0.24,7.47,8.41,3.5,0.35,7.87,9.18,3.3,0.29
7.64,8.39,3.2,0.32,7.65,8.52,3.4,0.24,7.47,8.41,3.5,0.35,7.87,9.18,3.3,0.29,7.62,8.93,3.3,0.31
7.48,8.74,3.4,0.35,7.47,8.41,3.5,0.35,7.87,9.18,3.3,0.29,7.62,8.93,3.3,0.31,7.64,8.39,3.2,0.32
7.58,8.55,4.2,0.42,7.87,9.18,3.3,0.29,7.62,8.93,3.3,0.31,7.64,8.39,3.2,0.32,7.48,8.74,3.4,0.35
7.56,9.1,4.9,0.45,7.62,8.93,3.3,0.31,7.64,8.39,3.2,0.32,7.48,8.74,3.4,0.35,7.58,8.55,4.2,0.42
7.35,9.11,3.1,0.46,7.64,8.39,3.2,0.32,7.48,8.74,3.4,0.35,7.58,8.55,4.2,0.42,7.56,9.1,4.9,0.45
7.55,9.13,3.2,0.47,7.48,8.74,3.4,0.35,7.58,8.55,4.2,0.42,7.56,9.1,4.9,0.45,7.35,9.11,3.1,0.46
8.14,10.1,3.4,0.45,7.58,8.55,4.2,0.42,7.56,9.1,4.9,0.45,7.35,9.11,3.1,0.46,7.55,9.13,3.2,0.47
7.97,10.7,3.4,0.38,7.56,9.1,4.9,0.45,7.35,9.11,3.1,0.46,7.55,9.13,3.2,0.47,8.14,10.1,3.4,0.45
7.59,11.3,3.4,0.37,7.35,9.11,3.1,0.46,7.55,9.13,3.2,0.47,8.14,10.1,3.4,0.45,7.97,10.7,3.4,0.38
7.52,10.5,3.4,0.27,7.55,9.13,3.2,0.47,8.14,10.1,3.4,0.45,7.97,10.7,3.4,0.38,7.59,11.3,3.4,0.37
7.69,10.4,3.5,0.26,8.14,10.1,3.4,0.45,7.97,10.7,3.4,0.38,7.59,11.3,3.4,0.37,7.52,10.5,3.4,0.27
7.72,10.8,3.7,0.21,7.97,10.7,3.4,0.38,7.59,11.3,3.4,0.37,7.52,10.5,3.4,0.27,7.69,10.4,3.5,0.26
8.22128987517336,10.645891364902509,2.840059790732435,0.2826629680998609,7.59,11.3,3.4,0.37,7.52,10.5,3.4,0.27,7.69,10.4,3.5,0.26,7.72,10.8,3.7,0.21
8.64,17.1,2.6,0.06,7.52,10.5,3.4,0.27,7.69,10.4,3.5,0.26,7.72,10.8,3.7,0.21,8.22128987517336,10.645891364902509,2.840059790732435,0.2826629680998609
8.31,14.3,2.5,0.12,7.69,10.4,3.5,0.26,7.72,10.8,3.7,0.21,8.22128987517336,10.645891364902509,2.840059790732435,0.2826629680998609,8.64,17.1,2.6,0.06
8.21,13.4,2.2,0.15,7.72,10.8,3.7,0.21,8.22128987517336,10.645891364902509,2.840059790732435,0.2826629680998609,8.64,17.1,2.6,0.06,8.31,14.3,2.5,0.12
8.2,13.7,2.2,0.16,8.22128987517336,10.645891364902509,2.840059790732435,0.2826629680998609,8.64,17.1,2.6,0.06,8.31,14.3,2.5,0.12,8.21,13.4,2.2,0.15
8.33,15.2,2.3,0.14,8.64,17.1,2.6,0.06,8.31,14.3,2.5,0.12,8.21,13.4,2.2,0.15,8.2,13.7,2.2,0.16
8.6,18.9,2.7,0.07,8.31,14.3,2.5,0.12,8.21,13.4,2.2,0.15,8.2,13.7,2.2,0.16,8.33,15.2,2.3,0.14
8.68,20.6,2.7,0.1,8.21,13.4,2.2,0.15,8.2,13.7,2.2,0.16,8.33,15.2,2.3,0.14,8.6,18.9,2.7,0.07
8.67,22.3,2.7,0.12,8.2,13.7,2.2,0.16,8.33,15.2,2.3,0.14,8.6,18.9,2.7,0.07,8.68,20.6,2.7,0.1
8.71,22.3,3.0,0.08,8.33,15.2,2.3,0.14,8.6,18.9,2.7,0.07,8.68,20.6,2.7,0.1,8.67,22.3,2.7,0.12
8.53,22.2,2.3,0.07,8.6,18.9,2.7,0.07,8.68,20.6,2.7,0.1,8.67,22.3,2.7,0.12,8.71,22.3,3.0,0.08
8.47,21.5,2.6,0.06,8.68,20.6,2.7,0.1,8.67,22.3,2.7,0.12,8.71,22.3,3.0,0.08,8.53,22.2,2.3,0.07
8.44,20.1,2.4,0.06,8.67,22.3,2.7,0.12,8.71,22.3,3.0,0.08,8.53,22.2,2.3,0.07,8.47,21.5,2.6,0.06
8.37,18.4,2.8,0.08,8.71,22.3,3.0,0.08,8.53,22.2,2.3,0.07,8.47,21.5,2.6,0.06,8.44,20.1,2.4,0.06
8.31,16.1,3.0,0.09,8.53,22.2,2.3,0.07,8.47,21.5,2.6,0.06,8.44,20.1,2.4,0.06,8.37,18.4,2.8,0.08
8.27,13.4,2.7,0.12,8.47,21.5,2.6,0.06,8.44,20.1,2.4,0.06,8.37,18.4,2.8,0.08,8.31,16.1,3.0,0.09
8.04,11.1,2.7,0.11,8.44,20.1,2.4,0.06,8.37,18.4,2.8,0.08,8.31,16.1,3.0,0.09,8.27,13.4,2.7,0.12
8.07,11.0,2.6,0.07,8.37,18.4,2.8,0.08,8.31,16.1,3.0,0.09,8.27,13.4,2.7,0.12,8.04,11.1,2.7,0.11
8.22,9.73,3.0,0.14,8.31,16.1,3.0,0.09,8.27,13.4,2.7,0.12,8.04,11.1,2.7,0.11,8.07,11.0,2.6,0.07
8.15,9.37,3.1,0.17,8.27,13.4,2.7,0.12,8.04,11.1,2.7,0.11,8.07,11.0,2.6,0.07,8.22,9.73,3.0,0.14
8.12,9.73,3.1,0.16,8.04,11.1,2.7,0.11,8.07,11.0,2.6,0.07,8.22,9.73,3.0,0.14,8.15,9.37,3.1,0.17
8.06,10.5,3.1,0.11,8.07,11.0,2.6,0.07,8.22,9.73,3.0,0.14,8.15,9.37,3.1,0.17,8.12,9.73,3.1,0.16
7.84,11.0,3.0,0.09,8.22,9.73,3.0,0.14,8.15,9.37,3.1,0.17,8.12,9.73,3.1,0.16,8.06,10.5,3.1,0.11
7.72,9.2,2.8,0.09,8.15,9.37,3.1,0.17,8.12,9.73,3.1,0.16,8.06,10.5,3.1,0.11,7.84,11.0,3.0,0.09
8.04,9.28,2.6,0.07,8.12,9.73,3.1,0.16,8.06,10.5,3.1,0.11,7.84,11.0,3.0,0.09,7.72,9.2,2.8,0.09
8.39,13.0,2.8,0.09,8.06,10.5,3.1,0.11,7.84,11.0,3.0,0.09,7.72,9.2,2.8,0.09,8.04,9.28,2.6,0.07
8.48,14.2,2.7,0.07,7.84,11.0,3.0,0.09,7.72,9.2,2.8,0.09,8.04,9.28,2.6,0.07,8.39,13.0,2.8,0.09
8.54,10.4,2.7,0.09,7.72,9.2,2.8,0.09,8.04,9.28,2.6,0.07,8.39,13.0,2.8,0.09,8.48,14.2,2.7,0.07
8.58,7.89,2.4,0.06,8.04,9.28,2.6,0.07,8.39,13.0,2.8,0.09,8.48,14.2,2.7,0.07,8.54,10.4,2.7,0.09
8.51,7.25,2.7,0.09,8.39,13.0,2.8,0.09,8.48,14.2,2.7,0.07,8.54,10.4,2.7,0.09,8.58,7.89,2.4,0.06
8.39,7.68,3.4,0.07,8.48,14.2,2.7,0.07,8.54,10.4,2.7,0.09,8.58,7.89,2.4,0.06,8.51,7.25,2.7,0.09
8.36,7.91,3.2,0.06,8.54,10.4,2.7,0.09,8.58,7.89,2.4,0.06,8.51,7.25,2.7,0.09,8.39,7.68,3.4,0.07
8.65,7.93,3.0,0.1,8.58,7.89,2.4,0.06,8.51,7.25,2.7,0.09,8.39,7.68,3.4,0.07,8.36,7.91,3.2,0.06
8.75,8.04,2.7,0.16,8.51,7.25,2.7,0.09,8.39,7.68,3.4,0.07,8.36,7.91,3.2,0.06,8.65,7.93,3.0,0.1
8.65,7.02,2.9,0.17,8.39,7.68,3.4,0.07,8.36,7.91,3.2,0.06,8.65,7.93,3.0,0.1,8.75,8.04,2.7,0.16
8.73,7.05,2.9,0.17,8.36,7.91,3.2,0.06,8.65,7.93,3.0,0.1,8.75,8.04,2.7,0.16,8.65,7.02,2.9,0.17
8.8,7.51,2.8,0.17,8.65,7.93,3.0,0.1,8.75,8.04,2.7,0.16,8.65,7.02,2.9,0.17,8.73,7.05,2.9,0.17
8.78,7.52,2.4,0.12,8.75,8.04,2.7,0.16,8.65,7.02,2.9,0.17,8.73,7.05,2.9,0.17,8.8,7.51,2.8,0.17
8.62,7.17,2.4,0.13,8.65,7.02,2.9,0.17,8.73,7.05,2.9,0.17,8.8,7.51,2.8,0.17,8.78,7.52,2.4,0.12
8.45,5.9,2.8,0.24,8.73,7.05,2.9,0.17,8.8,7.51,2.8,0.17,8.78,7.52,2.4,0.12,8.62,7.17,2.4,0.13
8.65,7.26,2.6,0.16,8.8,7.51,2.8,0.17,8.78,7.52,2.4,0.12,8.62,7.17,2.4,0.13,8.45,5.9,2.8,0.24
8.7,7.79,2.6,0.16,8.78,7.52,2.4,0.12,8.62,7.17,2.4,0.13,8.45,5.9,2.8,0.24,8.65,7.26,2.6,0.16
8.61,7.51,2.7,0.28,8.62,7.17,2.4,0.13,8.45,5.9,2.8,0.24,8.65,7.26,2.6,0.16,8.7,7.79,2.6,0.16
8.41,6.32,2.9,0.34,8.45,5.9,2.8,0.24,8.65,7.26,2.6,0.16,8.7,7.79,2.6,0.16,8.61,7.51,2.7,0.28
8.33,6.71,3.0,0.26,8.65,7.26,2.6,0.16,8.7,7.79,2.6,0.16,8.61,7.51,2.7,0.28,8.41,6.32,2.9,0.34
8.53,9.29,3.2,0.41,8.7,7.79,2.6,0.16,8.61,7.51,2.7,0.28,8.41,6.32,2.9,0.34,8.33,6.71,3.0,0.26
8.22128987517336,10.645891364902509,2.840059790732435,0.2826629680998609,8.61,7.51,2.7,0.28,8.41,6.32,2.9,0.34,8.33,6.71,3.0,0.26,8.53,9.29,3.2,0.41
8.85,10.6,3.2,0.38,8.41,6.32,2.9,0.34,8.33,6.71,3.0,0.26,8.53,9.29,3.2,0.41,8.22128987517336,10.645891364902509,2.840059790732435,0.2826629680998609
8.9,11.0,3.2,0.44,8.33,6.71,3.0,0.26,8.53,9.29,3.2,0.41,8.22128987517336,10.645891364902509,2.840059790732435,0.2826629680998609,8.85,10.6,3.2,0.38
8.94,11.2,3.2,0.39,8.53,9.29,3.2,0.41,8.22128987517336,10.645891364902509,2.840059790732435,0.2826629680998609,8.85,10.6,3.2,0.38,8.9,11.0,3.2,0.44
8.79,11.7,3.3,0.32,8.22128987517336,10.645891364902509,2.840059790732435,0.2826629680998609,8.85,10.6,3.2,0.38,8.9,11.0,3.2,0.44,8.94,11.2,3.2,0.39
8.74,12.8,3.5,0.27,8.85,10.6,3.2,0.38,8.9,11.0,3.2,0.44,8.94,11.2,3.2,0.39,8.79,11.7,3.3,0.32
8.69,12.4,3.4,0.21,8.9,11.0,3.2,0.44,8.94,11.2,3.2,0.39,8.79,11.7,3.3,0.32,8.74,12.8,3.5,0.27
8.8,12.9,3.4,0.19,8.94,11.2,3.2,0.39,8.79,11.7,3.3,0.32,8.74,12.8,3.5,0.27,8.69,12.4,3.4,0.21
8.85,12.9,3.4,0.18,8.79,11.7,3.3,0.32,8.74,12.8,3.5,0.27,8.69,12.4,3.4,0.21,8.8,12.9,3.4,0.19
8.89,13.0,3.3,0.17,8.74,12.8,3.5,0.27,8.69,12.4,3.4,0.21,8.8,12.9,3.4,0.19,8.85,12.9,3.4,0.18
8.82,10.645891364902509,4.2,0.18,8.69,12.4,3.4,0.21,8.8,12.9,3.4,0.19,8.85,12.9,3.4,0.18,8.89,13.0,3.3,0.17
8.83,10.645891364902509,4.2,0.18,8.8,12.9,3.4,0.19,8.85,12.9,3.4,0.18,8.89,13.0,3.3,0.17,8.82,10.645891364902509,4.2,0.18
8.78,10.645891364902509,3.8,0.18,8.85,12.9,3.4,0.18,8.89,13.0,3.3,0.17,8.82,10.645891364902509,4.2,0.18,8.83,10.645891364902509,4.2,0.18
8.86,16.7,3.5,0.18,8.89,13.0,3.3,0.17,8.82,10.645891364902509,4.2,0.18,8.83,10.645891364902509,4.2,0.18,8.78,10.645891364902509,3.8,0.18
8.71,17.2,3.1,0.22,8.82,10.645891364902509,4.2,0.18,8.83,10.645891364902509,4.2,0.18,8.78,10.645891364902509,3.8,0.18,8.86,16.7,3.5,0.18
8.83,19.4,3.3,0.2,8.83,10.645891364902509,4.2,0.18,8.78,10.645891364902509,3.8,0.18,8.86,16.7,3.5,0.18,8.71,17.2,3.1,0.22
8.77,19.2,3.3,0.17,8.78,10.645891364902509,3.8,0.18,8.86,16.7,3.5,0.18,8.71,17.2,3.1,0.22,8.83,19.4,3.3,0.2
8.76,16.5,3.1,0.2,8.86,16.7,3.5,0.18,8.71,17.2,3.1,0.22,8.83,19.4,3.3,0.2,8.77,19.2,3.3,0.17
8.61,11.7,3.2,0.25,8.71,17.2,3.1,0.22,8.83,19.4,3.3,0.2,8.77,19.2,3.3,0.17,8.76,16.5,3.1,0.2
8.37,9.03,3.3,0.27,8.83,19.4,3.3,0.2,8.77,19.2,3.3,0.17,8.76,16.5,3.1,0.2,8.61,11.7,3.2,0.25
8.24,14.5,3.8,0.22,8.77,19.2,3.3,0.17,8.76,16.5,3.1,0.2,8.61,11.7,3.2,0.25,8.37,9.03,3.3,0.27
8.26,11.6,3.4,0.21,8.76,16.5,3.1,0.2,8.61,11.7,3.2,0.25,8.37,9.03,3.3,0.27,8.24,14.5,3.8,0.22
8.36,12.5,3.3,0.21,8.61,11.7,3.2,0.25,8.37,9.03,3.3,0.27,8.24,14.5,3.8,0.22,8.26,11.6,3.4,0.21
8.35,11.5,3.0,0.21,8.37,9.03,3.3,0.27,8.24,14.5,3.8,0.22,8.26,11.6,3.4,0.21,8.36,12.5,3.3,0.21
8.26,10.8,2.7,0.24,8.24,14.5,3.8,0.22,8.26,11.6,3.4,0.21,8.36,12.5,3.3,0.21,8.35,11.5,3.0,0.21
8.13,10.7,2.5,0.24,8.26,11.6,3.4,0.21,8.36,12.5,3.3,0.21,8.35,11.5,3.0,0.21,8.26,10.8,2.7,0.24
8.28,9.73,2.5,0.17,8.36,12.5,3.3,0.21,8.35,11.5,3.0,0.21,8.26,10.8,2.7,0.24,8.13,10.7,2.5,0.24
8.04,8.07,2.4,0.22,8.35,11.5,3.0,0.21,8.26,10.8,2.7,0.24,8.13,10.7,2.5,0.24,8.28,9.73,2.5,0.17
8.43,10.2,3.2,0.16,8.26,10.8,2.7,0.24,8.13,10.7,2.5,0.24,8.28,9.73,2.5,0.17,8.04,8.07,2.4,0.22
8.33,11.4,3.5,0.25,8.13,10.7,2.5,0.24,8.28,9.73,2.5,0.17,8.04,8.07,2.4,0.22,8.43,10.2,3.2,0.16
8.0,8.91,2.8,0.36,8.28,9.73,2.5,0.17,8.04,8.07,2.4,0.22,8.43,10.2,3.2,0.16,8.33,11.4,3.5,0.25
8.01,8.83,3.3,0.32,8.04,8.07,2.4,0.22,8.43,10.2,3.2,0.16,8.33,11.4,3.5,0.25,8.0,8.91,2.8,0.36
8.24,12.9,3.8,0.27,8.43,10.2,3.2,0.16,8.33,11.4,3.5,0.25,8.0,8.91,2.8,0.36,8.01,8.83,3.3,0.32
8.48,14.5,3.8,0.27,8.33,11.4,3.5,0.25,8.0,8.91,2.8,0.36,8.01,8.83,3.3,0.32,8.24,12.9,3.8,0.27
8.48,11.4,3.3,0.26,8.0,8.91,2.8,0.36,8.01,8.83,3.3,0.32,8.24,12.9,3.8,0.27,8.48,14.5,3.8,0.27
8.48,9.55,3.0,0.26,8.01,8.83,3.3,0.32,8.24,12.9,3.8,0.27,8.48,14.5,3.8,0.27,8.48,11.4,3.3,0.26
8.34,8.63,3.1,0.3,8.24,12.9,3.8,0.27,8.48,14.5,3.8,0.27,8.48,11.4,3.3,0.26,8.48,9.55,3.0,0.26
7.98,7.0,2.9,0.35,8.48,14.5,3.8,0.27,8.48,11.4,3.3,0.26,8.48,9.55,3.0,0.26,8.34,8.63,3.1,0.3
8.31,11.8,2.8,0.25,8.48,11.4,3.3,0.26,8.48,9.55,3.0,0.26,8.34,8.63,3.1,0.3,7.98,7.0,2.9,0.35
8.27,9.09,2.8,0.25,8.48,9.55,3.0,0.26,8.34,8.63,3.1,0.3,7.98,7.0,2.9,0.35,8.31,11.8,2.8,0.25
7.89,6.19,3.3,0.31,8.34,8.63,3.1,0.3,7.98,7.0,2.9,0.35,8.31,11.8,2.8,0.25,8.27,9.09,2.8,0.25
8.06,6.59,3.1,0.31,7.98,7.0,2.9,0.35,8.31,11.8,2.8,0.25,8.27,9.09,2.8,0.25,7.89,6.19,3.3,0.31
8.07,6.39,2.9,0.29,8.31,11.8,2.8,0.25,8.27,9.09,2.8,0.25,7.89,6.19,3.3,0.31,8.06,6.59,3.1,0.31
8.08,6.43,3.0,0.31,8.27,9.09,2.8,0.25,7.89,6.19,3.3,0.31,8.06,6.59,3.1,0.31,8.07,6.39,2.9,0.29
8.36,8.4,3.4,0.29,7.89,6.19,3.3,0.31,8.06,6.59,3.1,0.31,8.07,6.39,2.9,0.29,8.08,6.43,3.0,0.31
8.44,10.1,3.2,0.28,8.06,6.59,3.1,0.31,8.07,6.39,2.9,0.29,8.08,6.43,3.0,0.31,8.36,8.4,3.4,0.29
8.1,7.75,2.7,0.32,8.07,6.39,2.9,0.29,8.08,6.43,3.0,0.31,8.36,8.4,3.4,0.29,8.44,10.1,3.2,0.28
7.97,5.64,2.8,0.33,8.08,6.43,3.0,0.31,8.36,8.4,3.4,0.29,8.44,10.1,3.2,0.28,8.1,7.75,2.7,0.32
8.26,7.06,3.1,0.31,8.36,8.4,3.4,0.29,8.44,10.1,3.2,0.28,8.1,7.75,2.7,0.32,7.97,5.64,2.8,0.33
8.35,7.34,2.6,0.34,8.44,10.1,3.2,0.28,8.1,7.75,2.7,0.32,7.97,5.64,2.8,0.33,8.26,7.06,3.1,0.31
8.3,7.38,2.5,0.33,8.1,7.75,2.7,0.32,7.97,5.64,2.8,0.33,8.26,7.06,3.1,0.31,8.35,7.34,2.6,0.34
8.38,7.95,2.6,0.28,7.97,5.64,2.8,0.33,8.26,7.06,3.1,0.31,8.35,7.34,2.6,0.34,8.3,7.38,2.5,0.33
8.42,9.58,2.8,0.37,8.26,7.06,3.1,0.31,8.35,7.34,2.6,0.34,8.3,7.38,2.5,0.33,8.38,7.95,2.6,0.28
8.47,9.57,3.0,0.38,8.35,7.34,2.6,0.34,8.3,7.38,2.5,0.33,8.38,7.95,2.6,0.28,8.42,9.58,2.8,0.37
8.48,9.86,3.0,0.45,8.3,7.38,2.5,0.33,8.38,7.95,2.6,0.28,8.42,9.58,2.8,0.37,8.47,9.57,3.0,0.38
8.5,9.83,3.0,0.45,8.38,7.95,2.6,0.28,8.42,9.58,2.8,0.37,8.47,9.57,3.0,0.38,8.48,9.86,3.0,0.45
8.52,10.3,3.0,0.43,8.42,9.58,2.8,0.37,8.47,9.57,3.0,0.38,8.48,9.86,3.0,0.45,8.5,9.83,3.0,0.45
8.67,11.1,2.9,0.41,8.47,9.57,3.0,0.38,8.48,9.86,3.0,0.45,8.5,9.83,3.0,0.45,8.52,10.3,3.0,0.43
8.78,11.6,2.9,0.33,8.48,9.86,3.0,0.45,8.5,9.83,3.0,0.45,8.52,10.3,3.0,0.43,8.67,11.1,2.9,0.41
8.55,12.0,2.8,0.27,8.5,9.83,3.0,0.45,8.52,10.3,3.0,0.43,8.67,11.1,2.9,0.41,8.78,11.6,2.9,0.33
8.34,12.1,2.8,0.24,8.52,10.3,3.0,0.43,8.67,11.1,2.9,0.41,8.78,11.6,2.9,0.33,8.55,12.0,2.8,0.27
8.37,12.2,2.8,0.23,8.67,11.1,2.9,0.41,8.78,11.6,2.9,0.33,8.55,12.0,2.8,0.27,8.34,12.1,2.8,0.24
8.44,12.5,2.9,0.36,8.78,11.6,2.9,0.33,8.55,12.0,2.8,0.27,8.34,12.1,2.8,0.24,8.37,12.2,2.8,0.23
8.52,13.3,3.0,0.32,8.55,12.0,2.8,0.27,8.34,12.1,2.8,0.24,8.37,12.2,2.8,0.23,8.44,12.5,2.9,0.36
8.94,17.4,4.3,0.24,8.34,12.1,2.8,0.24,8.37,12.2,2.8,0.23,8.44,12.5,2.9,0.36,8.52,13.3,3.0,0.32
9.35,25.5,5.5,0.22,8.37,12.2,2.8,0.23,8.44,12.5,2.9,0.36,8.52,13.3,3.0,0.32,8.94,17.4,4.3,0.24
9.33,30.3,4.1,0.21,8.44,12.5,2.9,0.36,8.52,13.3,3.0,0.32,8.94,17.4,4.3,0.24,9.35,25.5,5.5,0.22
9.16,30.5,3.0,0.21,8.52,13.3,3.0,0.32,8.94,17.4,4.3,0.24,9.35,25.5,5.5,0.22,9.33,30.3,4.1,0.21
9.15,30.6,2.4,0.2,8.94,17.4,4.3,0.24,9.35,25.5,5.5,0.22,9.33,30.3,4.1,0.21,9.16,30.5,3.0,0.21
8.71,28.1,2.2,0.23,9.35,25.5,5.5,0.22,9.33,30.3,4.1,0.21,9.16,30.5,3.0,0.21,9.15,30.6,2.4,0.2
8.46,23.3,2.1,0.25,9.33,30.3,4.1,0.21,9.16,30.5,3.0,0.21,9.15,30.6,2.4,0.2,8.71,28.1,2.2,0.23
8.28,16.3,2.0,0.26,9.16,30.5,3.0,0.21,9.15,30.6,2.4,0.2,8.71,28.1,2.2,0.23,8.46,23.3,2.1,0.25
8.2,13.6,2.1,0.28,9.15,30.6,2.4,0.2,8.71,28.1,2.2,0.23,8.46,23.3,2.1,0.25,8.28,16.3,2.0,0.26
7.88,9.81,2.2,0.26,8.71,28.1,2.2,0.23,8.46,23.3,2.1,0.25,8.28,16.3,2.0,0.26,8.2,13.6,2.1,0.28
8.22128987517336,10.645891364902509,2.840059790732435,0.2826629680998609,8.46,23.3,2.1,0.25,8.28,16.3,2.0,0.26,8.2,13.6,2.1,0.28,7.88,9.81,2.2,0.26
7.88,9.15,2.1,0.23,8.28,16.3,2.0,0.26,8.2,13.6,2.1,0.28,7.88,9.81,2.2,0.26,8.22128987517336,10.645891364902509,2.840059790732435,0.2826629680998609
7.81,8.64,2.0,0.25,8.2,13.6,2.1,0.28,7.88,9.81,2.2,0.26,8.22128987517336,10.645891364902509,2.840059790732435,0.2826629680998609,7.88,9.15,2.1,0.23
7.72,8.51,2.0,0.24,7.88,9.81,2.2,0.26,8.22128987517336,10.645891364902509,2.840059790732435,0.2826629680998609,7.88,9.15,2.1,0.23,7.81,8.64,2.0,0.25
7.76,9.32,2.4,0.22,8.22128987517336,10.645891364902509,2.840059790732435,0.2826629680998609,7.88,9.15,2.1,0.23,7.81,8.64,2.0,0.25,7.72,8.51,2.0,0.24
8.24,16.8,3.8,0.13,7.88,9.15,2.1,0.23,7.81,8.64,2.0,0.25,7.72,8.51,2.0,0.24,7.76,9.32,2.4,0.22
8.35,15.0,3.1,0.14,7.81,8.64,2.0,0.25,7.72,8.51,2.0,0.24,7.76,9.32,2.4,0.22,8.24,16.8,3.8,0.13
7.87,9.53,2.4,0.61,7.72,8.51,2.0,0.24,7.76,9.32,2.4,0.22,8.24,16.8,3.8,0.13,8.35,15.0,3.1,0.14
7.64,7.55,2.2,0.3,7.76,9.32,2.4,0.22,8.24,16.8,3.8,0.13,8.35,15.0,3.1,0.14,7.87,9.53,2.4,0.61
7.92,11.3,3.0,0.18,8.24,16.8,3.8,0.13,8.35,15.0,3.1,0.14,7.87,9.53,2.4,0.61,7.64,7.55,2.2,0.3
7.79,11.6,2.6,0.19,8.35,15.0,3.1,0.14,7.87,9.53,2.4,0.61,7.64,7.55,2.2,0.3,7.92,11.3,3.0,0.18
7.43,6.43,2.1,0.28,7.87,9.53,2.4,0.61,7.64,7.55,2.2,0.3,7.92,11.3,3.0,0.18,7.79,11.6,2.6,0.19
7.6,7.02,1.9,0.24,7.64,7.55,2.2,0.3,7.92,11.3,3.0,0.18,7.79,11.6,2.6,0.19,7.43,6.43,2.1,0.28
7.59,7.09,2.1,0.23,7.92,11.3,3.0,0.18,7.79,11.6,2.6,0.19,7.43,6.43,2.1,0.28,7.6,7.02,1.9,0.24
7.59,7.45,1.8,0.28,7.79,11.6,2.6,0.19,7.43,6.43,2.1,0.28,7.6,7.02,1.9,0.24,7.59,7.09,2.1,0.23
7.08,4.52,2.1,0.47,7.43,6.43,2.1,0.28,7.6,7.02,1.9,0.24,7.59,7.09,2.1,0.23,7.59,7.45,1.8,0.28
7.05,5.75,2.4,0.34,7.6,7.02,1.9,0.24,7.59,7.09,2.1,0.23,7.59,7.45,1.8,0.28,7.08,4.52,2.1,0.47
7.63,10.3,2.3,0.21,7.59,7.09,2.1,0.23,7.59,7.45,1.8,0.28,7.08,4.52,2.1,0.47,7.05,5.75,2.4,0.34
7.81,13.2,2.3,0.25,7.59,7.45,1.8,0.28,7.08,4.52,2.1,0.47,7.05,5.75,2.4,0.34,7.63,10.3,2.3,0.21
7.76,13.0,2.1,0.29,7.08,4.52,2.1,0.47,7.05,5.75,2.4,0.34,7.63,10.3,2.3,0.21,7.81,13.2,2.3,0.25
7.49,8.73,1.9,0.42,7.05,5.75,2.4,0.34,7.63,10.3,2.3,0.21,7.81,13.2,2.3,0.25,7.76,13.0,2.1,0.29
7.45,6.43,1.7,0.58,7.63,10.3,2.3,0.21,7.81,13.2,2.3,0.25,7.76,13.0,2.1,0.29,7.49,8.73,1.9,0.42
7.68,9.73,1.9,0.42,7.81,13.2,2.3,0.25,7.76,13.0,2.1,0.29,7.49,8.73,1.9,0.42,7.45,6.43,1.7,0.58
7.79,12.4,2.6,0.36,7.76,13.0,2.1,0.29,7.49,8.73,1.9,0.42,7.45,6.43,1.7,0.58,7.68,9.73,1.9,0.42
7.75,10.9,2.4,0.38,7.49,8.73,1.9,0.42,7.45,6.43,1.7,0.58,7.68,9.73,1.9,0.42,7.79,12.4,2.6,0.36
7.98,11.3,2.7,0.4,7.45,6.43,1.7,0.58,7.68,9.73,1.9,0.42,7.79,12.4,2.6,0.36,7.75,10.9,2.4,0.38
7.58,7.09,2.3,0.65,7.68,9.73,1.9,0.42,7.79,12.4,2.6,0.36,7.75,10.9,2.4,0.38,7.98,11.3,2.7,0.4
7.42,5.55,1.7,0.38,7.79,12.4,2.6,0.36,7.75,10.9,2.4,0.38,7.98,11.3,2.7,0.4,7.58,7.09,2.3,0.65
7.76,8.62,2.2,0.26,7.75,10.9,2.4,0.38,7.98,11.3,2.7,0.4,7.58,7.09,2.3,0.65,7.42,5.55,1.7,0.38
7.74,8.09,1.7,0.27,7.98,11.3,2.7,0.4,7.58,7.09,2.3,0.65,7.42,5.55,1.7,0.38,7.76,8.62,2.2,0.26
7.79,7.98,2.5,0.4,7.58,7.09,2.3,0.65,7.42,5.55,1.7,0.38,7.76,8.62,2.2,0.26,7.74,8.09,1.7,0.27
7.84,9.19,1.9,0.42,7.42,5.55,1.7,0.38,7.76,8.62,2.2,0.26,7.74,8.09,1.7,0.27,7.79,7.98,2.5,0.4
7.83,10.3,2.3,0.45,7.76,8.62,2.2,0.26,7.74,8.09,1.7,0.27,7.79,7.98,2.5,0.4,7.84,9.19,1.9,0.42
7.88,11.2,2.0,0.54,7.74,8.09,1.7,0.27,7.79,7.98,2.5,0.4,7.84,9.19,1.9,0.42,7.83,10.3,2.3,0.45
8.13,11.9,2.6,0.35,7.79,7.98,2.5,0.4,7.84,9.19,1.9,0.42,7.83,10.3,2.3,0.45,7.88,11.2,2.0,0.54
8.37,11.6,2.8,0.49,7.84,9.19,1.9,0.42,7.83,10.3,2.3,0.45,7.88,11.2,2.0,0.54,8.13,11.9,2.6,0.35
8.2,11.4,3.0,0.3,7.83,10.3,2.3,0.45,7.88,11.2,2.0,0.54,8.13,11.9,2.6,0.35,8.37,11.6,2.8,0.49
8.46,12.3,2.9,0.35,7.88,11.2,2.0,0.54,8.13,11.9,2.6,0.35,8.37,11.6,2.8,0.49,8.2,11.4,3.0,0.3
8.18,13.0,3.9,0.26,8.13,11.9,2.6,0.35,8.37,11.6,2.8,0.49,8.2,11.4,3.0,0.3,8.46,12.3,2.9,0.35
8.8,14.7,4.9,0.28,8.37,11.6,2.8,0.49,8.2,11.4,3.0,0.3,8.46,12.3,2.9,0.35,8.18,13.0,3.9,0.26
8.42,16.2,3.3,1.04,8.2,11.4,3.0,0.3,8.46,12.3,2.9,0.35,8.18,13.0,3.9,0.26,8.8,14.7,4.9,0.28
7.94,12.7,1.7,1.38,8.46,12.3,2.9,0.35,8.18,13.0,3.9,0.26,8.8,14.7,4.9,0.28,8.42,16.2,3.3,1.04
7.76,11.5,0.9,0.92,8.18,13.0,3.9,0.26,8.8,14.7,4.9,0.28,8.42,16.2,3.3,1.04,7.94,12.7,1.7,1.38
7.69,11.9,1.1,0.98,8.8,14.7,4.9,0.28,8.42,16.2,3.3,1.04,7.94,12.7,1.7,1.38,7.76,11.5,0.9,0.92
7.75,13.0,1.3,0.65,8.42,16.2,3.3,1.04,7.94,12.7,1.7,1.38,7.76,11.5,0.9,0.92,7.69,11.9,1.1,0.98
7.83,12.5,1.6,0.31,7.94,12.7,1.7,1.38,7.76,11.5,0.9,0.92,7.69,11.9,1.1,0.98,7.75,13.0,1.3,0.65
7.89,11.8,1.8,0.3,7.76,11.5,0.9,0.92,7.69,11.9,1.1,0.98,7.75,13.0,1.3,0.65,7.83,12.5,1.6,0.31
7.87,13.2,2.8,0.45,7.69,11.9,1.1,0.98,7.75,13.0,1.3,0.65,7.83,12.5,1.6,0.31,7.89,11.8,1.8,0.3
7.66,13.1,1.4,0.26,7.75,13.0,1.3,0.65,7.83,12.5,1.6,0.31,7.89,11.8,1.8,0.3,7.87,13.2,2.8,0.45
7.5,11.8,1.6,0.28,7.83,12.5,1.6,0.31,7.89,11.8,1.8,0.3,7.87,13.2,2.8,0.45,7.66,13.1,1.4,0.26
7.54,11.8,2.4,0.33,7.89,11.8,1.8,0.3,7.87,13.2,2.8,0.45,7.66,13.1,1.4,0.26,7.5,11.8,1.6,0.28
7.54,9.01,1.7,0.52,7.87,13.2,2.8,0.45,7.66,13.1,1.4,0.26,7.5,11.8,1.6,0.28,7.54,11.8,2.4,0.33
7.74,10.0,2.1,0.28,7.66,13.1,1.4,0.26,7.5,11.8,1.6,0.28,7.54,11.8,2.4,0.33,7.54,9.01,1.7,0.52
7.63,9.17,2.4,0.28,7.5,11.8,1.6,0.28,7.54,11.8,2.4,0.33,7.54,9.01,1.7,0.52,7.74,10.0,2.1,0.28
7.57,10.3,1.6,0.16,7.54,11.8,2.4,0.33,7.54,9.01,1.7,0.52,7.74,10.0,2.1,0.28,7.63,9.17,2.4,0.28
8.17,12.4,2.0,0.15,7.54,9.01,1.7,0.52,7.74,10.0,2.1,0.28,7.63,9.17,2.4,0.28,7.57,10.3,1.6,0.16
8.44,14.0,2.1,0.17,7.74,10.0,2.1,0.28,7.63,9.17,2.4,0.28,7.57,10.3,1.6,0.16,8.17,12.4,2.0,0.15
8.04,9.6,1.6,0.19,7.63,9.17,2.4,0.28,7.57,10.3,1.6,0.16,8.17,12.4,2.0,0.15,8.44,14.0,2.1,0.17
7.97,9.94,2.6,0.12,7.57,10.3,1.6,0.16,8.17,12.4,2.0,0.15,8.44,14.0,2.1,0.17,8.04,9.6,1.6,0.19
7.87,8.57,2.8,0.15,8.17,12.4,2.0,0.15,8.44,14.0,2.1,0.17,8.04,9.6,1.6,0.19,7.97,9.94,2.6,0.12
7.69,6.35,2.5,0.12,8.44,14.0,2.1,0.17,8.04,9.6,1.6,0.19,7.97,9.94,2.6,0.12,7.87,8.57,2.8,0.15
8.04,7.46,2.9,0.15,8.04,9.6,1.6,0.19,7.97,9.94,2.6,0.12,7.87,8.57,2.8,0.15,7.69,6.35,2.5,0.12
7.99,7.83,2.9,0.15,7.97,9.94,2.6,0.12,7.87,8.57,2.8,0.15,7.69,6.35,2.5,0.12,8.04,7.46,2.9,0.15
8.1,8.16,2.6,0.17,7.87,8.57,2.8,0.15,7.69,6.35,2.5,0.12,8.04,7.46,2.9,0.15,7.99,7.83,2.9,0.15
8.23,11.4,2.7,0.18,7.69,6.35,2.5,0.12,8.04,7.46,2.9,0.15,7.99,7.83,2.9,0.15,8.1,8.16,2.6,0.17
8.0,9.12,2.4,0.19,8.04,7.46,2.9,0.15,7.99,7.83,2.9,0.15,8.1,8.16,2.6,0.17,8.23,11.4,2.7,0.18
7.95,8.64,2.3,0.26,7.99,7.83,2.9,0.15,8.1,8.16,2.6,0.17,8.23,11.4,2.7,0.18,8.0,9.12,2.4,0.19
8.49,13.0,2.8,0.2,8.1,8.16,2.6,0.17,8.23,11.4,2.7,0.18,8.0,9.12,2.4,0.19,7.95,8.64,2.3,0.26
8.54,11.4,2.5,0.2,8.23,11.4,2.7,0.18,8.0,9.12,2.4,0.19,7.95,8.64,2.3,0.26,8.49,13.0,2.8,0.2
8.53,11.1,2.4,0.25,8.0,9.12,2.4,0.19,7.95,8.64,2.3,0.26,8.49,13.0,2.8,0.2,8.54,11.4,2.5,0.2
8.16,9.53,2.3,0.38,7.95,8.64,2.3,0.26,8.49,13.0,2.8,0.2,8.54,11.4,2.5,0.2,8.53,11.1,2.4,0.25
8.02,5.74,2.2,0.35,8.49,13.0,2.8,0.2,8.54,11.4,2.5,0.2,8.53,11.1,2.4,0.25,8.16,9.53,2.3,0.38
8.22,7.16,2.2,0.21,8.54,11.4,2.5,0.2,8.53,11.1,2.4,0.25,8.16,9.53,2.3,0.38,8.02,5.74,2.2,0.35
8.09,8.1,2.9,0.18,8.53,11.1,2.4,0.25,8.16,9.53,2.3,0.38,8.02,5.74,2.2,0.35,8.22,7.16,2.2,0.21
7.66,7.84,3.0,0.21,8.16,9.53,2.3,0.38,8.02,5.74,2.2,0.35,8.22,7.16,2.2,0.21,8.09,8.1,2.9,0.18
7.71,8.09,2.5,0.15,8.02,5.74,2.2,0.35,8.22,7.16,2.2,0.21,8.09,8.1,2.9,0.18,7.66,7.84,3.0,0.21
8.05,7.66,2.8,0.16,8.22,7.16,2.2,0.21,8.09,8.1,2.9,0.18,7.66,7.84,3.0,0.21,7.71,8.09,2.5,0.15
8.42,9.08,3.2,0.14,8.09,8.1,2.9,0.18,7.66,7.84,3.0,0.21,7.71,8.09,2.5,0.15,8.05,7.66,2.8,0.16
8.05,8.87,3.0,0.16,7.66,7.84,3.0,0.21,7.71,8.09,2.5,0.15,8.05,7.66,2.8,0.16,8.42,9.08,3.2,0.14
8.22,8.33,2.8,0.19,7.71,8.09,2.5,0.15,8.05,7.66,2.8,0.16,8.42,9.08,3.2,0.14,8.05,8.87,3.0,0.16
8.52,10.4,2.6,0.27,8.05,7.66,2.8,0.16,8.42,9.08,3.2,0.14,8.05,8.87,3.0,0.16,8.22,8.33,2.8,0.19
7.94,10.1,3.0,0.17,8.42,9.08,3.2,0.14,8.05,8.87,3.0,0.16,8.22,8.33,2.8,0.19,8.52,10.4,2.6,0.27
7.92,9.78,2.5,0.2,8.05,8.87,3.0,0.16,8.22,8.33,2.8,0.19,8.52,10.4,2.6,0.27,7.94,10.1,3.0,0.17
7.82,9.51,2.7,0.19,8.22,8.33,2.8,0.19,8.52,10.4,2.6,0.27,7.94,10.1,3.0,0.17,7.92,9.78,2.5,0.2
8.1,10.0,2.8,0.23,8.52,10.4,2.6,0.27,7.94,10.1,3.0,0.17,7.92,9.78,2.5,0.2,7.82,9.51,2.7,0.19
8.07,10.6,2.5,0.27,7.94,10.1,3.0,0.17,7.92,9.78,2.5,0.2,7.82,9.51,2.7,0.19,8.1,10.0,2.8,0.23
8.07,11.0,2.4,0.25,7.92,9.78,2.5,0.2,7.82,9.51,2.7,0.19,8.1,10.0,2.8,0.23,8.07,10.6,2.5,0.27
8.13,11.7,2.3,0.21,7.82,9.51,2.7,0.19,8.1,10.0,2.8,0.23,8.07,10.6,2.5,0.27,8.07,11.0,2.4,0.25
8.11,12.3,2.6,0.36,8.1,10.0,2.8,0.23,8.07,10.6,2.5,0.27,8.07,11.0,2.4,0.25,8.13,11.7,2.3,0.21
8.07,13.0,2.5,0.18,8.07,10.6,2.5,0.27,8.07,11.0,2.4,0.25,8.13,11.7,2.3,0.21,8.11,12.3,2.6,0.36
8.05,13.0,2.7,0.29,8.07,11.0,2.4,0.25,8.13,11.7,2.3,0.21,8.11,12.3,2.6,0.36,8.07,13.0,2.5,0.18
8.17,14.5,2.7,0.27,8.13,11.7,2.3,0.21,8.11,12.3,2.6,0.36,8.07,13.0,2.5,0.18,8.05,13.0,2.7,0.29
8.4,18.0,3.2,0.23,8.11,12.3,2.6,0.36,8.07,13.0,2.5,0.18,8.05,13.0,2.7,0.29,8.17,14.5,2.7,0.27
8.63,20.9,4.3,0.25,8.07,13.0,2.5,0.18,8.05,13.0,2.7,0.29,8.17,14.5,2.7,0.27,8.4,18.0,3.2,0.23
8.08,19.0,4.6,0.38,8.05,13.0,2.7,0.29,8.17,14.5,2.7,0.27,8.4,18.0,3.2,0.23,8.63,20.9,4.3,0.25
8.21,18.4,3.0,0.33,8.17,14.5,2.7,0.27,8.4,18.0,3.2,0.23,8.63,20.9,4.3,0.25,8.08,19.0,4.6,0.38
8.39,21.2,2.2,0.33,8.4,18.0,3.2,0.23,8.63,20.9,4.3,0.25,8.08,19.0,4.6,0.38,8.21,18.4,3.0,0.33
8.18,20.0,2.0,0.37,8.63,20.9,4.3,0.25,8.08,19.0,4.6,0.38,8.21,18.4,3.0,0.33,8.39,21.2,2.2,0.33
8.22,19.2,2.0,0.4,8.08,19.0,4.6,0.38,8.21,18.4,3.0,0.33,8.39,21.2,2.2,0.33,8.18,20.0,2.0,0.37
8.67,25.7,3.8,0.45,8.21,18.4,3.0,0.33,8.39,21.2,2.2,0.33,8.18,20.0,2.0,0.37,8.22,19.2,2.0,0.4
8.85,24.9,3.8,0.59,8.39,21.2,2.2,0.33,8.18,20.0,2.0,0.37,8.22,19.2,2.0,0.4,8.67,25.7,3.8,0.45
8.89,19.7,4.5,0.64,8.18,20.0,2.0,0.37,8.22,19.2,2.0,0.4,8.67,25.7,3.8,0.45,8.85,24.9,3.8,0.59
8.81,17.9,4.1,0.48,8.22,19.2,2.0,0.4,8.67,25.7,3.8,0.45,8.85,24.9,3.8,0.59,8.89,19.7,4.5,0.64
8.51,11.8,3.3,0.57,8.67,25.7,3.8,0.45,8.85,24.9,3.8,0.59,8.89,19.7,4.5,0.64,8.81,17.9,4.1,0.48
8.36,10.5,3.1,0.35,8.85,24.9,3.8,0.59,8.89,19.7,4.5,0.64,8.81,17.9,4.1,0.48,8.51,11.8,3.3,0.57
8.17,9.03,3.2,0.19,8.89,19.7,4.5,0.64,8.81,17.9,4.1,0.48,8.51,11.8,3.3,0.57,8.36,10.5,3.1,0.35
8.1,8.98,3.2,0.17,8.81,17.9,4.1,0.48,8.51,11.8,3.3,0.57,8.36,10.5,3.1,0.35,8.17,9.03,3.2,0.19
8.1,8.7,3.1,0.13,8.51,11.8,3.3,0.57,8.36,10.5,3.1,0.35,8.17,9.03,3.2,0.19,8.1,8.98,3.2,0.17
8.13,8.51,3.6,0.08,8.36,10.5,3.1,0.35,8.17,9.03,3.2,0.19,8.1,8.98,3.2,0.17,8.1,8.7,3.1,0.13
7.97,8.3,3.4,0.07,8.17,9.03,3.2,0.19,8.1,8.98,3.2,0.17,8.1,8.7,3.1,0.13,8.13,8.51,3.6,0.08
8.02,8.32,3.4,0.08,8.1,8.98,3.2,0.17,8.1,8.7,3.1,0.13,8.13,8.51,3.6,0.08,7.97,8.3,3.4,0.07
8.12,8.44,3.3,0.09,8.1,8.7,3.1,0.13,8.13,8.51,3.6,0.08,7.97,8.3,3.4,0.07,8.02,8.32,3.4,0.08
8.02,8.07,3.3,0.1,8.13,8.51,3.6,0.08,7.97,8.3,3.4,0.07,8.02,8.32,3.4,0.08,8.12,8.44,3.3,0.09
8.06,7.9,3.5,0.11,7.97,8.3,3.4,0.07,8.02,8.32,3.4,0.08,8.12,8.44,3.3,0.09,8.02,8.07,3.3,0.1
7.78,6.89,3.3,0.15,8.02,8.32,3.4,0.08,8.12,8.44,3.3,0.09,8.02,8.07,3.3,0.1,8.06,7.9,3.5,0.11
7.94,7.68,3.6,0.15,8.12,8.44,3.3,0.09,8.02,8.07,3.3,0.1,8.06,7.9,3.5,0.11,7.78,6.89,3.3,0.15
7.87,6.96,3.7,0.57,8.02,8.07,3.3,0.1,8.06,7.9,3.5,0.11,7.78,6.89,3.3,0.15,7.94,7.68,3.6,0.15
7.76,6.56,3.0,0.43,8.06,7.9,3.5,0.11,7.78,6.89,3.3,0.15,7.94,7.68,3.6,0.15,7.87,6.96,3.7,0.57
8.03,7.81,3.3,0.17,7.78,6.89,3.3,0.15,7.94,7.68,3.6,0.15,7.87,6.96,3.7,0.57,7.76,6.56,3.0,0.43
7.89,6.59,3.4,0.17,7.94,7.68,3.6,0.15,7.87,6.96,3.7,0.57,7.76,6.56,3.0,0.43,8.03,7.81,3.3,0.17
8.26,11.1,4.5,0.13,7.87,6.96,3.7,0.57,7.76,6.56,3.0,0.43,8.03,7.81,3.3,0.17,7.89,6.59,3.4,0.17
7.82,7.05,2.8,0.18,7.76,6.56,3.0,0.43,8.03,7.81,3.3,0.17,7.89,6.59,3.4,0.17,8.26,11.1,4.5,0.13
7.87,7.3,3.0,0.14,8.03,7.81,3.3,0.17,7.89,6.59,3.4,0.17,8.26,11.1,4.5,0.13,7.82,7.05,2.8,0.18
7.84,7.4,3.2,0.14,7.89,6.59,3.4,0.17,8.26,11.1,4.5,0.13,7.82,7.05,2.8,0.18,7.87,7.3,3.0,0.14
7.82,7.21,3.1,0.16,8.26,11.1,4.5,0.13,7.82,7.05,2.8,0.18,7.87,7.3,3.0,0.14,7.84,7.4,3.2,0.14
7.74,6.53,2.9,0.2,7.82,7.05,2.8,0.18,7.87,7.3,3.0,0.14,7.84,7.4,3.2,0.14,7.82,7.21,3.1,0.16
7.68,6.93,2.8,0.2,7.87,7.3,3.0,0.14,7.84,7.4,3.2,0.14,7.82,7.21,3.1,0.16,7.74,6.53,2.9,0.2
8.43,13.2,4.2,0.25,7.84,7.4,3.2,0.14,7.82,7.21,3.1,0.16,7.74,6.53,2.9,0.2,7.68,6.93,2.8,0.2
7.81,6.56,3.3,0.5,7.82,7.21,3.1,0.16,7.74,6.53,2.9,0.2,7.68,6.93,2.8,0.2,8.43,13.2,4.2,0.25
7.8,7.5,3.4,0.49,7.74,6.53,2.9,0.2,7.68,6.93,2.8,0.2,8.43,13.2,4.2,0.25,7.81,6.56,3.3,0.5
7.88,8.23,3.4,0.46,7.68,6.93,2.8,0.2,8.43,13.2,4.2,0.25,7.81,6.56,3.3,0.5,7.8,7.5,3.4,0.49
8.14,11.2,4.8,0.4,8.43,13.2,4.2,0.25,7.81,6.56,3.3,0.5,7.8,7.5,3.4,0.49,7.88,8.23,3.4,0.46
8.0,9.36,4.1,0.43,7.81,6.56,3.3,0.5,7.8,7.5,3.4,0.49,7.88,8.23,3.4,0.46,8.14,11.2,4.8,0.4
7.95,9.0,4.7,0.38,7.8,7.5,3.4,0.49,7.88,8.23,3.4,0.46,8.14,11.2,4.8,0.4,8.0,9.36,4.1,0.43
7.9,7.85,4.5,0.27,7.88,8.23,3.4,0.46,8.14,11.2,4.8,0.4,8.0,9.36,4.1,0.43,7.95,9.0,4.7,0.38
8.21,9.35,3.3,0.17,8.14,11.2,4.8,0.4,8.0,9.36,4.1,0.43,7.95,9.0,4.7,0.38,7.9,7.85,4.5,0.27
8.21,9.26,3.5,0.32,8.0,9.36,4.1,0.43,7.95,9.0,4.7,0.38,7.9,7.85,4.5,0.27,8.21,9.35,3.3,0.17
8.15,9.43,3.5,0.56,7.95,9.0,4.7,0.38,7.9,7.85,4.5,0.27,8.21,9.35,3.3,0.17,8.21,9.26,3.5,0.32
8.19,10.1,3.5,0.59,7.9,7.85,4.5,0.27,8.21,9.35,3.3,0.17,8.21,9.26,3.5,0.32,8.15,9.43,3.5,0.56
8.25,10.5,3.5,0.59,8.21,9.35,3.3,0.17,8.21,9.26,3.5,0.32,8.15,9.43,3.5,0.56,8.19,10.1,3.5,0.59
8.31,11.4,3.6,0.55,8.21,9.26,3.5,0.32,8.15,9.43,3.5,0.56,8.19,10.1,3.5,0.59,8.25,10.5,3.5,0.59
8.3,11.8,3.6,0.52,8.15,9.43,3.5,0.56,8.19,10.1,3.5,0.59,8.25,10.5,3.5,0.59,8.31,11.4,3.6,0.55
8.38,12.0,3.6,0.5,8.19,10.1,3.5,0.59,8.25,10.5,3.5,0.59,8.31,11.4,3.6,0.55,8.3,11.8,3.6,0.52
8.41,12.2,3.6,0.42,8.25,10.5,3.5,0.59,8.31,11.4,3.6,0.55,8.3,11.8,3.6,0.52,8.38,12.0,3.6,0.5
8.54,13.2,4.1,0.28,8.31,11.4,3.6,0.55,8.3,11.8,3.6,0.52,8.38,12.0,3.6,0.5,8.41,12.2,3.6,0.42
8.86,17.3,4.7,0.14,8.3,11.8,3.6,0.52,8.38,12.0,3.6,0.5,8.41,12.2,3.6,0.42,8.54,13.2,4.1,0.28
8.84,19.6,6.7,0.07,8.38,12.0,3.6,0.5,8.41,12.2,3.6,0.42,8.54,13.2,4.1,0.28,8.86,17.3,4.7,0.14
9.0,21.2,6.6,0.1,8.41,12.2,3.6,0.42,8.54,13.2,4.1,0.28,8.86,17.3,4.7,0.14,8.84,19.6,6.7,0.07
9.29,26.2,5.4,0.32,8.54,13.2,4.1,0.28,8.86,17.3,4.7,0.14,8.84,19.6,6.7,0.07,9.0,21.2,6.6,0.1
9.06,30.0,4.2,0.58,8.86,17.3,4.7,0.14,8.84,19.6,6.7,0.07,9.0,21.2,6.6,0.1,9.29,26.2,5.4,0.32
8.9,27.0,4.2,0.64,8.84,19.6,6.7,0.07,9.0,21.2,6.6,0.1,9.29,26.2,5.4,0.32,9.06,30.0,4.2,0.58
9.03,25.6,5.7,0.73,9.0,21.2,6.6,0.1,9.29,26.2,5.4,0.32,9.06,30.0,4.2,0.58,8.9,27.0,4.2,0.64
9.16,22.4,6.2,0.69,9.29,26.2,5.4,0.32,9.06,30.0,4.2,0.58,8.9,27.0,4.2,0.64,9.03,25.6,5.7,0.73
8.3,13.1,3.1,0.98,9.06,30.0,4.2,0.58,8.9,27.0,4.2,0.64,9.03,25.6,5.7,0.73,9.16,22.4,6.2,0.69
8.35,11.9,3.8,0.87,8.9,27.0,4.2,0.64,9.03,25.6,5.7,0.73,9.16,22.4,6.2,0.69,8.3,13.1,3.1,0.98
8.23,11.4,3.5,0.72,9.03,25.6,5.7,0.73,9.16,22.4,6.2,0.69,8.3,13.1,3.1,0.98,8.35,11.9,3.8,0.87
7.99,12.6,5.1,0.47,9.16,22.4,6.2,0.69,8.3,13.1,3.1,0.98,8.35,11.9,3.8,0.87,8.23,11.4,3.5,0.72
7.73,12.6,4.6,0.39,8.3,13.1,3.1,0.98,8.35,11.9,3.8,0.87,8.23,11.4,3.5,0.72,7.99,12.6,5.1,0.47
7.69,16.9,4.6,0.37,8.35,11.9,3.8,0.87,8.23,11.4,3.5,0.72,7.99,12.6,5.1,0.47,7.73,12.6,4.6,0.39
8.46,15.7,3.9,0.36,8.23,11.4,3.5,0.72,7.99,12.6,5.1,0.47,7.73,12.6,4.6,0.39,7.69,16.9,4.6,0.37
8.29,12.0,3.8,0.34,7.99,12.6,5.1,0.47,7.73,12.6,4.6,0.39,7.69,16.9,4.6,0.37,8.46,15.7,3.9,0.36
8.46,13.8,3.6,0.41,7.73,12.6,4.6,0.39,7.69,16.9,4.6,0.37,8.46,15.7,3.9,0.36,8.29,12.0,3.8,0.34
7.99,9.88,3.2,0.47,7.69,16.9,4.6,0.37,8.46,15.7,3.9,0.36,8.29,12.0,3.8,0.34,8.46,13.8,3.6,0.41
7.99,9.23,3.1,0.24,8.46,15.7,3.9,0.36,8.29,12.0,3.8,0.34,8.46,13.8,3.6,0.41,7.99,9.88,3.2,0.47
8.05,9.19,3.2,0.25,8.29,12.0,3.8,0.34,8.46,13.8,3.6,0.41,7.99,9.88,3.2,0.47,7.99,9.23,3.1,0.24
8.05,9.3,3.3,0.31,8.46,13.8,3.6,0.41,7.99,9.88,3.2,0.47,7.99,9.23,3.1,0.24,8.05,9.19,3.2,0.25
8.09,9.81,3.6,0.34,7.99,9.88,3.2,0.47,7.99,9.23,3.1,0.24,8.05,9.19,3.2,0.25,8.05,9.3,3.3,0.31
7.96,9.36,3.4,0.37,7.99,9.23,3.1,0.24,8.05,9.19,3.2,0.25,8.05,9.3,3.3,0.31,8.09,9.81,3.6,0.34
8.11,10.2,3.5,0.34,8.05,9.19,3.2,0.25,8.05,9.3,3.3,0.31,8.09,9.81,3.6,0.34,7.96,9.36,3.4,0.37
8.65,13.1,3.9,0.26,8.05,9.3,3.3,0.31,8.09,9.81,3.6,0.34,7.96,9.36,3.4,0.37,8.11,10.2,3.5,0.34
8.59,12.7,3.9,0.26,8.09,9.81,3.6,0.34,7.96,9.36,3.4,0.37,8.11,10.2,3.5,0.34,8.65,13.1,3.9,0.26
8.3,10.2,3.8,0.25,7.96,9.36,3.4,0.37,8.11,10.2,3.5,0.34,8.65,13.1,3.9,0.26,8.59,12.7,3.9,0.26
8.2,11.8,3.9,0.3,8.11,10.2,3.5,0.34,8.65,13.1,3.9,0.26,8.59,12.7,3.9,0.26,8.3,10.2,3.8,0.25
8.41,16.4,4.3,0.36,8.65,13.1,3.9,0.26,8.59,12.7,3.9,0.26,8.3,10.2,3.8,0.25,8.2,11.8,3.9,0.3
8.71,17.4,4.8,0.45,8.59,12.7,3.9,0.26,8.3,10.2,3.8,0.25,8.2,11.8,3.9,0.3,8.41,16.4,4.3,0.36
8.13,9.81,5.1,0.72,8.3,10.2,3.8,0.25,8.2,11.8,3.9,0.3,8.41,16.4,4.3,0.36,8.71,17.4,4.8,0.45
8.46,10.2,5.2,0.28,8.2,11.8,3.9,0.3,8.41,16.4,4.3,0.36,8.71,17.4,4.8,0.45,8.13,9.81,5.1,0.72
8.24,7.72,4.1,0.25,8.41,16.4,4.3,0.36,8.71,17.4,4.8,0.45,8.13,9.81,5.1,0.72,8.46,10.2,5.2,0.28
8.42,9.36,4.5,0.21,8.71,17.4,4.8,0.45,8.13,9.81,5.1,0.72,8.46,10.2,5.2,0.28,8.24,7.72,4.1,0.25
9.11,16.6,5.4,0.25,8.13,9.81,5.1,0.72,8.46,10.2,5.2,0.28,8.24,7.72,4.1,0.25,8.42,9.36,4.5,0.21
9.02,13.7,4.6,0.3,8.46,10.2,5.2,0.28,8.24,7.72,4.1,0.25,8.42,9.36,4.5,0.21,9.11,16.6,5.4,0.25
7.79,6.28,3.8,0.46,8.24,7.72,4.1,0.25,8.42,9.36,4.5,0.21,9.11,16.6,5.4,0.25,9.02,13.7,4.6,0.3
7.6,7.46,3.8,0.42,8.42,9.36,4.5,0.21,9.11,16.6,5.4,0.25,9.02,13.7,4.6,0.3,7.79,6.28,3.8,0.46
7.88,6.21,4.0,0.33,9.11,16.6,5.4,0.25,9.02,13.7,4.6,0.3,7.79,6.28,3.8,0.46,7.6,7.46,3.8,0.42
7.58,3.02,3.3,0.49,9.02,13.7,4.6,0.3,7.79,6.28,3.8,0.46,7.6,7.46,3.8,0.42,7.88,6.21,4.0,0.33
7.71,4.8,3.9,0.49,7.79,6.28,3.8,0.46,7.6,7.46,3.8,0.42,7.88,6.21,4.0,0.33,7.58,3.02,3.3,0.49
8.05,7.98,4.3,0.42,7.6,7.46,3.8,0.42,7.88,6.21,4.0,0.33,7.58,3.02,3.3,0.49,7.71,4.8,3.9,0.49
7.79,6.02,2.8,0.52,7.88,6.21,4.0,0.33,7.58,3.02,3.3,0.49,7.71,4.8,3.9,0.49,8.05,7.98,4.3,0.42
7.69,5.64,2.3,0.69,7.58,3.02,3.3,0.49,7.71,4.8,3.9,0.49,8.05,7.98,4.3,0.42,7.79,6.02,2.8,0.52
7.72,6.57,2.3,0.56,7.71,4.8,3.9,0.49,8.05,7.98,4.3,0.42,7.79,6.02,2.8,0.52,7.69,5.64,2.3,0.69
7.7,6.52,1.9,0.39,8.05,7.98,4.3,0.42,7.79,6.02,2.8,0.52,7.69,5.64,2.3,0.69,7.72,6.57,2.3,0.56
7.73,7.39,2.0,0.25,7.79,6.02,2.8,0.52,7.69,5.64,2.3,0.69,7.72,6.57,2.3,0.56,7.7,6.52,1.9,0.39
7.96,8.85,2.8,0.26,7.69,5.64,2.3,0.69,7.72,6.57,2.3,0.56,7.7,6.52,1.9,0.39,7.73,7.39,2.0,0.25
8.36,10.1,3.2,0.72,7.72,6.57,2.3,0.56,7.7,6.52,1.9,0.39,7.73,7.39,2.0,0.25,7.96,8.85,2.8,0.26
8.39,10.8,3.8,0.66,7.7,6.52,1.9,0.39,7.73,7.39,2.0,0.25,7.96,8.85,2.8,0.26,8.36,10.1,3.2,0.72
8.4,11.4,3.2,0.59,7.73,7.39,2.0,0.25,7.96,8.85,2.8,0.26,8.36,10.1,3.2,0.72,8.39,10.8,3.8,0.66
8.4,11.8,3.3,0.5,7.96,8.85,2.8,0.26,8.36,10.1,3.2,0.72,8.39,10.8,3.8,0.66,8.4,11.4,3.2,0.59
8.37,11.5,2.9,0.32,8.36,10.1,3.2,0.72,8.39,10.8,3.8,0.66,8.4,11.4,3.2,0.59,8.4,11.8,3.3,0.5
8.52,13.1,3.6,0.4,8.39,10.8,3.8,0.66,8.4,11.4,3.2,0.59,8.4,11.8,3.3,0.5,8.37,11.5,2.9,0.32
8.73,14.4,3.8,0.33,8.4,11.4,3.2,0.59,8.4,11.8,3.3,0.5,8.37,11.5,2.9,0.32,8.52,13.1,3.6,0.4
9.0,18.4,7.4,0.15,8.4,11.8,3.3,0.5,8.37,11.5,2.9,0.32,8.52,13.1,3.6,0.4,8.73,14.4,3.8,0.33
9.26,20.1,8.2,0.08,8.37,11.5,2.9,0.32,8.52,13.1,3.6,0.4,8.73,14.4,3.8,0.33,9.0,18.4,7.4,0.15
9.42,20.0,11.9,0.11,8.52,13.1,3.6,0.4,8.73,14.4,3.8,0.33,9.0,18.4,7.4,0.15,9.26,20.1,8.2,0.08
9.41,17.8,9.0,0.26,8.73,14.4,3.8,0.33,9.0,18.4,7.4,0.15,9.26,20.1,8.2,0.08,9.42,20.0,11.9,0.11
8.83,13.3,4.7,0.36,9.0,18.4,7.4,0.15,9.26,20.1,8.2,0.08,9.42,20.0,11.9,0.11,9.41,17.8,9.0,0.26
8.75,16.4,4.8,0.09,9.26,20.1,8.2,0.08,9.42,20.0,11.9,0.11,9.41,17.8,9.0,0.26,8.83,13.3,4.7,0.36
9.1,19.2,4.2,0.04,9.42,20.0,11.9,0.11,9.41,17.8,9.0,0.26,8.83,13.3,4.7,0.36,8.75,16.4,4.8,0.09
9.07,15.9,3.5,0.15,9.41,17.8,9.0,0.26,8.83,13.3,4.7,0.36,8.75,16.4,4.8,0.09,9.1,19.2,4.2,0.04
8.8,11.6,3.1,0.29,8.83,13.3,4.7,0.36,8.75,16.4,4.8,0.09,9.1,19.2,4.2,0.04,9.07,15.9,3.5,0.15
9.0,12.0,3.3,0.27,8.75,16.4,4.8,0.09,9.1,19.2,4.2,0.04,9.07,15.9,3.5,0.15,8.8,11.6,3.1,0.29
8.86,11.6,2.8,0.22,9.1,19.2,4.2,0.04,9.07,15.9,3.5,0.15,8.8,11.6,3.1,0.29,9.0,12.0,3.3,0.27
8.94,11.3,2.3,0.16,9.07,15.9,3.5,0.15,8.8,11.6,3.1,0.29,9.0,12.0,3.3,0.27,8.86,11.6,2.8,0.22
8.2,7.3,2.0,0.29,8.8,11.6,3.1,0.29,9.0,12.0,3.3,0.27,8.86,11.6,2.8,0.22,8.94,11.3,2.3,0.16
8.57,8.55,2.7,0.16,9.0,12.0,3.3,0.27,8.86,11.6,2.8,0.22,8.94,11.3,2.3,0.16,8.2,7.3,2.0,0.29
8.9,8.89,2.4,0.12,8.86,11.6,2.8,0.22,8.94,11.3,2.3,0.16,8.2,7.3,2.0,0.29,8.57,8.55,2.7,0.16
8.65,8.84,2.9,0.13,8.94,11.3,2.3,0.16,8.2,7.3,2.0,0.29,8.57,8.55,2.7,0.16,8.9,8.89,2.4,0.12
8.26,9.45,2.6,0.13,8.2,7.3,2.0,0.29,8.57,8.55,2.7,0.16,8.9,8.89,2.4,0.12,8.65,8.84,2.9,0.13
8.65,12.2,2.6,0.08,8.57,8.55,2.7,0.16,8.9,8.89,2.4,0.12,8.65,8.84,2.9,0.13,8.26,9.45,2.6,0.13
7.72,7.18,2.4,0.35,8.9,8.89,2.4,0.12,8.65,8.84,2.9,0.13,8.26,9.45,2.6,0.13,8.65,12.2,2.6,0.08
8.22128987517336,10.645891364902509,2.840059790732435,0.2826629680998609,8.65,8.84,2.9,0.13,8.26,9.45,2.6,0.13,8.65,12.2,2.6,0.08,7.72,7.18,2.4,0.35
8.22128987517336,10.645891364902509,2.840059790732435,0.2826629680998609,8.26,9.45,2.6,0.13,8.65,12.2,2.6,0.08,7.72,7.18,2.4,0.35,8.22128987517336,10.645891364902509,2.840059790732435,0.2826629680998609
8.45,9.21,3.4,0.1,8.65,12.2,2.6,0.08,7.72,7.18,2.4,0.35,8.22128987517336,10.645891364902509,2.840059790732435,0.2826629680998609,8.22128987517336,10.645891364902509,2.840059790732435,0.2826629680998609
8.29,9.01,2.7,0.12,7.72,7.18,2.4,0.35,8.22128987517336,10.645891364902509,2.840059790732435,0.2826629680998609,8.22128987517336,10.645891364902509,2.840059790732435,0.2826629680998609,8.45,9.21,3.4,0.1
7.84,6.17,4.1,0.57,8.22128987517336,10.645891364902509,2.840059790732435,0.2826629680998609,8.22128987517336,10.645891364902509,2.840059790732435,0.2826629680998609,8.45,9.21,3.4,0.1,8.29,9.01,2.7,0.12
7.81,6.11,2.840059790732435,0.92,8.22128987517336,10.645891364902509,2.840059790732435,0.2826629680998609,8.45,9.21,3.4,0.1,8.29,9.01,2.7,0.12,7.84,6.17,4.1,0.57
7.78,7.98,2.840059790732435,0.44,8.45,9.21,3.4,0.1,8.29,9.01,2.7,0.12,7.84,6.17,4.1,0.57,7.81,6.11,2.840059790732435,0.92
8.4,11.5,2.840059790732435,0.19,8.29,9.01,2.7,0.12,7.84,6.17,4.1,0.57,7.81,6.11,2.840059790732435,0.92,7.78,7.98,2.840059790732435,0.44
7.92,6.41,2.840059790732435,0.17,7.84,6.17,4.1,0.57,7.81,6.11,2.840059790732435,0.92,7.78,7.98,2.840059790732435,0.44,8.4,11.5,2.840059790732435,0.19
8.26,9.38,2.840059790732435,0.18,7.81,6.11,2.840059790732435,0.92,7.78,7.98,2.840059790732435,0.44,8.4,11.5,2.840059790732435,0.19,7.92,6.41,2.840059790732435,0.17
8.23,7.25,2.840059790732435,0.19,7.78,7.98,2.840059790732435,0.44,8.4,11.5,2.840059790732435,0.19,7.92,6.41,2.840059790732435,0.17,8.26,9.38,2.840059790732435,0.18
8.15,6.62,2.840059790732435,0.28,8.4,11.5,2.840059790732435,0.19,7.92,6.41,2.840059790732435,0.17,8.26,9.38,2.840059790732435,0.18,8.23,7.25,2.840059790732435,0.19
7.9,4.63,2.840059790732435,0.3,7.92,6.41,2.840059790732435,0.17,8.26,9.38,2.840059790732435,0.18,8.23,7.25,2.840059790732435,0.19,8.15,6.62,2.840059790732435,0.28
7.93,6.22,2.840059790732435,0.21,8.26,9.38,2.840059790732435,0.18,8.23,7.25,2.840059790732435,0.19,8.15,6.62,2.840059790732435,0.28,7.9,4.63,2.840059790732435,0.3
8.06,6.39,2.840059790732435,0.14,8.23,7.25,2.840059790732435,0.19,8.15,6.62,2.840059790732435,0.28,7.9,4.63,2.840059790732435,0.3,7.93,6.22,2.840059790732435,0.21
7.68,3.71,2.840059790732435,0.26,8.15,6.62,2.840059790732435,0.28,7.9,4.63,2.840059790732435,0.3,7.93,6.22,2.840059790732435,0.21,8.06,6.39,2.840059790732435,0.14
7.72,3.64,2.840059790732435,0.21,7.9,4.63,2.840059790732435,0.3,7.93,6.22,2.840059790732435,0.21,8.06,6.39,2.840059790732435,0.14,7.68,3.71,2.840059790732435,0.26
7.76,3.94,2.840059790732435,0.41,7.93,6.22,2.840059790732435,0.21,8.06,6.39,2.840059790732435,0.14,7.68,3.71,2.840059790732435,0.26,7.72,3.64,2.840059790732435,0.21
7.81,3.7,2.840059790732435,0.26,8.06,6.39,2.840059790732435,0.14,7.68,3.71,2.840059790732435,0.26,7.72,3.64,2.840059790732435,0.21,7.76,3.94,2.840059790732435,0.41
7.92,4.75,2.840059790732435,0.31,7.68,3.71,2.840059790732435,0.26,7.72,3.64,2.840059790732435,0.21,7.76,3.94,2.840059790732435,0.41,7.81,3.7,2.840059790732435,0.26
8.04,6.14,2.840059790732435,0.2,7.72,3.64,2.840059790732435,0.21,7.76,3.94,2.840059790732435,0.41,7.81,3.7,2.840059790732435,0.26,7.92,4.75,2.840059790732435,0.31
8.11,7.05,2.840059790732435,0.14,7.76,3.94,2.840059790732435,0.41,7.81,3.7,2.840059790732435,0.26,7.92,4.75,2.840059790732435,0.31,8.04,6.14,2.840059790732435,0.2
7.95,6.25,2.840059790732435,0.32,7.81,3.7,2.840059790732435,0.26,7.92,4.75,2.840059790732435,0.31,8.04,6.14,2.840059790732435,0.2,8.11,7.05,2.840059790732435,0.14
7.93,7.39,2.840059790732435,0.4,7.92,4.75,2.840059790732435,0.31,8.04,6.14,2.840059790732435,0.2,8.11,7.05,2.840059790732435,0.14,7.95,6.25,2.840059790732435,0.32
7.85,6.89,2.840059790732435,0.44,8.04,6.14,2.840059790732435,0.2,8.11,7.05,2.840059790732435,0.14,7.95,6.25,2.840059790732435,0.32,7.93,7.39,2.840059790732435,0.4
8.22128987517336,10.645891364902509,2.840059790732435,0.2826629680998609,8.11,7.05,2.840059790732435,0.14,7.95,6.25,2.840059790732435,0.32,7.93,7.39,2.840059790732435,0.4,7.85,6.89,2.840059790732435,0.44
8.31,8.18,2.840059790732435,0.14,7.95,6.25,2.840059790732435,0.32,7.93,7.39,2.840059790732435,0.4,7.85,6.89,2.840059790732435,0.44,8.22128987517336,10.645891364902509,2.840059790732435,0.2826629680998609
8.61,11.4,2.840059790732435,0.27,7.93,7.39,2.840059790732435,0.4,7.85,6.89,2.840059790732435,0.44,8.22128987517336,10.645891364902509,2.840059790732435,0.2826629680998609,8.31,8.18,2.840059790732435,0.14
8.22128987517336,10.645891364902509,2.840059790732435,0.2826629680998609,7.85,6.89,2.840059790732435,0.44,8.22128987517336,10.645891364902509,2.840059790732435,0.2826629680998609,8.31,8.18,2.840059790732435,0.14,8.61,11.4,2.840059790732435,0.27
7.6,10.3,2.840059790732435,0.32,8.22128987517336,10.645891364902509,2.840059790732435,0.2826629680998609,8.31,8.18,2.840059790732435,0.14,8.61,11.4,2.840059790732435,0.27,8.22128987517336,10.645891364902509,2.840059790732435,0.2826629680998609
7.6,9.69,2.840059790732435,0.35,8.31,8.18,2.840059790732435,0.14,8.61,11.4,2.840059790732435,0.27,8.22128987517336,10.645891364902509,2.840059790732435,0.2826629680998609,7.6,10.3,2.840059790732435,0.32
7.49,10.9,2.840059790732435,0.38,8.61,11.4,2.840059790732435,0.27,8.22128987517336,10.645891364902509,2.840059790732435,0.2826629680998609,7.6,10.3,2.840059790732435,0.32,7.6,9.69,2.840059790732435,0.35
7.53,9.09,2.840059790732435,0.41,8.22128987517336,10.645891364902509,2.840059790732435,0.2826629680998609,7.6,10.3,2.840059790732435,0.32,7.6,9.69,2.840059790732435,0.35,7.49,10.9,2.840059790732435,0.38
7.53,10.2,2.840059790732435,0.31,7.6,10.3,2.840059790732435,0.32,7.6,9.69,2.840059790732435,0.35,7.49,10.9,2.840059790732435,0.38,7.53,9.09,2.840059790732435,0.41
7.66,12.3,2.840059790732435,0.26,7.6,9.69,2.840059790732435,0.35,7.49,10.9,2.840059790732435,0.38,7.53,9.09,2.840059790732435,0.41,7.53,10.2,2.840059790732435,0.31
8.06,14.7,2.840059790732435,0.16,7.49,10.9,2.840059790732435,0.38,7.53,9.09,2.840059790732435,0.41,7.53,10.2,2.840059790732435,0.31,7.66,12.3,2.840059790732435,0.26
8.74,14.8,2.840059790732435,0.09,7.53,9.09,2.840059790732435,0.41,7.53,10.2,2.840059790732435,0.31,7.66,12.3,2.840059790732435,0.26,8.06,14.7,2.840059790732435,0.16
8.96,14.0,2.840059790732435,0.11,7.53,10.2,2.840059790732435,0.31,7.66,12.3,2.840059790732435,0.26,8.06,14.7,2.840059790732435,0.16,8.74,14.8,2.840059790732435,0.09
8.98,12.0,2.840059790732435,0.16,7.66,12.3,2.840059790732435,0.26,8.06,14.7,2.840059790732435,0.16,8.74,14.8,2.840059790732435,0.09,8.96,14.0,2.840059790732435,0.11
8.43,9.61,2.840059790732435,0.27,8.06,14.7,2.840059790732435,0.16,8.74,14.8,2.840059790732435,0.09,8.96,14.0,2.840059790732435,0.11,8.98,12.0,2.840059790732435,0.16
8.22128987517336,10.645891364902509,2.840059790732435,0.2826629680998609,8.74,14.8,2.840059790732435,0.09,8.96,14.0,2.840059790732435,0.11,8.98,12.0,2.840059790732435,0.16,8.43,9.61,2.840059790732435,0.27
8.24,7.3,2.840059790732435,0.14,8.96,14.0,2.840059790732435,0.11,8.98,12.0,2.840059790732435,0.16,8.43,9.61,2.840059790732435,0.27,8.22128987517336,10.645891364902509,2.840059790732435,0.2826629680998609
8.04,10.3,2.840059790732435,0.15,8.98,12.0,2.840059790732435,0.16,8.43,9.61,2.840059790732435,0.27,8.22128987517336,10.645891364902509,2.840059790732435,0.2826629680998609,8.24,7.3,2.840059790732435,0.14
8.45,11.6,2.840059790732435,0.14,8.43,9.61,2.840059790732435,0.27,8.22128987517336,10.645891364902509,2.840059790732435,0.2826629680998609,8.24,7.3,2.840059790732435,0.14,8.04,10.3,2.840059790732435,0.15
8.86,10.4,2.840059790732435,0.01,8.22128987517336,10.645891364902509,2.840059790732435,0.2826629680998609,8.24,7.3,2.840059790732435,0.14,8.04,10.3,2.840059790732435,0.15,8.45,11.6,2.840059790732435,0.14
8.83,10.3,2.840059790732435,0.03,8.24,7.3,2.840059790732435,0.14,8.04,10.3,2.840059790732435,0.15,8.45,11.6,2.840059790732435,0.14,8.86,10.4,2.840059790732435,0.01
8.83,9.33,2.840059790732435,0.04,8.04,10.3,2.840059790732435,0.15,8.45,11.6,2.840059790732435,0.14,8.86,10.4,2.840059790732435,0.01,8.83,10.3,2.840059790732435,0.03
8.22128987517336,10.645891364902509,2.840059790732435,0.2826629680998609,8.45,11.6,2.840059790732435,0.14,8.86,10.4,2.840059790732435,0.01,8.83,10.3,2.840059790732435,0.03,8.83,9.33,2.840059790732435,0.04
8.57,10.9,2.840059790732435,0.15,8.86,10.4,2.840059790732435,0.01,8.83,10.3,2.840059790732435,0.03,8.83,9.33,2.840059790732435,0.04,8.22128987517336,10.645891364902509,2.840059790732435,0.2826629680998609
7.88,8.6,2.840059790732435,0.21,8.83,10.3,2.840059790732435,0.03,8.83,9.33,2.840059790732435,0.04,8.22128987517336,10.645891364902509,2.840059790732435,0.2826629680998609,8.57,10.9,2.840059790732435,0.15
8.22128987517336,10.645891364902509,2.840059790732435,0.2826629680998609,8.83,9.33,2.840059790732435,0.04,8.22128987517336,10.645891364902509,2.840059790732435,0.2826629680998609,8.57,10.9,2.840059790732435,0.15,7.88,8.6,2.840059790732435,0.21
8.4,12.4,2.840059790732435,0.17,8.22128987517336,10.645891364902509,2.840059790732435,0.2826629680998609,8.57,10.9,2.840059790732435,0.15,7.88,8.6,2.840059790732435,0.21,8.22128987517336,10.645891364902509,2.840059790732435,0.2826629680998609
8.34,10.0,2.840059790732435,0.22,8.57,10.9,2.840059790732435,0.15,7.88,8.6,2.840059790732435,0.21,8.22128987517336,10.645891364902509,2.840059790732435,0.2826629680998609,8.4,12.4,2.840059790732435,0.17
8.21,12.3,2.840059790732435,0.24,7.88,8.6,2.840059790732435,0.21,8.22128987517336,10.645891364902509,2.840059790732435,0.2826629680998609,8.4,12.4,2.840059790732435,0.17,8.34,10.0,2.840059790732435,0.22
8.22128987517336,10.645891364902509,2.840059790732435,0.2826629680998609,8.22128987517336,10.645891364902509,2.840059790732435,0.2826629680998609,8.4,12.4,2.840059790732435,0.17,8.34,10.0,2.840059790732435,0.22,8.21,12.3,2.840059790732435,0.24
8.25,12.8,2.840059790732435,0.37,8.4,12.4,2.840059790732435,0.17,8.34,10.0,2.840059790732435,0.22,8.21,12.3,2.840059790732435,0.24,8.22128987517336,10.645891364902509,2.840059790732435,0.2826629680998609
8.11,10.1,2.840059790732435,0.64,8.34,10.0,2.840059790732435,0.22,8.21,12.3,2.840059790732435,0.24,8.22128987517336,10.645891364902509,2.840059790732435,0.2826629680998609,8.25,12.8,2.840059790732435,0.37
8.22128987517336,10.645891364902509,2.840059790732435,0.2826629680998609,8.21,12.3,2.840059790732435,0.24,8.22128987517336,10.645891364902509,2.840059790732435,0.2826629680998609,8.25,12.8,2.840059790732435,0.37,8.11,10.1,2.840059790732435,0.64
8.22128987517336,10.645891364902509,2.840059790732435,0.2826629680998609,8.22128987517336,10.645891364902509,2.840059790732435,0.2826629680998609,8.25,12.8,2.840059790732435,0.37,8.11,10.1,2.840059790732435,0.64,8.22128987517336,10.645891364902509,2.840059790732435,0.2826629680998609
8.22128987517336,10.645891364902509,2.840059790732435,0.2826629680998609,8.25,12.8,2.840059790732435,0.37,8.11,10.1,2.840059790732435,0.64,8.22128987517336,10.645891364902509,2.840059790732435,0.2826629680998609,8.22128987517336,10.645891364902509,2.840059790732435,0.2826629680998609
8.22128987517336,10.645891364902509,2.840059790732435,0.2826629680998609,8.11,10.1,2.840059790732435,0.64,8.22128987517336,10.645891364902509,2.840059790732435,0.2826629680998609,8.22128987517336,10.645891364902509,2.840059790732435,0.2826629680998609,8.22128987517336,10.645891364902509,2.840059790732435,0.2826629680998609
8.22128987517336,10.645891364902509,2.840059790732435,0.2826629680998609,8.22128987517336,10.645891364902509,2.840059790732435,0.2826629680998609,8.22128987517336,10.645891364902509,2.840059790732435,0.2826629680998609,8.22128987517336,10.645891364902509,2.840059790732435,0.2826629680998609,8.22128987517336,10.645891364902509,2.840059790732435,0.2826629680998609
8.22128987517336,10.645891364902509,2.840059790732435,0.2826629680998609,8.22128987517336,10.645891364902509,2.840059790732435,0.2826629680998609,8.22128987517336,10.645891364902509,2.840059790732435,0.2826629680998609,8.22128987517336,10.645891364902509,2.840059790732435,0.2826629680998609,8.22128987517336,10.645891364902509,2.840059790732435,0.2826629680998609
8.22128987517336,10.645891364902509,2.840059790732435,0.2826629680998609,8.22128987517336,10.645891364902509,2.840059790732435,0.2826629680998609,8.22128987517336,10.645891364902509,2.840059790732435,0.2826629680998609,8.22128987517336,10.645891364902509,2.840059790732435,0.2826629680998609,8.22128987517336,10.645891364902509,2.840059790732435,0.2826629680998609
8.22128987517336,10.645891364902509,2.840059790732435,0.2826629680998609,8.22128987517336,10.645891364902509,2.840059790732435,0.2826629680998609,8.22128987517336,10.645891364902509,2.840059790732435,0.2826629680998609,8.22128987517336,10.645891364902509,2.840059790732435,0.2826629680998609,8.22128987517336,10.645891364902509,2.840059790732435,0.2826629680998609
8.22128987517336,10.645891364902509,2.840059790732435,0.2826629680998609,8.22128987517336,10.645891364902509,2.840059790732435,0.2826629680998609,8.22128987517336,10.645891364902509,2.840059790732435,0.2826629680998609,8.22128987517336,10.645891364902509,2.840059790732435,0.2826629680998609,8.22128987517336,10.645891364902509,2.840059790732435,0.2826629680998609
8.22128987517336,10.645891364902509,2.840059790732435,0.2826629680998609,8.22128987517336,10.645891364902509,2.840059790732435,0.2826629680998609,8.22128987517336,10.645891364902509,2.840059790732435,0.2826629680998609,8.22128987517336,10.645891364902509,2.840059790732435,0.2826629680998609,8.22128987517336,10.645891364902509,2.840059790732435,0.2826629680998609
8.22128987517336,10.645891364902509,2.840059790732435,0.2826629680998609,8.22128987517336,10.645891364902509,2.840059790732435,0.2826629680998609,8.22128987517336,10.645891364902509,2.840059790732435,0.2826629680998609,8.22128987517336,10.645891364902509,2.840059790732435,0.2826629680998609,8.22128987517336,10.645891364902509,2.840059790732435,0.2826629680998609
7.81,6.66,2.840059790732435,0.14,8.22128987517336,10.645891364902509,2.840059790732435,0.2826629680998609,8.22128987517336,10.645891364902509,2.840059790732435,0.2826629680998609,8.22128987517336,10.645891364902509,2.840059790732435,0.2826629680998609,8.22128987517336,10.645891364902509,2.840059790732435,0.2826629680998609
8.22128987517336,10.645891364902509,2.840059790732435,0.2826629680998609,8.22128987517336,10.645891364902509,2.840059790732435,0.2826629680998609,8.22128987517336,10.645891364902509,2.840059790732435,0.2826629680998609,8.22128987517336,10.645891364902509,2.840059790732435,0.2826629680998609,7.81,6.66,2.840059790732435,0.14
8.26,9.5,2.840059790732435,0.1,8.22128987517336,10.645891364902509,2.840059790732435,0.2826629680998609,8.22128987517336,10.645891364902509,2.840059790732435,0.2826629680998609,7.81,6.66,2.840059790732435,0.14,8.22128987517336,10.645891364902509,2.840059790732435,0.2826629680998609
8.28,9.35,2.840059790732435,0.13,8.22128987517336,10.645891364902509,2.840059790732435,0.2826629680998609,7.81,6.66,2.840059790732435,0.14,8.22128987517336,10.645891364902509,2.840059790732435,0.2826629680998609,8.26,9.5,2.840059790732435,0.1
8.11,10.3,2.840059790732435,0.17,7.81,6.66,2.840059790732435,0.14,8.22128987517336,10.645891364902509,2.840059790732435,0.2826629680998609,8.26,9.5,2.840059790732435,0.1,8.28,9.35,2.840059790732435,0.13
8.22128987517336,10.645891364902509,2.840059790732435,0.2826629680998609,8.22128987517336,10.645891364902509,2.840059790732435,0.2826629680998609,8.26,9.5,2.840059790732435,0.1,8.28,9.35,2.840059790732435,0.13,8.11,10.3,2.840059790732435,0.17
8.22128987517336,10.645891364902509,2.840059790732435,0.2826629680998609,8.26,9.5,2.840059790732435,0.1,8.28,9.35,2.840059790732435,0.13,8.11,10.3,2.840059790732435,0.17,8.22128987517336,10.645891364902509,2.840059790732435,0.2826629680998609
7.86,12.9,2.840059790732435,0.15,8.28,9.35,2.840059790732435,0.13,8.11,10.3,2.840059790732435,0.17,8.22128987517336,10.645891364902509,2.840059790732435,0.2826629680998609,8.22128987517336,10.645891364902509,2.840059790732435,0.2826629680998609
7.92,11.3,2.840059790732435,0.19,8.11,10.3,2.840059790732435,0.17,8.22128987517336,10.645891364902509,2.840059790732435,0.2826629680998609,8.22128987517336,10.645891364902509,2.840059790732435,0.2826629680998609,7.86,12.9,2.840059790732435,0.15
8.22128987517336,10.645891364902509,2.840059790732435,0.2826629680998609,8.22128987517336,10.645891364902509,2.840059790732435,0.2826629680998609,8.22128987517336,10.645891364902509,2.840059790732435,0.2826629680998609,7.86,12.9,2.840059790732435,0.15,7.92,11.3,2.840059790732435,0.19
8.03,8.85,1.7,0.17,8.22128987517336,10.645891364902509,2.840059790732435,0.2826629680998609,7.86,12.9,2.840059790732435,0.15,7.92,11.3,2.840059790732435,0.19,8.22128987517336,10.645891364902509,2.840059790732435,0.2826629680998609
8.04,9.9,1.7,0.18,7.86,12.9,2.840059790732435,0.15,7.92,11.3,2.840059790732435,0.19,8.22128987517336,10.645891364902509,2.840059790732435,0.2826629680998609,8.03,8.85,1.7,0.17
8.22128987517336,10.645891364902509,2.840059790732435,0.2826629680998609,7.92,11.3,2.840059790732435,0.19,8.22128987517336,10.645891364902509,2.840059790732435,0.2826629680998609,8.03,8.85,1.7,0.17,8.04,9.9,1.7,0.18
7.96,9.85,1.3,0.18,8.22128987517336,10.645891364902509,2.840059790732435,0.2826629680998609,8.03,8.85,1.7,0.17,8.04,9.9,1.7,0.18,8.22128987517336,10.645891364902509,2.840059790732435,0.2826629680998609
8.22128987517336,10.645891364902509,2.840059790732435,0.2826629680998609,8.03,8.85,1.7,0.17,8.04,9.9,1.7,0.18,8.22128987517336,10.645891364902509,2.840059790732435,0.2826629680998609,7.96,9.85,1.3,0.18
8.22128987517336,10.645891364902509,2.840059790732435,0.2826629680998609,8.04,9.9,1.7,0.18,8.22128987517336,10.645891364902509,2.840059790732435,0.2826629680998609,7.96,9.85,1.3,0.18,8.22128987517336,10.645891364902509,2.840059790732435,0.2826629680998609
8.79,10.2,3.4,0.13,8.22128987517336,10.645891364902509,2.840059790732435,0.2826629680998609,7.96,9.85,1.3,0.18,8.22128987517336,10.645891364902509,2.840059790732435,0.2826629680998609,8.22128987517336,10.645891364902509,2.840059790732435,0.2826629680998609
8.22128987517336,10.645891364902509,2.840059790732435,0.2826629680998609,7.96,9.85,1.3,0.18,8.22128987517336,10.645891364902509,2.840059790732435,0.2826629680998609,8.22128987517336,10.645891364902509,2.840059790732435,0.2826629680998609,8.79,10.2,3.4,0.13
8.22128987517336,10.645891364902509,2.840059790732435,0.2826629680998609,8.22128987517336,10.645891364902509,2.840059790732435,0.2826629680998609,8.22128987517336,10.645891364902509,2.840059790732435,0.2826629680998609,8.79,10.2,3.4,0.13,8.22128987517336,10.645891364902509,2.840059790732435,0.2826629680998609
8.46,9.23,7.4,0.12,8.22128987517336,10.645891364902509,2.840059790732435,0.2826629680998609,8.79,10.2,3.4,0.13,8.22128987517336,10.645891364902509,2.840059790732435,0.2826629680998609,8.22128987517336,10.645891364902509,2.840059790732435,0.2826629680998609
8.29,8.98,2.7,0.14,8.79,10.2,3.4,0.13,8.22128987517336,10.645891364902509,2.840059790732435,0.2826629680998609,8.22128987517336,10.645891364902509,2.840059790732435,0.2826629680998609,8.46,9.23,7.4,0.12
8.22128987517336,10.645891364902509,2.840059790732435,0.2826629680998609,8.22128987517336,10.645891364902509,2.840059790732435,0.2826629680998609,8.22128987517336,10.645891364902509,2.840059790732435,0.2826629680998609,8.46,9.23,7.4,0.12,8.29,8.98,2.7,0.14
8.58,9.33,3.4,0.14,8.22128987517336,10.645891364902509,2.840059790732435,0.2826629680998609,8.46,9.23,7.4,0.12,8.29,8.98,2.7,0.14,8.22128987517336,10.645891364902509,2.840059790732435,0.2826629680998609
8.25,8.78,2.6,0.15,8.46,9.23,7.4,0.12,8.29,8.98,2.7,0.14,8.22128987517336,10.645891364902509,2.840059790732435,0.2826629680998609,8.58,9.33,3.4,0.14
8.17,7.57,2.3,0.28,8.29,8.98,2.7,0.14,8.22128987517336,10.645891364902509,2.840059790732435,0.2826629680998609,8.58,9.33,3.4,0.14,8.25,8.78,2.6,0.15
8.08,8.2,2.0,0.23,8.22128987517336,10.645891364902509,2.840059790732435,0.2826629680998609,8.58,9.33,3.4,0.14,8.25,8.78,2.6,0.15,8.17,7.57,2.3,0.28
8.01,7.91,2.5,0.26,8.58,9.33,3.4,0.14,8.25,8.78,2.6,0.15,8.17,7.57,2.3,0.28,8.08,8.2,2.0,0.23
8.05,7.5,3.1,0.36,8.25,8.78,2.6,0.15,8.17,7.57,2.3,0.28,8.08,8.2,2.0,0.23,8.01,7.91,2.5,0.26
8.22,7.17,2.6,0.33,8.17,7.57,2.3,0.28,8.08,8.2,2.0,0.23,8.01,7.91,2.5,0.26,8.05,7.5,3.1,0.36
8.47,7.04,2.2,0.28,8.08,8.2,2.0,0.23,8.01,7.91,2.5,0.26,8.05,7.5,3.1,0.36,8.22,7.17,2.6,0.33
8.42,7.06,2.0,0.27,8.01,7.91,2.5,0.26,8.05,7.5,3.1,0.36,8.22,7.17,2.6,0.33,8.47,7.04,2.2,0.28
8.31,7.04,2.1,0.29,8.05,7.5,3.1,0.36,8.22,7.17,2.6,0.33,8.47,7.04,2.2,0.28,8.42,7.06,2.0,0.27
8.22128987517336,10.645891364902509,2.840059790732435,0.2826629680998609,8.22,7.17,2.6,0.33,8.47,7.04,2.2,0.28,8.42,7.06,2.0,0.27,8.31,7.04,2.1,0.29
8.5,7.29,2.5,0.31,8.47,7.04,2.2,0.28,8.42,7.06,2.0,0.27,8.31,7.04,2.1,0.29,8.22128987517336,10.645891364902509,2.840059790732435,0.2826629680998609
8.22128987517336,10.645891364902509,2.840059790732435,0.2826629680998609,8.42,7.06,2.0,0.27,8.31,7.04,2.1,0.29,8.22128987517336,10.645891364902509,2.840059790732435,0.2826629680998609,8.5,7.29,2.5,0.31
8.33,6.96,2.2,0.16,8.31,7.04,2.1,0.29,8.22128987517336,10.645891364902509,2.840059790732435,0.2826629680998609,8.5,7.29,2.5,0.31,8.22128987517336,10.645891364902509,2.840059790732435,0.2826629680998609
8.22128987517336,10.645891364902509,2.840059790732435,0.2826629680998609,8.22128987517336,10.645891364902509,2.840059790732435,0.2826629680998609,8.5,7.29,2.5,0.31,8.22128987517336,10.645891364902509,2.840059790732435,0.2826629680998609,8.33,6.96,2.2,0.16
8.22128987517336,10.645891364902509,2.840059790732435,0.2826629680998609,8.5,7.29,2.5,0.31,8.22128987517336,10.645891364902509,2.840059790732435,0.2826629680998609,8.33,6.96,2.2,0.16,8.22128987517336,10.645891364902509,2.840059790732435,0.2826629680998609
8.22128987517336,10.645891364902509,2.840059790732435,0.2826629680998609,8.22128987517336,10.645891364902509,2.840059790732435,0.2826629680998609,8.33,6.96,2.2,0.16,8.22128987517336,10.645891364902509,2.840059790732435,0.2826629680998609,8.22128987517336,10.645891364902509,2.840059790732435,0.2826629680998609
8.22128987517336,10.645891364902509,2.840059790732435,0.2826629680998609,8.33,6.96,2.2,0.16,8.22128987517336,10.645891364902509,2.840059790732435,0.2826629680998609,8.22128987517336,10.645891364902509,2.840059790732435,0.2826629680998609,8.22128987517336,10.645891364902509,2.840059790732435,0.2826629680998609
8.22128987517336,10.645891364902509,2.840059790732435,0.2826629680998609,8.22128987517336,10.645891364902509,2.840059790732435,0.2826629680998609,8.22128987517336,10.645891364902509,2.840059790732435,0.2826629680998609,8.22128987517336,10.645891364902509,2.840059790732435,0.2826629680998609,8.22128987517336,10.645891364902509,2.840059790732435,0.2826629680998609
8.22128987517336,10.645891364902509,2.840059790732435,0.2826629680998609,8.22128987517336,10.645891364902509,2.840059790732435,0.2826629680998609,8.22128987517336,10.645891364902509,2.840059790732435,0.2826629680998609,8.22128987517336,10.645891364902509,2.840059790732435,0.2826629680998609,8.22128987517336,10.645891364902509,2.840059790732435,0.2826629680998609
8.36,8.71,3.5,0.24,8.22128987517336,10.645891364902509,2.840059790732435,0.2826629680998609,8.22128987517336,10.645891364902509,2.840059790732435,0.2826629680998609,8.22128987517336,10.645891364902509,2.840059790732435,0.2826629680998609,8.22128987517336,10.645891364902509,2.840059790732435,0.2826629680998609
8.13,6.9,2.1,0.34,8.22128987517336,10.645891364902509,2.840059790732435,0.2826629680998609,8.22128987517336,10.645891364902509,2.840059790732435,0.2826629680998609,8.22128987517336,10.645891364902509,2.840059790732435,0.2826629680998609,8.36,8.71,3.5,0.24
8.22128987517336,10.645891364902509,2.840059790732435,0.2826629680998609,8.22128987517336,10.645891364902509,2.840059790732435,0.2826629680998609,8.22128987517336,10.645891364902509,2.840059790732435,0.2826629680998609,8.36,8.71,3.5,0.24,8.13,6.9,2.1,0.34
8.22128987517336,10.645891364902509,2.840059790732435,0.2826629680998609,8.22128987517336,10.645891364902509,2.840059790732435,0.2826629680998609,8.36,8.71,3.5,0.24,8.13,6.9,2.1,0.34,8.22128987517336,10.645891364902509,2.840059790732435,0.2826629680998609
8.22128987517336,10.645891364902509,2.840059790732435,0.2826629680998609,8.36,8.71,3.5,0.24,8.13,6.9,2.1,0.34,8.22128987517336,10.645891364902509,2.840059790732435,0.2826629680998609,8.22128987517336,10.645891364902509,2.840059790732435,0.2826629680998609
8.41,7.45,2.3,0.34,8.13,6.9,2.1,0.34,8.22128987517336,10.645891364902509,2.840059790732435,0.2826629680998609,8.22128987517336,10.645891364902509,2.840059790732435,0.2826629680998609,8.22128987517336,10.645891364902509,2.840059790732435,0.2826629680998609
8.22128987517336,10.645891364902509,2.840059790732435,0.2826629680998609,8.22128987517336,10.645891364902509,2.840059790732435,0.2826629680998609,8.22128987517336,10.645891364902509,2.840059790732435,0.2826629680998609,8.22128987517336,10.645891364902509,2.840059790732435,0.2826629680998609,8.41,7.45,2.3,0.34
8.4,7.21,2.4,0.29,8.22128987517336,10.645891364902509,2.840059790732435,0.2826629680998609,8.22128987517336,10.645891364902509,2.840059790732435,0.2826629680998609,8.41,7.45,2.3,0.34,8.22128987517336,10.645891364902509,2.840059790732435,0.2826629680998609
8.22128987517336,10.645891364902509,2.840059790732435,0.2826629680998609,8.22128987517336,10.645891364902509,2.840059790732435,0.2826629680998609,8.41,7.45,2.3,0.34,8.22128987517336,10.645891364902509,2.840059790732435,0.2826629680998609,8.4,7.21,2.4,0.29
8.22128987517336,10.645891364902509,2.840059790732435,0.2826629680998609,8.41,7.45,2.3,0.34,8.22128987517336,10.645891364902509,2.840059790732435,0.2826629680998609,8.4,7.21,2.4,0.29,8.22128987517336,10.645891364902509,2.840059790732435,0.2826629680998609
8.22128987517336,10.645891364902509,2.840059790732435,0.2826629680998609,8.22128987517336,10.645891364902509,2.840059790732435,0.2826629680998609,8.4,7.21,2.4,0.29,8.22128987517336,10.645891364902509,2.840059790732435,0.2826629680998609,8.22128987517336,10.645891364902509,2.840059790732435,0.2826629680998609
8.22128987517336,10.645891364902509,2.840059790732435,0.2826629680998609,8.4,7.21,2.4,0.29,8.22128987517336,10.645891364902509,2.840059790732435,0.2826629680998609,8.22128987517336,10.645891364902509,2.840059790732435,0.2826629680998609,8.22128987517336,10.645891364902509,2.840059790732435,0.2826629680998609
8.22128987517336,10.645891364902509,2.840059790732435,0.2826629680998609,8.22128987517336,10.645891364902509,2.840059790732435,0.2826629680998609,8.22128987517336,10.645891364902509,2.840059790732435,0.2826629680998609,8.22128987517336,10.645891364902509,2.840059790732435,0.2826629680998609,8.22128987517336,10.645891364902509,2.840059790732435,0.2826629680998609
8.25,6.33,2.2,0.64,8.22128987517336,10.645891364902509,2.840059790732435,0.2826629680998609,8.22128987517336,10.645891364902509,2.840059790732435,0.2826629680998609,8.22128987517336,10.645891364902509,2.840059790732435,0.2826629680998609,8.22128987517336,10.645891364902509,2.840059790732435,0.2826629680998609
8.22,7.09,2.2,0.7,8.22128987517336,10.645891364902509,2.840059790732435,0.2826629680998609,8.22128987517336,10.645891364902509,2.840059790732435,0.2826629680998609,8.22128987517336,10.645891364902509,2.840059790732435,0.2826629680998609,8.25,6.33,2.2,0.64
7.82,8.72,2.4,0.64,8.22128987517336,10.645891364902509,2.840059790732435,0.2826629680998609,8.22128987517336,10.645891364902509,2.840059790732435,0.2826629680998609,8.25,6.33,2.2,0.64,8.22,7.09,2.2,0.7
8.22128987517336,10.645891364902509,2.840059790732435,0.2826629680998609,8.22128987517336,10.645891364902509,2.840059790732435,0.2826629680998609,8.25,6.33,2.2,0.64,8.22,7.09,2.2,0.7,7.82,8.72,2.4,0.64
8.22128987517336,10.645891364902509,2.840059790732435,0.2826629680998609,8.25,6.33,2.2,0.64,8.22,7.09,2.2,0.7,7.82,8.72,2.4,0.64,8.22128987517336,10.645891364902509,2.840059790732435,0.2826629680998609
8.22128987517336,10.645891364902509,2.840059790732435,0.2826629680998609,8.22,7.09,2.2,0.7,7.82,8.72,2.4,0.64,8.22128987517336,10.645891364902509,2.840059790732435,0.2826629680998609,8.22128987517336,10.645891364902509,2.840059790732435,0.2826629680998609
8.22128987517336,10.645891364902509,2.840059790732435,0.2826629680998609,7.82,8.72,2.4,0.64,8.22128987517336,10.645891364902509,2.840059790732435,0.2826629680998609,8.22128987517336,10.645891364902509,2.840059790732435,0.2826629680998609,8.22128987517336,10.645891364902509,2.840059790732435,0.2826629680998609
8.04,9.96,1.6,0.56,8.22128987517336,10.645891364902509,2.840059790732435,0.2826629680998609,8.22128987517336,10.645891364902509,2.840059790732435,0.2826629680998609,8.22128987517336,10.645891364902509,2.840059790732435,0.2826629680998609,8.22128987517336,10.645891364902509,2.840059790732435,0.2826629680998609
8.0,10.0,1.8,0.56,8.22128987517336,10.645891364902509,2.840059790732435,0.2826629680998609,8.22128987517336,10.645891364902509,2.840059790732435,0.2826629680998609,8.22128987517336,10.645891364902509,2.840059790732435,0.2826629680998609,8.04,9.96,1.6,0.56
