8.2,12.0,2.9,0.69,8.18,11.6,4.1,0.46,8.06,10.8,2.4,0.71,8.232779329608938,9.535586592178769,3.021708683473391,0.2766759776536308,8.15,11.5,3.0,0.34
8.26,11.6,3.0,0.85,8.06,10.8,2.4,0.71,8.232779329608938,9.535586592178769,3.021708683473391,0.2766759776536308,8.15,11.5,3.0,0.34,8.2,12.0,2.9,0.69
8.19,9.35,3.9,0.84,8.232779329608938,9.535586592178769,3.021708683473391,0.2766759776536308,8.15,11.5,3.0,0.34,8.2,12.0,2.9,0.69,8.26,11.6,3.0,0.85
8.12,9.99,3.3,0.88,8.15,11.5,3.0,0.34,8.2,12.0,2.9,0.69,8.26,11.6,3.0,0.85,8.19,9.35,3.9,0.84
8.13,8.19,3.2,0.57,8.2,12.0,2.9,0.69,8.26,11.6,3.0,0.85,8.19,9.35,3.9,0.84,8.12,9.99,3.3,0.88
8.08,9.39,3.8,0.98,8.26,11.6,3.0,0.85,8.19,9.35,3.9,0.84,8.12,9.99,3.3,0.88,8.13,8.19,3.2,0.57
8.21,9.36,3.8,0.77,8.19,9.35,3.9,0.84,8.12,9.99,3.3,0.88,8.13,8.19,3.2,0.57,8.08,9.39,3.8,0.98
7.68,9.24,4.1,0.42,8.12,9.99,3.3,0.88,8.13,8.19,3.2,0.57,8.08,9.39,3.8,0.98,8.21,9.36,3.8,0.77
7.58,9.21,4.7,0.62,8.13,8.19,3.2,0.57,8.08,9.39,3.8,0.98,8.21,9.36,3.8,0.77,7.68,9.24,4.1,0.42
7.49,8.56,3.7,0.34,8.08,9.39,3.8,0.98,8.21,9.36,3.8,0.77,7.68,9.24,4.1,0.42,7.58,9.21,4.7,0.62
7.33,8.59,2.9,0.21,8.21,9.36,3.8,0.77,7.68,9.24,4.1,0.42,7.58,9.21,4.7,0.62,7.49,8.56,3.7,0.34
8.02,7.22,2.4,0.03,7.68,9.24,4.1,0.42,7.58,9.21,4.7,0.62,7.49,8.56,3.7,0.34,7.33,8.59,2.9,0.21
8.09,7.05,3.1,0.02,7.58,9.21,4.7,0.62,7.49,8.56,3.7,0.34,7.33,8.59,2.9,0.21,8.02,7.22,2.4,0.03
8.07,7.83,2.5,0.01,7.49,8.56,3.7,0.34,7.33,8.59,2.9,0.21,8.02,7.22,2.4,0.03,8.09,7.05,3.1,0.02
7.82,7.24,3.0,0.01,7.33,8.59,2.9,0.21,8.02,7.22,2.4,0.03,8.09,7.05,3.1,0.02,8.07,7.83,2.5,0.01
7.96,6.44,2.9,0.03,8.02,7.22,2.4,0.03,8.09,7.05,3.1,0.02,8.07,7.83,2.5,0.01,7.82,7.24,3.0,0.01
8.21,6.41,1.4,0.02,8.09,7.05,3.1,0.02,8.07,7.83,2.5,0.01,7.82,7.24,3.0,0.01,7.96,6.44,2.9,0.03
8.22,6.54,1.8,0.02,8.07,7.83,2.5,0.01,7.82,7.24,3.0,0.01,7.96,6.44,2.9,0.03,8.21,6.41,1.4,0.02
8.22,7.73,3.6,0.03,7.82,7.24,3.0,0.01,7.96,6.44,2.9,0.03,8.21,6.41,1.4,0.02,8.22,6.54,1.8,0.02
8.11,8.64,2.9,0.03,7.96,6.44,2.9,0.03,8.21,6.41,1.4,0.02,8.22,6.54,1.8,0.02,8.22,7.73,3.6,0.03
7.95,8.15,1.9,0.05,8.21,6.41,1.4,0.02,8.22,6.54,1.8,0.02,8.22,7.73,3.6,0.03,8.11,8.64,2.9,0.03
7.78,7.56,3.4,0.05,8.22,6.54,1.8,0.02,8.22,7.73,3.6,0.03,8.11,8.64,2.9,0.03,7.95,8.15,1.9,0.05
8.05,6.77,2.9,0.43,8.22,7.73,3.6,0.03,8.11,8.64,2.9,0.03,7.95,8.15,1.9,0.05,7.78,7.56,3.4,0.05
8.232779329608938,9.535586592178769,3.021708683473391,0.2766759776536308,8.11,8.64,2.9,0.03,7.95,8.15,1.9,0.05,7.78,7.56,3.4,0.05,8.05,6.77,2.9,0.43
8.232779329608938,9.535586592178769,3.021708683473391,0.2766759776536308,7.95,8.15,1.9,0.05,7.78,7.56,3.4,0.05,8.05,6.77,2.9,0.43,8.232779329608938,9.535586592178769,3.021708683473391,0.2766759776536308
8.232779329608938,9.535586592178769,3.021708683473391,0.2766759776536308,7.78,7.56,3.4,0.05,8.05,6.77,2.9,0.43,8.232779329608938,9.535586592178769,3.021708683473391,0.2766759776536308,8.232779329608938,9.535586592178769,3.021708683473391,0.2766759776536308
7.52,6.81,0.4,0.05,8.05,6.77,2.9,0.43,8.232779329608938,9.535586592178769,3.021708683473391,0.2766759776536308,8.232779329608938,9.535586592178769,3.021708683473391,0.2766759776536308,8.232779329608938,9.535586592178769,3.021708683473391,0.2766759776536308
8.18,7.24,5.5,0.05,8.232779329608938,9.535586592178769,3.021708683473391,0.2766759776536308,8.232779329608938,9.535586592178769,3.021708683473391,0.2766759776536308,8.232779329608938,9.535586592178769,3.021708683473391,0.2766759776536308,7.52,6.81,0.4,0.05
8.27,7.39,5.7,0.02,8.232779329608938,9.535586592178769,3.021708683473391,0.2766759776536308,8.232779329608938,9.535586592178769,3.021708683473391,0.2766759776536308,7.52,6.81,0.4,0.05,8.18,7.24,5.5,0.05
8.19,7.99,5.0,0.02,8.232779329608938,9.535586592178769,3.021708683473391,0.2766759776536308,7.52,6.81,0.4,0.05,8.18,7.24,5.5,0.05,8.27,7.39,5.7,0.02
8.19,7.76,4.0,0.04,7.52,6.81,0.4,0.05,8.18,7.24,5.5,0.05,8.27,7.39,5.7,0.02,8.19,7.99,5.0,0.02
7.95,4.4,3.0,0.28,8.18,7.24,5.5,0.05,8.27,7.39,5.7,0.02,8.19,7.99,5.0,0.02,8.19,7.76,4.0,0.04
7.98,4.5,2.9,0.28,8.27,7.39,5.7,0.02,8.19,7.99,5.0,0.02,8.19,7.76,4.0,0.04,7.95,4.4,3.0,0.28
8.08,5.26,5.2,0.02,8.19,7.99,5.0,0.02,8.19,7.76,4.0,0.04,7.95,4.4,3.0,0.28,7.98,4.5,2.9,0.28
8.232779329608938,9.535586592178769,3.021708683473391,0.2766759776536308,8.19,7.76,4.0,0.04,7.95,4.4,3.0,0.28,7.98,4.5,2.9,0.28,8.08,5.26,5.2,0.02
8.14,7.17,2.5,0.32,7.95,4.4,3.0,0.28,7.98,4.5,2.9,0.28,8.08,5.26,5.2,0.02,8.232779329608938,9.535586592178769,3.021708683473391,0.2766759776536308
8.09,5.51,3.2,0.44,7.98,4.5,2.9,0.28,8.08,5.26,5.2,0.02,8.232779329608938,9.535586592178769,3.021708683473391,0.2766759776536308,8.14,7.17,2.5,0.32
8.05,8.18,3.3,0.09,8.08,5.26,5.2,0.02,8.232779329608938,9.535586592178769,3.021708683473391,0.2766759776536308,8.14,7.17,2.5,0.32,8.09,5.51,3.2,0.44
8.07,9.88,3.4,0.33,8.232779329608938,9.535586592178769,3.021708683473391,0.2766759776536308,8.14,7.17,2.5,0.32,8.09,5.51,3.2,0.44,8.05,8.18,3.3,0.09
7.86,9.36,4.2,0.23,8.14,7.17,2.5,0.32,8.09,5.51,3.2,0.44,8.05,8.18,3.3,0.09,8.07,9.88,3.4,0.33
7.84,9.47,3.7,0.5,8.09,5.51,3.2,0.44,8.05,8.18,3.3,0.09,8.07,9.88,3.4,0.33,7.86,9.36,4.2,0.23
7.93,10.2,3.6,0.43,8.05,8.18,3.3,0.09,8.07,9.88,3.4,0.33,7.86,9.36,4.2,0.23,7.84,9.47,3.7,0.5
7.8,10.9,3.7,0.22,8.07,9.88,3.4,0.33,7.86,9.36,4.2,0.23,7.84,9.47,3.7,0.5,7.93,10.2,3.6,0.43
7.69,11.4,3.3,0.41,7.86,9.36,4.2,0.23,7.84,9.47,3.7,0.5,7.93,10.2,3.6,0.43,7.8,10.9,3.7,0.22
7.57,11.7,3.5,0.62,7.84,9.47,3.7,0.5,7.93,10.2,3.6,0.43,7.8,10.9,3.7,0.22,7.69,11.4,3.3,0.41
7.54,11.2,4.1,0.71,7.93,10.2,3.6,0.43,7.8,10.9,3.7,0.22,7.69,11.4,3.3,0.41,7.57,11.7,3.5,0.62
7.73,11.7,3.2,0.75,7.8,10.9,3.7,0.22,7.69,11.4,3.3,0.41,7.57,11.7,3.5,0.62,7.54,11.2,4.1,0.71
7.77,13.5,2.9,0.54,7.69,11.4,3.3,0.41,7.57,11.7,3.5,0.62,7.54,11.2,4.1,0.71,7.73,11.7,3.2,0.75
8.17,6.28,6.2,0.77,7.57,11.7,3.5,0.62,7.54,11.2,4.1,0.71,7.73,11.7,3.2,0.75,7.77,13.5,2.9,0.54
8.232779329608938,9.535586592178769,3.021708683473391,0.2766759776536308,7.54,11.2,4.1,0.71,7.73,11.7,3.2,0.75,7.77,13.5,2.9,0.54,8.17,6.28,6.2,0.77
8.232779329608938,9.535586592178769,3.021708683473391,0.2766759776536308,7.73,11.7,3.2,0.75,7.77,13.5,2.9,0.54,8.17,6.28,6.2,0.77,8.232779329608938,9.535586592178769,3.021708683473391,0.2766759776536308
8.16,10.6,3.6,0.82,7.77,13.5,2.9,0.54,8.17,6.28,6.2,0.77,8.232779329608938,9.535586592178769,3.021708683473391,0.2766759776536308,8.232779329608938,9.535586592178769,3.021708683473391,0.2766759776536308
8.29,11.5,3.7,1.88,8.17,6.28,6.2,0.77,8.232779329608938,9.535586592178769,3.021708683473391,0.2766759776536308,8.232779329608938,9.535586592178769,3.021708683473391,0.2766759776536308,8.16,10.6,3.6,0.82
8.36,9.55,3.2,0.57,8.232779329608938,9.535586592178769,3.021708683473391,0.2766759776536308,8.232779329608938,9.535586592178769,3.021708683473391,0.2766759776536308,8.16,10.6,3.6,0.82,8.29,11.5,3.7,1.88
8.232779329608938,9.535586592178769,3.021708683473391,0.2766759776536308,8.232779329608938,9.535586592178769,3.021708683473391,0.2766759776536308,8.16,10.6,3.6,0.82,8.29,11.5,3.7,1.88,8.36,9.55,3.2,0.57
8.232779329608938,9.535586592178769,3.021708683473391,0.2766759776536308,8.16,10.6,3.6,0.82,8.29,11.5,3.7,1.88,8.36,9.55,3.2,0.57,8.232779329608938,9.535586592178769,3.021708683473391,0.2766759776536308
8.23,9.31,3.3,0.61,8.29,11.5,3.7,1.88,8.36,9.55,3.2,0.57,8.232779329608938,9.535586592178769,3.021708683473391,0.2766759776536308,8.232779329608938,9.535586592178769,3.021708683473391,0.2766759776536308
8.32,9.93,4.1,1.31,8.36,9.55,3.2,0.57,8.232779329608938,9.535586592178769,3.021708683473391,0.2766759776536308,8.232779329608938,9.535586592178769,3.021708683473391,0.2766759776536308,8.23,9.31,3.3,0.61
8.06,8.12,4.4,1.35,8.232779329608938,9.535586592178769,3.021708683473391,0.2766759776536308,8.232779329608938,9.535586592178769,3.021708683473391,0.2766759776536308,8.23,9.31,3.3,0.61,8.32,9.93,4.1,1.31
7.77,9.93,3.9,0.61,8.232779329608938,9.535586592178769,3.021708683473391,0.2766759776536308,8.23,9.31,3.3,0.61,8.32,9.93,4.1,1.31,8.06,8.12,4.4,1.35
7.79,9.39,3.1,0.13,8.23,9.31,3.3,0.61,8.32,9.93,4.1,1.31,8.06,8.12,4.4,1.35,7.77,9.93,3.9,0.61
7.8,8.39,3.2,0.6,8.32,9.93,4.1,1.31,8.06,8.12,4.4,1.35,7.77,9.93,3.9,0.61,7.79,9.39,3.1,0.13
7.85,7.53,4.2,0.18,8.06,8.12,4.4,1.35,7.77,9.93,3.9,0.61,7.79,9.39,3.1,0.13,7.8,8.39,3.2,0.6
7.75,7.27,3.5,0.72,7.77,9.93,3.9,0.61,7.79,9.39,3.1,0.13,7.8,8.39,3.2,0.6,7.85,7.53,4.2,0.18
7.84,6.18,3.4,0.38,7.79,9.39,3.1,0.13,7.8,8.39,3.2,0.6,7.85,7.53,4.2,0.18,7.75,7.27,3.5,0.72
7.96,6.97,3.1,0.32,7.8,8.39,3.2,0.6,7.85,7.53,4.2,0.18,7.75,7.27,3.5,0.72,7.84,6.18,3.4,0.38
8.17,7.12,4.2,0.31,7.85,7.53,4.2,0.18,7.75,7.27,3.5,0.72,7.84,6.18,3.4,0.38,7.96,6.97,3.1,0.32
8.17,9.28,1.9,0.18,7.75,7.27,3.5,0.72,7.84,6.18,3.4,0.38,7.96,6.97,3.1,0.32,8.17,7.12,4.2,0.31
8.16,8.98,2.4,0.43,7.84,6.18,3.4,0.38,7.96,6.97,3.1,0.32,8.17,7.12,4.2,0.31,8.17,9.28,1.9,0.18
8.27,7.94,1.2,0.23,7.96,6.97,3.1,0.32,8.17,7.12,4.2,0.31,8.17,9.28,1.9,0.18,8.16,8.98,2.4,0.43
8.29,7.48,7.3,0.25,8.17,7.12,4.2,0.31,8.17,9.28,1.9,0.18,8.16,8.98,2.4,0.43,8.27,7.94,1.2,0.23
8.24,7.32,6.2,0.12,8.17,9.28,1.9,0.18,8.16,8.98,2.4,0.43,8.27,7.94,1.2,0.23,8.29,7.48,7.3,0.25
8.05,5.51,4.6,0.15,8.16,8.98,2.4,0.43,8.27,7.94,1.2,0.23,8.29,7.48,7.3,0.25,8.24,7.32,6.2,0.12
8.16,4.69,5.7,0.15,8.27,7.94,1.2,0.23,8.29,7.48,7.3,0.25,8.24,7.32,6.2,0.12,8.05,5.51,4.6,0.15
8.08,7.28,3.1,0.12,8.29,7.48,7.3,0.25,8.24,7.32,6.2,0.12,8.05,5.51,4.6,0.15,8.16,4.69,5.7,0.15
8.16,5.41,3.5,0.13,8.24,7.32,6.2,0.12,8.05,5.51,4.6,0.15,8.16,4.69,5.7,0.15,8.08,7.28,3.1,0.12
7.89,6.41,3.2,0.5,8.05,5.51,4.6,0.15,8.16,4.69,5.7,0.15,8.08,7.28,3.1,0.12,8.16,5.41,3.5,0.13
8.32,6.33,1.8,0.37,8.16,4.69,5.7,0.15,8.08,7.28,3.1,0.12,8.16,5.41,3.5,0.13,7.89,6.41,3.2,0.5
8.1,5.17,1.4,0.35,8.08,7.28,3.1,0.12,8.16,5.41,3.5,0.13,7.89,6.41,3.2,0.5,8.32,6.33,1.8,0.37
8.11,6.77,2.3,0.2,8.16,5.41,3.5,0.13,7.89,6.41,3.2,0.5,8.32,6.33,1.8,0.37,8.1,5.17,1.4,0.35
8.26,6.66,2.1,0.25,7.89,6.41,3.2,0.5,8.32,6.33,1.8,0.37,8.1,5.17,1.4,0.35,8.11,6.77,2.3,0.2
8.02,6.16,2.6,0.48,8.32,6.33,1.8,0.37,8.1,5.17,1.4,0.35,8.11,6.77,2.3,0.2,8.26,6.66,2.1,0.25
7.91,6.53,2.4,0.34,8.1,5.17,1.4,0.35,8.11,6.77,2.3,0.2,8.26,6.66,2.1,0.25,8.02,6.16,2.6,0.48
7.86,7.13,2.6,0.19,8.11,6.77,2.3,0.2,8.26,6.66,2.1,0.25,8.02,6.16,2.6,0.48,7.91,6.53,2.4,0.34
7.78,7.28,2.7,0.2,8.26,6.66,2.1,0.25,8.02,6.16,2.6,0.48,7.91,6.53,2.4,0.34,7.86,7.13,2.6,0.19
7.8,7.78,1.7,0.28,8.02,6.16,2.6,0.48,7.91,6.53,2.4,0.34,7.86,7.13,2.6,0.19,7.78,7.28,2.7,0.2
8.1,8.46,4.2,0.28,7.91,6.53,2.4,0.34,7.86,7.13,2.6,0.19,7.78,7.28,2.7,0.2,7.8,7.78,1.7,0.28
8.1,9.4,3.4,0.23,7.86,7.13,2.6,0.19,7.78,7.28,2.7,0.2,7.8,7.78,1.7,0.28,8.1,8.46,4.2,0.28
7.99,10.1,2.4,0.23,7.78,7.28,2.7,0.2,7.8,7.78,1.7,0.28,8.1,8.46,4.2,0.28,8.1,9.4,3.4,0.23
8.04,7.24,2.6,0.16,7.8,7.78,1.7,0.28,8.1,8.46,4.2,0.28,8.1,9.4,3.4,0.23,7.99,10.1,2.4,0.23
8.04,7.24,2.6,0.16,8.1,8.46,4.2,0.28,8.1,9.4,3.4,0.23,7.99,10.1,2.4,0.23,8.04,7.24,2.6,0.16
8.17,6.75,2.4,0.16,8.1,9.4,3.4,0.23,7.99,10.1,2.4,0.23,8.04,7.24,2.6,0.16,8.04,7.24,2.6,0.16
7.7,8.36,3.9,0.32,7.99,10.1,2.4,0.23,8.04,7.24,2.6,0.16,8.04,7.24,2.6,0.16,8.17,6.75,2.4,0.16
8.1,9.38,2.8,0.23,8.04,7.24,2.6,0.16,8.04,7.24,2.6,0.16,8.17,6.75,2.4,0.16,7.7,8.36,3.9,0.32
7.96,9.65,4.3,0.15,8.04,7.24,2.6,0.16,8.17,6.75,2.4,0.16,7.7,8.36,3.9,0.32,8.1,9.38,2.8,0.23
7.8,10.4,4.8,0.03,8.17,6.75,2.4,0.16,7.7,8.36,3.9,0.32,8.1,9.38,2.8,0.23,7.96,9.65,4.3,0.15
7.82,10.9,3.9,0.03,7.7,8.36,3.9,0.32,8.1,9.38,2.8,0.23,7.96,9.65,4.3,0.15,7.8,10.4,4.8,0.03
7.66,12.5,5.1,0.03,8.1,9.38,2.8,0.23,7.96,9.65,4.3,0.15,7.8,10.4,4.8,0.03,7.82,10.9,3.9,0.03
7.4,9.05,4.4,0.17,7.96,9.65,4.3,0.15,7.8,10.4,4.8,0.03,7.82,10.9,3.9,0.03,7.66,12.5,5.1,0.03
8.09,11.5,3.1,0.25,7.8,10.4,4.8,0.03,7.82,10.9,3.9,0.03,7.66,12.5,5.1,0.03,7.4,9.05,4.4,0.17
8.16,12.1,3.1,0.55,7.82,10.9,3.9,0.03,7.66,12.5,5.1,0.03,7.4,9.05,4.4,0.17,8.09,11.5,3.1,0.25
8.3,13.3,2.5,0.43,7.66,12.5,5.1,0.03,7.4,9.05,4.4,0.17,8.09,11.5,3.1,0.25,8.16,12.1,3.1,0.55
8.22,12.9,2.3,0.31,7.4,9.05,4.4,0.17,8.09,11.5,3.1,0.25,8.16,12.1,3.1,0.55,8.3,13.3,2.5,0.43
8.26,12.6,2.5,0.38,8.09,11.5,3.1,0.25,8.16,12.1,3.1,0.55,8.3,13.3,2.5,0.43,8.22,12.9,2.3,0.31
8.28,12.2,2.6,0.38,8.16,12.1,3.1,0.55,8.3,13.3,2.5,0.43,8.22,12.9,2.3,0.31,8.26,12.6,2.5,0.38
8.31,12.1,2.6,0.38,8.3,13.3,2.5,0.43,8.22,12.9,2.3,0.31,8.26,12.6,2.5,0.38,8.28,12.2,2.6,0.38
8.25,13.1,3.3,0.81,8.22,12.9,2.3,0.31,8.26,12.6,2.5,0.38,8.28,12.2,2.6,0.38,8.31,12.1,2.6,0.38
8.25,13.1,3.3,0.81,8.26,12.6,2.5,0.38,8.28,12.2,2.6,0.38,8.31,12.1,2.6,0.38,8.25,13.1,3.3,0.81
7.79,11.4,3.8,0.52,8.28,12.2,2.6,0.38,8.31,12.1,2.6,0.38,8.25,13.1,3.3,0.81,8.25,13.1,3.3,0.81
7.71,11.7,2.8,0.1,8.31,12.1,2.6,0.38,8.25,13.1,3.3,0.81,8.25,13.1,3.3,0.81,7.79,11.4,3.8,0.52
7.82,11.4,3.8,0.38,8.25,13.1,3.3,0.81,8.25,13.1,3.3,0.81,7.79,11.4,3.8,0.52,7.71,11.7,2.8,0.1
7.97,12.4,4.4,0.38,8.25,13.1,3.3,0.81,7.79,11.4,3.8,0.52,7.71,11.7,2.8,0.1,7.82,11.4,3.8,0.38
8.04,11.2,5.8,0.36,7.79,11.4,3.8,0.52,7.71,11.7,2.8,0.1,7.82,11.4,3.8,0.38,7.97,12.4,4.4,0.38
8.05,10.9,5.6,0.64,7.71,11.7,2.8,0.1,7.82,11.4,3.8,0.38,7.97,12.4,4.4,0.38,8.04,11.2,5.8,0.36
8.11,10.1,6.3,0.31,7.82,11.4,3.8,0.38,7.97,12.4,4.4,0.38,8.04,11.2,5.8,0.36,8.05,10.9,5.6,0.64
8.13,10.3,7.9,0.34,7.97,12.4,4.4,0.38,8.04,11.2,5.8,0.36,8.05,10.9,5.6,0.64,8.11,10.1,6.3,0.31
8.15,10.8,7.6,0.31,8.04,11.2,5.8,0.36,8.05,10.9,5.6,0.64,8.11,10.1,6.3,0.31,8.13,10.3,7.9,0.34
8.232779329608938,9.535586592178769,3.021708683473391,0.2766759776536308,8.05,10.9,5.6,0.64,8.11,10.1,6.3,0.31,8.13,10.3,7.9,0.34,8.15,10.8,7.6,0.31
8.29,9.56,8.5,0.34,8.11,10.1,6.3,0.31,8.13,10.3,7.9,0.34,8.15,10.8,7.6,0.31,8.232779329608938,9.535586592178769,3.021708683473391,0.2766759776536308
8.26,9.73,5.7,0.31,8.13,10.3,7.9,0.34,8.15,10.8,7.6,0.31,8.232779329608938,9.535586592178769,3.021708683473391,0.2766759776536308,8.29,9.56,8.5,0.34
8.35,9.71,3.1,0.26,8.15,10.8,7.6,0.31,8.232779329608938,9.535586592178769,3.021708683473391,0.2766759776536308,8.29,9.56,8.5,0.34,8.26,9.73,5.7,0.31
8.38,9.49,3.9,0.41,8.232779329608938,9.535586592178769,3.021708683473391,0.2766759776536308,8.29,9.56,8.5,0.34,8.26,9.73,5.7,0.31,8.35,9.71,3.1,0.26
8.34,8.94,3.5,0.42,8.29,9.56,8.5,0.34,8.26,9.73,5.7,0.31,8.35,9.71,3.1,0.26,8.38,9.49,3.9,0.41
8.29,9.12,4.1,0.25,8.26,9.73,5.7,0.31,8.35,9.71,3.1,0.26,8.38,9.49,3.9,0.41,8.34,8.94,3.5,0.42
8.24,7.49,2.9,0.18,8.35,9.71,3.1,0.26,8.38,9.49,3.9,0.41,8.34,8.94,3.5,0.42,8.29,9.12,4.1,0.25
8.19,7.39,3.3,0.28,8.38,9.49,3.9,0.41,8.34,8.94,3.5,0.42,8.29,9.12,4.1,0.25,8.24,7.49,2.9,0.18
8.16,6.7,2.6,0.32,8.34,8.94,3.5,0.42,8.29,9.12,4.1,0.25,8.24,7.49,2.9,0.18,8.19,7.39,3.3,0.28
8.08,4.77,2.8,0.19,8.29,9.12,4.1,0.25,8.24,7.49,2.9,0.18,8.19,7.39,3.3,0.28,8.16,6.7,2.6,0.32
8.44,7.44,2.8,0.41,8.24,7.49,2.9,0.18,8.19,7.39,3.3,0.28,8.16,6.7,2.6,0.32,8.08,4.77,2.8,0.19
8.46,7.88,2.7,0.13,8.19,7.39,3.3,0.28,8.16,6.7,2.6,0.32,8.08,4.77,2.8,0.19,8.44,7.44,2.8,0.41
8.4,7.12,3.6,0.26,8.16,6.7,2.6,0.32,8.08,4.77,2.8,0.19,8.44,7.44,2.8,0.41,8.46,7.88,2.7,0.13
8.18,7.17,5.7,0.22,8.08,4.77,2.8,0.19,8.44,7.44,2.8,0.41,8.46,7.88,2.7,0.13,8.4,7.12,3.6,0.26
8.21,5.47,5.5,0.27,8.44,7.44,2.8,0.41,8.46,7.88,2.7,0.13,8.4,7.12,3.6,0.26,8.18,7.17,5.7,0.22
8.49,6.79,4.2,0.14,8.46,7.88,2.7,0.13,8.4,7.12,3.6,0.26,8.18,7.17,5.7,0.22,8.21,5.47,5.5,0.27
8.5,6.81,2.8,0.17,8.4,7.12,3.6,0.26,8.18,7.17,5.7,0.22,8.21,5.47,5.5,0.27,8.49,6.79,4.2,0.14
8.42,8.52,3.9,0.31,8.18,7.17,5.7,0.22,8.21,5.47,5.5,0.27,8.49,6.79,4.2,0.14,8.5,6.81,2.8,0.17
8.19,7.93,4.7,0.36,8.21,5.47,5.5,0.27,8.49,6.79,4.2,0.14,8.5,6.81,2.8,0.17,8.42,8.52,3.9,0.31
8.22,8.68,4.8,0.3,8.49,6.79,4.2,0.14,8.5,6.81,2.8,0.17,8.42,8.52,3.9,0.31,8.19,7.93,4.7,0.36
8.32,8.98,5.4,0.28,8.5,6.81,2.8,0.17,8.42,8.52,3.9,0.31,8.19,7.93,4.7,0.36,8.22,8.68,4.8,0.3
8.23,8.83,5.9,0.57,8.42,8.52,3.9,0.31,8.19,7.93,4.7,0.36,8.22,8.68,4.8,0.3,8.32,8.98,5.4,0.28
8.26,9.16,4.3,0.47,8.19,7.93,4.7,0.36,8.22,8.68,4.8,0.3,8.32,8.98,5.4,0.28,8.23,8.83,5.9,0.57
8.35,9.33,4.1,0.11,8.22,8.68,4.8,0.3,8.32,8.98,5.4,0.28,8.23,8.83,5.9,0.57,8.26,9.16,4.3,0.47
7.03,9.25,4.7,0.1,8.32,8.98,5.4,0.28,8.23,8.83,5.9,0.57,8.26,9.16,4.3,0.47,8.35,9.33,4.1,0.11
7.62,9.88,3.6,0.22,8.23,8.83,5.9,0.57,8.26,9.16,4.3,0.47,8.35,9.33,4.1,0.11,7.03,9.25,4.7,0.1
8.04,8.97,2.9,0.14,8.26,9.16,4.3,0.47,8.35,9.33,4.1,0.11,7.03,9.25,4.7,0.1,7.62,9.88,3.6,0.22
7.93,9.29,3.6,0.3,8.35,9.33,4.1,0.11,7.03,9.25,4.7,0.1,7.62,9.88,3.6,0.22,8.04,8.97,2.9,0.14
7.83,9.38,5.0,0.18,7.03,9.25,4.7,0.1,7.62,9.88,3.6,0.22,8.04,8.97,2.9,0.14,7.93,9.29,3.6,0.3
7.83,9.65,4.2,0.22,7.62,9.88,3.6,0.22,8.04,8.97,2.9,0.14,7.93,9.29,3.6,0.3,7.83,9.38,5.0,0.18
7.7,10.1,4.1,0.31,8.04,8.97,2.9,0.14,7.93,9.29,3.6,0.3,7.83,9.38,5.0,0.18,7.83,9.65,4.2,0.22
7.58,10.5,5.5,0.26,7.93,9.29,3.6,0.3,7.83,9.38,5.0,0.18,7.83,9.65,4.2,0.22,7.7,10.1,4.1,0.31
7.68,9.21,5.7,0.27,7.83,9.38,5.0,0.18,7.83,9.65,4.2,0.22,7.7,10.1,4.1,0.31,7.58,10.5,5.5,0.26
8.44,9.81,3.7,0.27,7.83,9.65,4.2,0.22,7.7,10.1,4.1,0.31,7.58,10.5,5.5,0.26,7.68,9.21,5.7,0.27
8.232779329608938,9.535586592178769,3.021708683473391,0.2766759776536308,7.7,10.1,4.1,0.31,7.58,10.5,5.5,0.26,7.68,9.21,5.7,0.27,8.44,9.81,3.7,0.27
8.36,12.5,3.7,0.24,7.58,10.5,5.5,0.26,7.68,9.21,5.7,0.27,8.44,9.81,3.7,0.27,8.232779329608938,9.535586592178769,3.021708683473391,0.2766759776536308
8.36,11.1,2.3,0.71,7.68,9.21,5.7,0.27,8.44,9.81,3.7,0.27,8.232779329608938,9.535586592178769,3.021708683473391,0.2766759776536308,8.36,12.5,3.7,0.24
8.39,12.3,2.4,0.85,8.44,9.81,3.7,0.27,8.232779329608938,9.535586592178769,3.021708683473391,0.2766759776536308,8.36,12.5,3.7,0.24,8.36,11.1,2.3,0.71
8.22,12.2,3.5,0.69,8.232779329608938,9.535586592178769,3.021708683473391,0.2766759776536308,8.36,12.5,3.7,0.24,8.36,11.1,2.3,0.71,8.39,12.3,2.4,0.85
8.17,12.1,3.1,0.52,8.36,12.5,3.7,0.24,8.36,11.1,2.3,0.71,8.39,12.3,2.4,0.85,8.22,12.2,3.5,0.69
8.21,9.7,4.2,0.98,8.36,11.1,2.3,0.71,8.39,12.3,2.4,0.85,8.22,12.2,3.5,0.69,8.17,12.1,3.1,0.52
8.27,11.0,3.1,0.64,8.39,12.3,2.4,0.85,8.22,12.2,3.5,0.69,8.17,12.1,3.1,0.52,8.21,9.7,4.2,0.98
8.22,10.1,3.5,0.6,8.22,12.2,3.5,0.69,8.17,12.1,3.1,0.52,8.21,9.7,4.2,0.98,8.27,11.0,3.1,0.64
7.87,8.87,4.7,0.93,8.17,12.1,3.1,0.52,8.21,9.7,4.2,0.98,8.27,11.0,3.1,0.64,8.22,10.1,3.5,0.6
7.67,9.15,4.5,0.61,8.21,9.7,4.2,0.98,8.27,11.0,3.1,0.64,8.22,10.1,3.5,0.6,7.87,8.87,4.7,0.93
7.54,8.21,5.3,0.61,8.27,11.0,3.1,0.64,8.22,10.1,3.5,0.6,7.87,8.87,4.7,0.93,7.67,9.15,4.5,0.61
7.56,7.27,5.0,0.6,8.22,10.1,3.5,0.6,7.87,8.87,4.7,0.93,7.67,9.15,4.5,0.61,7.54,8.21,5.3,0.61
7.67,6.43,4.7,0.7,7.87,8.87,4.7,0.93,7.67,9.15,4.5,0.61,7.54,8.21,5.3,0.61,7.56,7.27,5.0,0.6
7.75,7.03,5.1,0.47,7.67,9.15,4.5,0.61,7.54,8.21,5.3,0.61,7.56,7.27,5.0,0.6,7.67,6.43,4.7,0.7
7.87,6.64,4.9,0.66,7.54,8.21,5.3,0.61,7.56,7.27,5.0,0.6,7.67,6.43,4.7,0.7,7.75,7.03,5.1,0.47
7.84,6.18,4.3,0.39,7.56,7.27,5.0,0.6,7.67,6.43,4.7,0.7,7.75,7.03,5.1,0.47,7.87,6.64,4.9,0.66
8.03,9.17,4.4,0.28,7.67,6.43,4.7,0.7,7.75,7.03,5.1,0.47,7.87,6.64,4.9,0.66,7.84,6.18,4.3,0.39
8.04,8.1,4.5,0.25,7.75,7.03,5.1,0.47,7.87,6.64,4.9,0.66,7.84,6.18,4.3,0.39,8.03,9.17,4.4,0.28
7.77,7.18,2.9,0.35,7.87,6.64,4.9,0.66,7.84,6.18,4.3,0.39,8.03,9.17,4.4,0.28,8.04,8.1,4.5,0.25
7.8,6.76,1.6,0.14,7.84,6.18,4.3,0.39,8.03,9.17,4.4,0.28,8.04,8.1,4.5,0.25,7.77,7.18,2.9,0.35
7.95,5.38,3.7,0.34,8.03,9.17,4.4,0.28,8.04,8.1,4.5,0.25,7.77,7.18,2.9,0.35,7.8,6.76,1.6,0.14
7.93,5.04,4.5,0.37,8.04,8.1,4.5,0.25,7.77,7.18,2.9,0.35,7.8,6.76,1.6,0.14,7.95,5.38,3.7,0.34
7.7,7.11,4.4,0.28,7.77,7.18,2.9,0.35,7.8,6.76,1.6,0.14,7.95,5.38,3.7,0.34,7.93,5.04,4.5,0.37
8.07,7.55,4.3,0.26,7.8,6.76,1.6,0.14,7.95,5.38,3.7,0.34,7.93,5.04,4.5,0.37,7.7,7.11,4.4,0.28
8.34,6.51,4.1,0.3,7.95,5.38,3.7,0.34,7.93,5.04,4.5,0.37,7.7,7.11,4.4,0.28,8.07,7.55,4.3,0.26
8.35,7.37,3.3,0.28,7.93,5.04,4.5,0.37,7.7,7.11,4.4,0.28,8.07,7.55,4.3,0.26,8.34,6.51,4.1,0.3
8.32,6.26,1.8,0.3,7.7,7.11,4.4,0.28,8.07,7.55,4.3,0.26,8.34,6.51,4.1,0.3,8.35,7.37,3.3,0.28
8.31,7.18,2.8,0.16,8.07,7.55,4.3,0.26,8.34,6.51,4.1,0.3,8.35,7.37,3.3,0.28,8.32,6.26,1.8,0.3
8.27,7.06,2.7,0.53,8.34,6.51,4.1,0.3,8.35,7.37,3.3,0.28,8.32,6.26,1.8,0.3,8.31,7.18,2.8,0.16
8.24,7.58,2.8,0.2,8.35,7.37,3.3,0.28,8.32,6.26,1.8,0.3,8.31,7.18,2.8,0.16,8.27,7.06,2.7,0.53
8.21,7.03,3.4,0.32,8.32,6.26,1.8,0.3,8.31,7.18,2.8,0.16,8.27,7.06,2.7,0.53,8.24,7.58,2.8,0.2
8.23,6.32,2.1,0.22,8.31,7.18,2.8,0.16,8.27,7.06,2.7,0.53,8.24,7.58,2.8,0.2,8.21,7.03,3.4,0.32
8.22,6.3,2.3,0.31,8.27,7.06,2.7,0.53,8.24,7.58,2.8,0.2,8.21,7.03,3.4,0.32,8.23,6.32,2.1,0.22
8.26,6.14,2.7,0.38,8.24,7.58,2.8,0.2,8.21,7.03,3.4,0.32,8.23,6.32,2.1,0.22,8.22,6.3,2.3,0.31
8.09,10.9,3.6,0.15,8.21,7.03,3.4,0.32,8.23,6.32,2.1,0.22,8.22,6.3,2.3,0.31,8.26,6.14,2.7,0.38
8.36,11.4,3.5,0.31,8.23,6.32,2.1,0.22,8.22,6.3,2.3,0.31,8.26,6.14,2.7,0.38,8.09,10.9,3.6,0.15
8.41,11.6,4.0,0.24,8.22,6.3,2.3,0.31,8.26,6.14,2.7,0.38,8.09,10.9,3.6,0.15,8.36,11.4,3.5,0.31
8.37,8.41,3.0,0.25,8.26,6.14,2.7,0.38,8.09,10.9,3.6,0.15,8.36,11.4,3.5,0.31,8.41,11.6,4.0,0.24
8.3,8.54,2.4,0.24,8.09,10.9,3.6,0.15,8.36,11.4,3.5,0.31,8.41,11.6,4.0,0.24,8.37,8.41,3.0,0.25
8.04,9.01,2.5,0.22,8.36,11.4,3.5,0.31,8.41,11.6,4.0,0.24,8.37,8.41,3.0,0.25,8.3,8.54,2.4,0.24
7.96,9.35,2.8,0.62,8.41,11.6,4.0,0.24,8.37,8.41,3.0,0.25,8.3,8.54,2.4,0.24,8.04,9.01,2.5,0.22
7.93,9.14,3.0,0.22,8.37,8.41,3.0,0.25,8.3,8.54,2.4,0.24,8.04,9.01,2.5,0.22,7.96,9.35,2.8,0.62
7.86,8.78,3.4,0.23,8.3,8.54,2.4,0.24,8.04,9.01,2.5,0.22,7.96,9.35,2.8,0.62,7.93,9.14,3.0,0.22
7.76,7.33,3.4,0.38,8.04,9.01,2.5,0.22,7.96,9.35,2.8,0.62,7.93,9.14,3.0,0.22,7.86,8.78,3.4,0.23
7.88,9.98,3.7,0.33,7.96,9.35,2.8,0.62,7.93,9.14,3.0,0.22,7.86,8.78,3.4,0.23,7.76,7.33,3.4,0.38
7.9,10.4,2.8,0.3,7.93,9.14,3.0,0.22,7.86,8.78,3.4,0.23,7.76,7.33,3.4,0.38,7.88,9.98,3.7,0.33
7.68,11.2,3.7,0.22,7.86,8.78,3.4,0.23,7.76,7.33,3.4,0.38,7.88,9.98,3.7,0.33,7.9,10.4,2.8,0.3
7.61,11.4,4.1,0.25,7.76,7.33,3.4,0.38,7.88,9.98,3.7,0.33,7.9,10.4,2.8,0.3,7.68,11.2,3.7,0.22
7.57,12.1,5.0,0.49,7.88,9.98,3.7,0.33,7.9,10.4,2.8,0.3,7.68,11.2,3.7,0.22,7.61,11.4,4.1,0.25
7.56,12.5,4.8,0.56,7.9,10.4,2.8,0.3,7.68,11.2,3.7,0.22,7.61,11.4,4.1,0.25,7.57,12.1,5.0,0.49
7.53,12.8,5.3,0.68,7.68,11.2,3.7,0.22,7.61,11.4,4.1,0.25,7.57,12.1,5.0,0.49,7.56,12.5,4.8,0.56
7.52,12.8,4.8,0.41,7.61,11.4,4.1,0.25,7.57,12.1,5.0,0.49,7.56,12.5,4.8,0.56,7.53,12.8,5.3,0.68
7.52,13.6,4.9,0.46,7.57,12.1,5.0,0.49,7.56,12.5,4.8,0.56,7.53,12.8,5.3,0.68,7.52,12.8,4.8,0.41
7.55,12.4,3.2,0.38,7.56,12.5,4.8,0.56,7.53,12.8,5.3,0.68,7.52,12.8,4.8,0.41,7.52,13.6,4.9,0.46
7.6,11.2,2.3,0.4,7.53,12.8,5.3,0.68,7.52,12.8,4.8,0.41,7.52,13.6,4.9,0.46,7.55,12.4,3.2,0.38
7.99,12.8,2.8,0.49,7.52,12.8,4.8,0.41,7.52,13.6,4.9,0.46,7.55,12.4,3.2,0.38,7.6,11.2,2.3,0.4
8.232779329608938,9.535586592178769,3.021708683473391,0.2766759776536308,7.52,13.6,4.9,0.46,7.55,12.4,3.2,0.38,7.6,11.2,2.3,0.4,7.99,12.8,2.8,0.49
8.232779329608938,9.535586592178769,3.021708683473391,0.2766759776536308,7.55,12.4,3.2,0.38,7.6,11.2,2.3,0.4,7.99,12.8,2.8,0.49,8.232779329608938,9.535586592178769,3.021708683473391,0.2766759776536308
8.232779329608938,9.535586592178769,3.021708683473391,0.2766759776536308,7.6,11.2,2.3,0.4,7.99,12.8,2.8,0.49,8.232779329608938,9.535586592178769,3.021708683473391,0.2766759776536308,8.232779329608938,9.535586592178769,3.021708683473391,0.2766759776536308
7.75,12.2,4.0,0.29,7.99,12.8,2.8,0.49,8.232779329608938,9.535586592178769,3.021708683473391,0.2766759776536308,8.232779329608938,9.535586592178769,3.021708683473391,0.2766759776536308,8.232779329608938,9.535586592178769,3.021708683473391,0.2766759776536308
7.66,11.9,4.4,0.28,8.232779329608938,9.535586592178769,3.021708683473391,0.2766759776536308,8.232779329608938,9.535586592178769,3.021708683473391,0.2766759776536308,8.232779329608938,9.535586592178769,3.021708683473391,0.2766759776536308,7.75,12.2,4.0,0.29
7.76,10.5,4.5,0.25,8.232779329608938,9.535586592178769,3.021708683473391,0.2766759776536308,8.232779329608938,9.535586592178769,3.021708683473391,0.2766759776536308,7.75,12.2,4.0,0.29,7.66,11.9,4.4,0.28
7.95,12.0,4.3,0.28,8.232779329608938,9.535586592178769,3.021708683473391,0.2766759776536308,7.75,12.2,4.0,0.29,7.66,11.9,4.4,0.28,7.76,10.5,4.5,0.25
7.83,12.9,2.6,0.28,7.75,12.2,4.0,0.29,7.66,11.9,4.4,0.28,7.76,10.5,4.5,0.25,7.95,12.0,4.3,0.28
7.82,10.4,3.8,0.89,7.66,11.9,4.4,0.28,7.76,10.5,4.5,0.25,7.95,12.0,4.3,0.28,7.83,12.9,2.6,0.28
7.77,10.5,3.4,0.34,7.76,10.5,4.5,0.25,7.95,12.0,4.3,0.28,7.83,12.9,2.6,0.28,7.82,10.4,3.8,0.89
7.73,9.68,2.7,0.36,7.95,12.0,4.3,0.28,7.83,12.9,2.6,0.28,7.82,10.4,3.8,0.89,7.77,10.5,3.4,0.34
7.77,9.46,3.1,0.8,7.83,12.9,2.6,0.28,7.82,10.4,3.8,0.89,7.77,10.5,3.4,0.34,7.73,9.68,2.7,0.36
7.78,9.91,3.8,0.34,7.82,10.4,3.8,0.89,7.77,10.5,3.4,0.34,7.73,9.68,2.7,0.36,7.77,9.46,3.1,0.8
7.95,9.29,3.5,0.33,7.77,10.5,3.4,0.34,7.73,9.68,2.7,0.36,7.77,9.46,3.1,0.8,7.78,9.91,3.8,0.34
8.06,9.34,3.7,0.17,7.73,9.68,2.7,0.36,7.77,9.46,3.1,0.8,7.78,9.91,3.8,0.34,7.95,9.29,3.5,0.33
8.02,9.59,4.2,0.4,7.77,9.46,3.1,0.8,7.78,9.91,3.8,0.34,7.95,9.29,3.5,0.33,8.06,9.34,3.7,0.17
8.12,8.77,4.5,0.32,7.78,9.91,3.8,0.34,7.95,9.29,3.5,0.33,8.06,9.34,3.7,0.17,8.02,9.59,4.2,0.4
8.17,8.84,4.0,0.3,7.95,9.29,3.5,0.33,8.06,9.34,3.7,0.17,8.02,9.59,4.2,0.4,8.12,8.77,4.5,0.32
8.17,9.18,3.0,0.33,8.06,9.34,3.7,0.17,8.02,9.59,4.2,0.4,8.12,8.77,4.5,0.32,8.17,8.84,4.0,0.3
8.21,8.46,3.0,0.31,8.02,9.59,4.2,0.4,8.12,8.77,4.5,0.32,8.17,8.84,4.0,0.3,8.17,9.18,3.0,0.33
8.17,8.46,4.8,0.18,8.12,8.77,4.5,0.32,8.17,8.84,4.0,0.3,8.17,9.18,3.0,0.33,8.21,8.46,3.0,0.31
8.26,6.11,2.3,0.13,8.17,8.84,4.0,0.3,8.17,9.18,3.0,0.33,8.21,8.46,3.0,0.31,8.17,8.46,4.8,0.18
8.0,8.66,2.7,0.16,8.17,9.18,3.0,0.33,8.21,8.46,3.0,0.31,8.17,8.46,4.8,0.18,8.26,6.11,2.3,0.13
8.04,7.36,3.4,0.12,8.21,8.46,3.0,0.31,8.17,8.46,4.8,0.18,8.26,6.11,2.3,0.13,8.0,8.66,2.7,0.16
8.06,8.2,2.2,0.14,8.17,8.46,4.8,0.18,8.26,6.11,2.3,0.13,8.0,8.66,2.7,0.16,8.04,7.36,3.4,0.12
8.43,8.26,3.6,0.19,8.26,6.11,2.3,0.13,8.0,8.66,2.7,0.16,8.04,7.36,3.4,0.12,8.06,8.2,2.2,0.14
8.55,7.98,4.1,0.23,8.0,8.66,2.7,0.16,8.04,7.36,3.4,0.12,8.06,8.2,2.2,0.14,8.43,8.26,3.6,0.19
8.65,8.46,3.9,0.19,8.04,7.36,3.4,0.12,8.06,8.2,2.2,0.14,8.43,8.26,3.6,0.19,8.55,7.98,4.1,0.23
8.64,8.27,2.4,0.15,8.06,8.2,2.2,0.14,8.43,8.26,3.6,0.19,8.55,7.98,4.1,0.23,8.65,8.46,3.9,0.19
8.58,8.62,2.9,0.25,8.43,8.26,3.6,0.19,8.55,7.98,4.1,0.23,8.65,8.46,3.9,0.19,8.64,8.27,2.4,0.15
8.47,8.19,3.7,0.25,8.55,7.98,4.1,0.23,8.65,8.46,3.9,0.19,8.64,8.27,2.4,0.15,8.58,8.62,2.9,0.25
8.34,8.11,4.2,0.28,8.65,8.46,3.9,0.19,8.64,8.27,2.4,0.15,8.58,8.62,2.9,0.25,8.47,8.19,3.7,0.25
8.32,7.83,2.9,0.23,8.64,8.27,2.4,0.15,8.58,8.62,2.9,0.25,8.47,8.19,3.7,0.25,8.34,8.11,4.2,0.28
8.38,8.28,3.3,0.11,8.58,8.62,2.9,0.25,8.47,8.19,3.7,0.25,8.34,8.11,4.2,0.28,8.32,7.83,2.9,0.23
8.36,9.39,4.0,0.14,8.47,8.19,3.7,0.25,8.34,8.11,4.2,0.28,8.32,7.83,2.9,0.23,8.38,8.28,3.3,0.11
8.32,9.63,4.7,0.24,8.34,8.11,4.2,0.28,8.32,7.83,2.9,0.23,8.38,8.28,3.3,0.11,8.36,9.39,4.0,0.14
8.24,9.63,3.9,0.13,8.32,7.83,2.9,0.23,8.38,8.28,3.3,0.11,8.36,9.39,4.0,0.14,8.32,9.63,4.7,0.24
8.22,9.39,3.7,0.11,8.38,8.28,3.3,0.11,8.36,9.39,4.0,0.14,8.32,9.63,4.7,0.24,8.24,9.63,3.9,0.13
8.21,6.27,2.8,0.18,8.36,9.39,4.0,0.14,8.32,9.63,4.7,0.24,8.24,9.63,3.9,0.13,8.22,9.39,3.7,0.11
8.11,9.23,3.7,0.23,8.32,9.63,4.7,0.24,8.24,9.63,3.9,0.13,8.22,9.39,3.7,0.11,8.21,6.27,2.8,0.18
8.09,8.42,4.1,0.2,8.24,9.63,3.9,0.13,8.22,9.39,3.7,0.11,8.21,6.27,2.8,0.18,8.11,9.23,3.7,0.23
8.02,8.31,4.0,0.17,8.22,9.39,3.7,0.11,8.21,6.27,2.8,0.18,8.11,9.23,3.7,0.23,8.09,8.42,4.1,0.2
7.99,8.67,3.7,0.13,8.21,6.27,2.8,0.18,8.11,9.23,3.7,0.23,8.09,8.42,4.1,0.2,8.02,8.31,4.0,0.17
8.04,9.25,4.2,0.11,8.11,9.23,3.7,0.23,8.09,8.42,4.1,0.2,8.02,8.31,4.0,0.17,7.99,8.67,3.7,0.13
8.03,12.0,4.7,0.14,8.09,8.42,4.1,0.2,8.02,8.31,4.0,0.17,7.99,8.67,3.7,0.13,8.04,9.25,4.2,0.11
8.22,13.0,3.8,0.11,8.02,8.31,4.0,0.17,7.99,8.67,3.7,0.13,8.04,9.25,4.2,0.11,8.03,12.0,4.7,0.14
8.39,13.6,4.2,0.15,7.99,8.67,3.7,0.13,8.04,9.25,4.2,0.11,8.03,12.0,4.7,0.14,8.22,13.0,3.8,0.11
8.34,10.1,2.5,0.2,8.04,9.25,4.2,0.11,8.03,12.0,4.7,0.14,8.22,13.0,3.8,0.11,8.39,13.6,4.2,0.15
8.37,10.2,2.7,0.16,8.03,12.0,4.7,0.14,8.22,13.0,3.8,0.11,8.39,13.6,4.2,0.15,8.34,10.1,2.5,0.2
8.22,11.9,2.5,0.32,8.22,13.0,3.8,0.11,8.39,13.6,4.2,0.15,8.34,10.1,2.5,0.2,8.37,10.2,2.7,0.16
8.39,12.3,2.9,0.31,8.39,13.6,4.2,0.15,8.34,10.1,2.5,0.2,8.37,10.2,2.7,0.16,8.22,11.9,2.5,0.32
8.232779329608938,9.535586592178769,3.021708683473391,0.2766759776536308,8.34,10.1,2.5,0.2,8.37,10.2,2.7,0.16,8.22,11.9,2.5,0.32,8.39,12.3,2.9,0.31
8.39,12.2,3.0,0.34,8.37,10.2,2.7,0.16,8.22,11.9,2.5,0.32,8.39,12.3,2.9,0.31,8.232779329608938,9.535586592178769,3.021708683473391,0.2766759776536308
8.44,12.2,2.4,0.34,8.22,11.9,2.5,0.32,8.39,12.3,2.9,0.31,8.232779329608938,9.535586592178769,3.021708683473391,0.2766759776536308,8.39,12.2,3.0,0.34
8.35,12.0,2.9,0.34,8.39,12.3,2.9,0.31,8.232779329608938,9.535586592178769,3.021708683473391,0.2766759776536308,8.39,12.2,3.0,0.34,8.44,12.2,2.4,0.34
8.26,11.2,2.7,0.13,8.232779329608938,9.535586592178769,3.021708683473391,0.2766759776536308,8.39,12.2,3.0,0.34,8.44,12.2,2.4,0.34,8.35,12.0,2.9,0.34
8.32,13.2,3.0,0.73,8.39,12.2,3.0,0.34,8.44,12.2,2.4,0.34,8.35,12.0,2.9,0.34,8.26,11.2,2.7,0.13
7.85,13.6,3.3,0.88,8.44,12.2,2.4,0.34,8.35,12.0,2.9,0.34,8.26,11.2,2.7,0.13,8.32,13.2,3.0,0.73
7.99,12.6,3.2,0.84,8.35,12.0,2.9,0.34,8.26,11.2,2.7,0.13,8.32,13.2,3.0,0.73,7.85,13.6,3.3,0.88
8.13,11.4,3.0,0.74,8.26,11.2,2.7,0.13,8.32,13.2,3.0,0.73,7.85,13.6,3.3,0.88,7.99,12.6,3.2,0.84
8.13,11.5,2.7,0.37,8.32,13.2,3.0,0.73,7.85,13.6,3.3,0.88,7.99,12.6,3.2,0.84,8.13,11.4,3.0,0.74
8.13,11.7,3.1,0.4,7.85,13.6,3.3,0.88,7.99,12.6,3.2,0.84,8.13,11.4,3.0,0.74,8.13,11.5,2.7,0.37
8.19,10.6,2.7,0.73,7.99,12.6,3.2,0.84,8.13,11.4,3.0,0.74,8.13,11.5,2.7,0.37,8.13,11.7,3.1,0.4
8.31,10.3,2.7,0.39,8.13,11.4,3.0,0.74,8.13,11.5,2.7,0.37,8.13,11.7,3.1,0.4,8.19,10.6,2.7,0.73
8.28,10.2,2.2,0.18,8.13,11.5,2.7,0.37,8.13,11.7,3.1,0.4,8.19,10.6,2.7,0.73,8.31,10.3,2.7,0.39
8.34,9.66,2.7,0.25,8.13,11.7,3.1,0.4,8.19,10.6,2.7,0.73,8.31,10.3,2.7,0.39,8.28,10.2,2.2,0.18
8.5,9.87,3.2,0.25,8.19,10.6,2.7,0.73,8.31,10.3,2.7,0.39,8.28,10.2,2.2,0.18,8.34,9.66,2.7,0.25
8.59,9.72,4.2,0.17,8.31,10.3,2.7,0.39,8.28,10.2,2.2,0.18,8.34,9.66,2.7,0.25,8.5,9.87,3.2,0.25
8.61,9.1,3.8,0.21,8.28,10.2,2.2,0.18,8.34,9.66,2.7,0.25,8.5,9.87,3.2,0.25,8.59,9.72,4.2,0.17
8.68,8.51,4.4,0.26,8.34,9.66,2.7,0.25,8.5,9.87,3.2,0.25,8.59,9.72,4.2,0.17,8.61,9.1,3.8,0.21
8.7,8.86,4.0,0.18,8.5,9.87,3.2,0.25,8.59,9.72,4.2,0.17,8.61,9.1,3.8,0.21,8.68,8.51,4.4,0.26
8.67,9.84,4.0,0.26,8.59,9.72,4.2,0.17,8.61,9.1,3.8,0.21,8.68,8.51,4.4,0.26,8.7,8.86,4.0,0.18
8.73,9.06,4.0,0.22,8.61,9.1,3.8,0.21,8.68,8.51,4.4,0.26,8.7,8.86,4.0,0.18,8.67,9.84,4.0,0.26
8.41,6.92,2.6,0.14,8.68,8.51,4.4,0.26,8.7,8.86,4.0,0.18,8.67,9.84,4.0,0.26,8.73,9.06,4.0,0.22
8.4,6.57,2.0,0.11,8.7,8.86,4.0,0.18,8.67,9.84,4.0,0.26,8.73,9.06,4.0,0.22,8.41,6.92,2.6,0.14
8.79,9.19,2.6,0.14,8.67,9.84,4.0,0.26,8.73,9.06,4.0,0.22,8.41,6.92,2.6,0.14,8.4,6.57,2.0,0.11
8.66,8.37,2.5,0.32,8.73,9.06,4.0,0.22,8.41,6.92,2.6,0.14,8.4,6.57,2.0,0.11,8.79,9.19,2.6,0.14
8.71,9.23,3.7,0.24,8.41,6.92,2.6,0.14,8.4,6.57,2.0,0.11,8.79,9.19,2.6,0.14,8.66,8.37,2.5,0.32
8.76,9.89,4.5,0.28,8.4,6.57,2.0,0.11,8.79,9.19,2.6,0.14,8.66,8.37,2.5,0.32,8.71,9.23,3.7,0.24
8.03,8.7,4.0,0.27,8.79,9.19,2.6,0.14,8.66,8.37,2.5,0.32,8.71,9.23,3.7,0.24,8.76,9.89,4.5,0.28
8.05,8.19,3.6,0.26,8.66,8.37,2.5,0.32,8.71,9.23,3.7,0.24,8.76,9.89,4.5,0.28,8.03,8.7,4.0,0.27
8.03,9.1,4.5,0.39,8.71,9.23,3.7,0.24,8.76,9.89,4.5,0.28,8.03,8.7,4.0,0.27,8.05,8.19,3.6,0.26
8.04,8.17,4.4,0.25,8.76,9.89,4.5,0.28,8.03,8.7,4.0,0.27,8.05,8.19,3.6,0.26,8.03,9.1,4.5,0.39
8.06,7.13,4.5,0.25,8.03,8.7,4.0,0.27,8.05,8.19,3.6,0.26,8.03,9.1,4.5,0.39,8.04,8.17,4.4,0.25
8.07,7.77,4.2,0.19,8.05,8.19,3.6,0.26,8.03,9.1,4.5,0.39,8.04,8.17,4.4,0.25,8.06,7.13,4.5,0.25
8.06,9.2,4.0,0.23,8.03,9.1,4.5,0.39,8.04,8.17,4.4,0.25,8.06,7.13,4.5,0.25,8.07,7.77,4.2,0.19
7.99,8.85,3.3,0.15,8.04,8.17,4.4,0.25,8.06,7.13,4.5,0.25,8.07,7.77,4.2,0.19,8.06,9.2,4.0,0.23
8.17,9.17,3.9,0.2,8.06,7.13,4.5,0.25,8.07,7.77,4.2,0.19,8.06,9.2,4.0,0.23,7.99,8.85,3.3,0.15
8.2,9.63,4.7,0.24,8.07,7.77,4.2,0.19,8.06,9.2,4.0,0.23,7.99,8.85,3.3,0.15,8.17,9.17,3.9,0.2
8.25,10.8,4.1,0.19,8.06,9.2,4.0,0.23,7.99,8.85,3.3,0.15,8.17,9.17,3.9,0.2,8.2,9.63,4.7,0.24
8.32,11.1,4.2,0.32,7.99,8.85,3.3,0.15,8.17,9.17,3.9,0.2,8.2,9.63,4.7,0.24,8.25,10.8,4.1,0.19
8.34,10.9,4.1,0.28,8.17,9.17,3.9,0.2,8.2,9.63,4.7,0.24,8.25,10.8,4.1,0.19,8.32,11.1,4.2,0.32
8.23,12.5,4.1,0.17,8.2,9.63,4.7,0.24,8.25,10.8,4.1,0.19,8.32,11.1,4.2,0.32,8.34,10.9,4.1,0.28
8.25,13.2,4.0,0.19,8.25,10.8,4.1,0.19,8.32,11.1,4.2,0.32,8.34,10.9,4.1,0.28,8.23,12.5,4.1,0.17
8.16,14.6,4.5,0.3,8.32,11.1,4.2,0.32,8.34,10.9,4.1,0.28,8.23,12.5,4.1,0.17,8.25,13.2,4.0,0.19
8.24,14.0,4.7,0.13,8.34,10.9,4.1,0.28,8.23,12.5,4.1,0.17,8.25,13.2,4.0,0.19,8.16,14.6,4.5,0.3
8.21,14.2,4.0,0.16,8.23,12.5,4.1,0.17,8.25,13.2,4.0,0.19,8.16,14.6,4.5,0.3,8.24,14.0,4.7,0.13
8.22,13.9,4.1,0.28,8.25,13.2,4.0,0.19,8.16,14.6,4.5,0.3,8.24,14.0,4.7,0.13,8.21,14.2,4.0,0.16
8.16,14.4,4.4,0.34,8.16,14.6,4.5,0.3,8.24,14.0,4.7,0.13,8.21,14.2,4.0,0.16,8.22,13.9,4.1,0.28
8.232779329608938,9.535586592178769,3.021708683473391,0.2766759776536308,8.24,14.0,4.7,0.13,8.21,14.2,4.0,0.16,8.22,13.9,4.1,0.28,8.16,14.4,4.4,0.34
8.35,13.0,4.4,0.17,8.21,14.2,4.0,0.16,8.22,13.9,4.1,0.28,8.16,14.4,4.4,0.34,8.232779329608938,9.535586592178769,3.021708683473391,0.2766759776536308
8.28,12.9,2.5,0.55,8.22,13.9,4.1,0.28,8.16,14.4,4.4,0.34,8.232779329608938,9.535586592178769,3.021708683473391,0.2766759776536308,8.35,13.0,4.4,0.17
8.4,11.5,2.9,0.64,8.16,14.4,4.4,0.34,8.232779329608938,9.535586592178769,3.021708683473391,0.2766759776536308,8.35,13.0,4.4,0.17,8.28,12.9,2.5,0.55
8.28,11.3,3.1,0.81,8.232779329608938,9.535586592178769,3.021708683473391,0.2766759776536308,8.35,13.0,4.4,0.17,8.28,12.9,2.5,0.55,8.4,11.5,2.9,0.64
8.45,11.9,2.6,0.47,8.35,13.0,4.4,0.17,8.28,12.9,2.5,0.55,8.4,11.5,2.9,0.64,8.28,11.3,3.1,0.81
8.43,11.6,2.7,0.65,8.28,12.9,2.5,0.55,8.4,11.5,2.9,0.64,8.28,11.3,3.1,0.81,8.45,11.9,2.6,0.47
8.41,11.8,2.6,0.87,8.4,11.5,2.9,0.64,8.28,11.3,3.1,0.81,8.45,11.9,2.6,0.47,8.43,11.6,2.7,0.65
8.53,12.5,3.1,0.77,8.28,11.3,3.1,0.81,8.45,11.9,2.6,0.47,8.43,11.6,2.7,0.65,8.41,11.8,2.6,0.87
8.33,11.6,3.9,0.68,8.45,11.9,2.6,0.47,8.43,11.6,2.7,0.65,8.41,11.8,2.6,0.87,8.53,12.5,3.1,0.77
8.35,11.9,4.5,0.58,8.43,11.6,2.7,0.65,8.41,11.8,2.6,0.87,8.53,12.5,3.1,0.77,8.33,11.6,3.9,0.68
8.27,11.6,4.1,0.79,8.41,11.8,2.6,0.87,8.53,12.5,3.1,0.77,8.33,11.6,3.9,0.68,8.35,11.9,4.5,0.58
8.35,12.0,4.6,0.86,8.53,12.5,3.1,0.77,8.33,11.6,3.9,0.68,8.35,11.9,4.5,0.58,8.27,11.6,4.1,0.79
8.33,11.6,2.7,0.76,8.33,11.6,3.9,0.68,8.35,11.9,4.5,0.58,8.27,11.6,4.1,0.79,8.35,12.0,4.6,0.86
8.31,11.0,4.6,0.68,8.35,11.9,4.5,0.58,8.27,11.6,4.1,0.79,8.35,12.0,4.6,0.86,8.33,11.6,2.7,0.76
8.22,10.5,4.8,0.38,8.27,11.6,4.1,0.79,8.35,12.0,4.6,0.86,8.33,11.6,2.7,0.76,8.31,11.0,4.6,0.68
8.47,6.93,2.7,0.22,8.35,12.0,4.6,0.86,8.33,11.6,2.7,0.76,8.31,11.0,4.6,0.68,8.22,10.5,4.8,0.38
8.07,10.1,4.3,0.08,8.33,11.6,2.7,0.76,8.31,11.0,4.6,0.68,8.22,10.5,4.8,0.38,8.47,6.93,2.7,0.22
8.04,9.83,4.3,0.06,8.31,11.0,4.6,0.68,8.22,10.5,4.8,0.38,8.47,6.93,2.7,0.22,8.07,10.1,4.3,0.08
7.66,7.76,4.0,0.12,8.22,10.5,4.8,0.38,8.47,6.93,2.7,0.22,8.07,10.1,4.3,0.08,8.04,9.83,4.3,0.06
8.27,8.66,4.1,0.1,8.47,6.93,2.7,0.22,8.07,10.1,4.3,0.08,8.04,9.83,4.3,0.06,7.66,7.76,4.0,0.12
8.21,8.08,2.1,0.03,8.07,10.1,4.3,0.08,8.04,9.83,4.3,0.06,7.66,7.76,4.0,0.12,8.27,8.66,4.1,0.1
8.18,7.85,2.3,0.02,8.04,9.83,4.3,0.06,7.66,7.76,4.0,0.12,8.27,8.66,4.1,0.1,8.21,8.08,2.1,0.03
8.19,7.73,1.5,0.05,7.66,7.76,4.0,0.12,8.27,8.66,4.1,0.1,8.21,8.08,2.1,0.03,8.18,7.85,2.3,0.02
8.2,7.75,2.1,0.06,8.27,8.66,4.1,0.1,8.21,8.08,2.1,0.03,8.18,7.85,2.3,0.02,8.19,7.73,1.5,0.05
8.02,7.93,2.2,0.08,8.21,8.08,2.1,0.03,8.18,7.85,2.3,0.02,8.19,7.73,1.5,0.05,8.2,7.75,2.1,0.06
8.44,7.02,2.7,0.06,8.18,7.85,2.3,0.02,8.19,7.73,1.5,0.05,8.2,7.75,2.1,0.06,8.02,7.93,2.2,0.08
8.24,6.97,2.5,0.11,8.19,7.73,1.5,0.05,8.2,7.75,2.1,0.06,8.02,7.93,2.2,0.08,8.44,7.02,2.7,0.06
8.32,5.86,2.6,0.13,8.2,7.75,2.1,0.06,8.02,7.93,2.2,0.08,8.44,7.02,2.7,0.06,8.24,6.97,2.5,0.11
8.23,6.2,2.7,0.08,8.02,7.93,2.2,0.08,8.44,7.02,2.7,0.06,8.24,6.97,2.5,0.11,8.32,5.86,2.6,0.13
8.32,6.11,3.4,0.06,8.44,7.02,2.7,0.06,8.24,6.97,2.5,0.11,8.32,5.86,2.6,0.13,8.23,6.2,2.7,0.08
7.88,5.11,3.0,0.05,8.24,6.97,2.5,0.11,8.32,5.86,2.6,0.13,8.23,6.2,2.7,0.08,8.32,6.11,3.4,0.06
8.05,6.11,2.8,0.06,8.32,5.86,2.6,0.13,8.23,6.2,2.7,0.08,8.32,6.11,3.4,0.06,7.88,5.11,3.0,0.05
8.26,6.81,2.9,0.05,8.23,6.2,2.7,0.08,8.32,6.11,3.4,0.06,7.88,5.11,3.0,0.05,8.05,6.11,2.8,0.06
8.05,4.98,2.3,0.06,8.32,6.11,3.4,0.06,7.88,5.11,3.0,0.05,8.05,6.11,2.8,0.06,8.26,6.81,2.9,0.05
8.17,6.81,2.8,0.1,7.88,5.11,3.0,0.05,8.05,6.11,2.8,0.06,8.26,6.81,2.9,0.05,8.05,4.98,2.3,0.06
8.15,7.05,2.3,0.13,8.05,6.11,2.8,0.06,8.26,6.81,2.9,0.05,8.05,4.98,2.3,0.06,8.17,6.81,2.8,0.1
8.34,6.85,2.5,0.09,8.26,6.81,2.9,0.05,8.05,4.98,2.3,0.06,8.17,6.81,2.8,0.1,8.15,7.05,2.3,0.13
8.16,6.49,2.9,0.26,8.05,4.98,2.3,0.06,8.17,6.81,2.8,0.1,8.15,7.05,2.3,0.13,8.34,6.85,2.5,0.09
8.5,8.28,2.8,0.11,8.17,6.81,2.8,0.1,8.15,7.05,2.3,0.13,8.34,6.85,2.5,0.09,8.16,6.49,2.9,0.26
8.64,8.95,3.7,0.07,8.15,7.05,2.3,0.13,8.34,6.85,2.5,0.09,8.16,6.49,2.9,0.26,8.5,8.28,2.8,0.11
8.66,9.06,3.6,0.07,8.34,6.85,2.5,0.09,8.16,6.49,2.9,0.26,8.5,8.28,2.8,0.11,8.64,8.95,3.7,0.07
8.79,9.6,3.3,0.07,8.16,6.49,2.9,0.26,8.5,8.28,2.8,0.11,8.64,8.95,3.7,0.07,8.66,9.06,3.6,0.07
8.84,10.3,3.5,0.07,8.5,8.28,2.8,0.11,8.64,8.95,3.7,0.07,8.66,9.06,3.6,0.07,8.79,9.6,3.3,0.07
8.22,6.0,3.7,0.11,8.64,8.95,3.7,0.07,8.66,9.06,3.6,0.07,8.79,9.6,3.3,0.07,8.84,10.3,3.5,0.07
8.4,8.32,3.5,0.11,8.66,9.06,3.6,0.07,8.79,9.6,3.3,0.07,8.84,10.3,3.5,0.07,8.22,6.0,3.7,0.11
8.232779329608938,9.535586592178769,3.021708683473391,0.2766759776536308,8.79,9.6,3.3,0.07,8.84,10.3,3.5,0.07,8.22,6.0,3.7,0.11,8.4,8.32,3.5,0.11
8.88,12.0,3.4,0.12,8.84,10.3,3.5,0.07,8.22,6.0,3.7,0.11,8.4,8.32,3.5,0.11,8.232779329608938,9.535586592178769,3.021708683473391,0.2766759776536308
8.38,10.6,3.5,0.11,8.22,6.0,3.7,0.11,8.4,8.32,3.5,0.11,8.232779329608938,9.535586592178769,3.021708683473391,0.2766759776536308,8.88,12.0,3.4,0.12
8.23,12.1,3.4,0.08,8.4,8.32,3.5,0.11,8.232779329608938,9.535586592178769,3.021708683473391,0.2766759776536308,8.88,12.0,3.4,0.12,8.38,10.6,3.5,0.11
8.26,12.6,3.3,0.13,8.232779329608938,9.535586592178769,3.021708683473391,0.2766759776536308,8.88,12.0,3.4,0.12,8.38,10.6,3.5,0.11,8.23,12.1,3.4,0.08
8.08,11.7,2.4,0.19,8.88,12.0,3.4,0.12,8.38,10.6,3.5,0.11,8.23,12.1,3.4,0.08,8.26,12.6,3.3,0.13
8.57,10.7,2.0,0.12,8.38,10.6,3.5,0.11,8.23,12.1,3.4,0.08,8.26,12.6,3.3,0.13,8.08,11.7,2.4,0.19
8.42,11.5,2.9,0.11,8.23,12.1,3.4,0.08,8.26,12.6,3.3,0.13,8.08,11.7,2.4,0.19,8.57,10.7,2.0,0.12
8.44,12.7,2.0,0.14,8.26,12.6,3.3,0.13,8.08,11.7,2.4,0.19,8.57,10.7,2.0,0.12,8.42,11.5,2.9,0.11
8.43,12.3,2.3,0.14,8.08,11.7,2.4,0.19,8.57,10.7,2.0,0.12,8.42,11.5,2.9,0.11,8.44,12.7,2.0,0.14
8.35,11.8,2.3,0.34,8.57,10.7,2.0,0.12,8.42,11.5,2.9,0.11,8.44,12.7,2.0,0.14,8.43,12.3,2.3,0.14
8.37,12.9,2.2,0.25,8.42,11.5,2.9,0.11,8.44,12.7,2.0,0.14,8.43,12.3,2.3,0.14,8.35,11.8,2.3,0.34
8.35,12.7,2.3,0.26,8.44,12.7,2.0,0.14,8.43,12.3,2.3,0.14,8.35,11.8,2.3,0.34,8.37,12.9,2.2,0.25
8.47,11.5,2.0,0.26,8.43,12.3,2.3,0.14,8.35,11.8,2.3,0.34,8.37,12.9,2.2,0.25,8.35,12.7,2.3,0.26
8.63,11.7,2.3,0.31,8.35,11.8,2.3,0.34,8.37,12.9,2.2,0.25,8.35,12.7,2.3,0.26,8.47,11.5,2.0,0.26
8.48,9.95,1.8,0.23,8.37,12.9,2.2,0.25,8.35,12.7,2.3,0.26,8.47,11.5,2.0,0.26,8.63,11.7,2.3,0.31
8.46,10.9,1.8,0.29,8.35,12.7,2.3,0.26,8.47,11.5,2.0,0.26,8.63,11.7,2.3,0.31,8.48,9.95,1.8,0.23
8.4,12.3,2.7,0.46,8.47,11.5,2.0,0.26,8.63,11.7,2.3,0.31,8.48,9.95,1.8,0.23,8.46,10.9,1.8,0.29
8.47,12.2,2.2,0.55,8.63,11.7,2.3,0.31,8.48,9.95,1.8,0.23,8.46,10.9,1.8,0.29,8.4,12.3,2.7,0.46
8.29,10.3,4.1,0.53,8.48,9.95,1.8,0.23,8.46,10.9,1.8,0.29,8.4,12.3,2.7,0.46,8.47,12.2,2.2,0.55
8.74,10.9,2.6,0.35,8.46,10.9,1.8,0.29,8.4,12.3,2.7,0.46,8.47,12.2,2.2,0.55,8.29,10.3,4.1,0.53
8.51,10.9,3.0,0.23,8.4,12.3,2.7,0.46,8.47,12.2,2.2,0.55,8.29,10.3,4.1,0.53,8.74,10.9,2.6,0.35
8.55,9.92,2.9,0.14,8.47,12.2,2.2,0.55,8.29,10.3,4.1,0.53,8.74,10.9,2.6,0.35,8.51,10.9,3.0,0.23
8.18,10.0,2.8,0.13,8.29,10.3,4.1,0.53,8.74,10.9,2.6,0.35,8.51,10.9,3.0,0.23,8.55,9.92,2.9,0.14
8.09,10.4,2.9,0.14,8.74,10.9,2.6,0.35,8.51,10.9,3.0,0.23,8.55,9.92,2.9,0.14,8.18,10.0,2.8,0.13
8.12,10.3,2.2,0.13,8.51,10.9,3.0,0.23,8.55,9.92,2.9,0.14,8.18,10.0,2.8,0.13,8.09,10.4,2.9,0.14
8.11,10.4,3.3,0.15,8.55,9.92,2.9,0.14,8.18,10.0,2.8,0.13,8.09,10.4,2.9,0.14,8.12,10.3,2.2,0.13
8.18,9.93,3.4,0.13,8.18,10.0,2.8,0.13,8.09,10.4,2.9,0.14,8.12,10.3,2.2,0.13,8.11,10.4,3.3,0.15
8.21,10.4,3.6,0.13,8.09,10.4,2.9,0.14,8.12,10.3,2.2,0.13,8.11,10.4,3.3,0.15,8.18,9.93,3.4,0.13
8.21,10.2,4.0,0.12,8.12,10.3,2.2,0.13,8.11,10.4,3.3,0.15,8.18,9.93,3.4,0.13,8.21,10.4,3.6,0.13
8.09,8.76,2.7,0.23,8.11,10.4,3.3,0.15,8.18,9.93,3.4,0.13,8.21,10.4,3.6,0.13,8.21,10.2,4.0,0.12
8.21,9.35,2.7,0.23,8.18,9.93,3.4,0.13,8.21,10.4,3.6,0.13,8.21,10.2,4.0,0.12,8.09,8.76,2.7,0.23
8.23,9.22,2.9,0.23,8.21,10.4,3.6,0.13,8.21,10.2,4.0,0.12,8.09,8.76,2.7,0.23,8.21,9.35,2.7,0.23
8.46,6.93,1.8,0.12,8.21,10.2,4.0,0.12,8.09,8.76,2.7,0.23,8.21,9.35,2.7,0.23,8.23,9.22,2.9,0.23
8.51,6.24,3.0,0.21,8.09,8.76,2.7,0.23,8.21,9.35,2.7,0.23,8.23,9.22,2.9,0.23,8.46,6.93,1.8,0.12
7.95,6.47,3.0,0.16,8.21,9.35,2.7,0.23,8.23,9.22,2.9,0.23,8.46,6.93,1.8,0.12,8.51,6.24,3.0,0.21
8.11,7.16,2.2,0.16,8.23,9.22,2.9,0.23,8.46,6.93,1.8,0.12,8.51,6.24,3.0,0.21,7.95,6.47,3.0,0.16
8.1,6.66,2.3,0.15,8.46,6.93,1.8,0.12,8.51,6.24,3.0,0.21,7.95,6.47,3.0,0.16,8.11,7.16,2.2,0.16
8.04,7.33,1.8,0.18,8.51,6.24,3.0,0.21,7.95,6.47,3.0,0.16,8.11,7.16,2.2,0.16,8.1,6.66,2.3,0.15
8.19,7.82,2.1,0.2,7.95,6.47,3.0,0.16,8.11,7.16,2.2,0.16,8.1,6.66,2.3,0.15,8.04,7.33,1.8,0.18
8.31,8.22,1.9,0.19,8.11,7.16,2.2,0.16,8.1,6.66,2.3,0.15,8.04,7.33,1.8,0.18,8.19,7.82,2.1,0.2
8.36,8.92,2.1,0.18,8.1,6.66,2.3,0.15,8.04,7.33,1.8,0.18,8.19,7.82,2.1,0.2,8.31,8.22,1.9,0.19
8.51,9.27,2.0,0.19,8.04,7.33,1.8,0.18,8.19,7.82,2.1,0.2,8.31,8.22,1.9,0.19,8.36,8.92,2.1,0.18
8.57,7.74,2.3,0.16,8.19,7.82,2.1,0.2,8.31,8.22,1.9,0.19,8.36,8.92,2.1,0.18,8.51,9.27,2.0,0.19
8.28,6.28,2.4,0.16,8.31,8.22,1.9,0.19,8.36,8.92,2.1,0.18,8.51,9.27,2.0,0.19,8.57,7.74,2.3,0.16
8.12,5.84,2.7,0.15,8.36,8.92,2.1,0.18,8.51,9.27,2.0,0.19,8.57,7.74,2.3,0.16,8.28,6.28,2.4,0.16
8.27,6.16,2.7,0.15,8.51,9.27,2.0,0.19,8.57,7.74,2.3,0.16,8.28,6.28,2.4,0.16,8.12,5.84,2.7,0.15
8.45,6.9,2.8,0.18,8.57,7.74,2.3,0.16,8.28,6.28,2.4,0.16,8.12,5.84,2.7,0.15,8.27,6.16,2.7,0.15
8.53,6.73,2.9,0.2,8.28,6.28,2.4,0.16,8.12,5.84,2.7,0.15,8.27,6.16,2.7,0.15,8.45,6.9,2.8,0.18
8.61,6.95,3.1,0.24,8.12,5.84,2.7,0.15,8.27,6.16,2.7,0.15,8.45,6.9,2.8,0.18,8.53,6.73,2.9,0.2
8.7,7.55,3.0,0.23,8.27,6.16,2.7,0.15,8.45,6.9,2.8,0.18,8.53,6.73,2.9,0.2,8.61,6.95,3.1,0.24
8.71,7.47,3.2,0.25,8.45,6.9,2.8,0.18,8.53,6.73,2.9,0.2,8.61,6.95,3.1,0.24,8.7,7.55,3.0,0.23
8.44,9.22,3.3,0.35,8.53,6.73,2.9,0.2,8.61,6.95,3.1,0.24,8.7,7.55,3.0,0.23,8.71,7.47,3.2,0.25
8.22,10.4,3.4,0.26,8.61,6.95,3.1,0.24,8.7,7.55,3.0,0.23,8.71,7.47,3.2,0.25,8.44,9.22,3.3,0.35
8.24,11.1,3.0,0.25,8.7,7.55,3.0,0.23,8.71,7.47,3.2,0.25,8.44,9.22,3.3,0.35,8.22,10.4,3.4,0.26
8.28,12.2,2.8,0.29,8.71,7.47,3.2,0.25,8.44,9.22,3.3,0.35,8.22,10.4,3.4,0.26,8.24,11.1,3.0,0.25
8.23,12.5,2.8,0.3,8.44,9.22,3.3,0.35,8.22,10.4,3.4,0.26,8.24,11.1,3.0,0.25,8.28,12.2,2.8,0.29
8.02,11.5,2.5,0.38,8.22,10.4,3.4,0.26,8.24,11.1,3.0,0.25,8.28,12.2,2.8,0.29,8.23,12.5,2.8,0.3
8.17,12.5,2.6,0.41,8.24,11.1,3.0,0.25,8.28,12.2,2.8,0.29,8.23,12.5,2.8,0.3,8.02,11.5,2.5,0.38
8.19,12.6,3.6,0.44,8.28,12.2,2.8,0.29,8.23,12.5,2.8,0.3,8.02,11.5,2.5,0.38,8.17,12.5,2.6,0.41
8.05,13.0,2.8,0.49,8.23,12.5,2.8,0.3,8.02,11.5,2.5,0.38,8.17,12.5,2.6,0.41,8.19,12.6,3.6,0.44
8.1,13.0,2.3,0.45,8.02,11.5,2.5,0.38,8.17,12.5,2.6,0.41,8.19,12.6,3.6,0.44,8.05,13.0,2.8,0.49
8.11,12.8,2.6,0.28,8.17,12.5,2.6,0.41,8.19,12.6,3.6,0.44,8.05,13.0,2.8,0.49,8.1,13.0,2.3,0.45
7.99,13.8,2.5,0.34,8.19,12.6,3.6,0.44,8.05,13.0,2.8,0.49,8.1,13.0,2.3,0.45,8.11,12.8,2.6,0.28
8.0,13.8,2.8,0.4,8.05,13.0,2.8,0.49,8.1,13.0,2.3,0.45,8.11,12.8,2.6,0.28,7.99,13.8,2.5,0.34
8.0,14.0,2.7,0.42,8.1,13.0,2.3,0.45,8.11,12.8,2.6,0.28,7.99,13.8,2.5,0.34,8.0,13.8,2.8,0.4
8.06,12.8,2.8,0.36,8.11,12.8,2.6,0.28,7.99,13.8,2.5,0.34,8.0,13.8,2.8,0.4,8.0,14.0,2.7,0.42
8.18,13.0,3.5,0.33,7.99,13.8,2.5,0.34,8.0,13.8,2.8,0.4,8.0,14.0,2.7,0.42,8.06,12.8,2.8,0.36
8.2,12.6,3.7,0.33,8.0,13.8,2.8,0.4,8.0,14.0,2.7,0.42,8.06,12.8,2.8,0.36,8.18,13.0,3.5,0.33
8.16,12.0,2.4,0.34,8.0,14.0,2.7,0.42,8.06,12.8,2.8,0.36,8.18,13.0,3.5,0.33,8.2,12.6,3.7,0.33
8.23,11.7,2.4,0.35,8.06,12.8,2.8,0.36,8.18,13.0,3.5,0.33,8.2,12.6,3.7,0.33,8.16,12.0,2.4,0.34
8.15,8.69,2.2,0.42,8.18,13.0,3.5,0.33,8.2,12.6,3.7,0.33,8.16,12.0,2.4,0.34,8.23,11.7,2.4,0.35
8.27,7.38,2.6,0.34,8.2,12.6,3.7,0.33,8.16,12.0,2.4,0.34,8.23,11.7,2.4,0.35,8.15,8.69,2.2,0.42
8.39,7.57,2.4,0.25,8.16,12.0,2.4,0.34,8.23,11.7,2.4,0.35,8.15,8.69,2.2,0.42,8.27,7.38,2.6,0.34
8.232779329608938,9.535586592178769,3.021708683473391,0.2766759776536308,8.23,11.7,2.4,0.35,8.15,8.69,2.2,0.42,8.27,7.38,2.6,0.34,8.39,7.57,2.4,0.25
8.53,6.92,2.6,0.22,8.15,8.69,2.2,0.42,8.27,7.38,2.6,0.34,8.39,7.57,2.4,0.25,8.232779329608938,9.535586592178769,3.021708683473391,0.2766759776536308
8.52,6.64,2.6,0.25,8.27,7.38,2.6,0.34,8.39,7.57,2.4,0.25,8.232779329608938,9.535586592178769,3.021708683473391,0.2766759776536308,8.53,6.92,2.6,0.22
8.56,6.51,2.7,0.2,8.39,7.57,2.4,0.25,8.232779329608938,9.535586592178769,3.021708683473391,0.2766759776536308,8.53,6.92,2.6,0.22,8.52,6.64,2.6,0.25
8.62,6.36,2.5,0.17,8.232779329608938,9.535586592178769,3.021708683473391,0.2766759776536308,8.53,6.92,2.6,0.22,8.52,6.64,2.6,0.25,8.56,6.51,2.7,0.2
8.64,6.56,2.1,0.2,8.53,6.92,2.6,0.22,8.52,6.64,2.6,0.25,8.56,6.51,2.7,0.2,8.62,6.36,2.5,0.17
8.59,6.52,2.4,0.2,8.52,6.64,2.6,0.25,8.56,6.51,2.7,0.2,8.62,6.36,2.5,0.17,8.64,6.56,2.1,0.2
8.57,6.63,2.4,0.17,8.56,6.51,2.7,0.2,8.62,6.36,2.5,0.17,8.64,6.56,2.1,0.2,8.59,6.52,2.4,0.2
8.6,6.45,2.4,0.17,8.62,6.36,2.5,0.17,8.64,6.56,2.1,0.2,8.59,6.52,2.4,0.2,8.57,6.63,2.4,0.17
8.7,6.35,2.4,0.19,8.64,6.56,2.1,0.2,8.59,6.52,2.4,0.2,8.57,6.63,2.4,0.17,8.6,6.45,2.4,0.17
8.79,6.01,2.4,0.18,8.59,6.52,2.4,0.2,8.57,6.63,2.4,0.17,8.6,6.45,2.4,0.17,8.7,6.35,2.4,0.19
8.64,5.47,2.2,0.2,8.57,6.63,2.4,0.17,8.6,6.45,2.4,0.17,8.7,6.35,2.4,0.19,8.79,6.01,2.4,0.18
8.58,6.48,2.5,0.21,8.6,6.45,2.4,0.17,8.7,6.35,2.4,0.19,8.79,6.01,2.4,0.18,8.64,5.47,2.2,0.2
8.45,6.83,2.1,0.28,8.7,6.35,2.4,0.19,8.79,6.01,2.4,0.18,8.64,5.47,2.2,0.2,8.58,6.48,2.5,0.21
8.7,5.58,3.3,0.19,8.79,6.01,2.4,0.18,8.64,5.47,2.2,0.2,8.58,6.48,2.5,0.21,8.45,6.83,2.1,0.28
8.84,5.72,3.4,0.15,8.64,5.47,2.2,0.2,8.58,6.48,2.5,0.21,8.45,6.83,2.1,0.28,8.7,5.58,3.3,0.19
8.14,5.69,3.2,0.13,8.58,6.48,2.5,0.21,8.45,6.83,2.1,0.28,8.7,5.58,3.3,0.19,8.84,5.72,3.4,0.15
8.15,5.61,2.8,0.18,8.45,6.83,2.1,0.28,8.7,5.58,3.3,0.19,8.84,5.72,3.4,0.15,8.14,5.69,3.2,0.13
8.14,7.36,2.9,0.29,8.7,5.58,3.3,0.19,8.84,5.72,3.4,0.15,8.14,5.69,3.2,0.13,8.15,5.61,2.8,0.18
8.01,7.39,2.7,0.18,8.84,5.72,3.4,0.15,8.14,5.69,3.2,0.13,8.15,5.61,2.8,0.18,8.14,7.36,2.9,0.29
7.91,6.97,2.7,0.17,8.14,5.69,3.2,0.13,8.15,5.61,2.8,0.18,8.14,7.36,2.9,0.29,8.01,7.39,2.7,0.18
8.07,7.96,2.6,0.16,8.15,5.61,2.8,0.18,8.14,7.36,2.9,0.29,8.01,7.39,2.7,0.18,7.91,6.97,2.7,0.17
8.09,8.24,2.6,0.16,8.14,7.36,2.9,0.29,8.01,7.39,2.7,0.18,7.91,6.97,2.7,0.17,8.07,7.96,2.6,0.16
8.03,8.19,2.0,0.17,8.01,7.39,2.7,0.18,7.91,6.97,2.7,0.17,8.07,7.96,2.6,0.16,8.09,8.24,2.6,0.16
8.0,8.42,2.2,0.17,7.91,6.97,2.7,0.17,8.07,7.96,2.6,0.16,8.09,8.24,2.6,0.16,8.03,8.19,2.0,0.17
7.99,8.72,2.8,0.17,8.07,7.96,2.6,0.16,8.09,8.24,2.6,0.16,8.03,8.19,2.0,0.17,8.0,8.42,2.2,0.17
8.09,9.33,2.8,0.21,8.09,8.24,2.6,0.16,8.03,8.19,2.0,0.17,8.0,8.42,2.2,0.17,7.99,8.72,2.8,0.17
8.14,9.8,2.9,0.28,8.03,8.19,2.0,0.17,8.0,8.42,2.2,0.17,7.99,8.72,2.8,0.17,8.09,9.33,2.8,0.21
8.13,10.1,3.1,0.27,8.0,8.42,2.2,0.17,7.99,8.72,2.8,0.17,8.09,9.33,2.8,0.21,8.14,9.8,2.9,0.28
8.2,10.7,3.2,0.26,7.99,8.72,2.8,0.17,8.09,9.33,2.8,0.21,8.14,9.8,2.9,0.28,8.13,10.1,3.1,0.27
8.2,11.7,2.3,0.27,8.09,9.33,2.8,0.21,8.14,9.8,2.9,0.28,8.13,10.1,3.1,0.27,8.2,10.7,3.2,0.26
8.22,12.1,2.3,0.36,8.14,9.8,2.9,0.28,8.13,10.1,3.1,0.27,8.2,10.7,3.2,0.26,8.2,11.7,2.3,0.27
8.23,12.0,2.9,0.18,8.13,10.1,3.1,0.27,8.2,10.7,3.2,0.26,8.2,11.7,2.3,0.27,8.22,12.1,2.3,0.36
8.2,12.3,3.5,0.17,8.2,10.7,3.2,0.26,8.2,11.7,2.3,0.27,8.22,12.1,2.3,0.36,8.23,12.0,2.9,0.18
8.19,13.2,2.6,0.24,8.2,11.7,2.3,0.27,8.22,12.1,2.3,0.36,8.23,12.0,2.9,0.18,8.2,12.3,3.5,0.17
8.2,13.8,2.7,0.28,8.22,12.1,2.3,0.36,8.23,12.0,2.9,0.18,8.2,12.3,3.5,0.17,8.19,13.2,2.6,0.24
8.2,13.5,2.6,0.22,8.23,12.0,2.9,0.18,8.2,12.3,3.5,0.17,8.19,13.2,2.6,0.24,8.2,13.8,2.7,0.28
7.67,13.4,2.3,0.17,8.2,12.3,3.5,0.17,8.19,13.2,2.6,0.24,8.2,13.8,2.7,0.28,8.2,13.5,2.6,0.22
7.23,13.1,2.5,0.14,8.19,13.2,2.6,0.24,8.2,13.8,2.7,0.28,8.2,13.5,2.6,0.22,7.67,13.4,2.3,0.17
7.82,13.2,2.4,0.26,8.2,13.8,2.7,0.28,8.2,13.5,2.6,0.22,7.67,13.4,2.3,0.17,7.23,13.1,2.5,0.14
7.12,13.1,2.4,0.29,8.2,13.5,2.6,0.22,7.67,13.4,2.3,0.17,7.23,13.1,2.5,0.14,7.82,13.2,2.4,0.26
7.13,13.4,2.4,0.31,7.67,13.4,2.3,0.17,7.23,13.1,2.5,0.14,7.82,13.2,2.4,0.26,7.12,13.1,2.4,0.29
7.18,13.6,1.9,0.3,7.23,13.1,2.5,0.14,7.82,13.2,2.4,0.26,7.12,13.1,2.4,0.29,7.13,13.4,2.4,0.31
7.22,13.8,1.9,0.33,7.82,13.2,2.4,0.26,7.12,13.1,2.4,0.29,7.13,13.4,2.4,0.31,7.18,13.6,1.9,0.3
7.31,13.2,2.1,0.33,7.12,13.1,2.4,0.29,7.13,13.4,2.4,0.31,7.18,13.6,1.9,0.3,7.22,13.8,1.9,0.33
7.32,8.08,2.8,0.36,7.13,13.4,2.4,0.31,7.18,13.6,1.9,0.3,7.22,13.8,1.9,0.33,7.31,13.2,2.1,0.33
7.31,11.8,2.8,0.53,7.18,13.6,1.9,0.3,7.22,13.8,1.9,0.33,7.31,13.2,2.1,0.33,7.32,8.08,2.8,0.36
7.73,11.0,3.1,0.52,7.22,13.8,1.9,0.33,7.31,13.2,2.1,0.33,7.32,8.08,2.8,0.36,7.31,11.8,2.8,0.53
8.16,10.7,3.4,0.47,7.31,13.2,2.1,0.33,7.32,8.08,2.8,0.36,7.31,11.8,2.8,0.53,7.73,11.0,3.1,0.52
8.17,10.9,3.3,0.38,7.32,8.08,2.8,0.36,7.31,11.8,2.8,0.53,7.73,11.0,3.1,0.52,8.16,10.7,3.4,0.47
8.13,10.7,3.1,0.25,7.31,11.8,2.8,0.53,7.73,11.0,3.1,0.52,8.16,10.7,3.4,0.47,8.17,10.9,3.3,0.38
8.16,10.4,2.5,0.19,7.73,11.0,3.1,0.52,8.16,10.7,3.4,0.47,8.17,10.9,3.3,0.38,8.13,10.7,3.1,0.25
8.25,10.4,2.8,0.19,8.16,10.7,3.4,0.47,8.17,10.9,3.3,0.38,8.13,10.7,3.1,0.25,8.16,10.4,2.5,0.19
8.27,10.0,2.9,0.19,8.17,10.9,3.3,0.38,8.13,10.7,3.1,0.25,8.16,10.4,2.5,0.19,8.25,10.4,2.8,0.19
8.26,10.3,3.1,0.19,8.13,10.7,3.1,0.25,8.16,10.4,2.5,0.19,8.25,10.4,2.8,0.19,8.27,10.0,2.9,0.19
8.29,9.14,3.3,0.18,8.16,10.4,2.5,0.19,8.25,10.4,2.8,0.19,8.27,10.0,2.9,0.19,8.26,10.3,3.1,0.19
8.39,9.13,3.2,0.17,8.25,10.4,2.8,0.19,8.27,10.0,2.9,0.19,8.26,10.3,3.1,0.19,8.29,9.14,3.3,0.18
8.47,8.77,2.8,0.15,8.27,10.0,2.9,0.19,8.26,10.3,3.1,0.19,8.29,9.14,3.3,0.18,8.39,9.13,3.2,0.17
8.5,8.5,2.5,0.14,8.26,10.3,3.1,0.19,8.29,9.14,3.3,0.18,8.39,9.13,3.2,0.17,8.47,8.77,2.8,0.15
8.38,8.73,2.6,0.13,8.29,9.14,3.3,0.18,8.39,9.13,3.2,0.17,8.47,8.77,2.8,0.15,8.5,8.5,2.5,0.14
8.28,7.95,2.9,0.14,8.39,9.13,3.2,0.17,8.47,8.77,2.8,0.15,8.5,8.5,2.5,0.14,8.38,8.73,2.6,0.13
8.24,8.14,2.6,0.17,8.47,8.77,2.8,0.15,8.5,8.5,2.5,0.14,8.38,8.73,2.6,0.13,8.28,7.95,2.9,0.14
8.28,7.62,2.3,0.14,8.5,8.5,2.5,0.14,8.38,8.73,2.6,0.13,8.28,7.95,2.9,0.14,8.24,8.14,2.6,0.17
8.08,6.85,2.2,0.12,8.38,8.73,2.6,0.13,8.28,7.95,2.9,0.14,8.24,8.14,2.6,0.17,8.28,7.62,2.3,0.14
8.1,7.16,2.0,0.13,8.28,7.95,2.9,0.14,8.24,8.14,2.6,0.17,8.28,7.62,2.3,0.14,8.08,6.85,2.2,0.12
7.86,5.03,2.0,0.15,8.24,8.14,2.6,0.17,8.28,7.62,2.3,0.14,8.08,6.85,2.2,0.12,8.1,7.16,2.0,0.13
8.07,7.66,2.0,0.15,8.28,7.62,2.3,0.14,8.08,6.85,2.2,0.12,8.1,7.16,2.0,0.13,7.86,5.03,2.0,0.15
7.88,6.36,2.0,0.19,8.08,6.85,2.2,0.12,8.1,7.16,2.0,0.13,7.86,5.03,2.0,0.15,8.07,7.66,2.0,0.15
7.97,4.98,2.2,0.17,8.1,7.16,2.0,0.13,7.86,5.03,2.0,0.15,8.07,7.66,2.0,0.15,7.88,6.36,2.0,0.19
7.97,5.94,2.3,0.22,7.86,5.03,2.0,0.15,8.07,7.66,2.0,0.15,7.88,6.36,2.0,0.19,7.97,4.98,2.2,0.17
8.68,6.82,2.4,0.2,8.07,7.66,2.0,0.15,7.88,6.36,2.0,0.19,7.97,4.98,2.2,0.17,7.97,5.94,2.3,0.22
8.86,7.5,2.2,0.22,7.88,6.36,2.0,0.19,7.97,4.98,2.2,0.17,7.97,5.94,2.3,0.22,8.68,6.82,2.4,0.2
8.99,7.73,2.3,0.23,7.97,4.98,2.2,0.17,7.97,5.94,2.3,0.22,8.68,6.82,2.4,0.2,8.86,7.5,2.2,0.22
8.56,8.62,2.4,0.21,7.97,5.94,2.3,0.22,8.68,6.82,2.4,0.2,8.86,7.5,2.2,0.22,8.99,7.73,2.3,0.23
8.55,8.76,3.0,0.24,8.68,6.82,2.4,0.2,8.86,7.5,2.2,0.22,8.99,7.73,2.3,0.23,8.56,8.62,2.4,0.21
8.51,8.47,2.8,0.27,8.86,7.5,2.2,0.22,8.99,7.73,2.3,0.23,8.56,8.62,2.4,0.21,8.55,8.76,3.0,0.24
8.52,8.95,2.8,0.28,8.99,7.73,2.3,0.23,8.56,8.62,2.4,0.21,8.55,8.76,3.0,0.24,8.51,8.47,2.8,0.27
8.5,9.03,2.8,0.13,8.56,8.62,2.4,0.21,8.55,8.76,3.0,0.24,8.51,8.47,2.8,0.27,8.52,8.95,2.8,0.28
8.2,9.25,3.0,0.15,8.55,8.76,3.0,0.24,8.51,8.47,2.8,0.27,8.52,8.95,2.8,0.28,8.5,9.03,2.8,0.13
8.38,9.22,2.3,0.17,8.51,8.47,2.8,0.27,8.52,8.95,2.8,0.28,8.5,9.03,2.8,0.13,8.2,9.25,3.0,0.15
8.4,9.51,1.9,0.17,8.52,8.95,2.8,0.28,8.5,9.03,2.8,0.13,8.2,9.25,3.0,0.15,8.38,9.22,2.3,0.17
8.5,10.4,2.1,0.18,8.5,9.03,2.8,0.13,8.2,9.25,3.0,0.15,8.38,9.22,2.3,0.17,8.4,9.51,1.9,0.17
8.53,10.3,2.2,0.18,8.2,9.25,3.0,0.15,8.38,9.22,2.3,0.17,8.4,9.51,1.9,0.17,8.5,10.4,2.1,0.18
8.57,9.97,2.4,0.23,8.38,9.22,2.3,0.17,8.4,9.51,1.9,0.17,8.5,10.4,2.1,0.18,8.53,10.3,2.2,0.18
8.6,10.6,2.4,0.28,8.4,9.51,1.9,0.17,8.5,10.4,2.1,0.18,8.53,10.3,2.2,0.18,8.57,9.97,2.4,0.23
8.34,10.6,2.2,0.3,8.5,10.4,2.1,0.18,8.53,10.3,2.2,0.18,8.57,9.97,2.4,0.23,8.6,10.6,2.4,0.28
7.93,11.0,2.4,0.29,8.53,10.3,2.2,0.18,8.57,9.97,2.4,0.23,8.6,10.6,2.4,0.28,8.34,10.6,2.2,0.3
8.54,11.9,2.6,0.29,8.57,9.97,2.4,0.23,8.6,10.6,2.4,0.28,8.34,10.6,2.2,0.3,7.93,11.0,2.4,0.29
8.48,12.8,2.7,0.29,8.6,10.6,2.4,0.28,8.34,10.6,2.2,0.3,7.93,11.0,2.4,0.29,8.54,11.9,2.6,0.29
8.55,13.2,2.7,0.34,8.34,10.6,2.2,0.3,7.93,11.0,2.4,0.29,8.54,11.9,2.6,0.29,8.48,12.8,2.7,0.29
8.52,12.9,2.8,0.37,7.93,11.0,2.4,0.29,8.54,11.9,2.6,0.29,8.48,12.8,2.7,0.29,8.55,13.2,2.7,0.34
8.47,12.7,2.8,0.39,8.54,11.9,2.6,0.29,8.48,12.8,2.7,0.29,8.55,13.2,2.7,0.34,8.52,12.9,2.8,0.37
8.44,12.9,2.4,0.4,8.48,12.8,2.7,0.29,8.55,13.2,2.7,0.34,8.52,12.9,2.8,0.37,8.47,12.7,2.8,0.39
8.14,12.8,2.4,0.39,8.55,13.2,2.7,0.34,8.52,12.9,2.8,0.37,8.47,12.7,2.8,0.39,8.44,12.9,2.4,0.4
8.3,12.5,3.0,0.38,8.52,12.9,2.8,0.37,8.47,12.7,2.8,0.39,8.44,12.9,2.4,0.4,8.14,12.8,2.4,0.39
8.31,12.7,2.9,0.41,8.47,12.7,2.8,0.39,8.44,12.9,2.4,0.4,8.14,12.8,2.4,0.39,8.3,12.5,3.0,0.38
8.44,11.8,2.0,0.29,8.44,12.9,2.4,0.4,8.14,12.8,2.4,0.39,8.3,12.5,3.0,0.38,8.31,12.7,2.9,0.41
8.41,12.0,2.1,0.44,8.14,12.8,2.4,0.39,8.3,12.5,3.0,0.38,8.31,12.7,2.9,0.41,8.44,11.8,2.0,0.29
8.09,12.6,2.6,0.46,8.3,12.5,3.0,0.38,8.31,12.7,2.9,0.41,8.44,11.8,2.0,0.29,8.41,12.0,2.1,0.44
8.2,12.2,2.5,0.41,8.31,12.7,2.9,0.41,8.44,11.8,2.0,0.29,8.41,12.0,2.1,0.44,8.09,12.6,2.6,0.46
8.11,11.1,2.9,0.26,8.44,11.8,2.0,0.29,8.41,12.0,2.1,0.44,8.09,12.6,2.6,0.46,8.2,12.2,2.5,0.41
8.11,10.2,3.0,0.23,8.41,12.0,2.1,0.44,8.09,12.6,2.6,0.46,8.2,12.2,2.5,0.41,8.11,11.1,2.9,0.26
8.08,9.12,2.9,0.17,8.09,12.6,2.6,0.46,8.2,12.2,2.5,0.41,8.11,11.1,2.9,0.26,8.11,10.2,3.0,0.23
8.13,8.8,2.7,0.13,8.2,12.2,2.5,0.41,8.11,11.1,2.9,0.26,8.11,10.2,3.0,0.23,8.08,9.12,2.9,0.17
8.2,8.75,2.6,0.11,8.11,11.1,2.9,0.26,8.11,10.2,3.0,0.23,8.08,9.12,2.9,0.17,8.13,8.8,2.7,0.13
8.27,8.61,2.5,0.14,8.11,10.2,3.0,0.23,8.08,9.12,2.9,0.17,8.13,8.8,2.7,0.13,8.2,8.75,2.6,0.11
8.36,8.38,2.2,0.18,8.08,9.12,2.9,0.17,8.13,8.8,2.7,0.13,8.2,8.75,2.6,0.11,8.27,8.61,2.5,0.14
8.46,8.88,2.2,0.15,8.13,8.8,2.7,0.13,8.2,8.75,2.6,0.11,8.27,8.61,2.5,0.14,8.36,8.38,2.2,0.18
8.57,9.0,1.7,0.14,8.2,8.75,2.6,0.11,8.27,8.61,2.5,0.14,8.36,8.38,2.2,0.18,8.46,8.88,2.2,0.15
8.63,8.26,2.2,0.15,8.27,8.61,2.5,0.14,8.36,8.38,2.2,0.18,8.46,8.88,2.2,0.15,8.57,9.0,1.7,0.14
8.7,7.71,2.5,0.15,8.36,8.38,2.2,0.18,8.46,8.88,2.2,0.15,8.57,9.0,1.7,0.14,8.63,8.26,2.2,0.15
8.62,7.59,2.3,0.15,8.46,8.88,2.2,0.15,8.57,9.0,1.7,0.14,8.63,8.26,2.2,0.15,8.7,7.71,2.5,0.15
8.51,7.86,2.3,0.15,8.57,9.0,1.7,0.14,8.63,8.26,2.2,0.15,8.7,7.71,2.5,0.15,8.62,7.59,2.3,0.15
8.56,7.7,2.2,0.15,8.63,8.26,2.2,0.15,8.7,7.71,2.5,0.15,8.62,7.59,2.3,0.15,8.51,7.86,2.3,0.15
8.55,7.92,2.2,0.19,8.7,7.71,2.5,0.15,8.62,7.59,2.3,0.15,8.51,7.86,2.3,0.15,8.56,7.7,2.2,0.15
8.54,8.05,2.1,0.18,8.62,7.59,2.3,0.15,8.51,7.86,2.3,0.15,8.56,7.7,2.2,0.15,8.55,7.92,2.2,0.19
8.4,6.75,2.0,0.17,8.51,7.86,2.3,0.15,8.56,7.7,2.2,0.15,8.55,7.92,2.2,0.19,8.54,8.05,2.1,0.18
8.29,5.75,3.021708683473391,0.16,8.56,7.7,2.2,0.15,8.55,7.92,2.2,0.19,8.54,8.05,2.1,0.18,8.4,6.75,2.0,0.17
8.54,6.65,2.3,0.16,8.55,7.92,2.2,0.19,8.54,8.05,2.1,0.18,8.4,6.75,2.0,0.17,8.29,5.75,3.021708683473391,0.16
8.82,7.9,2.5,0.17,8.54,8.05,2.1,0.18,8.4,6.75,2.0,0.17,8.29,5.75,3.021708683473391,0.16,8.54,6.65,2.3,0.16
8.48,7.46,2.4,0.14,8.4,6.75,2.0,0.17,8.29,5.75,3.021708683473391,0.16,8.54,6.65,2.3,0.16,8.82,7.9,2.5,0.17
8.45,6.79,3.021708683473391,0.12,8.29,5.75,3.021708683473391,0.16,8.54,6.65,2.3,0.16,8.82,7.9,2.5,0.17,8.48,7.46,2.4,0.14
8.39,7.04,2.4,0.12,8.54,6.65,2.3,0.16,8.82,7.9,2.5,0.17,8.48,7.46,2.4,0.14,8.45,6.79,3.021708683473391,0.12
8.39,7.23,2.4,0.07,8.82,7.9,2.5,0.17,8.48,7.46,2.4,0.14,8.45,6.79,3.021708683473391,0.12,8.39,7.04,2.4,0.12
8.39,7.15,2.5,0.11,8.48,7.46,2.4,0.14,8.45,6.79,3.021708683473391,0.12,8.39,7.04,2.4,0.12,8.39,7.23,2.4,0.07
8.41,7.7,3.0,0.1,8.45,6.79,3.021708683473391,0.12,8.39,7.04,2.4,0.12,8.39,7.23,2.4,0.07,8.39,7.15,2.5,0.11
8.47,7.94,2.5,0.08,8.39,7.04,2.4,0.12,8.39,7.23,2.4,0.07,8.39,7.15,2.5,0.11,8.41,7.7,3.0,0.1
8.18,7.64,1.9,0.11,8.39,7.23,2.4,0.07,8.39,7.15,2.5,0.11,8.41,7.7,3.0,0.1,8.47,7.94,2.5,0.08
8.1,6.93,2.5,0.15,8.39,7.15,2.5,0.11,8.41,7.7,3.0,0.1,8.47,7.94,2.5,0.08,8.18,7.64,1.9,0.11
8.28,7.93,2.2,0.15,8.41,7.7,3.0,0.1,8.47,7.94,2.5,0.08,8.18,7.64,1.9,0.11,8.1,6.93,2.5,0.15
8.23,8.26,1.9,0.16,8.47,7.94,2.5,0.08,8.18,7.64,1.9,0.11,8.1,6.93,2.5,0.15,8.28,7.93,2.2,0.15
8.19,8.95,2.0,0.16,8.18,7.64,1.9,0.11,8.1,6.93,2.5,0.15,8.28,7.93,2.2,0.15,8.23,8.26,1.9,0.16
8.22,8.88,2.0,0.16,8.1,6.93,2.5,0.15,8.28,7.93,2.2,0.15,8.23,8.26,1.9,0.16,8.19,8.95,2.0,0.16
8.27,9.36,1.9,0.2,8.28,7.93,2.2,0.15,8.23,8.26,1.9,0.16,8.19,8.95,2.0,0.16,8.22,8.88,2.0,0.16
8.19,10.1,1.9,0.22,8.23,8.26,1.9,0.16,8.19,8.95,2.0,0.16,8.22,8.88,2.0,0.16,8.27,9.36,1.9,0.2
8.24,10.5,1.8,0.23,8.19,8.95,2.0,0.16,8.22,8.88,2.0,0.16,8.27,9.36,1.9,0.2,8.19,10.1,1.9,0.22
8.28,10.8,1.9,0.26,8.22,8.88,2.0,0.16,8.27,9.36,1.9,0.2,8.19,10.1,1.9,0.22,8.24,10.5,1.8,0.23
8.25,10.8,2.0,0.29,8.27,9.36,1.9,0.2,8.19,10.1,1.9,0.22,8.24,10.5,1.8,0.23,8.28,10.8,1.9,0.26
8.2,12.1,2.4,0.24,8.19,10.1,1.9,0.22,8.24,10.5,1.8,0.23,8.28,10.8,1.9,0.26,8.25,10.8,2.0,0.29
8.14,12.5,2.4,0.21,8.24,10.5,1.8,0.23,8.28,10.8,1.9,0.26,8.25,10.8,2.0,0.29,8.2,12.1,2.4,0.24
8.18,13.2,2.3,0.21,8.28,10.8,1.9,0.26,8.25,10.8,2.0,0.29,8.2,12.1,2.4,0.24,8.14,12.5,2.4,0.21
8.17,13.0,2.2,0.22,8.25,10.8,2.0,0.29,8.2,12.1,2.4,0.24,8.14,12.5,2.4,0.21,8.18,13.2,2.3,0.21
8.22,12.8,2.2,0.2,8.2,12.1,2.4,0.24,8.14,12.5,2.4,0.21,8.18,13.2,2.3,0.21,8.17,13.0,2.2,0.22
8.27,13.0,2.2,0.21,8.14,12.5,2.4,0.21,8.18,13.2,2.3,0.21,8.17,13.0,2.2,0.22,8.22,12.8,2.2,0.2
8.3,13.0,2.0,0.23,8.18,13.2,2.3,0.21,8.17,13.0,2.2,0.22,8.22,12.8,2.2,0.2,8.27,13.0,2.2,0.21
8.29,12.8,1.7,0.22,8.17,13.0,2.2,0.22,8.22,12.8,2.2,0.2,8.27,13.0,2.2,0.21,8.3,13.0,2.0,0.23
8.26,13.4,3.2,0.23,8.22,12.8,2.2,0.2,8.27,13.0,2.2,0.21,8.3,13.0,2.0,0.23,8.29,12.8,1.7,0.22
8.32,13.6,2.8,0.23,8.27,13.0,2.2,0.21,8.3,13.0,2.0,0.23,8.29,12.8,1.7,0.22,8.26,13.4,3.2,0.23
8.33,12.2,3.2,0.21,8.3,13.0,2.0,0.23,8.29,12.8,1.7,0.22,8.26,13.4,3.2,0.23,8.32,13.6,2.8,0.23
8.39,11.2,2.9,0.22,8.29,12.8,1.7,0.22,8.26,13.4,3.2,0.23,8.32,13.6,2.8,0.23,8.33,12.2,3.2,0.21
8.43,11.6,2.8,0.21,8.26,13.4,3.2,0.23,8.32,13.6,2.8,0.23,8.33,12.2,3.2,0.21,8.39,11.2,2.9,0.22
8.56,11.6,2.9,0.2,8.32,13.6,2.8,0.23,8.33,12.2,3.2,0.21,8.39,11.2,2.9,0.22,8.43,11.6,2.8,0.21
8.62,11.5,2.8,0.21,8.33,12.2,3.2,0.21,8.39,11.2,2.9,0.22,8.43,11.6,2.8,0.21,8.56,11.6,2.9,0.2
8.67,10.6,2.1,0.24,8.39,11.2,2.9,0.22,8.43,11.6,2.8,0.21,8.56,11.6,2.9,0.2,8.62,11.5,2.8,0.21
8.68,10.2,1.9,0.24,8.43,11.6,2.8,0.21,8.56,11.6,2.9,0.2,8.62,11.5,2.8,0.21,8.67,10.6,2.1,0.24
8.69,10.1,2.3,0.23,8.56,11.6,2.9,0.2,8.62,11.5,2.8,0.21,8.67,10.6,2.1,0.24,8.68,10.2,1.9,0.24
8.73,10.6,1.9,0.25,8.62,11.5,2.8,0.21,8.67,10.6,2.1,0.24,8.68,10.2,1.9,0.24,8.69,10.1,2.3,0.23
8.85,10.3,2.1,0.19,8.67,10.6,2.1,0.24,8.68,10.2,1.9,0.24,8.69,10.1,2.3,0.23,8.73,10.6,1.9,0.25
8.72,10.0,1.9,0.21,8.68,10.2,1.9,0.24,8.69,10.1,2.3,0.23,8.73,10.6,1.9,0.25,8.85,10.3,2.1,0.19
8.26,9.01,1.8,0.2,8.69,10.1,2.3,0.23,8.73,10.6,1.9,0.25,8.85,10.3,2.1,0.19,8.72,10.0,1.9,0.21
8.16,9.18,1.7,0.2,8.73,10.6,1.9,0.25,8.85,10.3,2.1,0.19,8.72,10.0,1.9,0.21,8.26,9.01,1.8,0.2
8.18,10.3,1.7,0.19,8.85,10.3,2.1,0.19,8.72,10.0,1.9,0.21,8.26,9.01,1.8,0.2,8.16,9.18,1.7,0.2
8.19,9.47,1.8,0.19,8.72,10.0,1.9,0.21,8.26,9.01,1.8,0.2,8.16,9.18,1.7,0.2,8.18,10.3,1.7,0.19
8.07,8.96,1.7,0.19,8.26,9.01,1.8,0.2,8.16,9.18,1.7,0.2,8.18,10.3,1.7,0.19,8.19,9.47,1.8,0.19
8.03,8.84,1.7,0.18,8.16,9.18,1.7,0.2,8.18,10.3,1.7,0.19,8.19,9.47,1.8,0.19,8.07,8.96,1.7,0.19
8.16,8.7,2.1,0.17,8.18,10.3,1.7,0.19,8.19,9.47,1.8,0.19,8.07,8.96,1.7,0.19,8.03,8.84,1.7,0.18
8.31,8.76,1.9,0.17,8.19,9.47,1.8,0.19,8.07,8.96,1.7,0.19,8.03,8.84,1.7,0.18,8.16,8.7,2.1,0.17
8.18,8.57,1.6,0.16,8.07,8.96,1.7,0.19,8.03,8.84,1.7,0.18,8.16,8.7,2.1,0.17,8.31,8.76,1.9,0.17
8.08,7.93,1.7,0.21,8.03,8.84,1.7,0.18,8.16,8.7,2.1,0.17,8.31,8.76,1.9,0.17,8.18,8.57,1.6,0.16
7.99,7.46,1.8,0.21,8.16,8.7,2.1,0.17,8.31,8.76,1.9,0.17,8.18,8.57,1.6,0.16,8.08,7.93,1.7,0.21
8.07,7.81,1.7,0.18,8.31,8.76,1.9,0.17,8.18,8.57,1.6,0.16,8.08,7.93,1.7,0.21,7.99,7.46,1.8,0.21
8.14,8.31,1.6,0.18,8.18,8.57,1.6,0.16,8.08,7.93,1.7,0.21,7.99,7.46,1.8,0.21,8.07,7.81,1.7,0.18
8.27,8.43,1.4,0.18,8.08,7.93,1.7,0.21,7.99,7.46,1.8,0.21,8.07,7.81,1.7,0.18,8.14,8.31,1.6,0.18
8.28,8.62,1.5,0.17,7.99,7.46,1.8,0.21,8.07,7.81,1.7,0.18,8.14,8.31,1.6,0.18,8.27,8.43,1.4,0.18
8.35,9.06,1.6,0.16,8.07,7.81,1.7,0.18,8.14,8.31,1.6,0.18,8.27,8.43,1.4,0.18,8.28,8.62,1.5,0.17
8.45,9.41,1.7,0.19,8.14,8.31,1.6,0.18,8.27,8.43,1.4,0.18,8.28,8.62,1.5,0.17,8.35,9.06,1.6,0.16
8.57,10.9,2.0,0.17,8.27,8.43,1.4,0.18,8.28,8.62,1.5,0.17,8.35,9.06,1.6,0.16,8.45,9.41,1.7,0.19
8.57,10.0,2.0,0.17,8.28,8.62,1.5,0.17,8.35,9.06,1.6,0.16,8.45,9.41,1.7,0.19,8.57,10.9,2.0,0.17
8.63,9.38,1.8,0.16,8.35,9.06,1.6,0.16,8.45,9.41,1.7,0.19,8.57,10.9,2.0,0.17,8.57,10.0,2.0,0.17
8.55,9.3,1.6,0.14,8.45,9.41,1.7,0.19,8.57,10.9,2.0,0.17,8.57,10.0,2.0,0.17,8.63,9.38,1.8,0.16
8.55,9.0,1.8,0.13,8.57,10.9,2.0,0.17,8.57,10.0,2.0,0.17,8.63,9.38,1.8,0.16,8.55,9.3,1.6,0.14
8.76,8.78,2.7,0.13,8.57,10.0,2.0,0.17,8.63,9.38,1.8,0.16,8.55,9.3,1.6,0.14,8.55,9.0,1.8,0.13
8.67,9.48,1.7,0.11,8.63,9.38,1.8,0.16,8.55,9.3,1.6,0.14,8.55,9.0,1.8,0.13,8.76,8.78,2.7,0.13
8.67,9.67,1.7,0.13,8.55,9.3,1.6,0.14,8.55,9.0,1.8,0.13,8.76,8.78,2.7,0.13,8.67,9.48,1.7,0.11
8.6,8.84,1.8,0.14,8.55,9.0,1.8,0.13,8.76,8.78,2.7,0.13,8.67,9.48,1.7,0.11,8.67,9.67,1.7,0.13
8.67,9.64,1.8,0.18,8.76,8.78,2.7,0.13,8.67,9.48,1.7,0.11,8.67,9.67,1.7,0.13,8.6,8.84,1.8,0.14
8.72,10.2,1.7,0.21,8.67,9.48,1.7,0.11,8.67,9.67,1.7,0.13,8.6,8.84,1.8,0.14,8.67,9.64,1.8,0.18
8.7,11.1,1.9,0.26,8.67,9.67,1.7,0.13,8.6,8.84,1.8,0.14,8.67,9.64,1.8,0.18,8.72,10.2,1.7,0.21
8.7,10.6,2.1,0.29,8.6,8.84,1.8,0.14,8.67,9.64,1.8,0.18,8.72,10.2,1.7,0.21,8.7,11.1,1.9,0.26
8.75,12.9,2.9,0.31,8.67,9.64,1.8,0.18,8.72,10.2,1.7,0.21,8.7,11.1,1.9,0.26,8.7,10.6,2.1,0.29
8.72,13.6,2.8,0.35,8.72,10.2,1.7,0.21,8.7,11.1,1.9,0.26,8.7,10.6,2.1,0.29,8.75,12.9,2.9,0.31
8.65,12.4,2.5,0.22,8.7,11.1,1.9,0.26,8.7,10.6,2.1,0.29,8.75,12.9,2.9,0.31,8.72,13.6,2.8,0.35
8.53,13.0,2.6,0.19,8.7,10.6,2.1,0.29,8.75,12.9,2.9,0.31,8.72,13.6,2.8,0.35,8.65,12.4,2.5,0.22
8.3,13.6,2.7,0.14,8.75,12.9,2.9,0.31,8.72,13.6,2.8,0.35,8.65,12.4,2.5,0.22,8.53,13.0,2.6,0.19
8.33,13.9,3.1,0.12,8.72,13.6,2.8,0.35,8.65,12.4,2.5,0.22,8.53,13.0,2.6,0.19,8.3,13.6,2.7,0.14
8.34,13.7,3.3,0.13,8.65,12.4,2.5,0.22,8.53,13.0,2.6,0.19,8.3,13.6,2.7,0.14,8.33,13.9,3.1,0.12
8.37,14.5,3.3,0.15,8.53,13.0,2.6,0.19,8.3,13.6,2.7,0.14,8.33,13.9,3.1,0.12,8.34,13.7,3.3,0.13
8.32,13.6,3.1,0.15,8.3,13.6,2.7,0.14,8.33,13.9,3.1,0.12,8.34,13.7,3.3,0.13,8.37,14.5,3.3,0.15
8.38,13.6,2.6,0.09,8.33,13.9,3.1,0.12,8.34,13.7,3.3,0.13,8.37,14.5,3.3,0.15,8.32,13.6,3.1,0.15
8.43,13.2,2.5,0.09,8.34,13.7,3.3,0.13,8.37,14.5,3.3,0.15,8.32,13.6,3.1,0.15,8.38,13.6,2.6,0.09
8.37,13.4,2.8,0.13,8.37,14.5,3.3,0.15,8.32,13.6,3.1,0.15,8.38,13.6,2.6,0.09,8.43,13.2,2.5,0.09
8.61,12.8,4.1,0.14,8.32,13.6,3.1,0.15,8.38,13.6,2.6,0.09,8.43,13.2,2.5,0.09,8.37,13.4,2.8,0.13
8.77,12.1,4.2,0.16,8.38,13.6,2.6,0.09,8.43,13.2,2.5,0.09,8.37,13.4,2.8,0.13,8.61,12.8,4.1,0.14
8.66,10.6,4.2,0.18,8.43,13.2,2.5,0.09,8.37,13.4,2.8,0.13,8.61,12.8,4.1,0.14,8.77,12.1,4.2,0.16
8.51,9.98,2.9,0.21,8.37,13.4,2.8,0.13,8.61,12.8,4.1,0.14,8.77,12.1,4.2,0.16,8.66,10.6,4.2,0.18
8.52,9.22,2.0,0.2,8.61,12.8,4.1,0.14,8.77,12.1,4.2,0.16,8.66,10.6,4.2,0.18,8.51,9.98,2.9,0.21
8.55,8.79,1.9,0.19,8.77,12.1,4.2,0.16,8.66,10.6,4.2,0.18,8.51,9.98,2.9,0.21,8.52,9.22,2.0,0.2
8.63,8.34,2.1,0.17,8.66,10.6,4.2,0.18,8.51,9.98,2.9,0.21,8.52,9.22,2.0,0.2,8.55,8.79,1.9,0.19
8.66,8.01,2.1,0.12,8.51,9.98,2.9,0.21,8.52,9.22,2.0,0.2,8.55,8.79,1.9,0.19,8.63,8.34,2.1,0.17
8.7,7.7,1.9,0.13,8.52,9.22,2.0,0.2,8.55,8.79,1.9,0.19,8.63,8.34,2.1,0.17,8.66,8.01,2.1,0.12
8.65,7.7,2.0,0.1,8.55,8.79,1.9,0.19,8.63,8.34,2.1,0.17,8.66,8.01,2.1,0.12,8.7,7.7,1.9,0.13
8.59,7.73,1.9,0.06,8.63,8.34,2.1,0.17,8.66,8.01,2.1,0.12,8.7,7.7,1.9,0.13,8.65,7.7,2.0,0.1
8.64,7.65,2.0,0.04,8.66,8.01,2.1,0.12,8.7,7.7,1.9,0.13,8.65,7.7,2.0,0.1,8.59,7.73,1.9,0.06
8.81,7.91,2.2,0.04,8.7,7.7,1.9,0.13,8.65,7.7,2.0,0.1,8.59,7.73,1.9,0.06,8.64,7.65,2.0,0.04
8.93,7.95,1.9,0.02,8.65,7.7,2.0,0.1,8.59,7.73,1.9,0.06,8.64,7.65,2.0,0.04,8.81,7.91,2.2,0.04
8.93,7.58,1.6,0.05,8.59,7.73,1.9,0.06,8.64,7.65,2.0,0.04,8.81,7.91,2.2,0.04,8.93,7.95,1.9,0.02
8.46,8.07,1.8,0.05,8.64,7.65,2.0,0.04,8.81,7.91,2.2,0.04,8.93,7.95,1.9,0.02,8.93,7.58,1.6,0.05
8.46,8.0,1.5,0.04,8.81,7.91,2.2,0.04,8.93,7.95,1.9,0.02,8.93,7.58,1.6,0.05,8.46,8.07,1.8,0.05
8.49,7.77,1.6,0.04,8.93,7.95,1.9,0.02,8.93,7.58,1.6,0.05,8.46,8.07,1.8,0.05,8.46,8.0,1.5,0.04
8.232779329608938,9.535586592178769,3.021708683473391,0.2766759776536308,8.93,7.58,1.6,0.05,8.46,8.07,1.8,0.05,8.46,8.0,1.5,0.04,8.49,7.77,1.6,0.04
8.232779329608938,9.535586592178769,3.021708683473391,0.2766759776536308,8.46,8.07,1.8,0.05,8.46,8.0,1.5,0.04,8.49,7.77,1.6,0.04,8.232779329608938,9.535586592178769,3.021708683473391,0.2766759776536308
8.14,6.64,1.8,0.08,8.46,8.0,1.5,0.04,8.49,7.77,1.6,0.04,8.232779329608938,9.535586592178769,3.021708683473391,0.2766759776536308,8.232779329608938,9.535586592178769,3.021708683473391,0.2766759776536308
8.28,7.11,1.6,0.12,8.49,7.77,1.6,0.04,8.232779329608938,9.535586592178769,3.021708683473391,0.2766759776536308,8.232779329608938,9.535586592178769,3.021708683473391,0.2766759776536308,8.14,6.64,1.8,0.08
8.24,6.56,1.8,0.11,8.232779329608938,9.535586592178769,3.021708683473391,0.2766759776536308,8.232779329608938,9.535586592178769,3.021708683473391,0.2766759776536308,8.14,6.64,1.8,0.08,8.28,7.11,1.6,0.12
8.1,5.75,2.1,0.12,8.232779329608938,9.535586592178769,3.021708683473391,0.2766759776536308,8.14,6.64,1.8,0.08,8.28,7.11,1.6,0.12,8.24,6.56,1.8,0.11
8.24,6.24,2.1,0.12,8.14,6.64,1.8,0.08,8.28,7.11,1.6,0.12,8.24,6.56,1.8,0.11,8.1,5.75,2.1,0.12
8.31,6.82,2.0,0.12,8.28,7.11,1.6,0.12,8.24,6.56,1.8,0.11,8.1,5.75,2.1,0.12,8.24,6.24,2.1,0.12
8.32,7.18,2.3,0.12,8.24,6.56,1.8,0.11,8.1,5.75,2.1,0.12,8.24,6.24,2.1,0.12,8.31,6.82,2.0,0.12
8.33,7.45,3.0,0.12,8.1,5.75,2.1,0.12,8.24,6.24,2.1,0.12,8.31,6.82,2.0,0.12,8.32,7.18,2.3,0.12
8.62,9.58,3.2,0.14,8.24,6.24,2.1,0.12,8.31,6.82,2.0,0.12,8.32,7.18,2.3,0.12,8.33,7.45,3.0,0.12
8.41,8.81,3.3,0.15,8.31,6.82,2.0,0.12,8.32,7.18,2.3,0.12,8.33,7.45,3.0,0.12,8.62,9.58,3.2,0.14
8.67,8.81,2.3,0.15,8.32,7.18,2.3,0.12,8.33,7.45,3.0,0.12,8.62,9.58,3.2,0.14,8.41,8.81,3.3,0.15
8.69,9.42,2.2,0.14,8.33,7.45,3.0,0.12,8.62,9.58,3.2,0.14,8.41,8.81,3.3,0.15,8.67,8.81,2.3,0.15
8.64,9.56,2.2,0.13,8.62,9.58,3.2,0.14,8.41,8.81,3.3,0.15,8.67,8.81,2.3,0.15,8.69,9.42,2.2,0.14
8.63,9.71,2.1,0.14,8.41,8.81,3.3,0.15,8.67,8.81,2.3,0.15,8.69,9.42,2.2,0.14,8.64,9.56,2.2,0.13
8.72,9.96,2.0,0.13,8.67,8.81,2.3,0.15,8.69,9.42,2.2,0.14,8.64,9.56,2.2,0.13,8.63,9.71,2.1,0.14
8.73,9.35,2.0,0.14,8.69,9.42,2.2,0.14,8.64,9.56,2.2,0.13,8.63,9.71,2.1,0.14,8.72,9.96,2.0,0.13
8.48,10.1,2.2,0.2,8.64,9.56,2.2,0.13,8.63,9.71,2.1,0.14,8.72,9.96,2.0,0.13,8.73,9.35,2.0,0.14
8.33,10.6,2.7,0.24,8.63,9.71,2.1,0.14,8.72,9.96,2.0,0.13,8.73,9.35,2.0,0.14,8.48,10.1,2.2,0.2
8.36,10.9,2.4,0.13,8.72,9.96,2.0,0.13,8.73,9.35,2.0,0.14,8.48,10.1,2.2,0.2,8.33,10.6,2.7,0.24
8.33,10.7,2.7,0.12,8.73,9.35,2.0,0.14,8.48,10.1,2.2,0.2,8.33,10.6,2.7,0.24,8.36,10.9,2.4,0.13
8.46,12.4,2.8,0.17,8.48,10.1,2.2,0.2,8.33,10.6,2.7,0.24,8.36,10.9,2.4,0.13,8.33,10.7,2.7,0.12
8.27,12.3,2.3,0.17,8.33,10.6,2.7,0.24,8.36,10.9,2.4,0.13,8.33,10.7,2.7,0.12,8.46,12.4,2.8,0.17
8.32,12.2,1.8,0.19,8.36,10.9,2.4,0.13,8.33,10.7,2.7,0.12,8.46,12.4,2.8,0.17,8.27,12.3,2.3,0.17
8.232779329608938,9.535586592178769,3.021708683473391,0.2766759776536308,8.33,10.7,2.7,0.12,8.46,12.4,2.8,0.17,8.27,12.3,2.3,0.17,8.32,12.2,1.8,0.19
8.34,13.0,2.7,0.22,8.46,12.4,2.8,0.17,8.27,12.3,2.3,0.17,8.32,12.2,1.8,0.19,8.232779329608938,9.535586592178769,3.021708683473391,0.2766759776536308
8.4,13.5,2.8,0.23,8.27,12.3,2.3,0.17,8.32,12.2,1.8,0.19,8.232779329608938,9.535586592178769,3.021708683473391,0.2766759776536308,8.34,13.0,2.7,0.22
8.4,13.5,2.7,0.24,8.32,12.2,1.8,0.19,8.232779329608938,9.535586592178769,3.021708683473391,0.2766759776536308,8.34,13.0,2.7,0.22,8.4,13.5,2.8,0.23
8.42,13.5,2.5,0.24,8.232779329608938,9.535586592178769,3.021708683473391,0.2766759776536308,8.34,13.0,2.7,0.22,8.4,13.5,2.8,0.23,8.4,13.5,2.7,0.24
8.43,13.6,2.6,0.33,8.34,13.0,2.7,0.22,8.4,13.5,2.8,0.23,8.4,13.5,2.7,0.24,8.42,13.5,2.5,0.24
8.49,13.8,2.9,0.34,8.4,13.5,2.8,0.23,8.4,13.5,2.7,0.24,8.42,13.5,2.5,0.24,8.43,13.6,2.6,0.33
8.55,13.7,3.0,0.32,8.4,13.5,2.7,0.24,8.42,13.5,2.5,0.24,8.43,13.6,2.6,0.33,8.49,13.8,2.9,0.34
8.56,13.5,2.9,0.32,8.42,13.5,2.5,0.24,8.43,13.6,2.6,0.33,8.49,13.8,2.9,0.34,8.55,13.7,3.0,0.32
8.55,12.4,3.0,0.28,8.43,13.6,2.6,0.33,8.49,13.8,2.9,0.34,8.55,13.7,3.0,0.32,8.56,13.5,2.9,0.32
8.52,12.5,3.1,0.32,8.49,13.8,2.9,0.34,8.55,13.7,3.0,0.32,8.56,13.5,2.9,0.32,8.55,12.4,3.0,0.28
8.56,11.9,2.8,0.3,8.55,13.7,3.0,0.32,8.56,13.5,2.9,0.32,8.55,12.4,3.0,0.28,8.52,12.5,3.1,0.32
8.61,11.3,2.9,0.28,8.56,13.5,2.9,0.32,8.55,12.4,3.0,0.28,8.52,12.5,3.1,0.32,8.56,11.9,2.8,0.3
8.66,11.1,2.7,0.26,8.55,12.4,3.0,0.28,8.52,12.5,3.1,0.32,8.56,11.9,2.8,0.3,8.61,11.3,2.9,0.28
8.48,10.9,2.5,0.26,8.52,12.5,3.1,0.32,8.56,11.9,2.8,0.3,8.61,11.3,2.9,0.28,8.66,11.1,2.7,0.26
8.232779329608938,9.535586592178769,3.021708683473391,0.2766759776536308,8.56,11.9,2.8,0.3,8.61,11.3,2.9,0.28,8.66,11.1,2.7,0.26,8.48,10.9,2.5,0.26
8.21,9.98,2.6,0.21,8.61,11.3,2.9,0.28,8.66,11.1,2.7,0.26,8.48,10.9,2.5,0.26,8.232779329608938,9.535586592178769,3.021708683473391,0.2766759776536308
8.23,10.4,2.6,0.23,8.66,11.1,2.7,0.26,8.48,10.9,2.5,0.26,8.232779329608938,9.535586592178769,3.021708683473391,0.2766759776536308,8.21,9.98,2.6,0.21
7.94,7.61,2.7,0.19,8.48,10.9,2.5,0.26,8.232779329608938,9.535586592178769,3.021708683473391,0.2766759776536308,8.21,9.98,2.6,0.21,8.23,10.4,2.6,0.23
8.02,8.26,3.1,0.16,8.232779329608938,9.535586592178769,3.021708683473391,0.2766759776536308,8.21,9.98,2.6,0.21,8.23,10.4,2.6,0.23,7.94,7.61,2.7,0.19
8.21,9.94,3.0,0.17,8.21,9.98,2.6,0.21,8.23,10.4,2.6,0.23,7.94,7.61,2.7,0.19,8.02,8.26,3.1,0.16
8.15,10.4,2.4,0.23,8.23,10.4,2.6,0.23,7.94,7.61,2.7,0.19,8.02,8.26,3.1,0.16,8.21,9.94,3.0,0.17
8.232779329608938,9.535586592178769,3.021708683473391,0.2766759776536308,7.94,7.61,2.7,0.19,8.02,8.26,3.1,0.16,8.21,9.94,3.0,0.17,8.15,10.4,2.4,0.23
8.22,9.82,1.9,0.23,8.02,8.26,3.1,0.16,8.21,9.94,3.0,0.17,8.15,10.4,2.4,0.23,8.232779329608938,9.535586592178769,3.021708683473391,0.2766759776536308
8.12,9.01,2.0,0.22,8.21,9.94,3.0,0.17,8.15,10.4,2.4,0.23,8.232779329608938,9.535586592178769,3.021708683473391,0.2766759776536308,8.22,9.82,1.9,0.23
8.232779329608938,9.535586592178769,3.021708683473391,0.2766759776536308,8.15,10.4,2.4,0.23,8.232779329608938,9.535586592178769,3.021708683473391,0.2766759776536308,8.22,9.82,1.9,0.23,8.12,9.01,2.0,0.22
8.2,9.01,2.4,0.14,8.232779329608938,9.535586592178769,3.021708683473391,0.2766759776536308,8.22,9.82,1.9,0.23,8.12,9.01,2.0,0.22,8.232779329608938,9.535586592178769,3.021708683473391,0.2766759776536308
8.19,8.87,2.8,0.16,8.22,9.82,1.9,0.23,8.12,9.01,2.0,0.22,8.232779329608938,9.535586592178769,3.021708683473391,0.2766759776536308,8.2,9.01,2.4,0.14
7.67,8.0,2.3,0.14,8.12,9.01,2.0,0.22,8.232779329608938,9.535586592178769,3.021708683473391,0.2766759776536308,8.2,9.01,2.4,0.14,8.19,8.87,2.8,0.16
8.232779329608938,9.535586592178769,3.021708683473391,0.2766759776536308,8.232779329608938,9.535586592178769,3.021708683473391,0.2766759776536308,8.2,9.01,2.4,0.14,8.19,8.87,2.8,0.16,7.67,8.0,2.3,0.14
8.2,9.11,2.6,0.16,8.2,9.01,2.4,0.14,8.19,8.87,2.8,0.16,7.67,8.0,2.3,0.14,8.232779329608938,9.535586592178769,3.021708683473391,0.2766759776536308
8.29,10.1,2.7,0.17,8.19,8.87,2.8,0.16,7.67,8.0,2.3,0.14,8.232779329608938,9.535586592178769,3.021708683473391,0.2766759776536308,8.2,9.11,2.6,0.16
8.232779329608938,9.535586592178769,3.021708683473391,0.2766759776536308,7.67,8.0,2.3,0.14,8.232779329608938,9.535586592178769,3.021708683473391,0.2766759776536308,8.2,9.11,2.6,0.16,8.29,10.1,2.7,0.17
8.232779329608938,9.535586592178769,3.021708683473391,0.2766759776536308,8.232779329608938,9.535586592178769,3.021708683473391,0.2766759776536308,8.2,9.11,2.6,0.16,8.29,10.1,2.7,0.17,8.232779329608938,9.535586592178769,3.021708683473391,0.2766759776536308
8.232779329608938,9.535586592178769,3.021708683473391,0.2766759776536308,8.2,9.11,2.6,0.16,8.29,10.1,2.7,0.17,8.232779329608938,9.535586592178769,3.021708683473391,0.2766759776536308,8.232779329608938,9.535586592178769,3.021708683473391,0.2766759776536308
8.232779329608938,9.535586592178769,3.021708683473391,0.2766759776536308,8.29,10.1,2.7,0.17,8.232779329608938,9.535586592178769,3.021708683473391,0.2766759776536308,8.232779329608938,9.535586592178769,3.021708683473391,0.2766759776536308,8.232779329608938,9.535586592178769,3.021708683473391,0.2766759776536308
8.232779329608938,9.535586592178769,3.021708683473391,0.2766759776536308,8.232779329608938,9.535586592178769,3.021708683473391,0.2766759776536308,8.232779329608938,9.535586592178769,3.021708683473391,0.2766759776536308,8.232779329608938,9.535586592178769,3.021708683473391,0.2766759776536308,8.232779329608938,9.535586592178769,3.021708683473391,0.2766759776536308
8.232779329608938,9.535586592178769,3.021708683473391,0.2766759776536308,8.232779329608938,9.535586592178769,3.021708683473391,0.2766759776536308,8.232779329608938,9.535586592178769,3.021708683473391,0.2766759776536308,8.232779329608938,9.535586592178769,3.021708683473391,0.2766759776536308,8.232779329608938,9.535586592178769,3.021708683473391,0.2766759776536308
8.232779329608938,9.535586592178769,3.021708683473391,0.2766759776536308,8.232779329608938,9.535586592178769,3.021708683473391,0.2766759776536308,8.232779329608938,9.535586592178769,3.021708683473391,0.2766759776536308,8.232779329608938,9.535586592178769,3.021708683473391,0.2766759776536308,8.232779329608938,9.535586592178769,3.021708683473391,0.2766759776536308
8.232779329608938,9.535586592178769,3.021708683473391,0.2766759776536308,8.232779329608938,9.535586592178769,3.021708683473391,0.2766759776536308,8.232779329608938,9.535586592178769,3.021708683473391,0.2766759776536308,8.232779329608938,9.535586592178769,3.021708683473391,0.2766759776536308,8.232779329608938,9.535586592178769,3.021708683473391,0.2766759776536308
8.232779329608938,9.535586592178769,3.021708683473391,0.2766759776536308,8.232779329608938,9.535586592178769,3.021708683473391,0.2766759776536308,8.232779329608938,9.535586592178769,3.021708683473391,0.2766759776536308,8.232779329608938,9.535586592178769,3.021708683473391,0.2766759776536308,8.232779329608938,9.535586592178769,3.021708683473391,0.2766759776536308
8.232779329608938,9.535586592178769,3.021708683473391,0.2766759776536308,8.232779329608938,9.535586592178769,3.021708683473391,0.2766759776536308,8.232779329608938,9.535586592178769,3.021708683473391,0.2766759776536308,8.232779329608938,9.535586592178769,3.021708683473391,0.2766759776536308,8.232779329608938,9.535586592178769,3.021708683473391,0.2766759776536308
8.232779329608938,9.535586592178769,3.021708683473391,0.2766759776536308,8.232779329608938,9.535586592178769,3.021708683473391,0.2766759776536308,8.232779329608938,9.535586592178769,3.021708683473391,0.2766759776536308,8.232779329608938,9.535586592178769,3.021708683473391,0.2766759776536308,8.232779329608938,9.535586592178769,3.021708683473391,0.2766759776536308
8.24,12.1,2.9,0.27,8.232779329608938,9.535586592178769,3.021708683473391,0.2766759776536308,8.232779329608938,9.535586592178769,3.021708683473391,0.2766759776536308,8.232779329608938,9.535586592178769,3.021708683473391,0.2766759776536308,8.232779329608938,9.535586592178769,3.021708683473391,0.2766759776536308
8.232779329608938,9.535586592178769,3.021708683473391,0.2766759776536308,8.232779329608938,9.535586592178769,3.021708683473391,0.2766759776536308,8.232779329608938,9.535586592178769,3.021708683473391,0.2766759776536308,8.232779329608938,9.535586592178769,3.021708683473391,0.2766759776536308,8.24,12.1,2.9,0.27
8.27,8.45,4.2,0.16,8.232779329608938,9.535586592178769,3.021708683473391,0.2766759776536308,8.232779329608938,9.535586592178769,3.021708683473391,0.2766759776536308,8.24,12.1,2.9,0.27,8.232779329608938,9.535586592178769,3.021708683473391,0.2766759776536308
8.33,9.28,3.7,0.25,8.232779329608938,9.535586592178769,3.021708683473391,0.2766759776536308,8.24,12.1,2.9,0.27,8.232779329608938,9.535586592178769,3.021708683473391,0.2766759776536308,8.27,8.45,4.2,0.16
8.37,9.54,3.2,0.3,8.24,12.1,2.9,0.27,8.232779329608938,9.535586592178769,3.021708683473391,0.2766759776536308,8.27,8.45,4.2,0.16,8.33,9.28,3.7,0.25
8.232779329608938,9.535586592178769,3.021708683473391,0.2766759776536308,8.232779329608938,9.535586592178769,3.021708683473391,0.2766759776536308,8.27,8.45,4.2,0.16,8.33,9.28,3.7,0.25,8.37,9.54,3.2,0.3
8.232779329608938,9.535586592178769,3.021708683473391,0.2766759776536308,8.27,8.45,4.2,0.16,8.33,9.28,3.7,0.25,8.37,9.54,3.2,0.3,8.232779329608938,9.535586592178769,3.021708683473391,0.2766759776536308
8.51,10.9,3.8,0.34,8.33,9.28,3.7,0.25,8.37,9.54,3.2,0.3,8.232779329608938,9.535586592178769,3.021708683473391,0.2766759776536308,8.232779329608938,9.535586592178769,3.021708683473391,0.2766759776536308
8.49,11.3,3.8,0.52,8.37,9.54,3.2,0.3,8.232779329608938,9.535586592178769,3.021708683473391,0.2766759776536308,8.232779329608938,9.535586592178769,3.021708683473391,0.2766759776536308,8.51,10.9,3.8,0.34
8.232779329608938,9.535586592178769,3.021708683473391,0.2766759776536308,8.232779329608938,9.535586592178769,3.021708683473391,0.2766759776536308,8.232779329608938,9.535586592178769,3.021708683473391,0.2766759776536308,8.51,10.9,3.8,0.34,8.49,11.3,3.8,0.52
8.53,12.3,2.7,0.46,8.232779329608938,9.535586592178769,3.021708683473391,0.2766759776536308,8.51,10.9,3.8,0.34,8.49,11.3,3.8,0.52,8.232779329608938,9.535586592178769,3.021708683473391,0.2766759776536308
8.61,12.8,2.4,0.51,8.51,10.9,3.8,0.34,8.49,11.3,3.8,0.52,8.232779329608938,9.535586592178769,3.021708683473391,0.2766759776536308,8.53,12.3,2.7,0.46
8.232779329608938,9.535586592178769,3.021708683473391,0.2766759776536308,8.49,11.3,3.8,0.52,8.232779329608938,9.535586592178769,3.021708683473391,0.2766759776536308,8.53,12.3,2.7,0.46,8.61,12.8,2.4,0.51
8.51,12.1,2.6,0.51,8.232779329608938,9.535586592178769,3.021708683473391,0.2766759776536308,8.53,12.3,2.7,0.46,8.61,12.8,2.4,0.51,8.232779329608938,9.535586592178769,3.021708683473391,0.2766759776536308
8.232779329608938,9.535586592178769,3.021708683473391,0.2766759776536308,8.53,12.3,2.7,0.46,8.61,12.8,2.4,0.51,8.232779329608938,9.535586592178769,3.021708683473391,0.2766759776536308,8.51,12.1,2.6,0.51
8.232779329608938,9.535586592178769,3.021708683473391,0.2766759776536308,8.61,12.8,2.4,0.51,8.232779329608938,9.535586592178769,3.021708683473391,0.2766759776536308,8.51,12.1,2.6,0.51,8.232779329608938,9.535586592178769,3.021708683473391,0.2766759776536308
8.03,9.05,2.1,0.44,8.232779329608938,9.535586592178769,3.021708683473391,0.2766759776536308,8.51,12.1,2.6,0.51,8.232779329608938,9.535586592178769,3.021708683473391,0.2766759776536308,8.232779329608938,9.535586592178769,3.021708683473391,0.2766759776536308
8.232779329608938,9.535586592178769,3.021708683473391,0.2766759776536308,8.51,12.1,2.6,0.51,8.232779329608938,9.535586592178769,3.021708683473391,0.2766759776536308,8.232779329608938,9.535586592178769,3.021708683473391,0.2766759776536308,8.03,9.05,2.1,0.44
8.232779329608938,9.535586592178769,3.021708683473391,0.2766759776536308,8.232779329608938,9.535586592178769,3.021708683473391,0.2766759776536308,8.232779329608938,9.535586592178769,3.021708683473391,0.2766759776536308,8.03,9.05,2.1,0.44,8.232779329608938,9.535586592178769,3.021708683473391,0.2766759776536308
8.46,11.1,3.8,0.35,8.232779329608938,9.535586592178769,3.021708683473391,0.2766759776536308,8.03,9.05,2.1,0.44,8.232779329608938,9.535586592178769,3.021708683473391,0.2766759776536308,8.232779329608938,9.535586592178769,3.021708683473391,0.2766759776536308
8.54,11.4,3.7,0.39,8.03,9.05,2.1,0.44,8.232779329608938,9.535586592178769,3.021708683473391,0.2766759776536308,8.232779329608938,9.535586592178769,3.021708683473391,0.2766759776536308,8.46,11.1,3.8,0.35
8.232779329608938,9.535586592178769,3.021708683473391,0.2766759776536308,8.232779329608938,9.535586592178769,3.021708683473391,0.2766759776536308,8.232779329608938,9.535586592178769,3.021708683473391,0.2766759776536308,8.46,11.1,3.8,0.35,8.54,11.4,3.7,0.39
8.49,10.2,3.2,0.47,8.232779329608938,9.535586592178769,3.021708683473391,0.2766759776536308,8.46,11.1,3.8,0.35,8.54,11.4,3.7,0.39,8.232779329608938,9.535586592178769,3.021708683473391,0.2766759776536308
8.54,10.9,3.6,0.5,8.46,11.1,3.8,0.35,8.54,11.4,3.7,0.39,8.232779329608938,9.535586592178769,3.021708683473391,0.2766759776536308,8.49,10.2,3.2,0.47
8.57,8.12,3.0,0.45,8.54,11.4,3.7,0.39,8.232779329608938,9.535586592178769,3.021708683473391,0.2766759776536308,8.49,10.2,3.2,0.47,8.54,10.9,3.6,0.5
8.72,8.59,3.5,0.42,8.232779329608938,9.535586592178769,3.021708683473391,0.2766759776536308,8.49,10.2,3.2,0.47,8.54,10.9,3.6,0.5,8.57,8.12,3.0,0.45
8.71,10.4,2.9,0.49,8.49,10.2,3.2,0.47,8.54,10.9,3.6,0.5,8.57,8.12,3.0,0.45,8.72,8.59,3.5,0.42
8.61,9.29,2.8,0.5,8.54,10.9,3.6,0.5,8.57,8.12,3.0,0.45,8.72,8.59,3.5,0.42,8.71,10.4,2.9,0.49
8.89,7.39,2.4,0.63,8.57,8.12,3.0,0.45,8.72,8.59,3.5,0.42,8.71,10.4,2.9,0.49,8.61,9.29,2.8,0.5
8.57,7.88,2.5,0.54,8.72,8.59,3.5,0.42,8.71,10.4,2.9,0.49,8.61,9.29,2.8,0.5,8.89,7.39,2.4,0.63
8.27,8.28,2.2,0.46,8.71,10.4,2.9,0.49,8.61,9.29,2.8,0.5,8.89,7.39,2.4,0.63,8.57,7.88,2.5,0.54
8.21,7.69,1.9,0.39,8.61,9.29,2.8,0.5,8.89,7.39,2.4,0.63,8.57,7.88,2.5,0.54,8.27,8.28,2.2,0.46
8.232779329608938,9.535586592178769,3.021708683473391,0.2766759776536308,8.89,7.39,2.4,0.63,8.57,7.88,2.5,0.54,8.27,8.28,2.2,0.46,8.21,7.69,1.9,0.39
8.17,8.38,2.0,0.5,8.57,7.88,2.5,0.54,8.27,8.28,2.2,0.46,8.21,7.69,1.9,0.39,8.232779329608938,9.535586592178769,3.021708683473391,0.2766759776536308
8.232779329608938,9.535586592178769,3.021708683473391,0.2766759776536308,8.27,8.28,2.2,0.46,8.21,7.69,1.9,0.39,8.232779329608938,9.535586592178769,3.021708683473391,0.2766759776536308,8.17,8.38,2.0,0.5
8.23,8.36,2.9,0.46,8.21,7.69,1.9,0.39,8.232779329608938,9.535586592178769,3.021708683473391,0.2766759776536308,8.17,8.38,2.0,0.5,8.232779329608938,9.535586592178769,3.021708683473391,0.2766759776536308
8.232779329608938,9.535586592178769,3.021708683473391,0.2766759776536308,8.232779329608938,9.535586592178769,3.021708683473391,0.2766759776536308,8.17,8.38,2.0,0.5,8.232779329608938,9.535586592178769,3.021708683473391,0.2766759776536308,8.23,8.36,2.9,0.46
8.232779329608938,9.535586592178769,3.021708683473391,0.2766759776536308,8.17,8.38,2.0,0.5,8.232779329608938,9.535586592178769,3.021708683473391,0.2766759776536308,8.23,8.36,2.9,0.46,8.232779329608938,9.535586592178769,3.021708683473391,0.2766759776536308
8.232779329608938,9.535586592178769,3.021708683473391,0.2766759776536308,8.232779329608938,9.535586592178769,3.021708683473391,0.2766759776536308,8.23,8.36,2.9,0.46,8.232779329608938,9.535586592178769,3.021708683473391,0.2766759776536308,8.232779329608938,9.535586592178769,3.021708683473391,0.2766759776536308
8.232779329608938,9.535586592178769,3.021708683473391,0.2766759776536308,8.23,8.36,2.9,0.46,8.232779329608938,9.535586592178769,3.021708683473391,0.2766759776536308,8.232779329608938,9.535586592178769,3.021708683473391,0.2766759776536308,8.232779329608938,9.535586592178769,3.021708683473391,0.2766759776536308
8.232779329608938,9.535586592178769,3.021708683473391,0.2766759776536308,8.232779329608938,9.535586592178769,3.021708683473391,0.2766759776536308,8.232779329608938,9.535586592178769,3.021708683473391,0.2766759776536308,8.232779329608938,9.535586592178769,3.021708683473391,0.2766759776536308,8.232779329608938,9.535586592178769,3.021708683473391,0.2766759776536308
8.232779329608938,9.535586592178769,3.021708683473391,0.2766759776536308,8.232779329608938,9.535586592178769,3.021708683473391,0.2766759776536308,8.232779329608938,9.535586592178769,3.021708683473391,0.2766759776536308,8.232779329608938,9.535586592178769,3.021708683473391,0.2766759776536308,8.232779329608938,9.535586592178769,3.021708683473391,0.2766759776536308
7.82,6.21,4.3,0.43,8.232779329608938,9.535586592178769,3.021708683473391,0.2766759776536308,8.232779329608938,9.535586592178769,3.021708683473391,0.2766759776536308,8.232779329608938,9.535586592178769,3.021708683473391,0.2766759776536308,8.232779329608938,9.535586592178769,3.021708683473391,0.2766759776536308
7.76,6.35,3.6,0.49,8.232779329608938,9.535586592178769,3.021708683473391,0.2766759776536308,8.232779329608938,9.535586592178769,3.021708683473391,0.2766759776536308,8.232779329608938,9.535586592178769,3.021708683473391,0.2766759776536308,7.82,6.21,4.3,0.43
8.232779329608938,9.535586592178769,3.021708683473391,0.2766759776536308,8.232779329608938,9.535586592178769,3.021708683473391,0.2766759776536308,8.232779329608938,9.535586592178769,3.021708683473391,0.2766759776536308,7.82,6.21,4.3,0.43,7.76,6.35,3.6,0.49
8.232779329608938,9.535586592178769,3.021708683473391,0.2766759776536308,8.232779329608938,9.535586592178769,3.021708683473391,0.2766759776536308,7.82,6.21,4.3,0.43,7.76,6.35,3.6,0.49,8.232779329608938,9.535586592178769,3.021708683473391,0.2766759776536308
8.232779329608938,9.535586592178769,3.021708683473391,0.2766759776536308,7.82,6.21,4.3,0.43,7.76,6.35,3.6,0.49,8.232779329608938,9.535586592178769,3.021708683473391,0.2766759776536308,8.232779329608938,9.535586592178769,3.021708683473391,0.2766759776536308
7.85,6.84,4.8,0.46,7.76,6.35,3.6,0.49,8.232779329608938,9.535586592178769,3.021708683473391,0.2766759776536308,8.232779329608938,9.535586592178769,3.021708683473391,0.2766759776536308,8.232779329608938,9.535586592178769,3.021708683473391,0.2766759776536308
8.232779329608938,9.535586592178769,3.021708683473391,0.2766759776536308,8.232779329608938,9.535586592178769,3.021708683473391,0.2766759776536308,8.232779329608938,9.535586592178769,3.021708683473391,0.2766759776536308,8.232779329608938,9.535586592178769,3.021708683473391,0.2766759776536308,7.85,6.84,4.8,0.46
7.86,8.13,1.8,0.56,8.232779329608938,9.535586592178769,3.021708683473391,0.2766759776536308,8.232779329608938,9.535586592178769,3.021708683473391,0.2766759776536308,7.85,6.84,4.8,0.46,8.232779329608938,9.535586592178769,3.021708683473391,0.2766759776536308
8.232779329608938,9.535586592178769,3.021708683473391,0.2766759776536308,8.232779329608938,9.535586592178769,3.021708683473391,0.2766759776536308,7.85,6.84,4.8,0.46,8.232779329608938,9.535586592178769,3.021708683473391,0.2766759776536308,7.86,8.13,1.8,0.56
8.232779329608938,9.535586592178769,3.021708683473391,0.2766759776536308,7.85,6.84,4.8,0.46,8.232779329608938,9.535586592178769,3.021708683473391,0.2766759776536308,7.86,8.13,1.8,0.56,8.232779329608938,9.535586592178769,3.021708683473391,0.2766759776536308
8.232779329608938,9.535586592178769,3.021708683473391,0.2766759776536308,8.232779329608938,9.535586592178769,3.021708683473391,0.2766759776536308,7.86,8.13,1.8,0.56,8.232779329608938,9.535586592178769,3.021708683473391,0.2766759776536308,8.232779329608938,9.535586592178769,3.021708683473391,0.2766759776536308
8.232779329608938,9.535586592178769,3.021708683473391,0.2766759776536308,7.86,8.13,1.8,0.56,8.232779329608938,9.535586592178769,3.021708683473391,0.2766759776536308,8.232779329608938,9.535586592178769,3.021708683473391,0.2766759776536308,8.232779329608938,9.535586592178769,3.021708683473391,0.2766759776536308
8.232779329608938,9.535586592178769,3.021708683473391,0.2766759776536308,8.232779329608938,9.535586592178769,3.021708683473391,0.2766759776536308,8.232779329608938,9.535586592178769,3.021708683473391,0.2766759776536308,8.232779329608938,9.535586592178769,3.021708683473391,0.2766759776536308,8.232779329608938,9.535586592178769,3.021708683473391,0.2766759776536308
8.35,9.33,2.4,0.37,8.232779329608938,9.535586592178769,3.021708683473391,0.2766759776536308,8.232779329608938,9.535586592178769,3.021708683473391,0.2766759776536308,8.232779329608938,9.535586592178769,3.021708683473391,0.2766759776536308,8.232779329608938,9.535586592178769,3.021708683473391,0.2766759776536308
8.42,9.9,2.5,0.4,8.232779329608938,9.535586592178769,3.021708683473391,0.2766759776536308,8.232779329608938,9.535586592178769,3.021708683473391,0.2766759776536308,8.232779329608938,9.535586592178769,3.021708683473391,0.2766759776536308,8.35,9.33,2.4,0.37
8.44,10.3,2.6,0.43,8.232779329608938,9.535586592178769,3.021708683473391,0.2766759776536308,8.232779329608938,9.535586592178769,3.021708683473391,0.2766759776536308,8.35,9.33,2.4,0.37,8.42,9.9,2.5,0.4
8.232779329608938,9.535586592178769,3.021708683473391,0.2766759776536308,8.232779329608938,9.535586592178769,3.021708683473391,0.2766759776536308,8.35,9.33,2.4,0.37,8.42,9.9,2.5,0.4,8.44,10.3,2.6,0.43
8.232779329608938,9.535586592178769,3.021708683473391,0.2766759776536308,8.35,9.33,2.4,0.37,8.42,9.9,2.5,0.4,8.44,10.3,2.6,0.43,8.232779329608938,9.535586592178769,3.021708683473391,0.2766759776536308
8.232779329608938,9.535586592178769,3.021708683473391,0.2766759776536308,8.42,9.9,2.5,0.4,8.44,10.3,2.6,0.43,8.232779329608938,9.535586592178769,3.021708683473391,0.2766759776536308,8.232779329608938,9.535586592178769,3.021708683473391,0.2766759776536308
8.232779329608938,9.535586592178769,3.021708683473391,0.2766759776536308,8.44,10.3,2.6,0.43,8.232779329608938,9.535586592178769,3.021708683473391,0.2766759776536308,8.232779329608938,9.535586592178769,3.021708683473391,0.2766759776536308,8.232779329608938,9.535586592178769,3.021708683473391,0.2766759776536308
8.52,12.4,2.4,0.43,8.232779329608938,9.535586592178769,3.021708683473391,0.2766759776536308,8.232779329608938,9.535586592178769,3.021708683473391,0.2766759776536308,8.232779329608938,9.535586592178769,3.021708683473391,0.2766759776536308,8.232779329608938,9.535586592178769,3.021708683473391,0.2766759776536308
8.57,12.9,2.0,0.43,8.232779329608938,9.535586592178769,3.021708683473391,0.2766759776536308,8.232779329608938,9.535586592178769,3.021708683473391,0.2766759776536308,8.232779329608938,9.535586592178769,3.021708683473391,0.2766759776536308,8.52,12.4,2.4,0.43
