7.9,10.8,5.2,0.84,8.01,9.41,5.2,0.5,7.93,9.5,5.8,0.53,7.348628808864261,8.515027700831029,2.8885041551246506,0.260387811634349
7.73,9.98,6.1,0.7,7.93,9.5,5.8,0.53,7.348628808864261,8.515027700831029,2.8885041551246506,0.260387811634349,8.01,10.9,1.2,0.7
7.83,9.55,5.6,0.66,7.348628808864261,8.515027700831029,2.8885041551246506,0.260387811634349,8.01,10.9,1.2,0.7,7.9,10.8,5.2,0.84
8.01,8.9,6.8,0.59,8.01,10.9,1.2,0.7,7.9,10.8,5.2,0.84,7.73,9.98,6.1,0.7
7.97,7.27,7.0,0.59,7.9,10.8,5.2,0.84,7.73,9.98,6.1,0.7,7.83,9.55,5.6,0.66
7.94,7.78,5.0,0.74,7.73,9.98,6.1,0.7,7.83,9.55,5.6,0.66,8.01,8.9,6.8,0.59
7.87,8.79,4.8,0.55,7.83,9.55,5.6,0.66,8.01,8.9,6.8,0.59,7.97,7.27,7.0,0.59
7.97,8.27,5.5,0.4,8.01,8.9,6.8,0.59,7.97,7.27,7.0,0.59,7.94,7.78,5.0,0.74
7.87,8.46,5.3,0.4,7.97,7.27,7.0,0.59,7.94,7.78,5.0,0.74,7.87,8.79,4.8,0.55
8.13,7.72,2.9,0.37,7.94,7.78,5.0,0.74,7.87,8.79,4.8,0.55,7.97,8.27,5.5,0.4
8.17,7.69,3.9,0.38,7.87,8.79,4.8,0.55,7.97,8.27,5.5,0.4,7.87,8.46,5.3,0.4
8.07,6.96,3.8,0.42,7.97,8.27,5.5,0.4,7.87,8.46,5.3,0.4,8.13,7.72,2.9,0.37
8.04,6.75,3.4,0.39,7.87,8.46,5.3,0.4,8.13,7.72,2.9,0.37,8.17,7.69,3.9,0.38
7.96,6.38,2.7,0.55,8.13,7.72,2.9,0.37,8.17,7.69,3.9,0.38,8.07,6.96,3.8,0.42
7.94,7.2,2.1,0.34,8.17,7.69,3.9,0.38,8.07,6.96,3.8,0.42,8.04,6.75,3.4,0.39
7.69,6.09,4.6,0.35,8.07,6.96,3.8,0.42,8.04,6.75,3.4,0.39,7.96,6.38,2.7,0.55
7.43,5.83,3.9,0.28,8.04,6.75,3.4,0.39,7.96,6.38,2.7,0.55,7.94,7.2,2.1,0.34
7.62,6.56,2.6,0.25,7.96,6.38,2.7,0.55,7.94,7.2,2.1,0.34,7.69,6.09,4.6,0.35
7.27,6.81,2.7,0.22,7.94,7.2,2.1,0.34,7.69,6.09,4.6,0.35,7.43,5.83,3.9,0.28
7.35,7.13,2.4,0.22,7.69,6.09,4.6,0.35,7.43,5.83,3.9,0.28,7.62,6.56,2.6,0.25
7.32,6.91,2.5,0.2,7.43,5.83,3.9,0.28,7.62,6.56,2.6,0.25,7.27,6.81,2.7,0.22
7.31,6.85,2.1,0.19,7.62,6.56,2.6,0.25,7.27,6.81,2.7,0.22,7.35,7.13,2.4,0.22
7.38,6.85,2.1,0.22,7.27,6.81,2.7,0.22,7.35,7.13,2.4,0.22,7.32,6.91,2.5,0.2
7.348628808864261,8.515027700831029,2.8885041551246506,0.260387811634349,7.35,7.13,2.4,0.22,7.32,6.91,2.5,0.2,7.31,6.85,2.1,0.19
7.348628808864261,8.515027700831029,2.8885041551246506,0.260387811634349,7.32,6.91,2.5,0.2,7.31,6.85,2.1,0.19,7.38,6.85,2.1,0.22
7.348628808864261,8.515027700831029,2.8885041551246506,0.260387811634349,7.31,6.85,2.1,0.19,7.38,6.85,2.1,0.22,7.348628808864261,8.515027700831029,2.8885041551246506,0.260387811634349
7.89,7.28,1.5,0.23,7.38,6.85,2.1,0.22,7.348628808864261,8.515027700831029,2.8885041551246506,0.260387811634349,7.348628808864261,8.515027700831029,2.8885041551246506,0.260387811634349
7.27,6.71,1.9,0.2,7.348628808864261,8.515027700831029,2.8885041551246506,0.260387811634349,7.348628808864261,8.515027700831029,2.8885041551246506,0.260387811634349,7.348628808864261,8.515027700831029,2.8885041551246506,0.260387811634349
7.18,7.38,2.0,0.2,7.348628808864261,8.515027700831029,2.8885041551246506,0.260387811634349,7.348628808864261,8.515027700831029,2.8885041551246506,0.260387811634349,7.89,7.28,1.5,0.23
7.1,6.53,2.1,0.22,7.348628808864261,8.515027700831029,2.8885041551246506,0.260387811634349,7.89,7.28,1.5,0.23,7.27,6.71,1.9,0.2
7.33,6.82,2.5,0.21,7.89,7.28,1.5,0.23,7.27,6.71,1.9,0.2,7.18,7.38,2.0,0.2
7.57,6.92,1.8,0.2,7.27,6.71,1.9,0.2,7.18,7.38,2.0,0.2,7.1,6.53,2.1,0.22
7.69,7.71,1.7,0.21,7.18,7.38,2.0,0.2,7.1,6.53,2.1,0.22,7.33,6.82,2.5,0.21
7.7,8.0,2.1,0.17,7.1,6.53,2.1,0.22,7.33,6.82,2.5,0.21,7.57,6.92,1.8,0.2
7.348628808864261,8.515027700831029,2.8885041551246506,0.260387811634349,7.33,6.82,2.5,0.21,7.57,6.92,1.8,0.2,7.69,7.71,1.7,0.21
7.75,7.88,2.1,0.12,7.57,6.92,1.8,0.2,7.69,7.71,1.7,0.21,7.7,8.0,2.1,0.17
7.91,8.76,1.7,0.06,7.69,7.71,1.7,0.21,7.7,8.0,2.1,0.17,7.348628808864261,8.515027700831029,2.8885041551246506,0.260387811634349
7.96,8.31,2.6,0.09,7.7,8.0,2.1,0.17,7.348628808864261,8.515027700831029,2.8885041551246506,0.260387811634349,7.75,7.88,2.1,0.12
8.04,7.95,6.1,0.22,7.348628808864261,8.515027700831029,2.8885041551246506,0.260387811634349,7.75,7.88,2.1,0.12,7.91,8.76,1.7,0.06
8.16,7.04,8.3,0.24,7.75,7.88,2.1,0.12,7.91,8.76,1.7,0.06,7.96,8.31,2.6,0.09
8.16,5.82,8.4,0.22,7.91,8.76,1.7,0.06,7.96,8.31,2.6,0.09,8.04,7.95,6.1,0.22
8.04,5.81,9.7,0.29,7.96,8.31,2.6,0.09,8.04,7.95,6.1,0.22,8.16,7.04,8.3,0.24
8.03,7.3,9.2,0.27,8.04,7.95,6.1,0.22,8.16,7.04,8.3,0.24,8.16,5.82,8.4,0.22
8.27,8.12,7.8,0.41,8.16,7.04,8.3,0.24,8.16,5.82,8.4,0.22,8.04,5.81,9.7,0.29
8.37,8.53,6.4,0.28,8.16,5.82,8.4,0.22,8.04,5.81,9.7,0.29,8.03,7.3,9.2,0.27
8.55,8.77,5.2,0.27,8.04,5.81,9.7,0.29,8.03,7.3,9.2,0.27,8.27,8.12,7.8,0.41
8.52,8.58,9.0,0.34,8.03,7.3,9.2,0.27,8.27,8.12,7.8,0.41,8.37,8.53,6.4,0.28
8.36,9.24,8.5,0.34,8.27,8.12,7.8,0.41,8.37,8.53,6.4,0.28,8.55,8.77,5.2,0.27
7.87,10.5,6.9,0.43,8.37,8.53,6.4,0.28,8.55,8.77,5.2,0.27,8.52,8.58,9.0,0.34
7.83,11.2,3.6,0.53,8.55,8.77,5.2,0.27,8.52,8.58,9.0,0.34,8.36,9.24,8.5,0.34
7.84,11.2,3.1,0.47,8.52,8.58,9.0,0.34,8.36,9.24,8.5,0.34,7.87,10.5,6.9,0.43
7.89,11.1,3.0,0.44,8.36,9.24,8.5,0.34,7.87,10.5,6.9,0.43,7.83,11.2,3.6,0.53
8.22,11.2,1.7,0.5,7.87,10.5,6.9,0.43,7.83,11.2,3.6,0.53,7.84,11.2,3.1,0.47
8.18,11.3,1.8,0.42,7.83,11.2,3.6,0.53,7.84,11.2,3.1,0.47,7.89,11.1,3.0,0.44
7.348628808864261,8.515027700831029,2.8885041551246506,0.260387811634349,7.84,11.2,3.1,0.47,7.89,11.1,3.0,0.44,8.22,11.2,1.7,0.5
7.87,11.4,3.3,0.26,7.89,11.1,3.0,0.44,8.22,11.2,1.7,0.5,8.18,11.3,1.8,0.42
7.74,11.3,2.3,0.27,8.22,11.2,1.7,0.5,8.18,11.3,1.8,0.42,7.348628808864261,8.515027700831029,2.8885041551246506,0.260387811634349
7.93,10.6,3.3,0.23,8.18,11.3,1.8,0.42,7.348628808864261,8.515027700831029,2.8885041551246506,0.260387811634349,7.87,11.4,3.3,0.26
7.83,9.88,3.9,0.19,7.348628808864261,8.515027700831029,2.8885041551246506,0.260387811634349,7.87,11.4,3.3,0.26,7.74,11.3,2.3,0.27
7.76,9.86,4.3,0.22,7.87,11.4,3.3,0.26,7.74,11.3,2.3,0.27,7.93,10.6,3.3,0.23
7.69,9.91,4.2,0.21,7.74,11.3,2.3,0.27,7.93,10.6,3.3,0.23,7.83,9.88,3.9,0.19
7.67,8.96,3.1,0.2,7.93,10.6,3.3,0.23,7.83,9.88,3.9,0.19,7.76,9.86,4.3,0.22
7.65,8.36,2.3,0.19,7.83,9.88,3.9,0.19,7.76,9.86,4.3,0.22,7.69,9.91,4.2,0.21
7.6,8.38,4.1,0.17,7.76,9.86,4.3,0.22,7.69,9.91,4.2,0.21,7.67,8.96,3.1,0.2
7.61,7.48,2.5,0.17,7.69,9.91,4.2,0.21,7.67,8.96,3.1,0.2,7.65,8.36,2.3,0.19
7.44,6.68,3.0,0.2,7.67,8.96,3.1,0.2,7.65,8.36,2.3,0.19,7.6,8.38,4.1,0.17
7.46,7.34,2.6,0.23,7.65,8.36,2.3,0.19,7.6,8.38,4.1,0.17,7.61,7.48,2.5,0.17
7.45,6.02,5.5,0.34,7.6,8.38,4.1,0.17,7.61,7.48,2.5,0.17,7.44,6.68,3.0,0.2
7.5,6.2,3.3,0.17,7.61,7.48,2.5,0.17,7.44,6.68,3.0,0.2,7.46,7.34,2.6,0.23
7.62,6.65,2.0,0.16,7.44,6.68,3.0,0.2,7.46,7.34,2.6,0.23,7.45,6.02,5.5,0.34
7.71,6.66,2.1,0.15,7.46,7.34,2.6,0.23,7.45,6.02,5.5,0.34,7.5,6.2,3.3,0.17
7.75,6.45,2.0,0.17,7.45,6.02,5.5,0.34,7.5,6.2,3.3,0.17,7.62,6.65,2.0,0.16
7.47,6.57,1.5,0.13,7.5,6.2,3.3,0.17,7.62,6.65,2.0,0.16,7.71,6.66,2.1,0.15
7.25,6.61,2.1,0.08,7.62,6.65,2.0,0.16,7.71,6.66,2.1,0.15,7.75,6.45,2.0,0.17
7.18,7.16,1.9,0.08,7.71,6.66,2.1,0.15,7.75,6.45,2.0,0.17,7.47,6.57,1.5,0.13
7.34,6.59,1.8,0.08,7.75,6.45,2.0,0.17,7.47,6.57,1.5,0.13,7.25,6.61,2.1,0.08
7.44,6.32,2.3,0.07,7.47,6.57,1.5,0.13,7.25,6.61,2.1,0.08,7.18,7.16,1.9,0.08
7.59,6.82,2.1,0.14,7.25,6.61,2.1,0.08,7.18,7.16,1.9,0.08,7.34,6.59,1.8,0.08
7.31,6.38,2.9,0.15,7.18,7.16,1.9,0.08,7.34,6.59,1.8,0.08,7.44,6.32,2.3,0.07
7.42,6.86,1.9,0.14,7.34,6.59,1.8,0.08,7.44,6.32,2.3,0.07,7.59,6.82,2.1,0.14
7.21,7.2,2.8,0.13,7.44,6.32,2.3,0.07,7.59,6.82,2.1,0.14,7.31,6.38,2.9,0.15
7.17,7.47,2.4,0.12,7.59,6.82,2.1,0.14,7.31,6.38,2.9,0.15,7.42,6.86,1.9,0.14
8.31,7.37,1.7,0.1,7.31,6.38,2.9,0.15,7.42,6.86,1.9,0.14,7.21,7.2,2.8,0.13
8.19,6.62,1.9,0.11,7.42,6.86,1.9,0.14,7.21,7.2,2.8,0.13,7.17,7.47,2.4,0.12
7.64,7.39,2.3,0.11,7.21,7.2,2.8,0.13,7.17,7.47,2.4,0.12,8.31,7.37,1.7,0.1
7.44,6.83,1.8,0.12,7.17,7.47,2.4,0.12,8.31,7.37,1.7,0.1,8.19,6.62,1.9,0.11
7.53,6.81,2.1,0.11,8.31,7.37,1.7,0.1,8.19,6.62,1.9,0.11,7.64,7.39,2.3,0.11
7.31,7.19,1.8,0.12,8.19,6.62,1.9,0.11,7.64,7.39,2.3,0.11,7.44,6.83,1.8,0.12
7.01,7.73,2.4,0.11,7.64,7.39,2.3,0.11,7.44,6.83,1.8,0.12,7.53,6.81,2.1,0.11
7.51,8.14,1.4,0.07,7.44,6.83,1.8,0.12,7.53,6.81,2.1,0.11,7.31,7.19,1.8,0.12
7.27,8.17,2.3,0.14,7.53,6.81,2.1,0.11,7.31,7.19,1.8,0.12,7.01,7.73,2.4,0.11
7.16,8.46,3.6,0.22,7.31,7.19,1.8,0.12,7.01,7.73,2.4,0.11,7.51,8.14,1.4,0.07
7.31,8.23,4.5,0.3,7.01,7.73,2.4,0.11,7.51,8.14,1.4,0.07,7.27,8.17,2.3,0.14
7.38,7.49,3.5,0.29,7.51,8.14,1.4,0.07,7.27,8.17,2.3,0.14,7.16,8.46,3.6,0.22
7.7,9.42,3.5,0.28,7.27,8.17,2.3,0.14,7.16,8.46,3.6,0.22,7.31,8.23,4.5,0.3
7.31,9.83,4.3,0.24,7.16,8.46,3.6,0.22,7.31,8.23,4.5,0.3,7.38,7.49,3.5,0.29
7.08,9.74,3.3,0.25,7.31,8.23,4.5,0.3,7.38,7.49,3.5,0.29,7.7,9.42,3.5,0.28
7.6,10.7,3.8,0.27,7.38,7.49,3.5,0.29,7.7,9.42,3.5,0.28,7.31,9.83,4.3,0.24
7.61,11.1,3.3,0.33,7.7,9.42,3.5,0.28,7.31,9.83,4.3,0.24,7.08,9.74,3.3,0.25
7.53,11.3,4.1,0.38,7.31,9.83,4.3,0.24,7.08,9.74,3.3,0.25,7.6,10.7,3.8,0.27
7.46,10.5,4.6,0.34,7.08,9.74,3.3,0.25,7.6,10.7,3.8,0.27,7.61,11.1,3.3,0.33
6.91,10.8,3.4,0.31,7.6,10.7,3.8,0.27,7.61,11.1,3.3,0.33,7.53,11.3,4.1,0.38
7.69,11.3,2.2,0.27,7.61,11.1,3.3,0.33,7.53,11.3,4.1,0.38,7.46,10.5,4.6,0.34
7.77,11.6,1.5,0.23,7.53,11.3,4.1,0.38,7.46,10.5,4.6,0.34,6.91,10.8,3.4,0.31
7.7,11.4,2.5,0.31,7.46,10.5,4.6,0.34,6.91,10.8,3.4,0.31,7.69,11.3,2.2,0.27
7.62,12.0,2.2,0.25,6.91,10.8,3.4,0.31,7.69,11.3,2.2,0.27,7.77,11.6,1.5,0.23
7.86,12.3,1.4,0.2,7.69,11.3,2.2,0.27,7.77,11.6,1.5,0.23,7.7,11.4,2.5,0.31
7.71,11.3,2.4,0.29,7.77,11.6,1.5,0.23,7.7,11.4,2.5,0.31,7.62,12.0,2.2,0.25
7.72,12.3,2.6,0.27,7.7,11.4,2.5,0.31,7.62,12.0,2.2,0.25,7.86,12.3,1.4,0.2
7.89,11.7,2.0,0.27,7.62,12.0,2.2,0.25,7.86,12.3,1.4,0.2,7.71,11.3,2.4,0.29
7.58,9.93,2.0,0.25,7.86,12.3,1.4,0.2,7.71,11.3,2.4,0.29,7.72,12.3,2.6,0.27
8.07,9.94,1.9,0.21,7.71,11.3,2.4,0.29,7.72,12.3,2.6,0.27,7.89,11.7,2.0,0.27
7.99,9.52,2.4,0.24,7.72,12.3,2.6,0.27,7.89,11.7,2.0,0.27,7.58,9.93,2.0,0.25
7.5,8.68,2.3,0.2,7.89,11.7,2.0,0.27,7.58,9.93,2.0,0.25,8.07,9.94,1.9,0.21
7.53,7.63,2.3,0.18,7.58,9.93,2.0,0.25,8.07,9.94,1.9,0.21,7.99,9.52,2.4,0.24
7.47,7.87,3.0,0.2,8.07,9.94,1.9,0.21,7.99,9.52,2.4,0.24,7.5,8.68,2.3,0.2
7.71,7.76,2.6,0.16,7.99,9.52,2.4,0.24,7.5,8.68,2.3,0.2,7.53,7.63,2.3,0.18
7.348628808864261,8.515027700831029,2.8885041551246506,0.260387811634349,7.5,8.68,2.3,0.2,7.53,7.63,2.3,0.18,7.47,7.87,3.0,0.2
7.1,7.61,1.9,0.18,7.53,7.63,2.3,0.18,7.47,7.87,3.0,0.2,7.71,7.76,2.6,0.16
7.73,8.02,2.5,0.19,7.47,7.87,3.0,0.2,7.71,7.76,2.6,0.16,7.348628808864261,8.515027700831029,2.8885041551246506,0.260387811634349
7.31,8.3,2.0,0.2,7.71,7.76,2.6,0.16,7.348628808864261,8.515027700831029,2.8885041551246506,0.260387811634349,7.1,7.61,1.9,0.18
7.34,8.32,1.5,0.2,7.348628808864261,8.515027700831029,2.8885041551246506,0.260387811634349,7.1,7.61,1.9,0.18,7.73,8.02,2.5,0.19
7.66,7.87,1.9,0.15,7.1,7.61,1.9,0.18,7.73,8.02,2.5,0.19,7.31,8.3,2.0,0.2
7.45,7.58,1.9,0.15,7.73,8.02,2.5,0.19,7.31,8.3,2.0,0.2,7.34,8.32,1.5,0.2
7.48,6.91,2.2,0.16,7.31,8.3,2.0,0.2,7.34,8.32,1.5,0.2,7.66,7.87,1.9,0.15
7.4,6.71,1.8,0.16,7.34,8.32,1.5,0.2,7.66,7.87,1.9,0.15,7.45,7.58,1.9,0.15
7.75,6.98,2.0,0.14,7.66,7.87,1.9,0.15,7.45,7.58,1.9,0.15,7.48,6.91,2.2,0.16
7.23,6.59,1.7,0.13,7.45,7.58,1.9,0.15,7.48,6.91,2.2,0.16,7.4,6.71,1.8,0.16
7.39,7.99,1.8,0.14,7.48,6.91,2.2,0.16,7.4,6.71,1.8,0.16,7.75,6.98,2.0,0.14
7.4,7.91,1.8,0.14,7.4,6.71,1.8,0.16,7.75,6.98,2.0,0.14,7.23,6.59,1.7,0.13
7.21,6.72,1.7,0.14,7.75,6.98,2.0,0.14,7.23,6.59,1.7,0.13,7.39,7.99,1.8,0.14
7.1,6.86,1.6,0.15,7.23,6.59,1.7,0.13,7.39,7.99,1.8,0.14,7.4,7.91,1.8,0.14
7.47,6.49,1.4,0.14,7.39,7.99,1.8,0.14,7.4,7.91,1.8,0.14,7.21,6.72,1.7,0.14
7.58,6.46,1.7,0.15,7.4,7.91,1.8,0.14,7.21,6.72,1.7,0.14,7.1,6.86,1.6,0.15
7.5,7.11,1.9,0.16,7.21,6.72,1.7,0.14,7.1,6.86,1.6,0.15,7.47,6.49,1.4,0.14
7.71,6.32,1.6,0.16,7.1,6.86,1.6,0.15,7.47,6.49,1.4,0.14,7.58,6.46,1.7,0.15
7.27,7.73,2.1,0.19,7.47,6.49,1.4,0.14,7.58,6.46,1.7,0.15,7.5,7.11,1.9,0.16
7.45,9.25,2.1,0.21,7.58,6.46,1.7,0.15,7.5,7.11,1.9,0.16,7.71,6.32,1.6,0.16
7.83,9.14,2.1,0.32,7.5,7.11,1.9,0.16,7.71,6.32,1.6,0.16,7.27,7.73,2.1,0.19
7.58,8.53,3.0,0.35,7.71,6.32,1.6,0.16,7.27,7.73,2.1,0.19,7.45,9.25,2.1,0.21
7.54,8.48,4.1,0.37,7.27,7.73,2.1,0.19,7.45,9.25,2.1,0.21,7.83,9.14,2.1,0.32
7.7,7.93,3.2,0.31,7.45,9.25,2.1,0.21,7.83,9.14,2.1,0.32,7.58,8.53,3.0,0.35
7.42,8.76,3.9,0.34,7.83,9.14,2.1,0.32,7.58,8.53,3.0,0.35,7.54,8.48,4.1,0.37
7.56,9.33,4.2,0.4,7.58,8.53,3.0,0.35,7.54,8.48,4.1,0.37,7.7,7.93,3.2,0.31
7.04,8.99,6.0,0.37,7.54,8.48,4.1,0.37,7.7,7.93,3.2,0.31,7.42,8.76,3.9,0.34
7.36,9.02,5.6,0.3,7.7,7.93,3.2,0.31,7.42,8.76,3.9,0.34,7.56,9.33,4.2,0.4
7.89,9.97,4.0,0.27,7.42,8.76,3.9,0.34,7.56,9.33,4.2,0.4,7.04,8.99,6.0,0.37
7.35,10.3,3.4,0.2,7.56,9.33,4.2,0.4,7.04,8.99,6.0,0.37,7.36,9.02,5.6,0.3
7.73,10.6,2.2,0.18,7.04,8.99,6.0,0.37,7.36,9.02,5.6,0.3,7.89,9.97,4.0,0.27
7.34,9.85,2.2,0.2,7.36,9.02,5.6,0.3,7.89,9.97,4.0,0.27,7.35,10.3,3.4,0.2
7.61,10.5,2.6,0.33,7.89,9.97,4.0,0.27,7.35,10.3,3.4,0.2,7.73,10.6,2.2,0.18
7.49,10.8,2.5,0.32,7.35,10.3,3.4,0.2,7.73,10.6,2.2,0.18,7.34,9.85,2.2,0.2
7.348628808864261,8.515027700831029,2.8885041551246506,0.260387811634349,7.73,10.6,2.2,0.18,7.34,9.85,2.2,0.2,7.61,10.5,2.6,0.33
7.65,11.3,2.9,0.44,7.34,9.85,2.2,0.2,7.61,10.5,2.6,0.33,7.49,10.8,2.5,0.32
7.74,11.6,3.1,0.41,7.61,10.5,2.6,0.33,7.49,10.8,2.5,0.32,7.348628808864261,8.515027700831029,2.8885041551246506,0.260387811634349
7.6,11.2,2.5,0.39,7.49,10.8,2.5,0.32,7.348628808864261,8.515027700831029,2.8885041551246506,0.260387811634349,7.65,11.3,2.9,0.44
7.57,10.8,2.2,0.4,7.348628808864261,8.515027700831029,2.8885041551246506,0.260387811634349,7.65,11.3,2.9,0.44,7.74,11.6,3.1,0.41
7.82,10.6,2.3,0.52,7.65,11.3,2.9,0.44,7.74,11.6,3.1,0.41,7.6,11.2,2.5,0.39
7.54,10.1,2.0,0.37,7.74,11.6,3.1,0.41,7.6,11.2,2.5,0.39,7.57,10.8,2.2,0.4
7.46,10.2,1.3,0.24,7.6,11.2,2.5,0.39,7.57,10.8,2.2,0.4,7.82,10.6,2.3,0.52
7.26,10.5,1.7,0.29,7.57,10.8,2.2,0.4,7.82,10.6,2.3,0.52,7.54,10.1,2.0,0.37
7.1,9.39,2.7,0.36,7.82,10.6,2.3,0.52,7.54,10.1,2.0,0.37,7.46,10.2,1.3,0.24
7.3,10.6,2.5,0.3,7.54,10.1,2.0,0.37,7.46,10.2,1.3,0.24,7.26,10.5,1.7,0.29
7.37,11.8,2.4,0.31,7.46,10.2,1.3,0.24,7.26,10.5,1.7,0.29,7.1,9.39,2.7,0.36
7.36,11.5,1.7,0.3,7.26,10.5,1.7,0.29,7.1,9.39,2.7,0.36,7.3,10.6,2.5,0.3
7.57,11.8,1.6,0.2,7.1,9.39,2.7,0.36,7.3,10.6,2.5,0.3,7.37,11.8,2.4,0.31
7.93,12.4,1.7,0.2,7.3,10.6,2.5,0.3,7.37,11.8,2.4,0.31,7.36,11.5,1.7,0.3
7.37,10.4,2.1,0.21,7.37,11.8,2.4,0.31,7.36,11.5,1.7,0.3,7.57,11.8,1.6,0.2
7.58,8.28,1.6,0.32,7.36,11.5,1.7,0.3,7.57,11.8,1.6,0.2,7.93,12.4,1.7,0.2
7.4,8.03,2.0,0.34,7.57,11.8,1.6,0.2,7.93,12.4,1.7,0.2,7.37,10.4,2.1,0.21
7.24,7.9,3.0,0.36,7.93,12.4,1.7,0.2,7.37,10.4,2.1,0.21,7.58,8.28,1.6,0.32
7.32,7.58,2.2,0.32,7.37,10.4,2.1,0.21,7.58,8.28,1.6,0.32,7.4,8.03,2.0,0.34
7.37,7.38,2.1,0.36,7.58,8.28,1.6,0.32,7.4,8.03,2.0,0.34,7.24,7.9,3.0,0.36
7.32,7.1,1.4,0.38,7.4,8.03,2.0,0.34,7.24,7.9,3.0,0.36,7.32,7.58,2.2,0.32
7.25,6.51,4.3,0.43,7.24,7.9,3.0,0.36,7.32,7.58,2.2,0.32,7.37,7.38,2.1,0.36
7.34,7.77,4.0,0.4,7.32,7.58,2.2,0.32,7.37,7.38,2.1,0.36,7.32,7.1,1.4,0.38
7.5,8.74,3.1,0.33,7.37,7.38,2.1,0.36,7.32,7.1,1.4,0.38,7.25,6.51,4.3,0.43
7.27,8.53,2.1,0.3,7.32,7.1,1.4,0.38,7.25,6.51,4.3,0.43,7.34,7.77,4.0,0.4
7.19,8.21,1.5,0.29,7.25,6.51,4.3,0.43,7.34,7.77,4.0,0.4,7.5,8.74,3.1,0.33
7.31,7.83,1.7,0.28,7.34,7.77,4.0,0.4,7.5,8.74,3.1,0.33,7.27,8.53,2.1,0.3
7.59,7.13,2.3,0.27,7.5,8.74,3.1,0.33,7.27,8.53,2.1,0.3,7.19,8.21,1.5,0.29
7.98,6.84,1.8,0.26,7.27,8.53,2.1,0.3,7.19,8.21,1.5,0.29,7.31,7.83,1.7,0.28
7.87,7.1,2.3,0.27,7.19,8.21,1.5,0.29,7.31,7.83,1.7,0.28,7.59,7.13,2.3,0.27
7.77,7.56,2.2,0.26,7.31,7.83,1.7,0.28,7.59,7.13,2.3,0.27,7.98,6.84,1.8,0.26
7.8,7.8,2.3,0.27,7.59,7.13,2.3,0.27,7.98,6.84,1.8,0.26,7.87,7.1,2.3,0.27
8.04,7.41,1.5,0.27,7.98,6.84,1.8,0.26,7.87,7.1,2.3,0.27,7.77,7.56,2.2,0.26
7.57,7.88,2.2,0.24,7.87,7.1,2.3,0.27,7.77,7.56,2.2,0.26,7.8,7.8,2.3,0.27
7.4,7.5,1.8,0.25,7.77,7.56,2.2,0.26,7.8,7.8,2.3,0.27,8.04,7.41,1.5,0.27
7.61,8.74,3.4,0.21,7.8,7.8,2.3,0.27,8.04,7.41,1.5,0.27,7.57,7.88,2.2,0.24
7.53,8.69,3.3,0.18,8.04,7.41,1.5,0.27,7.57,7.88,2.2,0.24,7.4,7.5,1.8,0.25
7.65,9.83,3.1,0.17,7.57,7.88,2.2,0.24,7.4,7.5,1.8,0.25,7.61,8.74,3.4,0.21
7.69,9.55,3.0,0.18,7.4,7.5,1.8,0.25,7.61,8.74,3.4,0.21,7.53,8.69,3.3,0.18
7.93,8.63,2.8,0.18,7.61,8.74,3.4,0.21,7.53,8.69,3.3,0.18,7.65,9.83,3.1,0.17
7.72,9.52,3.1,0.21,7.53,8.69,3.3,0.18,7.65,9.83,3.1,0.17,7.69,9.55,3.0,0.18
7.76,10.4,3.5,0.34,7.65,9.83,3.1,0.17,7.69,9.55,3.0,0.18,7.93,8.63,2.8,0.18
7.4,9.12,5.0,0.38,7.69,9.55,3.0,0.18,7.93,8.63,2.8,0.18,7.72,9.52,3.1,0.21
7.23,8.97,5.0,0.37,7.93,8.63,2.8,0.18,7.72,9.52,3.1,0.21,7.76,10.4,3.5,0.34
7.06,9.33,5.1,0.44,7.72,9.52,3.1,0.21,7.76,10.4,3.5,0.34,7.4,9.12,5.0,0.38
7.42,10.4,4.2,0.38,7.76,10.4,3.5,0.34,7.4,9.12,5.0,0.38,7.23,8.97,5.0,0.37
7.71,10.9,4.0,0.42,7.4,9.12,5.0,0.38,7.23,8.97,5.0,0.37,7.06,9.33,5.1,0.44
7.63,11.4,4.5,0.44,7.23,8.97,5.0,0.37,7.06,9.33,5.1,0.44,7.42,10.4,4.2,0.38
7.46,10.9,4.9,0.46,7.06,9.33,5.1,0.44,7.42,10.4,4.2,0.38,7.71,10.9,4.0,0.42
7.09,10.6,5.2,0.53,7.42,10.4,4.2,0.38,7.71,10.9,4.0,0.42,7.63,11.4,4.5,0.44
7.83,11.5,3.9,0.52,7.71,10.9,4.0,0.42,7.63,11.4,4.5,0.44,7.46,10.9,4.9,0.46
7.86,11.8,3.5,0.65,7.63,11.4,4.5,0.44,7.46,10.9,4.9,0.46,7.09,10.6,5.2,0.53
8.08,12.2,3.7,0.81,7.46,10.9,4.9,0.46,7.09,10.6,5.2,0.53,7.83,11.5,3.9,0.52
7.71,12.7,3.3,0.64,7.09,10.6,5.2,0.53,7.83,11.5,3.9,0.52,7.86,11.8,3.5,0.65
7.5,12.4,3.2,0.54,7.83,11.5,3.9,0.52,7.86,11.8,3.5,0.65,8.08,12.2,3.7,0.81
7.27,12.1,3.2,0.4,7.86,11.8,3.5,0.65,8.08,12.2,3.7,0.81,7.71,12.7,3.3,0.64
6.88,13.2,2.4,0.51,8.08,12.2,3.7,0.81,7.71,12.7,3.3,0.64,7.5,12.4,3.2,0.54
7.348628808864261,8.515027700831029,2.8885041551246506,0.260387811634349,7.71,12.7,3.3,0.64,7.5,12.4,3.2,0.54,7.27,12.1,3.2,0.4
6.86,9.82,2.3,0.45,7.5,12.4,3.2,0.54,7.27,12.1,3.2,0.4,6.88,13.2,2.4,0.51
7.65,10.4,1.3,0.11,7.27,12.1,3.2,0.4,6.88,13.2,2.4,0.51,7.348628808864261,8.515027700831029,2.8885041551246506,0.260387811634349
7.9,9.05,1.8,0.19,6.88,13.2,2.4,0.51,7.348628808864261,8.515027700831029,2.8885041551246506,0.260387811634349,6.86,9.82,2.3,0.45
7.61,9.39,3.5,0.25,7.348628808864261,8.515027700831029,2.8885041551246506,0.260387811634349,6.86,9.82,2.3,0.45,7.65,10.4,1.3,0.11
7.34,7.38,4.5,0.12,6.86,9.82,2.3,0.45,7.65,10.4,1.3,0.11,7.9,9.05,1.8,0.19
7.15,7.99,3.4,0.07,7.65,10.4,1.3,0.11,7.9,9.05,1.8,0.19,7.61,9.39,3.5,0.25
7.59,8.98,2.5,0.03,7.9,9.05,1.8,0.19,7.61,9.39,3.5,0.25,7.34,7.38,4.5,0.12
7.23,7.98,3.1,0.06,7.61,9.39,3.5,0.25,7.34,7.38,4.5,0.12,7.15,7.99,3.4,0.07
7.43,8.84,3.5,0.11,7.34,7.38,4.5,0.12,7.15,7.99,3.4,0.07,7.59,8.98,2.5,0.03
7.29,8.6,3.6,0.17,7.15,7.99,3.4,0.07,7.59,8.98,2.5,0.03,7.23,7.98,3.1,0.06
7.31,9.14,3.3,0.15,7.59,8.98,2.5,0.03,7.23,7.98,3.1,0.06,7.43,8.84,3.5,0.11
7.35,9.4,3.2,0.15,7.23,7.98,3.1,0.06,7.43,8.84,3.5,0.11,7.29,8.6,3.6,0.17
8.07,8.73,2.2,0.19,7.43,8.84,3.5,0.11,7.29,8.6,3.6,0.17,7.31,9.14,3.3,0.15
8.16,9.06,2.3,0.18,7.29,8.6,3.6,0.17,7.31,9.14,3.3,0.15,7.35,9.4,3.2,0.15
8.59,8.99,2.1,0.18,7.31,9.14,3.3,0.15,7.35,9.4,3.2,0.15,8.07,8.73,2.2,0.19
8.29,8.3,2.5,0.2,7.35,9.4,3.2,0.15,8.07,8.73,2.2,0.19,8.16,9.06,2.3,0.18
7.91,8.67,2.9,0.19,8.07,8.73,2.2,0.19,8.16,9.06,2.3,0.18,8.59,8.99,2.1,0.18
7.24,7.95,2.9,0.2,8.16,9.06,2.3,0.18,8.59,8.99,2.1,0.18,8.29,8.3,2.5,0.2
7.5,12.3,2.9,0.19,8.59,8.99,2.1,0.18,8.29,8.3,2.5,0.2,7.91,8.67,2.9,0.19
8.62,20.4,2.8,0.18,8.29,8.3,2.5,0.2,7.91,8.67,2.9,0.19,7.24,7.95,2.9,0.2
7.56,7.15,2.6,0.18,7.91,8.67,2.9,0.19,7.24,7.95,2.9,0.2,7.5,12.3,2.9,0.19
7.84,8.9,2.5,0.2,7.24,7.95,2.9,0.2,7.5,12.3,2.9,0.19,8.62,20.4,2.8,0.18
7.9,8.57,2.6,0.2,7.5,12.3,2.9,0.19,8.62,20.4,2.8,0.18,7.56,7.15,2.6,0.18
7.5,8.82,2.5,0.2,8.62,20.4,2.8,0.18,7.56,7.15,2.6,0.18,7.84,8.9,2.5,0.2
7.45,8.63,2.5,0.21,7.56,7.15,2.6,0.18,7.84,8.9,2.5,0.2,7.9,8.57,2.6,0.2
7.26,8.43,2.5,0.2,7.84,8.9,2.5,0.2,7.9,8.57,2.6,0.2,7.5,8.82,2.5,0.2
7.15,8.44,2.3,0.2,7.9,8.57,2.6,0.2,7.5,8.82,2.5,0.2,7.45,8.63,2.5,0.21
7.39,8.44,2.3,0.2,7.5,8.82,2.5,0.2,7.45,8.63,2.5,0.21,7.26,8.43,2.5,0.2
7.22,9.68,2.3,0.19,7.45,8.63,2.5,0.21,7.26,8.43,2.5,0.2,7.15,8.44,2.3,0.2
7.68,9.12,2.4,0.22,7.26,8.43,2.5,0.2,7.15,8.44,2.3,0.2,7.39,8.44,2.3,0.2
8.17,8.31,2.2,0.21,7.15,8.44,2.3,0.2,7.39,8.44,2.3,0.2,7.22,9.68,2.3,0.19
8.14,7.27,2.2,0.19,7.39,8.44,2.3,0.2,7.22,9.68,2.3,0.19,7.68,9.12,2.4,0.22
8.01,7.27,2.5,0.2,7.22,9.68,2.3,0.19,7.68,9.12,2.4,0.22,8.17,8.31,2.2,0.21
7.92,8.19,2.6,0.22,7.68,9.12,2.4,0.22,8.17,8.31,2.2,0.21,8.14,7.27,2.2,0.19
7.88,8.9,2.6,0.25,8.17,8.31,2.2,0.21,8.14,7.27,2.2,0.19,8.01,7.27,2.5,0.2
7.73,9.94,2.5,0.27,8.14,7.27,2.2,0.19,8.01,7.27,2.5,0.2,7.92,8.19,2.6,0.22
7.58,7.62,2.6,0.29,8.01,7.27,2.5,0.2,7.92,8.19,2.6,0.22,7.88,8.9,2.6,0.25
7.37,7.95,2.8,0.35,7.92,8.19,2.6,0.22,7.88,8.9,2.6,0.25,7.73,9.94,2.5,0.27
7.05,9.71,2.0,0.36,7.88,8.9,2.6,0.25,7.73,9.94,2.5,0.27,7.58,7.62,2.6,0.29
7.1,10.1,3.8,0.28,7.73,9.94,2.5,0.27,7.58,7.62,2.6,0.29,7.37,7.95,2.8,0.35
7.65,9.93,3.2,0.25,7.58,7.62,2.6,0.29,7.37,7.95,2.8,0.35,7.05,9.71,2.0,0.36
7.65,9.93,3.2,0.25,7.37,7.95,2.8,0.35,7.05,9.71,2.0,0.36,7.1,10.1,3.8,0.28
7.49,11.2,3.9,0.28,7.05,9.71,2.0,0.36,7.1,10.1,3.8,0.28,7.65,9.93,3.2,0.25
7.43,10.8,3.3,0.29,7.1,10.1,3.8,0.28,7.65,9.93,3.2,0.25,7.65,9.93,3.2,0.25
7.3,10.7,2.3,0.33,7.65,9.93,3.2,0.25,7.65,9.93,3.2,0.25,7.49,11.2,3.9,0.28
7.29,12.6,2.4,0.36,7.65,9.93,3.2,0.25,7.49,11.2,3.9,0.28,7.43,10.8,3.3,0.29
7.43,12.9,2.1,0.42,7.49,11.2,3.9,0.28,7.43,10.8,3.3,0.29,7.3,10.7,2.3,0.33
7.87,11.4,2.1,0.37,7.43,10.8,3.3,0.29,7.3,10.7,2.3,0.33,7.29,12.6,2.4,0.36
7.6,10.7,2.0,0.4,7.3,10.7,2.3,0.33,7.29,12.6,2.4,0.36,7.43,12.9,2.1,0.42
7.28,11.1,1.9,0.43,7.29,12.6,2.4,0.36,7.43,12.9,2.1,0.42,7.87,11.4,2.1,0.37
7.31,10.7,1.3,0.41,7.43,12.9,2.1,0.42,7.87,11.4,2.1,0.37,7.6,10.7,2.0,0.4
7.36,10.6,1.5,0.38,7.87,11.4,2.1,0.37,7.6,10.7,2.0,0.4,7.28,11.1,1.9,0.43
7.22,9.86,2.3,0.4,7.6,10.7,2.0,0.4,7.28,11.1,1.9,0.43,7.31,10.7,1.3,0.41
7.23,10.3,2.2,0.43,7.28,11.1,1.9,0.43,7.31,10.7,1.3,0.41,7.36,10.6,1.5,0.38
7.72,12.0,3.0,0.47,7.31,10.7,1.3,0.41,7.36,10.6,1.5,0.38,7.22,9.86,2.3,0.4
7.58,11.4,3.5,0.42,7.36,10.6,1.5,0.38,7.22,9.86,2.3,0.4,7.23,10.3,2.2,0.43
7.6,11.1,3.4,0.35,7.22,9.86,2.3,0.4,7.23,10.3,2.2,0.43,7.72,12.0,3.0,0.47
7.44,11.8,2.9,0.27,7.23,10.3,2.2,0.43,7.72,12.0,3.0,0.47,7.58,11.4,3.5,0.42
7.28,10.2,2.6,0.25,7.72,12.0,3.0,0.47,7.58,11.4,3.5,0.42,7.6,11.1,3.4,0.35
7.41,10.4,2.9,0.26,7.58,11.4,3.5,0.42,7.6,11.1,3.4,0.35,7.44,11.8,2.9,0.27
7.3,9.35,3.0,0.22,7.6,11.1,3.4,0.35,7.44,11.8,2.9,0.27,7.28,10.2,2.6,0.25
7.37,8.37,3.0,0.2,7.44,11.8,2.9,0.27,7.28,10.2,2.6,0.25,7.41,10.4,2.9,0.26
7.45,9.59,3.0,0.24,7.28,10.2,2.6,0.25,7.41,10.4,2.9,0.26,7.3,9.35,3.0,0.22
7.45,8.24,3.0,0.23,7.41,10.4,2.9,0.26,7.3,9.35,3.0,0.22,7.37,8.37,3.0,0.2
7.48,8.5,2.8,0.18,7.3,9.35,3.0,0.22,7.37,8.37,3.0,0.2,7.45,9.59,3.0,0.24
7.53,8.16,2.7,0.16,7.37,8.37,3.0,0.2,7.45,9.59,3.0,0.24,7.45,8.24,3.0,0.23
7.43,7.57,2.6,0.19,7.45,9.59,3.0,0.24,7.45,8.24,3.0,0.23,7.48,8.5,2.8,0.18
7.5,7.59,2.7,0.2,7.45,8.24,3.0,0.23,7.48,8.5,2.8,0.18,7.53,8.16,2.7,0.16
7.34,7.38,2.6,0.17,7.48,8.5,2.8,0.18,7.53,8.16,2.7,0.16,7.43,7.57,2.6,0.19
7.41,7.3,2.4,0.18,7.53,8.16,2.7,0.16,7.43,7.57,2.6,0.19,7.5,7.59,2.7,0.2
7.52,7.54,2.6,0.18,7.43,7.57,2.6,0.19,7.5,7.59,2.7,0.2,7.34,7.38,2.6,0.17
7.46,6.86,2.6,0.18,7.5,7.59,2.7,0.2,7.34,7.38,2.6,0.17,7.41,7.3,2.4,0.18
7.54,6.96,2.4,0.24,7.34,7.38,2.6,0.17,7.41,7.3,2.4,0.18,7.52,7.54,2.6,0.18
7.44,6.67,2.3,0.25,7.41,7.3,2.4,0.18,7.52,7.54,2.6,0.18,7.46,6.86,2.6,0.18
7.33,6.3,2.2,0.23,7.52,7.54,2.6,0.18,7.46,6.86,2.6,0.18,7.54,6.96,2.4,0.24
7.46,6.42,2.4,0.23,7.46,6.86,2.6,0.18,7.54,6.96,2.4,0.24,7.44,6.67,2.3,0.25
7.46,6.8,2.6,0.13,7.54,6.96,2.4,0.24,7.44,6.67,2.3,0.25,7.33,6.3,2.2,0.23
7.9,7.2,2.6,0.11,7.44,6.67,2.3,0.25,7.33,6.3,2.2,0.23,7.46,6.42,2.4,0.23
7.72,6.76,2.7,0.09,7.33,6.3,2.2,0.23,7.46,6.42,2.4,0.23,7.46,6.8,2.6,0.13
7.63,6.44,2.7,0.14,7.46,6.42,2.4,0.23,7.46,6.8,2.6,0.13,7.9,7.2,2.6,0.11
7.74,6.75,2.8,0.18,7.46,6.8,2.6,0.13,7.9,7.2,2.6,0.11,7.72,6.76,2.7,0.09
7.75,6.65,2.8,0.19,7.9,7.2,2.6,0.11,7.72,6.76,2.7,0.09,7.63,6.44,2.7,0.14
7.89,7.04,3.1,0.18,7.72,6.76,2.7,0.09,7.63,6.44,2.7,0.14,7.74,6.75,2.8,0.18
7.69,7.22,3.1,0.14,7.63,6.44,2.7,0.14,7.74,6.75,2.8,0.18,7.75,6.65,2.8,0.19
7.61,7.29,2.8,0.17,7.74,6.75,2.8,0.18,7.75,6.65,2.8,0.19,7.89,7.04,3.1,0.18
7.87,7.37,2.7,0.2,7.75,6.65,2.8,0.19,7.89,7.04,3.1,0.18,7.69,7.22,3.1,0.14
7.73,7.32,3.2,0.2,7.89,7.04,3.1,0.18,7.69,7.22,3.1,0.14,7.61,7.29,2.8,0.17
7.98,7.27,3.8,0.26,7.69,7.22,3.1,0.14,7.61,7.29,2.8,0.17,7.87,7.37,2.7,0.2
7.92,7.13,3.8,0.27,7.61,7.29,2.8,0.17,7.87,7.37,2.7,0.2,7.73,7.32,3.2,0.2
7.49,7.26,3.9,0.4,7.87,7.37,2.7,0.2,7.73,7.32,3.2,0.2,7.98,7.27,3.8,0.26
7.69,7.93,4.0,0.35,7.73,7.32,3.2,0.2,7.98,7.27,3.8,0.26,7.92,7.13,3.8,0.27
7.78,8.58,3.8,0.25,7.98,7.27,3.8,0.26,7.92,7.13,3.8,0.27,7.49,7.26,3.9,0.4
7.81,11.2,3.1,0.37,7.92,7.13,3.8,0.27,7.49,7.26,3.9,0.4,7.69,7.93,4.0,0.35
7.71,10.7,2.5,0.34,7.49,7.26,3.9,0.4,7.69,7.93,4.0,0.35,7.78,8.58,3.8,0.25
7.4,10.4,2.2,0.3,7.69,7.93,4.0,0.35,7.78,8.58,3.8,0.25,7.81,11.2,3.1,0.37
7.3,10.2,2.4,0.34,7.78,8.58,3.8,0.25,7.81,11.2,3.1,0.37,7.71,10.7,2.5,0.34
7.54,10.9,3.1,0.27,7.81,11.2,3.1,0.37,7.71,10.7,2.5,0.34,7.4,10.4,2.2,0.3
7.348628808864261,8.515027700831029,2.8885041551246506,0.260387811634349,7.71,10.7,2.5,0.34,7.4,10.4,2.2,0.3,7.3,10.2,2.4,0.34
7.55,12.3,2.8,0.5,7.4,10.4,2.2,0.3,7.3,10.2,2.4,0.34,7.54,10.9,3.1,0.27
7.62,12.2,3.6,0.45,7.3,10.2,2.4,0.34,7.54,10.9,3.1,0.27,7.348628808864261,8.515027700831029,2.8885041551246506,0.260387811634349
7.48,11.5,3.5,0.37,7.54,10.9,3.1,0.27,7.348628808864261,8.515027700831029,2.8885041551246506,0.260387811634349,7.55,12.3,2.8,0.5
7.58,11.6,2.6,0.39,7.348628808864261,8.515027700831029,2.8885041551246506,0.260387811634349,7.55,12.3,2.8,0.5,7.62,12.2,3.6,0.45
7.52,11.4,1.9,0.32,7.55,12.3,2.8,0.5,7.62,12.2,3.6,0.45,7.48,11.5,3.5,0.37
7.56,10.8,1.6,0.39,7.62,12.2,3.6,0.45,7.48,11.5,3.5,0.37,7.58,11.6,2.6,0.39
7.7,9.55,1.9,0.27,7.48,11.5,3.5,0.37,7.58,11.6,2.6,0.39,7.52,11.4,1.9,0.32
8.08,10.6,1.3,0.36,7.58,11.6,2.6,0.39,7.52,11.4,1.9,0.32,7.56,10.8,1.6,0.39
7.45,9.45,1.8,0.23,7.52,11.4,1.9,0.32,7.56,10.8,1.6,0.39,7.7,9.55,1.9,0.27
7.45,9.75,1.5,0.26,7.56,10.8,1.6,0.39,7.7,9.55,1.9,0.27,8.08,10.6,1.3,0.36
7.41,11.5,1.8,0.3,7.7,9.55,1.9,0.27,8.08,10.6,1.3,0.36,7.45,9.45,1.8,0.23
7.17,9.52,2.2,0.23,8.08,10.6,1.3,0.36,7.45,9.45,1.8,0.23,7.45,9.75,1.5,0.26
7.25,8.59,2.8,0.24,7.45,9.45,1.8,0.23,7.45,9.75,1.5,0.26,7.41,11.5,1.8,0.3
7.2,8.93,2.9,0.25,7.45,9.75,1.5,0.26,7.41,11.5,1.8,0.3,7.17,9.52,2.2,0.23
7.27,8.11,2.5,0.23,7.41,11.5,1.8,0.3,7.17,9.52,2.2,0.23,7.25,8.59,2.8,0.24
7.14,9.65,2.0,0.17,7.17,9.52,2.2,0.23,7.25,8.59,2.8,0.24,7.2,8.93,2.9,0.25
7.36,8.67,2.5,0.2,7.25,8.59,2.8,0.24,7.2,8.93,2.9,0.25,7.27,8.11,2.5,0.23
7.28,9.19,2.3,0.16,7.2,8.93,2.9,0.25,7.27,8.11,2.5,0.23,7.14,9.65,2.0,0.17
7.16,9.38,2.5,0.13,7.27,8.11,2.5,0.23,7.14,9.65,2.0,0.17,7.36,8.67,2.5,0.2
7.13,8.55,2.3,0.23,7.14,9.65,2.0,0.17,7.36,8.67,2.5,0.2,7.28,9.19,2.3,0.16
7.02,7.04,2.4,0.22,7.36,8.67,2.5,0.2,7.28,9.19,2.3,0.16,7.16,9.38,2.5,0.13
7.26,8.16,1.9,0.16,7.28,9.19,2.3,0.16,7.16,9.38,2.5,0.13,7.13,8.55,2.3,0.23
7.35,8.11,1.8,0.15,7.16,9.38,2.5,0.13,7.13,8.55,2.3,0.23,7.02,7.04,2.4,0.22
7.33,7.75,1.9,0.14,7.13,8.55,2.3,0.23,7.02,7.04,2.4,0.22,7.26,8.16,1.9,0.16
7.32,7.95,2.4,0.14,7.02,7.04,2.4,0.22,7.26,8.16,1.9,0.16,7.35,8.11,1.8,0.15
7.26,7.73,2.5,0.15,7.26,8.16,1.9,0.16,7.35,8.11,1.8,0.15,7.33,7.75,1.9,0.14
7.23,7.88,2.3,0.13,7.35,8.11,1.8,0.15,7.33,7.75,1.9,0.14,7.32,7.95,2.4,0.14
7.57,7.49,2.0,0.13,7.33,7.75,1.9,0.14,7.32,7.95,2.4,0.14,7.26,7.73,2.5,0.15
7.35,7.01,2.0,0.16,7.32,7.95,2.4,0.14,7.26,7.73,2.5,0.15,7.23,7.88,2.3,0.13
7.34,6.58,2.1,0.13,7.26,7.73,2.5,0.15,7.23,7.88,2.3,0.13,7.57,7.49,2.0,0.13
7.07,6.13,2.2,0.15,7.23,7.88,2.3,0.13,7.57,7.49,2.0,0.13,7.35,7.01,2.0,0.16
7.11,6.97,1.8,0.1,7.57,7.49,2.0,0.13,7.35,7.01,2.0,0.16,7.34,6.58,2.1,0.13
7.42,7.8,2.0,0.09,7.35,7.01,2.0,0.16,7.34,6.58,2.1,0.13,7.07,6.13,2.2,0.15
7.33,8.4,2.1,0.09,7.34,6.58,2.1,0.13,7.07,6.13,2.2,0.15,7.11,6.97,1.8,0.1
7.11,8.51,2.6,0.09,7.07,6.13,2.2,0.15,7.11,6.97,1.8,0.1,7.42,7.8,2.0,0.09
7.12,8.51,2.4,0.07,7.11,6.97,1.8,0.1,7.42,7.8,2.0,0.09,7.33,8.4,2.1,0.09
7.38,7.73,2.4,0.04,7.42,7.8,2.0,0.09,7.33,8.4,2.1,0.09,7.11,8.51,2.6,0.09
7.3,7.25,2.4,0.08,7.33,8.4,2.1,0.09,7.11,8.51,2.6,0.09,7.12,8.51,2.4,0.07
7.1,7.91,2.8,0.12,7.11,8.51,2.6,0.09,7.12,8.51,2.4,0.07,7.38,7.73,2.4,0.04
7.15,8.3,2.5,0.18,7.12,8.51,2.4,0.07,7.38,7.73,2.4,0.04,7.3,7.25,2.4,0.08
7.18,8.8,2.6,0.18,7.38,7.73,2.4,0.04,7.3,7.25,2.4,0.08,7.1,7.91,2.8,0.12
7.14,8.75,2.6,0.2,7.3,7.25,2.4,0.08,7.1,7.91,2.8,0.12,7.15,8.3,2.5,0.18
7.22,9.1,2.8,0.19,7.1,7.91,2.8,0.12,7.15,8.3,2.5,0.18,7.18,8.8,2.6,0.18
7.58,10.2,3.3,0.22,7.15,8.3,2.5,0.18,7.18,8.8,2.6,0.18,7.14,8.75,2.6,0.2
7.44,9.14,3.2,0.28,7.18,8.8,2.6,0.18,7.14,8.75,2.6,0.2,7.22,9.1,2.8,0.19
7.348628808864261,8.515027700831029,2.8885041551246506,0.260387811634349,7.14,8.75,2.6,0.2,7.22,9.1,2.8,0.19,7.58,10.2,3.3,0.22
7.42,8.41,3.4,0.32,7.22,9.1,2.8,0.19,7.58,10.2,3.3,0.22,7.44,9.14,3.2,0.28
7.51,8.37,3.5,0.41,7.58,10.2,3.3,0.22,7.44,9.14,3.2,0.28,7.348628808864261,8.515027700831029,2.8885041551246506,0.260387811634349
7.45,7.75,3.3,0.22,7.44,9.14,3.2,0.28,7.348628808864261,8.515027700831029,2.8885041551246506,0.260387811634349,7.42,8.41,3.4,0.32
7.47,8.89,3.4,0.3,7.348628808864261,8.515027700831029,2.8885041551246506,0.260387811634349,7.42,8.41,3.4,0.32,7.51,8.37,3.5,0.41
7.63,9.06,3.0,0.42,7.42,8.41,3.4,0.32,7.51,8.37,3.5,0.41,7.45,7.75,3.3,0.22
7.68,9.7,2.7,0.3,7.51,8.37,3.5,0.41,7.45,7.75,3.3,0.22,7.47,8.89,3.4,0.3
7.74,10.4,2.3,0.29,7.45,7.75,3.3,0.22,7.47,8.89,3.4,0.3,7.63,9.06,3.0,0.42
7.82,10.8,3.3,0.36,7.47,8.89,3.4,0.3,7.63,9.06,3.0,0.42,7.68,9.7,2.7,0.3
7.96,10.2,3.1,0.15,7.63,9.06,3.0,0.42,7.68,9.7,2.7,0.3,7.74,10.4,2.3,0.29
7.81,10.5,2.6,0.11,7.68,9.7,2.7,0.3,7.74,10.4,2.3,0.29,7.82,10.8,3.3,0.36
7.61,10.7,2.0,0.5,7.74,10.4,2.3,0.29,7.82,10.8,3.3,0.36,7.96,10.2,3.1,0.15
7.65,11.0,2.1,0.48,7.82,10.8,3.3,0.36,7.96,10.2,3.1,0.15,7.81,10.5,2.6,0.11
7.79,10.6,2.3,0.2,7.96,10.2,3.1,0.15,7.81,10.5,2.6,0.11,7.61,10.7,2.0,0.5
7.85,11.0,2.7,0.37,7.81,10.5,2.6,0.11,7.61,10.7,2.0,0.5,7.65,11.0,2.1,0.48
7.73,10.7,3.2,0.29,7.61,10.7,2.0,0.5,7.65,11.0,2.1,0.48,7.79,10.6,2.3,0.2
7.85,10.8,2.9,0.38,7.65,11.0,2.1,0.48,7.79,10.6,2.3,0.2,7.85,11.0,2.7,0.37
7.48,10.5,2.8,0.36,7.79,10.6,2.3,0.2,7.85,11.0,2.7,0.37,7.73,10.7,3.2,0.29
7.37,9.67,2.5,0.31,7.85,11.0,2.7,0.37,7.73,10.7,3.2,0.29,7.85,10.8,2.9,0.38
7.64,10.4,1.9,0.27,7.73,10.7,3.2,0.29,7.85,10.8,2.9,0.38,7.48,10.5,2.8,0.36
7.46,9.91,2.3,0.29,7.85,10.8,2.9,0.38,7.48,10.5,2.8,0.36,7.37,9.67,2.5,0.31
7.69,9.65,2.6,0.23,7.48,10.5,2.8,0.36,7.37,9.67,2.5,0.31,7.64,10.4,1.9,0.27
7.49,8.7,2.2,0.28,7.37,9.67,2.5,0.31,7.64,10.4,1.9,0.27,7.46,9.91,2.3,0.29
7.53,8.11,2.2,0.29,7.64,10.4,1.9,0.27,7.46,9.91,2.3,0.29,7.69,9.65,2.6,0.23
7.49,7.5,3.2,0.32,7.46,9.91,2.3,0.29,7.69,9.65,2.6,0.23,7.49,8.7,2.2,0.28
7.46,8.06,3.7,0.29,7.69,9.65,2.6,0.23,7.49,8.7,2.2,0.28,7.53,8.11,2.2,0.29
7.48,7.16,3.2,0.29,7.49,8.7,2.2,0.28,7.53,8.11,2.2,0.29,7.49,7.5,3.2,0.32
7.43,7.14,2.5,0.23,7.53,8.11,2.2,0.29,7.49,7.5,3.2,0.32,7.46,8.06,3.7,0.29
7.62,8.61,2.4,0.27,7.49,7.5,3.2,0.32,7.46,8.06,3.7,0.29,7.48,7.16,3.2,0.29
7.53,8.48,2.2,0.23,7.46,8.06,3.7,0.29,7.48,7.16,3.2,0.29,7.43,7.14,2.5,0.23
7.24,7.15,2.2,0.25,7.48,7.16,3.2,0.29,7.43,7.14,2.5,0.23,7.62,8.61,2.4,0.27
7.22,5.73,2.0,0.13,7.43,7.14,2.5,0.23,7.62,8.61,2.4,0.27,7.53,8.48,2.2,0.23
7.2,6.56,1.9,0.12,7.62,8.61,2.4,0.27,7.53,8.48,2.2,0.23,7.24,7.15,2.2,0.25
7.44,6.76,1.8,0.18,7.53,8.48,2.2,0.23,7.24,7.15,2.2,0.25,7.22,5.73,2.0,0.13
7.47,7.25,1.7,0.37,7.24,7.15,2.2,0.25,7.22,5.73,2.0,0.13,7.2,6.56,1.9,0.12
7.45,7.16,2.2,0.35,7.22,5.73,2.0,0.13,7.2,6.56,1.9,0.12,7.44,6.76,1.8,0.18
7.28,6.42,2.2,0.19,7.2,6.56,1.9,0.12,7.44,6.76,1.8,0.18,7.47,7.25,1.7,0.37
7.54,7.14,1.9,0.24,7.44,6.76,1.8,0.18,7.47,7.25,1.7,0.37,7.45,7.16,2.2,0.35
7.25,6.62,2.1,0.2,7.47,7.25,1.7,0.37,7.45,7.16,2.2,0.35,7.28,6.42,2.2,0.19
7.4,6.9,2.0,0.17,7.45,7.16,2.2,0.35,7.28,6.42,2.2,0.19,7.54,7.14,1.9,0.24
7.15,7.8,2.1,0.17,7.28,6.42,2.2,0.19,7.54,7.14,1.9,0.24,7.25,6.62,2.1,0.2
7.2,7.5,2.6,0.17,7.54,7.14,1.9,0.24,7.25,6.62,2.1,0.2,7.4,6.9,2.0,0.17
7.2,7.04,2.6,0.18,7.25,6.62,2.1,0.2,7.4,6.9,2.0,0.17,7.15,7.8,2.1,0.17
7.18,7.56,2.5,0.18,7.4,6.9,2.0,0.17,7.15,7.8,2.1,0.17,7.2,7.5,2.6,0.17
7.15,6.91,2.3,0.16,7.15,7.8,2.1,0.17,7.2,7.5,2.6,0.17,7.2,7.04,2.6,0.18
7.41,8.31,2.4,0.16,7.2,7.5,2.6,0.17,7.2,7.04,2.6,0.18,7.18,7.56,2.5,0.18
7.35,7.53,2.2,0.21,7.2,7.04,2.6,0.18,7.18,7.56,2.5,0.18,7.15,6.91,2.3,0.16
7.31,8.45,3.0,0.18,7.18,7.56,2.5,0.18,7.15,6.91,2.3,0.16,7.41,8.31,2.4,0.16
7.14,7.54,2.9,0.18,7.15,6.91,2.3,0.16,7.41,8.31,2.4,0.16,7.35,7.53,2.2,0.21
7.3,7.66,2.8,0.19,7.41,8.31,2.4,0.16,7.35,7.53,2.2,0.21,7.31,8.45,3.0,0.18
7.41,8.97,2.8,0.21,7.35,7.53,2.2,0.21,7.31,8.45,3.0,0.18,7.14,7.54,2.9,0.18
7.56,9.13,2.4,0.2,7.31,8.45,3.0,0.18,7.14,7.54,2.9,0.18,7.3,7.66,2.8,0.19
7.75,9.11,2.6,0.2,7.14,7.54,2.9,0.18,7.3,7.66,2.8,0.19,7.41,8.97,2.8,0.21
7.61,7.76,2.5,0.29,7.3,7.66,2.8,0.19,7.41,8.97,2.8,0.21,7.56,9.13,2.4,0.2
7.77,7.83,2.5,0.31,7.41,8.97,2.8,0.21,7.56,9.13,2.4,0.2,7.75,9.11,2.6,0.2
7.39,8.79,2.2,0.26,7.56,9.13,2.4,0.2,7.75,9.11,2.6,0.2,7.61,7.76,2.5,0.29
7.68,9.57,3.3,0.41,7.75,9.11,2.6,0.2,7.61,7.76,2.5,0.29,7.77,7.83,2.5,0.31
7.79,10.7,2.6,0.44,7.61,7.76,2.5,0.29,7.77,7.83,2.5,0.31,7.39,8.79,2.2,0.26
7.81,11.5,3.4,0.67,7.77,7.83,2.5,0.31,7.39,8.79,2.2,0.26,7.68,9.57,3.3,0.41
7.86,9.3,3.3,0.61,7.39,8.79,2.2,0.26,7.68,9.57,3.3,0.41,7.79,10.7,2.6,0.44
7.91,9.47,3.2,0.57,7.68,9.57,3.3,0.41,7.79,10.7,2.6,0.44,7.81,11.5,3.4,0.67
7.78,10.0,2.0,0.45,7.79,10.7,2.6,0.44,7.81,11.5,3.4,0.67,7.86,9.3,3.3,0.61
7.69,9.09,1.9,0.35,7.81,11.5,3.4,0.67,7.86,9.3,3.3,0.61,7.91,9.47,3.2,0.57
7.69,9.61,2.0,0.39,7.86,9.3,3.3,0.61,7.91,9.47,3.2,0.57,7.78,10.0,2.0,0.45
7.88,10.7,2.3,0.29,7.91,9.47,3.2,0.57,7.78,10.0,2.0,0.45,7.69,9.09,1.9,0.35
7.76,10.7,2.1,0.25,7.78,10.0,2.0,0.45,7.69,9.09,1.9,0.35,7.69,9.61,2.0,0.39
7.67,9.92,2.0,0.26,7.69,9.09,1.9,0.35,7.69,9.61,2.0,0.39,7.88,10.7,2.3,0.29
7.64,9.91,2.2,0.3,7.69,9.61,2.0,0.39,7.88,10.7,2.3,0.29,7.76,10.7,2.1,0.25
7.62,10.3,2.4,0.31,7.88,10.7,2.3,0.29,7.76,10.7,2.1,0.25,7.67,9.92,2.0,0.26
7.44,10.3,3.6,0.28,7.76,10.7,2.1,0.25,7.67,9.92,2.0,0.26,7.64,9.91,2.2,0.3
7.33,10.9,2.0,0.23,7.67,9.92,2.0,0.26,7.64,9.91,2.2,0.3,7.62,10.3,2.4,0.31
7.47,9.27,2.1,0.2,7.64,9.91,2.2,0.3,7.62,10.3,2.4,0.31,7.44,10.3,3.6,0.28
7.08,8.02,1.6,0.17,7.62,10.3,2.4,0.31,7.44,10.3,3.6,0.28,7.33,10.9,2.0,0.23
7.04,7.62,1.5,0.18,7.44,10.3,3.6,0.28,7.33,10.9,2.0,0.23,7.47,9.27,2.1,0.2
7.348628808864261,8.515027700831029,2.8885041551246506,0.260387811634349,7.33,10.9,2.0,0.23,7.47,9.27,2.1,0.2,7.08,8.02,1.6,0.17
7.01,9.44,2.6,0.18,7.47,9.27,2.1,0.2,7.08,8.02,1.6,0.17,7.04,7.62,1.5,0.18
7.26,9.24,2.8,0.15,7.08,8.02,1.6,0.17,7.04,7.62,1.5,0.18,7.348628808864261,8.515027700831029,2.8885041551246506,0.260387811634349
7.28,7.78,2.7,0.06,7.04,7.62,1.5,0.18,7.348628808864261,8.515027700831029,2.8885041551246506,0.260387811634349,7.01,9.44,2.6,0.18
7.26,8.61,2.6,0.07,7.348628808864261,8.515027700831029,2.8885041551246506,0.260387811634349,7.01,9.44,2.6,0.18,7.26,9.24,2.8,0.15
7.37,7.72,2.5,0.12,7.01,9.44,2.6,0.18,7.26,9.24,2.8,0.15,7.28,7.78,2.7,0.06
7.13,7.5,2.3,0.06,7.26,9.24,2.8,0.15,7.28,7.78,2.7,0.06,7.26,8.61,2.6,0.07
7.38,7.22,2.4,0.12,7.28,7.78,2.7,0.06,7.26,8.61,2.6,0.07,7.37,7.72,2.5,0.12
7.4,6.76,2.5,0.1,7.26,8.61,2.6,0.07,7.37,7.72,2.5,0.12,7.13,7.5,2.3,0.06
7.36,6.44,2.8,0.09,7.37,7.72,2.5,0.12,7.13,7.5,2.3,0.06,7.38,7.22,2.4,0.12
7.39,6.95,2.7,0.08,7.13,7.5,2.3,0.06,7.38,7.22,2.4,0.12,7.4,6.76,2.5,0.1
7.25,7.91,2.8,0.09,7.38,7.22,2.4,0.12,7.4,6.76,2.5,0.1,7.36,6.44,2.8,0.09
7.18,8.44,2.9,0.12,7.4,6.76,2.5,0.1,7.36,6.44,2.8,0.09,7.39,6.95,2.7,0.08
7.37,8.78,2.7,0.14,7.36,6.44,2.8,0.09,7.39,6.95,2.7,0.08,7.25,7.91,2.8,0.09
7.37,6.99,2.6,0.11,7.39,6.95,2.7,0.08,7.25,7.91,2.8,0.09,7.18,8.44,2.9,0.12
6.84,7.8,2.8,0.12,7.25,7.91,2.8,0.09,7.18,8.44,2.9,0.12,7.37,8.78,2.7,0.14
6.99,8.8,2.9,0.1,7.18,8.44,2.9,0.12,7.37,8.78,2.7,0.14,7.37,6.99,2.6,0.11
6.99,8.83,2.8,0.09,7.37,8.78,2.7,0.14,7.37,6.99,2.6,0.11,6.84,7.8,2.8,0.12
6.89,7.22,2.8,0.06,7.37,6.99,2.6,0.11,6.84,7.8,2.8,0.12,6.99,8.8,2.9,0.1
6.89,7.08,2.8,0.06,6.84,7.8,2.8,0.12,6.99,8.8,2.9,0.1,6.99,8.83,2.8,0.09
6.86,6.84,2.9,0.06,6.99,8.8,2.9,0.1,6.99,8.83,2.8,0.09,6.89,7.22,2.8,0.06
6.92,6.95,2.7,0.05,6.99,8.83,2.8,0.09,6.89,7.22,2.8,0.06,6.89,7.08,2.8,0.06
7.13,7.76,2.3,0.05,6.89,7.22,2.8,0.06,6.89,7.08,2.8,0.06,6.86,6.84,2.9,0.06
7.14,8.22,2.6,0.06,6.89,7.08,2.8,0.06,6.86,6.84,2.9,0.06,6.92,6.95,2.7,0.05
7.28,8.48,2.0,0.09,6.86,6.84,2.9,0.06,6.92,6.95,2.7,0.05,7.13,7.76,2.3,0.05
7.26,8.78,2.2,0.08,6.92,6.95,2.7,0.05,7.13,7.76,2.3,0.05,7.14,8.22,2.6,0.06
7.18,8.77,2.3,0.08,7.13,7.76,2.3,0.05,7.14,8.22,2.6,0.06,7.28,8.48,2.0,0.09
7.07,8.8,2.8,0.12,7.14,8.22,2.6,0.06,7.28,8.48,2.0,0.09,7.26,8.78,2.2,0.08
6.91,8.55,3.8,0.17,7.28,8.48,2.0,0.09,7.26,8.78,2.2,0.08,7.18,8.77,2.3,0.08
6.9,8.87,3.6,0.18,7.26,8.78,2.2,0.08,7.18,8.77,2.3,0.08,7.07,8.8,2.8,0.12
6.8,8.15,3.6,0.38,7.18,8.77,2.3,0.08,7.07,8.8,2.8,0.12,6.91,8.55,3.8,0.17
7.14,8.75,3.4,0.4,7.07,8.8,2.8,0.12,6.91,8.55,3.8,0.17,6.9,8.87,3.6,0.18
7.25,9.41,3.8,0.32,6.91,8.55,3.8,0.17,6.9,8.87,3.6,0.18,6.8,8.15,3.6,0.38
7.25,9.88,4.2,0.24,6.9,8.87,3.6,0.18,6.8,8.15,3.6,0.38,7.14,8.75,3.4,0.4
7.28,10.2,4.3,0.17,6.8,8.15,3.6,0.38,7.14,8.75,3.4,0.4,7.25,9.41,3.8,0.32
7.3,10.9,3.6,0.21,7.14,8.75,3.4,0.4,7.25,9.41,3.8,0.32,7.25,9.88,4.2,0.24
7.2,11.2,3.6,0.33,7.25,9.41,3.8,0.32,7.25,9.88,4.2,0.24,7.28,10.2,4.3,0.17
7.19,11.5,3.7,0.37,7.25,9.88,4.2,0.24,7.28,10.2,4.3,0.17,7.3,10.9,3.6,0.21
7.22,12.4,3.5,0.35,7.28,10.2,4.3,0.17,7.3,10.9,3.6,0.21,7.2,11.2,3.6,0.33
7.23,12.2,3.5,0.35,7.3,10.9,3.6,0.21,7.2,11.2,3.6,0.33,7.19,11.5,3.7,0.37
7.03,11.8,3.4,0.32,7.2,11.2,3.6,0.33,7.19,11.5,3.7,0.37,7.22,12.4,3.5,0.35
6.96,11.4,3.2,0.37,7.19,11.5,3.7,0.37,7.22,12.4,3.5,0.35,7.23,12.2,3.5,0.35
6.89,10.7,2.7,0.35,7.22,12.4,3.5,0.35,7.23,12.2,3.5,0.35,7.03,11.8,3.4,0.32
7.02,10.9,2.4,0.36,7.23,12.2,3.5,0.35,7.03,11.8,3.4,0.32,6.96,11.4,3.2,0.37
7.12,11.1,2.3,0.41,7.03,11.8,3.4,0.32,6.96,11.4,3.2,0.37,6.89,10.7,2.7,0.35
7.01,11.2,3.2,0.41,6.96,11.4,3.2,0.37,6.89,10.7,2.7,0.35,7.02,10.9,2.4,0.36
6.87,10.2,3.4,0.3,6.89,10.7,2.7,0.35,7.02,10.9,2.4,0.36,7.12,11.1,2.3,0.41
6.89,9.46,3.9,0.31,7.02,10.9,2.4,0.36,7.12,11.1,2.3,0.41,7.01,11.2,3.2,0.41
6.96,9.18,3.3,0.31,7.12,11.1,2.3,0.41,7.01,11.2,3.2,0.41,6.87,10.2,3.4,0.3
6.9,8.27,4.2,0.39,7.01,11.2,3.2,0.41,6.87,10.2,3.4,0.3,6.89,9.46,3.9,0.31
6.86,8.46,3.7,0.37,6.87,10.2,3.4,0.3,6.89,9.46,3.9,0.31,6.96,9.18,3.3,0.31
7.02,8.58,2.9,0.26,6.89,9.46,3.9,0.31,6.96,9.18,3.3,0.31,6.9,8.27,4.2,0.39
7.0,8.58,3.3,0.22,6.96,9.18,3.3,0.31,6.9,8.27,4.2,0.39,6.86,8.46,3.7,0.37
7.13,8.32,3.9,0.19,6.9,8.27,4.2,0.39,6.86,8.46,3.7,0.37,7.02,8.58,2.9,0.26
6.99,8.46,4.2,0.28,6.86,8.46,3.7,0.37,7.02,8.58,2.9,0.26,7.0,8.58,3.3,0.22
6.89,7.77,3.7,0.24,7.02,8.58,2.9,0.26,7.0,8.58,3.3,0.22,7.13,8.32,3.9,0.19
6.83,7.45,3.2,0.19,7.0,8.58,3.3,0.22,7.13,8.32,3.9,0.19,6.99,8.46,4.2,0.28
6.92,7.61,2.4,0.16,7.13,8.32,3.9,0.19,6.99,8.46,4.2,0.28,6.89,7.77,3.7,0.24
6.65,6.64,2.4,0.1,6.99,8.46,4.2,0.28,6.89,7.77,3.7,0.24,6.83,7.45,3.2,0.19
6.81,7.04,2.1,0.12,6.89,7.77,3.7,0.24,6.83,7.45,3.2,0.19,6.92,7.61,2.4,0.16
7.05,7.03,1.8,0.11,6.83,7.45,3.2,0.19,6.92,7.61,2.4,0.16,6.65,6.64,2.4,0.1
7.12,7.35,2.2,0.1,6.92,7.61,2.4,0.16,6.65,6.64,2.4,0.1,6.81,7.04,2.1,0.12
7.08,7.04,2.1,0.11,6.65,6.64,2.4,0.1,6.81,7.04,2.1,0.12,7.05,7.03,1.8,0.11
6.9,6.43,2.4,0.18,6.81,7.04,2.1,0.12,7.05,7.03,1.8,0.11,7.12,7.35,2.2,0.1
6.72,6.36,2.3,0.21,7.05,7.03,1.8,0.11,7.12,7.35,2.2,0.1,7.08,7.04,2.1,0.11
6.69,6.45,1.7,0.15,7.12,7.35,2.2,0.1,7.08,7.04,2.1,0.11,6.9,6.43,2.4,0.18
6.83,6.66,1.7,0.17,7.08,7.04,2.1,0.11,6.9,6.43,2.4,0.18,6.72,6.36,2.3,0.21
6.8,6.51,2.4,0.12,6.9,6.43,2.4,0.18,6.72,6.36,2.3,0.21,6.69,6.45,1.7,0.15
6.91,6.66,2.6,0.12,6.72,6.36,2.3,0.21,6.69,6.45,1.7,0.15,6.83,6.66,1.7,0.17
6.94,6.7,2.6,0.11,6.69,6.45,1.7,0.15,6.83,6.66,1.7,0.17,6.8,6.51,2.4,0.12
6.82,6.44,2.6,0.11,6.83,6.66,1.7,0.17,6.8,6.51,2.4,0.12,6.91,6.66,2.6,0.12
6.89,6.82,3.2,0.1,6.8,6.51,2.4,0.12,6.91,6.66,2.6,0.12,6.94,6.7,2.6,0.11
6.81,6.75,2.6,0.11,6.91,6.66,2.6,0.12,6.94,6.7,2.6,0.11,6.82,6.44,2.6,0.11
6.99,7.64,3.1,0.09,6.94,6.7,2.6,0.11,6.82,6.44,2.6,0.11,6.89,6.82,3.2,0.1
6.73,7.04,2.9,0.08,6.82,6.44,2.6,0.11,6.89,6.82,3.2,0.1,6.81,6.75,2.6,0.11
6.67,6.77,3.0,0.2,6.89,6.82,3.2,0.1,6.81,6.75,2.6,0.11,6.99,7.64,3.1,0.09
7.1,8.03,3.2,0.23,6.81,6.75,2.6,0.11,6.99,7.64,3.1,0.09,6.73,7.04,2.9,0.08
7.25,8.59,2.8,0.17,6.99,7.64,3.1,0.09,6.73,7.04,2.9,0.08,6.67,6.77,3.0,0.2
7.28,8.82,2.3,0.2,6.73,7.04,2.9,0.08,6.67,6.77,3.0,0.2,7.1,8.03,3.2,0.23
7.1,8.34,2.6,0.31,6.67,6.77,3.0,0.2,7.1,8.03,3.2,0.23,7.25,8.59,2.8,0.17
7.01,8.1,4.3,0.26,7.1,8.03,3.2,0.23,7.25,8.59,2.8,0.17,7.28,8.82,2.3,0.2
6.91,8.01,3.9,0.23,7.25,8.59,2.8,0.17,7.28,8.82,2.3,0.2,7.1,8.34,2.6,0.31
6.96,8.0,3.0,0.24,7.28,8.82,2.3,0.2,7.1,8.34,2.6,0.31,7.01,8.1,4.3,0.26
6.93,8.11,3.1,0.33,7.1,8.34,2.6,0.31,7.01,8.1,4.3,0.26,6.91,8.01,3.9,0.23
6.9,7.8,4.5,0.57,7.01,8.1,4.3,0.26,6.91,8.01,3.9,0.23,6.96,8.0,3.0,0.24
6.91,8.13,4.2,0.34,6.91,8.01,3.9,0.23,6.96,8.0,3.0,0.24,6.93,8.11,3.1,0.33
6.83,8.09,3.2,0.47,6.96,8.0,3.0,0.24,6.93,8.11,3.1,0.33,6.9,7.8,4.5,0.57
6.77,7.73,5.3,0.51,6.93,8.11,3.1,0.33,6.9,7.8,4.5,0.57,6.91,8.13,4.2,0.34
6.94,8.94,4.1,0.51,6.9,7.8,4.5,0.57,6.91,8.13,4.2,0.34,6.83,8.09,3.2,0.47
6.82,10.1,4.4,0.65,6.91,8.13,4.2,0.34,6.83,8.09,3.2,0.47,6.77,7.73,5.3,0.51
6.68,10.5,5.0,0.79,6.83,8.09,3.2,0.47,6.77,7.73,5.3,0.51,6.94,8.94,4.1,0.51
6.69,10.2,3.9,0.72,6.77,7.73,5.3,0.51,6.94,8.94,4.1,0.51,6.82,10.1,4.4,0.65
6.73,9.54,4.9,0.63,6.94,8.94,4.1,0.51,6.82,10.1,4.4,0.65,6.68,10.5,5.0,0.79
7.1,10.5,3.3,0.68,6.82,10.1,4.4,0.65,6.68,10.5,5.0,0.79,6.69,10.2,3.9,0.72
7.06,10.0,2.2,0.47,6.68,10.5,5.0,0.79,6.69,10.2,3.9,0.72,6.73,9.54,4.9,0.63
7.12,9.83,2.4,0.3,6.69,10.2,3.9,0.72,6.73,9.54,4.9,0.63,7.1,10.5,3.3,0.68
7.09,11.2,3.8,0.39,6.73,9.54,4.9,0.63,7.1,10.5,3.3,0.68,7.06,10.0,2.2,0.47
6.82,9.76,4.6,0.84,7.1,10.5,3.3,0.68,7.06,10.0,2.2,0.47,7.12,9.83,2.4,0.3
6.87,9.57,3.9,0.91,7.06,10.0,2.2,0.47,7.12,9.83,2.4,0.3,7.09,11.2,3.8,0.39
6.99,9.61,4.7,0.66,7.12,9.83,2.4,0.3,7.09,11.2,3.8,0.39,6.82,9.76,4.6,0.84
6.88,9.58,3.7,0.3,7.09,11.2,3.8,0.39,6.82,9.76,4.6,0.84,6.87,9.57,3.9,0.91
6.91,9.39,3.1,0.28,6.82,9.76,4.6,0.84,6.87,9.57,3.9,0.91,6.99,9.61,4.7,0.66
6.9,8.57,3.5,0.2,6.87,9.57,3.9,0.91,6.99,9.61,4.7,0.66,6.88,9.58,3.7,0.3
6.89,7.87,3.5,0.33,6.99,9.61,4.7,0.66,6.88,9.58,3.7,0.3,6.91,9.39,3.1,0.28
6.92,7.96,3.8,0.26,6.88,9.58,3.7,0.3,6.91,9.39,3.1,0.28,6.9,8.57,3.5,0.2
7.12,7.63,3.6,0.27,6.91,9.39,3.1,0.28,6.9,8.57,3.5,0.2,6.89,7.87,3.5,0.33
7.07,7.66,3.6,0.26,6.9,8.57,3.5,0.2,6.89,7.87,3.5,0.33,6.92,7.96,3.8,0.26
6.78,6.66,3.6,0.34,6.89,7.87,3.5,0.33,6.92,7.96,3.8,0.26,7.12,7.63,3.6,0.27
6.7,7.26,2.9,0.14,6.92,7.96,3.8,0.26,7.12,7.63,3.6,0.27,7.07,7.66,3.6,0.26
6.95,7.39,2.9,0.14,7.12,7.63,3.6,0.27,7.07,7.66,3.6,0.26,6.78,6.66,3.6,0.34
6.82,7.03,2.7,0.07,7.07,7.66,3.6,0.26,6.78,6.66,3.6,0.34,6.7,7.26,2.9,0.14
6.78,6.44,2.6,0.1,6.78,6.66,3.6,0.34,6.7,7.26,2.9,0.14,6.95,7.39,2.9,0.14
6.87,6.92,2.5,0.1,6.7,7.26,2.9,0.14,6.95,7.39,2.9,0.14,6.82,7.03,2.7,0.07
6.89,7.09,2.4,0.1,6.95,7.39,2.9,0.14,6.82,7.03,2.7,0.07,6.78,6.44,2.6,0.1
6.87,6.73,2.5,0.1,6.82,7.03,2.7,0.07,6.78,6.44,2.6,0.1,6.87,6.92,2.5,0.1
6.7,6.34,2.7,0.13,6.78,6.44,2.6,0.1,6.87,6.92,2.5,0.1,6.89,7.09,2.4,0.1
6.76,6.51,2.4,0.1,6.87,6.92,2.5,0.1,6.89,7.09,2.4,0.1,6.87,6.73,2.5,0.1
6.78,6.98,2.4,0.07,6.89,7.09,2.4,0.1,6.87,6.73,2.5,0.1,6.7,6.34,2.7,0.13
6.72,6.44,2.4,0.1,6.87,6.73,2.5,0.1,6.7,6.34,2.7,0.13,6.76,6.51,2.4,0.1
7.01,6.42,2.4,0.11,6.7,6.34,2.7,0.13,6.76,6.51,2.4,0.1,6.78,6.98,2.4,0.07
7.14,7.24,2.9,0.07,6.76,6.51,2.4,0.1,6.78,6.98,2.4,0.07,6.72,6.44,2.4,0.1
7.06,7.4,3.1,0.15,6.78,6.98,2.4,0.07,6.72,6.44,2.4,0.1,7.01,6.42,2.4,0.11
7.21,8.0,3.0,0.12,6.72,6.44,2.4,0.1,7.01,6.42,2.4,0.11,7.14,7.24,2.9,0.07
7.18,7.84,2.3,0.09,7.01,6.42,2.4,0.11,7.14,7.24,2.9,0.07,7.06,7.4,3.1,0.15
7.12,7.14,2.2,0.12,7.14,7.24,2.9,0.07,7.06,7.4,3.1,0.15,7.21,8.0,3.0,0.12
7.04,6.9,2.3,0.11,7.06,7.4,3.1,0.15,7.21,8.0,3.0,0.12,7.18,7.84,2.3,0.09
7.13,6.92,2.4,0.14,7.21,8.0,3.0,0.12,7.18,7.84,2.3,0.09,7.12,7.14,2.2,0.12
7.47,8.04,2.5,0.16,7.18,7.84,2.3,0.09,7.12,7.14,2.2,0.12,7.04,6.9,2.3,0.11
7.57,8.56,2.6,0.11,7.12,7.14,2.2,0.12,7.04,6.9,2.3,0.11,7.13,6.92,2.4,0.14
7.31,8.23,2.8,0.17,7.04,6.9,2.3,0.11,7.13,6.92,2.4,0.14,7.47,8.04,2.5,0.16
7.35,8.86,2.7,0.19,7.13,6.92,2.4,0.14,7.47,8.04,2.5,0.16,7.57,8.56,2.6,0.11
7.2,8.31,3.9,0.2,7.47,8.04,2.5,0.16,7.57,8.56,2.6,0.11,7.31,8.23,2.8,0.17
6.99,7.43,5.0,0.27,7.57,8.56,2.6,0.11,7.31,8.23,2.8,0.17,7.35,8.86,2.7,0.19
7.06,7.18,4.5,0.24,7.31,8.23,2.8,0.17,7.35,8.86,2.7,0.19,7.2,8.31,3.9,0.2
7.28,7.38,5.2,0.13,7.35,8.86,2.7,0.19,7.2,8.31,3.9,0.2,6.99,7.43,5.0,0.27
7.44,8.34,4.3,0.2,7.2,8.31,3.9,0.2,6.99,7.43,5.0,0.27,7.06,7.18,4.5,0.24
7.47,8.86,3.4,0.31,6.99,7.43,5.0,0.27,7.06,7.18,4.5,0.24,7.28,7.38,5.2,0.13
7.25,7.65,5.5,0.48,7.06,7.18,4.5,0.24,7.28,7.38,5.2,0.13,7.44,8.34,4.3,0.2
7.32,7.94,6.5,0.63,7.28,7.38,5.2,0.13,7.44,8.34,4.3,0.2,7.47,8.86,3.4,0.31
7.34,8.45,6.1,0.93,7.44,8.34,4.3,0.2,7.47,8.86,3.4,0.31,7.25,7.65,5.5,0.48
7.37,9.78,4.1,0.57,7.47,8.86,3.4,0.31,7.25,7.65,5.5,0.48,7.32,7.94,6.5,0.63
7.4,10.2,4.5,0.58,7.25,7.65,5.5,0.48,7.32,7.94,6.5,0.63,7.34,8.45,6.1,0.93
7.35,9.52,4.4,0.51,7.32,7.94,6.5,0.63,7.34,8.45,6.1,0.93,7.37,9.78,4.1,0.57
7.26,9.53,5.1,0.58,7.34,8.45,6.1,0.93,7.37,9.78,4.1,0.57,7.4,10.2,4.5,0.58
7.21,9.66,4.7,0.54,7.37,9.78,4.1,0.57,7.4,10.2,4.5,0.58,7.35,9.52,4.4,0.51
7.19,8.54,5.1,0.59,7.4,10.2,4.5,0.58,7.35,9.52,4.4,0.51,7.26,9.53,5.1,0.58
7.32,10.0,4.2,0.55,7.35,9.52,4.4,0.51,7.26,9.53,5.1,0.58,7.21,9.66,4.7,0.54
7.27,10.1,5.2,0.72,7.26,9.53,5.1,0.58,7.21,9.66,4.7,0.54,7.19,8.54,5.1,0.59
7.34,10.4,2.5,0.81,7.21,9.66,4.7,0.54,7.19,8.54,5.1,0.59,7.32,10.0,4.2,0.55
7.42,9.65,2.2,0.72,7.19,8.54,5.1,0.59,7.32,10.0,4.2,0.55,7.27,10.1,5.2,0.72
7.28,9.49,2.7,0.63,7.32,10.0,4.2,0.55,7.27,10.1,5.2,0.72,7.34,10.4,2.5,0.81
7.21,9.03,3.0,0.68,7.27,10.1,5.2,0.72,7.34,10.4,2.5,0.81,7.42,9.65,2.2,0.72
7.15,10.5,3.2,0.53,7.34,10.4,2.5,0.81,7.42,9.65,2.2,0.72,7.28,9.49,2.7,0.63
7.12,9.56,3.0,0.52,7.42,9.65,2.2,0.72,7.28,9.49,2.7,0.63,7.21,9.03,3.0,0.68
7.14,9.16,3.5,0.56,7.28,9.49,2.7,0.63,7.21,9.03,3.0,0.68,7.15,10.5,3.2,0.53
7.33,8.4,2.9,0.63,7.21,9.03,3.0,0.68,7.15,10.5,3.2,0.53,7.12,9.56,3.0,0.52
7.43,8.86,3.0,0.66,7.15,10.5,3.2,0.53,7.12,9.56,3.0,0.52,7.14,9.16,3.5,0.56
7.39,8.54,3.0,0.49,7.12,9.56,3.0,0.52,7.14,9.16,3.5,0.56,7.33,8.4,2.9,0.63
7.26,8.27,3.6,0.29,7.14,9.16,3.5,0.56,7.33,8.4,2.9,0.63,7.43,8.86,3.0,0.66
7.21,7.27,3.7,0.18,7.33,8.4,2.9,0.63,7.43,8.86,3.0,0.66,7.39,8.54,3.0,0.49
7.07,5.94,3.2,0.22,7.43,8.86,3.0,0.66,7.39,8.54,3.0,0.49,7.26,8.27,3.6,0.29
7.05,6.55,2.6,0.26,7.39,8.54,3.0,0.49,7.26,8.27,3.6,0.29,7.21,7.27,3.7,0.18
6.81,6.19,3.0,0.21,7.26,8.27,3.6,0.29,7.21,7.27,3.7,0.18,7.07,5.94,3.2,0.22
6.98,6.4,3.1,0.17,7.21,7.27,3.7,0.18,7.07,5.94,3.2,0.22,7.05,6.55,2.6,0.26
6.92,6.48,2.7,0.17,7.07,5.94,3.2,0.22,7.05,6.55,2.6,0.26,6.81,6.19,3.0,0.21
7.01,6.84,2.4,0.17,7.05,6.55,2.6,0.26,6.81,6.19,3.0,0.21,6.98,6.4,3.1,0.17
7.11,6.4,2.0,0.1,6.81,6.19,3.0,0.21,6.98,6.4,3.1,0.17,6.92,6.48,2.7,0.17
7.1,6.13,1.9,0.08,6.98,6.4,3.1,0.17,6.92,6.48,2.7,0.17,7.01,6.84,2.4,0.17
7.05,6.22,2.1,0.14,6.92,6.48,2.7,0.17,7.01,6.84,2.4,0.17,7.11,6.4,2.0,0.1
7.31,7.09,2.3,0.18,7.01,6.84,2.4,0.17,7.11,6.4,2.0,0.1,7.1,6.13,1.9,0.08
7.16,7.02,2.3,0.17,7.11,6.4,2.0,0.1,7.1,6.13,1.9,0.08,7.05,6.22,2.1,0.14
7.02,6.32,2.1,0.19,7.1,6.13,1.9,0.08,7.05,6.22,2.1,0.14,7.31,7.09,2.3,0.18
7.2,6.68,2.2,0.18,7.05,6.22,2.1,0.14,7.31,7.09,2.3,0.18,7.16,7.02,2.3,0.17
7.26,6.57,2.5,0.19,7.31,7.09,2.3,0.18,7.16,7.02,2.3,0.17,7.02,6.32,2.1,0.19
7.25,6.58,2.5,0.21,7.16,7.02,2.3,0.17,7.02,6.32,2.1,0.19,7.2,6.68,2.2,0.18
7.16,6.36,2.6,0.16,7.02,6.32,2.1,0.19,7.2,6.68,2.2,0.18,7.26,6.57,2.5,0.19
7.28,6.88,2.6,0.15,7.2,6.68,2.2,0.18,7.26,6.57,2.5,0.19,7.25,6.58,2.5,0.21
7.24,6.55,3.1,0.15,7.26,6.57,2.5,0.19,7.25,6.58,2.5,0.21,7.16,6.36,2.6,0.16
7.33,7.09,2.8,0.17,7.25,6.58,2.5,0.21,7.16,6.36,2.6,0.16,7.28,6.88,2.6,0.15
7.28,7.41,2.5,0.16,7.16,6.36,2.6,0.16,7.28,6.88,2.6,0.15,7.24,6.55,3.1,0.15
7.12,7.02,3.3,0.16,7.28,6.88,2.6,0.15,7.24,6.55,3.1,0.15,7.33,7.09,2.8,0.17
7.4,8.04,2.9,0.18,7.24,6.55,3.1,0.15,7.33,7.09,2.8,0.17,7.28,7.41,2.5,0.16
7.35,8.09,2.9,0.25,7.33,7.09,2.8,0.17,7.28,7.41,2.5,0.16,7.12,7.02,3.3,0.16
7.18,7.74,2.6,0.21,7.28,7.41,2.5,0.16,7.12,7.02,3.3,0.16,7.4,8.04,2.9,0.18
7.22,8.16,2.8,0.16,7.12,7.02,3.3,0.16,7.4,8.04,2.9,0.18,7.35,8.09,2.9,0.25
7.33,8.33,2.8,0.29,7.4,8.04,2.9,0.18,7.35,8.09,2.9,0.25,7.18,7.74,2.6,0.21
7.3,8.92,2.8,0.26,7.35,8.09,2.9,0.25,7.18,7.74,2.6,0.21,7.22,8.16,2.8,0.16
7.43,9.99,2.4,0.39,7.18,7.74,2.6,0.21,7.22,8.16,2.8,0.16,7.33,8.33,2.8,0.29
7.17,8.96,3.3,0.33,7.22,8.16,2.8,0.16,7.33,8.33,2.8,0.29,7.3,8.92,2.8,0.26
7.25,9.14,3.5,0.26,7.33,8.33,2.8,0.29,7.3,8.92,2.8,0.26,7.43,9.99,2.4,0.39
7.23,9.48,3.8,0.25,7.3,8.92,2.8,0.26,7.43,9.99,2.4,0.39,7.17,8.96,3.3,0.33
7.26,10.1,3.7,0.26,7.43,9.99,2.4,0.39,7.17,8.96,3.3,0.33,7.25,9.14,3.5,0.26
7.29,10.5,3.2,0.25,7.17,8.96,3.3,0.33,7.25,9.14,3.5,0.26,7.23,9.48,3.8,0.25
7.23,10.2,2.7,0.2,7.25,9.14,3.5,0.26,7.23,9.48,3.8,0.25,7.26,10.1,3.7,0.26
7.14,10.0,3.0,0.24,7.23,9.48,3.8,0.25,7.26,10.1,3.7,0.26,7.29,10.5,3.2,0.25
7.15,9.56,2.6,0.24,7.26,10.1,3.7,0.26,7.29,10.5,3.2,0.25,7.23,10.2,2.7,0.2
7.2,9.43,2.8,0.24,7.29,10.5,3.2,0.25,7.23,10.2,2.7,0.2,7.14,10.0,3.0,0.24
7.23,10.1,2.3,0.31,7.23,10.2,2.7,0.2,7.14,10.0,3.0,0.24,7.15,9.56,2.6,0.24
7.02,10.7,2.7,0.28,7.14,10.0,3.0,0.24,7.15,9.56,2.6,0.24,7.2,9.43,2.8,0.24
6.95,10.8,2.1,0.27,7.15,9.56,2.6,0.24,7.2,9.43,2.8,0.24,7.23,10.1,2.3,0.31
6.82,10.1,2.0,0.21,7.2,9.43,2.8,0.24,7.23,10.1,2.3,0.31,7.02,10.7,2.7,0.28
7.33,9.27,2.1,0.2,7.23,10.1,2.3,0.31,7.02,10.7,2.7,0.28,6.95,10.8,2.1,0.27
7.38,9.27,2.2,0.15,7.02,10.7,2.7,0.28,6.95,10.8,2.1,0.27,6.82,10.1,2.0,0.21
7.29,8.78,2.6,0.2,6.95,10.8,2.1,0.27,6.82,10.1,2.0,0.21,7.33,9.27,2.1,0.2
7.35,8.62,2.8,0.23,6.82,10.1,2.0,0.21,7.33,9.27,2.1,0.2,7.38,9.27,2.2,0.15
7.27,8.33,2.8,0.23,7.33,9.27,2.1,0.2,7.38,9.27,2.2,0.15,7.29,8.78,2.6,0.2
7.25,8.04,2.9,0.17,7.38,9.27,2.2,0.15,7.29,8.78,2.6,0.2,7.35,8.62,2.8,0.23
6.96,7.01,3.9,0.24,7.29,8.78,2.6,0.2,7.35,8.62,2.8,0.23,7.27,8.33,2.8,0.23
7.07,7.07,2.6,0.22,7.35,8.62,2.8,0.23,7.27,8.33,2.8,0.23,7.25,8.04,2.9,0.17
7.0,6.0,2.5,0.19,7.27,8.33,2.8,0.23,7.25,8.04,2.9,0.17,6.96,7.01,3.9,0.24
6.97,5.86,2.5,0.18,7.25,8.04,2.9,0.17,6.96,7.01,3.9,0.24,7.07,7.07,2.6,0.22
6.92,6.5,2.3,0.15,6.96,7.01,3.9,0.24,7.07,7.07,2.6,0.22,7.0,6.0,2.5,0.19
6.94,7.67,2.4,0.13,7.07,7.07,2.6,0.22,7.0,6.0,2.5,0.19,6.97,5.86,2.5,0.18
6.95,7.13,2.3,0.13,7.0,6.0,2.5,0.19,6.97,5.86,2.5,0.18,6.92,6.5,2.3,0.15
7.01,7.55,2.4,0.12,6.97,5.86,2.5,0.18,6.92,6.5,2.3,0.15,6.94,7.67,2.4,0.13
7.04,7.52,2.2,0.1,6.92,6.5,2.3,0.15,6.94,7.67,2.4,0.13,6.95,7.13,2.3,0.13
7.02,7.18,2.0,0.14,6.94,7.67,2.4,0.13,6.95,7.13,2.3,0.13,7.01,7.55,2.4,0.12
6.95,7.23,2.1,0.16,6.95,7.13,2.3,0.13,7.01,7.55,2.4,0.12,7.04,7.52,2.2,0.1
6.95,6.91,2.0,0.2,7.01,7.55,2.4,0.12,7.04,7.52,2.2,0.1,7.02,7.18,2.0,0.14
7.348628808864261,8.515027700831029,2.8885041551246506,0.260387811634349,7.04,7.52,2.2,0.1,7.02,7.18,2.0,0.14,6.95,7.23,2.1,0.16
7.348628808864261,8.515027700831029,2.8885041551246506,0.260387811634349,7.02,7.18,2.0,0.14,6.95,7.23,2.1,0.16,6.95,6.91,2.0,0.2
7.47,5.53,2.6,0.14,6.95,7.23,2.1,0.16,6.95,6.91,2.0,0.2,7.348628808864261,8.515027700831029,2.8885041551246506,0.260387811634349
6.96,5.99,2.3,0.13,6.95,6.91,2.0,0.2,7.348628808864261,8.515027700831029,2.8885041551246506,0.260387811634349,7.348628808864261,8.515027700831029,2.8885041551246506,0.260387811634349
7.04,6.22,2.3,0.14,7.348628808864261,8.515027700831029,2.8885041551246506,0.260387811634349,7.348628808864261,8.515027700831029,2.8885041551246506,0.260387811634349,7.47,5.53,2.6,0.14
7.07,5.83,2.3,0.14,7.348628808864261,8.515027700831029,2.8885041551246506,0.260387811634349,7.47,5.53,2.6,0.14,6.96,5.99,2.3,0.13
6.98,5.66,2.1,0.14,7.47,5.53,2.6,0.14,6.96,5.99,2.3,0.13,7.04,6.22,2.3,0.14
7.03,6.76,2.0,0.14,6.96,5.99,2.3,0.13,7.04,6.22,2.3,0.14,7.07,5.83,2.3,0.14
7.06,6.76,2.4,0.18,7.04,6.22,2.3,0.14,7.07,5.83,2.3,0.14,6.98,5.66,2.1,0.14
7.33,7.81,2.4,0.17,7.07,5.83,2.3,0.14,6.98,5.66,2.1,0.14,7.03,6.76,2.0,0.14
7.35,7.62,2.6,0.17,6.98,5.66,2.1,0.14,7.03,6.76,2.0,0.14,7.06,6.76,2.4,0.18
7.2,6.9,2.9,0.18,7.03,6.76,2.0,0.14,7.06,6.76,2.4,0.18,7.33,7.81,2.4,0.17
7.36,7.49,2.9,0.21,7.06,6.76,2.4,0.18,7.33,7.81,2.4,0.17,7.35,7.62,2.6,0.17
7.4,7.91,3.2,0.23,7.33,7.81,2.4,0.17,7.35,7.62,2.6,0.17,7.2,6.9,2.9,0.18
7.43,7.56,3.0,0.29,7.35,7.62,2.6,0.17,7.2,6.9,2.9,0.18,7.36,7.49,2.9,0.21
7.4,7.24,3.1,0.31,7.2,6.9,2.9,0.18,7.36,7.49,2.9,0.21,7.4,7.91,3.2,0.23
7.61,8.22,2.8,0.24,7.36,7.49,2.9,0.21,7.4,7.91,3.2,0.23,7.43,7.56,3.0,0.29
7.45,7.88,2.6,0.08,7.4,7.91,3.2,0.23,7.43,7.56,3.0,0.29,7.4,7.24,3.1,0.31
7.32,8.14,2.4,0.12,7.43,7.56,3.0,0.29,7.4,7.24,3.1,0.31,7.61,8.22,2.8,0.24
7.34,9.21,2.2,0.11,7.4,7.24,3.1,0.31,7.61,8.22,2.8,0.24,7.45,7.88,2.6,0.08
7.32,8.81,2.3,0.15,7.61,8.22,2.8,0.24,7.45,7.88,2.6,0.08,7.32,8.14,2.4,0.12
7.18,8.84,2.7,0.16,7.45,7.88,2.6,0.08,7.32,8.14,2.4,0.12,7.34,9.21,2.2,0.11
7.31,9.51,3.0,0.17,7.32,8.14,2.4,0.12,7.34,9.21,2.2,0.11,7.32,8.81,2.3,0.15
7.05,9.18,3.5,0.12,7.34,9.21,2.2,0.11,7.32,8.81,2.3,0.15,7.18,8.84,2.7,0.16
6.9,8.58,3.5,0.19,7.32,8.81,2.3,0.15,7.18,8.84,2.7,0.16,7.31,9.51,3.0,0.17
7.348628808864261,8.515027700831029,2.8885041551246506,0.260387811634349,7.18,8.84,2.7,0.16,7.31,9.51,3.0,0.17,7.05,9.18,3.5,0.12
7.09,8.61,3.5,0.22,7.31,9.51,3.0,0.17,7.05,9.18,3.5,0.12,6.9,8.58,3.5,0.19
7.13,8.77,3.3,0.28,7.05,9.18,3.5,0.12,6.9,8.58,3.5,0.19,7.348628808864261,8.515027700831029,2.8885041551246506,0.260387811634349
7.09,8.48,3.1,0.26,6.9,8.58,3.5,0.19,7.348628808864261,8.515027700831029,2.8885041551246506,0.260387811634349,7.09,8.61,3.5,0.22
7.01,9.72,2.7,0.3,7.348628808864261,8.515027700831029,2.8885041551246506,0.260387811634349,7.09,8.61,3.5,0.22,7.13,8.77,3.3,0.28
6.94,10.8,2.0,0.26,7.09,8.61,3.5,0.22,7.13,8.77,3.3,0.28,7.09,8.48,3.1,0.26
6.84,10.4,1.5,0.2,7.13,8.77,3.3,0.28,7.09,8.48,3.1,0.26,7.01,9.72,2.7,0.3
6.87,10.0,1.3,0.2,7.09,8.48,3.1,0.26,7.01,9.72,2.7,0.3,6.94,10.8,2.0,0.26
6.85,9.08,1.6,0.2,7.01,9.72,2.7,0.3,6.94,10.8,2.0,0.26,6.84,10.4,1.5,0.2
6.99,9.79,2.6,0.24,6.94,10.8,2.0,0.26,6.84,10.4,1.5,0.2,6.87,10.0,1.3,0.2
7.04,9.77,3.1,0.28,6.84,10.4,1.5,0.2,6.87,10.0,1.3,0.2,6.85,9.08,1.6,0.2
6.94,9.5,2.8,0.2,6.87,10.0,1.3,0.2,6.85,9.08,1.6,0.2,6.99,9.79,2.6,0.24
6.86,8.78,2.6,0.22,6.85,9.08,1.6,0.2,6.99,9.79,2.6,0.24,7.04,9.77,3.1,0.28
6.74,8.63,3.0,0.31,6.99,9.79,2.6,0.24,7.04,9.77,3.1,0.28,6.94,9.5,2.8,0.2
7.01,8.45,3.3,0.27,7.04,9.77,3.1,0.28,6.94,9.5,2.8,0.2,6.86,8.78,2.6,0.22
7.348628808864261,8.515027700831029,2.8885041551246506,0.260387811634349,6.94,9.5,2.8,0.2,6.86,8.78,2.6,0.22,6.74,8.63,3.0,0.31
6.93,7.77,2.5,0.24,6.86,8.78,2.6,0.22,6.74,8.63,3.0,0.31,7.01,8.45,3.3,0.27
6.97,7.64,2.7,0.26,6.74,8.63,3.0,0.31,7.01,8.45,3.3,0.27,7.348628808864261,8.515027700831029,2.8885041551246506,0.260387811634349
6.97,7.15,2.6,0.22,7.01,8.45,3.3,0.27,7.348628808864261,8.515027700831029,2.8885041551246506,0.260387811634349,6.93,7.77,2.5,0.24
7.01,7.12,2.8,0.28,7.348628808864261,8.515027700831029,2.8885041551246506,0.260387811634349,6.93,7.77,2.5,0.24,6.97,7.64,2.7,0.26
6.94,6.39,2.9,0.29,6.93,7.77,2.5,0.24,6.97,7.64,2.7,0.26,6.97,7.15,2.6,0.22
6.71,6.47,3.1,0.24,6.97,7.64,2.7,0.26,6.97,7.15,2.6,0.22,7.01,7.12,2.8,0.28
7.348628808864261,8.515027700831029,2.8885041551246506,0.260387811634349,6.97,7.15,2.6,0.22,7.01,7.12,2.8,0.28,6.94,6.39,2.9,0.29
6.45,6.73,2.6,0.51,7.01,7.12,2.8,0.28,6.94,6.39,2.9,0.29,6.71,6.47,3.1,0.24
6.5,6.65,2.6,0.56,6.94,6.39,2.9,0.29,6.71,6.47,3.1,0.24,7.348628808864261,8.515027700831029,2.8885041551246506,0.260387811634349
7.348628808864261,8.515027700831029,2.8885041551246506,0.260387811634349,6.71,6.47,3.1,0.24,7.348628808864261,8.515027700831029,2.8885041551246506,0.260387811634349,6.45,6.73,2.6,0.51
6.47,6.38,2.9,0.2,7.348628808864261,8.515027700831029,2.8885041551246506,0.260387811634349,6.45,6.73,2.6,0.51,6.5,6.65,2.6,0.56
6.49,6.55,2.8,0.19,6.45,6.73,2.6,0.51,6.5,6.65,2.6,0.56,7.348628808864261,8.515027700831029,2.8885041551246506,0.260387811634349
6.41,5.91,2.4,0.19,6.5,6.65,2.6,0.56,7.348628808864261,8.515027700831029,2.8885041551246506,0.260387811634349,6.47,6.38,2.9,0.2
7.348628808864261,8.515027700831029,2.8885041551246506,0.260387811634349,7.348628808864261,8.515027700831029,2.8885041551246506,0.260387811634349,6.47,6.38,2.9,0.2,6.49,6.55,2.8,0.19
6.6,6.28,2.0,0.33,6.47,6.38,2.9,0.2,6.49,6.55,2.8,0.19,6.41,5.91,2.4,0.19
6.53,5.81,2.4,0.33,6.49,6.55,2.8,0.19,6.41,5.91,2.4,0.19,7.348628808864261,8.515027700831029,2.8885041551246506,0.260387811634349
7.348628808864261,8.515027700831029,2.8885041551246506,0.260387811634349,6.41,5.91,2.4,0.19,7.348628808864261,8.515027700831029,2.8885041551246506,0.260387811634349,6.6,6.28,2.0,0.33
7.348628808864261,8.515027700831029,2.8885041551246506,0.260387811634349,7.348628808864261,8.515027700831029,2.8885041551246506,0.260387811634349,6.6,6.28,2.0,0.33,6.53,5.81,2.4,0.33
7.348628808864261,8.515027700831029,2.8885041551246506,0.260387811634349,6.6,6.28,2.0,0.33,6.53,5.81,2.4,0.33,7.348628808864261,8.515027700831029,2.8885041551246506,0.260387811634349
7.348628808864261,8.515027700831029,2.8885041551246506,0.260387811634349,6.53,5.81,2.4,0.33,7.348628808864261,8.515027700831029,2.8885041551246506,0.260387811634349,7.348628808864261,8.515027700831029,2.8885041551246506,0.260387811634349
7.348628808864261,8.515027700831029,2.8885041551246506,0.260387811634349,7.348628808864261,8.515027700831029,2.8885041551246506,0.260387811634349,7.348628808864261,8.515027700831029,2.8885041551246506,0.260387811634349,7.348628808864261,8.515027700831029,2.8885041551246506,0.260387811634349
7.348628808864261,8.515027700831029,2.8885041551246506,0.260387811634349,7.348628808864261,8.515027700831029,2.8885041551246506,0.260387811634349,7.348628808864261,8.515027700831029,2.8885041551246506,0.260387811634349,7.348628808864261,8.515027700831029,2.8885041551246506,0.260387811634349
7.348628808864261,8.515027700831029,2.8885041551246506,0.260387811634349,7.348628808864261,8.515027700831029,2.8885041551246506,0.260387811634349,7.348628808864261,8.515027700831029,2.8885041551246506,0.260387811634349,7.348628808864261,8.515027700831029,2.8885041551246506,0.260387811634349
7.348628808864261,8.515027700831029,2.8885041551246506,0.260387811634349,7.348628808864261,8.515027700831029,2.8885041551246506,0.260387811634349,7.348628808864261,8.515027700831029,2.8885041551246506,0.260387811634349,7.348628808864261,8.515027700831029,2.8885041551246506,0.260387811634349
7.348628808864261,8.515027700831029,2.8885041551246506,0.260387811634349,7.348628808864261,8.515027700831029,2.8885041551246506,0.260387811634349,7.348628808864261,8.515027700831029,2.8885041551246506,0.260387811634349,7.348628808864261,8.515027700831029,2.8885041551246506,0.260387811634349
7.348628808864261,8.515027700831029,2.8885041551246506,0.260387811634349,7.348628808864261,8.515027700831029,2.8885041551246506,0.260387811634349,7.348628808864261,8.515027700831029,2.8885041551246506,0.260387811634349,7.348628808864261,8.515027700831029,2.8885041551246506,0.260387811634349
7.348628808864261,8.515027700831029,2.8885041551246506,0.260387811634349,7.348628808864261,8.515027700831029,2.8885041551246506,0.260387811634349,7.348628808864261,8.515027700831029,2.8885041551246506,0.260387811634349,7.348628808864261,8.515027700831029,2.8885041551246506,0.260387811634349
7.49,7.42,2.1,0.2,7.348628808864261,8.515027700831029,2.8885041551246506,0.260387811634349,7.348628808864261,8.515027700831029,2.8885041551246506,0.260387811634349,7.348628808864261,8.515027700831029,2.8885041551246506,0.260387811634349
7.348628808864261,8.515027700831029,2.8885041551246506,0.260387811634349,7.348628808864261,8.515027700831029,2.8885041551246506,0.260387811634349,7.348628808864261,8.515027700831029,2.8885041551246506,0.260387811634349,7.348628808864261,8.515027700831029,2.8885041551246506,0.260387811634349
7.19,8.77,1.8,0.18,7.348628808864261,8.515027700831029,2.8885041551246506,0.260387811634349,7.348628808864261,8.515027700831029,2.8885041551246506,0.260387811634349,7.49,7.42,2.1,0.2
6.83,8.77,1.6,0.19,7.348628808864261,8.515027700831029,2.8885041551246506,0.260387811634349,7.49,7.42,2.1,0.2,7.348628808864261,8.515027700831029,2.8885041551246506,0.260387811634349
6.65,8.89,3.3,0.15,7.49,7.42,2.1,0.2,7.348628808864261,8.515027700831029,2.8885041551246506,0.260387811634349,7.19,8.77,1.8,0.18
7.348628808864261,8.515027700831029,2.8885041551246506,0.260387811634349,7.348628808864261,8.515027700831029,2.8885041551246506,0.260387811634349,7.19,8.77,1.8,0.18,6.83,8.77,1.6,0.19
7.348628808864261,8.515027700831029,2.8885041551246506,0.260387811634349,7.19,8.77,1.8,0.18,6.83,8.77,1.6,0.19,6.65,8.89,3.3,0.15
7.1,8.78,3.6,0.33,6.83,8.77,1.6,0.19,6.65,8.89,3.3,0.15,7.348628808864261,8.515027700831029,2.8885041551246506,0.260387811634349
7.01,8.69,4.0,0.27,6.65,8.89,3.3,0.15,7.348628808864261,8.515027700831029,2.8885041551246506,0.260387811634349,7.348628808864261,8.515027700831029,2.8885041551246506,0.260387811634349
7.348628808864261,8.515027700831029,2.8885041551246506,0.260387811634349,7.348628808864261,8.515027700831029,2.8885041551246506,0.260387811634349,7.348628808864261,8.515027700831029,2.8885041551246506,0.260387811634349,7.1,8.78,3.6,0.33
7.27,9.36,5.0,0.41,7.348628808864261,8.515027700831029,2.8885041551246506,0.260387811634349,7.1,8.78,3.6,0.33,7.01,8.69,4.0,0.27
7.02,9.05,4.0,0.36,7.1,8.78,3.6,0.33,7.01,8.69,4.0,0.27,7.348628808864261,8.515027700831029,2.8885041551246506,0.260387811634349
7.348628808864261,8.515027700831029,2.8885041551246506,0.260387811634349,7.01,8.69,4.0,0.27,7.348628808864261,8.515027700831029,2.8885041551246506,0.260387811634349,7.27,9.36,5.0,0.41
7.18,9.72,5.3,0.36,7.348628808864261,8.515027700831029,2.8885041551246506,0.260387811634349,7.27,9.36,5.0,0.41,7.02,9.05,4.0,0.36
7.348628808864261,8.515027700831029,2.8885041551246506,0.260387811634349,7.27,9.36,5.0,0.41,7.02,9.05,4.0,0.36,7.348628808864261,8.515027700831029,2.8885041551246506,0.260387811634349
7.348628808864261,8.515027700831029,2.8885041551246506,0.260387811634349,7.02,9.05,4.0,0.36,7.348628808864261,8.515027700831029,2.8885041551246506,0.260387811634349,7.18,9.72,5.3,0.36
7.28,10.9,2.7,0.58,7.348628808864261,8.515027700831029,2.8885041551246506,0.260387811634349,7.18,9.72,5.3,0.36,7.348628808864261,8.515027700831029,2.8885041551246506,0.260387811634349
7.348628808864261,8.515027700831029,2.8885041551246506,0.260387811634349,7.18,9.72,5.3,0.36,7.348628808864261,8.515027700831029,2.8885041551246506,0.260387811634349,7.348628808864261,8.515027700831029,2.8885041551246506,0.260387811634349
7.348628808864261,8.515027700831029,2.8885041551246506,0.260387811634349,7.348628808864261,8.515027700831029,2.8885041551246506,0.260387811634349,7.348628808864261,8.515027700831029,2.8885041551246506,0.260387811634349,7.28,10.9,2.7,0.58
7.12,9.6,2.1,0.44,7.348628808864261,8.515027700831029,2.8885041551246506,0.260387811634349,7.28,10.9,2.7,0.58,7.348628808864261,8.515027700831029,2.8885041551246506,0.260387811634349
6.92,8.81,2.2,0.36,7.28,10.9,2.7,0.58,7.348628808864261,8.515027700831029,2.8885041551246506,0.260387811634349,7.348628808864261,8.515027700831029,2.8885041551246506,0.260387811634349
7.348628808864261,8.515027700831029,2.8885041551246506,0.260387811634349,7.348628808864261,8.515027700831029,2.8885041551246506,0.260387811634349,7.348628808864261,8.515027700831029,2.8885041551246506,0.260387811634349,7.12,9.6,2.1,0.44
6.29,6.26,3.4,0.34,7.348628808864261,8.515027700831029,2.8885041551246506,0.260387811634349,7.12,9.6,2.1,0.44,6.92,8.81,2.2,0.36
6.44,6.57,2.5,0.31,7.12,9.6,2.1,0.44,6.92,8.81,2.2,0.36,7.348628808864261,8.515027700831029,2.8885041551246506,0.260387811634349
6.41,8.05,2.7,0.24,6.92,8.81,2.2,0.36,7.348628808864261,8.515027700831029,2.8885041551246506,0.260387811634349,6.29,6.26,3.4,0.34
7.66,7.43,1.8,0.17,7.348628808864261,8.515027700831029,2.8885041551246506,0.260387811634349,6.29,6.26,3.4,0.34,6.44,6.57,2.5,0.31
6.83,6.92,1.9,0.21,6.29,6.26,3.4,0.34,6.44,6.57,2.5,0.31,6.41,8.05,2.7,0.24
6.47,6.02,2.2,0.27,6.44,6.57,2.5,0.31,6.41,8.05,2.7,0.24,7.66,7.43,1.8,0.17
6.56,6.27,2.7,0.23,6.41,8.05,2.7,0.24,7.66,7.43,1.8,0.17,6.83,6.92,1.9,0.21
6.56,4.51,2.7,0.17,7.66,7.43,1.8,0.17,6.83,6.92,1.9,0.21,6.47,6.02,2.2,0.27
6.51,5.15,2.0,0.17,6.83,6.92,1.9,0.21,6.47,6.02,2.2,0.27,6.56,6.27,2.7,0.23
6.67,5.63,2.0,0.17,6.47,6.02,2.2,0.27,6.56,6.27,2.7,0.23,6.56,4.51,2.7,0.17
7.348628808864261,8.515027700831029,2.8885041551246506,0.260387811634349,6.56,6.27,2.7,0.23,6.56,4.51,2.7,0.17,6.51,5.15,2.0,0.17
6.73,4.56,1.9,0.14,6.56,4.51,2.7,0.17,6.51,5.15,2.0,0.17,6.67,5.63,2.0,0.17
7.348628808864261,8.515027700831029,2.8885041551246506,0.260387811634349,6.51,5.15,2.0,0.17,6.67,5.63,2.0,0.17,7.348628808864261,8.515027700831029,2.8885041551246506,0.260387811634349
6.72,2.13,1.6,0.16,6.67,5.63,2.0,0.17,7.348628808864261,8.515027700831029,2.8885041551246506,0.260387811634349,6.73,4.56,1.9,0.14
7.348628808864261,8.515027700831029,2.8885041551246506,0.260387811634349,7.348628808864261,8.515027700831029,2.8885041551246506,0.260387811634349,6.73,4.56,1.9,0.14,7.348628808864261,8.515027700831029,2.8885041551246506,0.260387811634349
7.348628808864261,8.515027700831029,2.8885041551246506,0.260387811634349,6.73,4.56,1.9,0.14,7.348628808864261,8.515027700831029,2.8885041551246506,0.260387811634349,6.72,2.13,1.6,0.16
7.348628808864261,8.515027700831029,2.8885041551246506,0.260387811634349,7.348628808864261,8.515027700831029,2.8885041551246506,0.260387811634349,6.72,2.13,1.6,0.16,7.348628808864261,8.515027700831029,2.8885041551246506,0.260387811634349
7.348628808864261,8.515027700831029,2.8885041551246506,0.260387811634349,6.72,2.13,1.6,0.16,7.348628808864261,8.515027700831029,2.8885041551246506,0.260387811634349,7.348628808864261,8.515027700831029,2.8885041551246506,0.260387811634349
7.348628808864261,8.515027700831029,2.8885041551246506,0.260387811634349,7.348628808864261,8.515027700831029,2.8885041551246506,0.260387811634349,7.348628808864261,8.515027700831029,2.8885041551246506,0.260387811634349,7.348628808864261,8.515027700831029,2.8885041551246506,0.260387811634349
7.348628808864261,8.515027700831029,2.8885041551246506,0.260387811634349,7.348628808864261,8.515027700831029,2.8885041551246506,0.260387811634349,7.348628808864261,8.515027700831029,2.8885041551246506,0.260387811634349,7.348628808864261,8.515027700831029,2.8885041551246506,0.260387811634349
6.75,4.2,3.0,0.22,7.348628808864261,8.515027700831029,2.8885041551246506,0.260387811634349,7.348628808864261,8.515027700831029,2.8885041551246506,0.260387811634349,7.348628808864261,8.515027700831029,2.8885041551246506,0.260387811634349
6.96,5.75,3.0,0.16,7.348628808864261,8.515027700831029,2.8885041551246506,0.260387811634349,7.348628808864261,8.515027700831029,2.8885041551246506,0.260387811634349,7.348628808864261,8.515027700831029,2.8885041551246506,0.260387811634349
7.348628808864261,8.515027700831029,2.8885041551246506,0.260387811634349,7.348628808864261,8.515027700831029,2.8885041551246506,0.260387811634349,7.348628808864261,8.515027700831029,2.8885041551246506,0.260387811634349,6.75,4.2,3.0,0.22
7.348628808864261,8.515027700831029,2.8885041551246506,0.260387811634349,7.348628808864261,8.515027700831029,2.8885041551246506,0.260387811634349,6.75,4.2,3.0,0.22,6.96,5.75,3.0,0.16
7.348628808864261,8.515027700831029,2.8885041551246506,0.260387811634349,6.75,4.2,3.0,0.22,6.96,5.75,3.0,0.16,7.348628808864261,8.515027700831029,2.8885041551246506,0.260387811634349
7.01,5.97,2.0,0.26,6.96,5.75,3.0,0.16,7.348628808864261,8.515027700831029,2.8885041551246506,0.260387811634349,7.348628808864261,8.515027700831029,2.8885041551246506,0.260387811634349
7.348628808864261,8.515027700831029,2.8885041551246506,0.260387811634349,7.348628808864261,8.515027700831029,2.8885041551246506,0.260387811634349,7.348628808864261,8.515027700831029,2.8885041551246506,0.260387811634349,7.348628808864261,8.515027700831029,2.8885041551246506,0.260387811634349
7.04,5.72,2.4,0.16,7.348628808864261,8.515027700831029,2.8885041551246506,0.260387811634349,7.348628808864261,8.515027700831029,2.8885041551246506,0.260387811634349,7.01,5.97,2.0,0.26
7.348628808864261,8.515027700831029,2.8885041551246506,0.260387811634349,7.348628808864261,8.515027700831029,2.8885041551246506,0.260387811634349,7.01,5.97,2.0,0.26,7.348628808864261,8.515027700831029,2.8885041551246506,0.260387811634349
7.348628808864261,8.515027700831029,2.8885041551246506,0.260387811634349,7.01,5.97,2.0,0.26,7.348628808864261,8.515027700831029,2.8885041551246506,0.260387811634349,7.04,5.72,2.4,0.16
7.348628808864261,8.515027700831029,2.8885041551246506,0.260387811634349,7.348628808864261,8.515027700831029,2.8885041551246506,0.260387811634349,7.04,5.72,2.4,0.16,7.348628808864261,8.515027700831029,2.8885041551246506,0.260387811634349
7.348628808864261,8.515027700831029,2.8885041551246506,0.260387811634349,7.04,5.72,2.4,0.16,7.348628808864261,8.515027700831029,2.8885041551246506,0.260387811634349,7.348628808864261,8.515027700831029,2.8885041551246506,0.260387811634349
7.348628808864261,8.515027700831029,2.8885041551246506,0.260387811634349,7.348628808864261,8.515027700831029,2.8885041551246506,0.260387811634349,7.348628808864261,8.515027700831029,2.8885041551246506,0.260387811634349,7.348628808864261,8.515027700831029,2.8885041551246506,0.260387811634349
6.95,6.97,2.4,0.11,7.348628808864261,8.515027700831029,2.8885041551246506,0.260387811634349,7.348628808864261,8.515027700831029,2.8885041551246506,0.260387811634349,7.348628808864261,8.515027700831029,2.8885041551246506,0.260387811634349
7.12,6.92,2.5,0.13,7.348628808864261,8.515027700831029,2.8885041551246506,0.260387811634349,7.348628808864261,8.515027700831029,2.8885041551246506,0.260387811634349,7.348628808864261,8.515027700831029,2.8885041551246506,0.260387811634349
7.62,7.55,2.7,0.23,7.348628808864261,8.515027700831029,2.8885041551246506,0.260387811634349,7.348628808864261,8.515027700831029,2.8885041551246506,0.260387811634349,6.95,6.97,2.4,0.11
7.348628808864261,8.515027700831029,2.8885041551246506,0.260387811634349,7.348628808864261,8.515027700831029,2.8885041551246506,0.260387811634349,6.95,6.97,2.4,0.11,7.12,6.92,2.5,0.13
7.348628808864261,8.515027700831029,2.8885041551246506,0.260387811634349,6.95,6.97,2.4,0.11,7.12,6.92,2.5,0.13,7.62,7.55,2.7,0.23
7.348628808864261,8.515027700831029,2.8885041551246506,0.260387811634349,7.12,6.92,2.5,0.13,7.62,7.55,2.7,0.23,7.348628808864261,8.515027700831029,2.8885041551246506,0.260387811634349
7.348628808864261,8.515027700831029,2.8885041551246506,0.260387811634349,7.62,7.55,2.7,0.23,7.348628808864261,8.515027700831029,2.8885041551246506,0.260387811634349,7.348628808864261,8.515027700831029,2.8885041551246506,0.260387811634349
7.17,8.46,3.0,0.21,7.348628808864261,8.515027700831029,2.8885041551246506,0.260387811634349,7.348628808864261,8.515027700831029,2.8885041551246506,0.260387811634349,7.348628808864261,8.515027700831029,2.8885041551246506,0.260387811634349
7.34,8.53,2.9,0.18,7.348628808864261,8.515027700831029,2.8885041551246506,0.260387811634349,7.348628808864261,8.515027700831029,2.8885041551246506,0.260387811634349,7.348628808864261,8.515027700831029,2.8885041551246506,0.260387811634349
