7.55,9.76,2.4,0.24,7.81,11.4,1.2,0.29,7.85,11.1,1.7,0.33,7.604224376731293,8.362097222222221,2.441944444444444,0.22353185595567895,8.1,9.87,1.3,0.21
7.43,9.36,1.3,0.1,7.85,11.1,1.7,0.33,7.604224376731293,8.362097222222221,2.441944444444444,0.22353185595567895,8.1,9.87,1.3,0.21,7.96,9.29,1.0,0.22
7.38,9.75,1.9,0.05,7.604224376731293,8.362097222222221,2.441944444444444,0.22353185595567895,8.1,9.87,1.3,0.21,7.96,9.29,1.0,0.22,7.93,9.84,1.9,0.28
7.72,9.13,1.9,0.2,8.1,9.87,1.3,0.21,7.96,9.29,1.0,0.22,7.93,9.84,1.9,0.28,7.73,9.97,2.0,0.3
7.57,8.67,1.8,0.27,7.96,9.29,1.0,0.22,7.93,9.84,1.9,0.28,7.73,9.97,2.0,0.3,7.55,9.76,2.4,0.24
7.28,8.66,1.9,0.14,7.93,9.84,1.9,0.28,7.73,9.97,2.0,0.3,7.55,9.76,2.4,0.24,7.43,9.36,1.3,0.1
7.33,8.55,1.9,0.18,7.73,9.97,2.0,0.3,7.55,9.76,2.4,0.24,7.43,9.36,1.3,0.1,7.38,9.75,1.9,0.05
7.16,8.99,1.8,0.19,7.55,9.76,2.4,0.24,7.43,9.36,1.3,0.1,7.38,9.75,1.9,0.05,7.72,9.13,1.9,0.2
7.07,8.92,2.0,0.25,7.43,9.36,1.3,0.1,7.38,9.75,1.9,0.05,7.72,9.13,1.9,0.2,7.57,8.67,1.8,0.27
6.98,7.46,2.2,0.39,7.38,9.75,1.9,0.05,7.72,9.13,1.9,0.2,7.57,8.67,1.8,0.27,7.28,8.66,1.9,0.14
7.01,7.34,2.3,0.33,7.72,9.13,1.9,0.2,7.57,8.67,1.8,0.27,7.28,8.66,1.9,0.14,7.33,8.55,1.9,0.18
6.96,6.74,2.2,0.34,7.57,8.67,1.8,0.27,7.28,8.66,1.9,0.14,7.33,8.55,1.9,0.18,7.16,8.99,1.8,0.19
7.19,6.32,4.3,0.43,7.28,8.66,1.9,0.14,7.33,8.55,1.9,0.18,7.16,8.99,1.8,0.19,7.07,8.92,2.0,0.25
7.19,6.65,4.1,0.38,7.33,8.55,1.9,0.18,7.16,8.99,1.8,0.19,7.07,8.92,2.0,0.25,6.98,7.46,2.2,0.39
7.18,7.03,3.4,0.39,7.16,8.99,1.8,0.19,7.07,8.92,2.0,0.25,6.98,7.46,2.2,0.39,7.01,7.34,2.3,0.33
7.25,7.24,3.3,0.51,7.07,8.92,2.0,0.25,6.98,7.46,2.2,0.39,7.01,7.34,2.3,0.33,6.96,6.74,2.2,0.34
7.29,7.35,3.4,0.21,6.98,7.46,2.2,0.39,7.01,7.34,2.3,0.33,6.96,6.74,2.2,0.34,7.19,6.32,4.3,0.43
7.35,7.21,3.6,0.23,7.01,7.34,2.3,0.33,6.96,6.74,2.2,0.34,7.19,6.32,4.3,0.43,7.19,6.65,4.1,0.38
7.16,6.61,3.8,0.32,6.96,6.74,2.2,0.34,7.19,6.32,4.3,0.43,7.19,6.65,4.1,0.38,7.18,7.03,3.4,0.39
7.1,7.46,3.9,0.28,7.19,6.32,4.3,0.43,7.19,6.65,4.1,0.38,7.18,7.03,3.4,0.39,7.25,7.24,3.3,0.51
7.604224376731293,8.362097222222221,2.441944444444444,0.22353185595567895,7.19,6.65,4.1,0.38,7.18,7.03,3.4,0.39,7.25,7.24,3.3,0.51,7.29,7.35,3.4,0.21
7.604224376731293,8.362097222222221,2.441944444444444,0.22353185595567895,7.18,7.03,3.4,0.39,7.25,7.24,3.3,0.51,7.29,7.35,3.4,0.21,7.35,7.21,3.6,0.23
7.604224376731293,8.362097222222221,2.441944444444444,0.22353185595567895,7.25,7.24,3.3,0.51,7.29,7.35,3.4,0.21,7.35,7.21,3.6,0.23,7.16,6.61,3.8,0.32
8.06,6.03,3.5,0.68,7.29,7.35,3.4,0.21,7.35,7.21,3.6,0.23,7.16,6.61,3.8,0.32,7.1,7.46,3.9,0.28
7.6,5.75,2.7,0.44,7.35,7.21,3.6,0.23,7.16,6.61,3.8,0.32,7.1,7.46,3.9,0.28,7.604224376731293,8.362097222222221,2.441944444444444,0.22353185595567895
8.14,6.3,3.7,0.82,7.16,6.61,3.8,0.32,7.1,7.46,3.9,0.28,7.604224376731293,8.362097222222221,2.441944444444444,0.22353185595567895,7.604224376731293,8.362097222222221,2.441944444444444,0.22353185595567895
7.67,5.74,5.7,0.55,7.1,7.46,3.9,0.28,7.604224376731293,8.362097222222221,2.441944444444444,0.22353185595567895,7.604224376731293,8.362097222222221,2.441944444444444,0.22353185595567895,7.604224376731293,8.362097222222221,2.441944444444444,0.22353185595567895
7.73,6.68,5.2,0.48,7.604224376731293,8.362097222222221,2.441944444444444,0.22353185595567895,7.604224376731293,8.362097222222221,2.441944444444444,0.22353185595567895,7.604224376731293,8.362097222222221,2.441944444444444,0.22353185595567895,8.06,6.03,3.5,0.68
7.79,6.77,5.0,0.31,7.604224376731293,8.362097222222221,2.441944444444444,0.22353185595567895,7.604224376731293,8.362097222222221,2.441944444444444,0.22353185595567895,8.06,6.03,3.5,0.68,7.6,5.75,2.7,0.44
7.77,7.36,5.3,0.07,7.604224376731293,8.362097222222221,2.441944444444444,0.22353185595567895,8.06,6.03,3.5,0.68,7.6,5.75,2.7,0.44,8.14,6.3,3.7,0.82
7.81,7.28,3.8,0.14,8.06,6.03,3.5,0.68,7.6,5.75,2.7,0.44,8.14,6.3,3.7,0.82,7.67,5.74,5.7,0.55
7.604224376731293,8.362097222222221,2.441944444444444,0.22353185595567895,7.6,5.75,2.7,0.44,8.14,6.3,3.7,0.82,7.67,5.74,5.7,0.55,7.73,6.68,5.2,0.48
7.81,7.47,3.6,0.13,8.14,6.3,3.7,0.82,7.67,5.74,5.7,0.55,7.73,6.68,5.2,0.48,7.79,6.77,5.0,0.31
7.88,7.27,3.0,0.08,7.67,5.74,5.7,0.55,7.73,6.68,5.2,0.48,7.79,6.77,5.0,0.31,7.77,7.36,5.3,0.07
7.87,8.09,3.2,0.18,7.73,6.68,5.2,0.48,7.79,6.77,5.0,0.31,7.77,7.36,5.3,0.07,7.81,7.28,3.8,0.14
7.88,8.13,3.1,0.27,7.79,6.77,5.0,0.31,7.77,7.36,5.3,0.07,7.81,7.28,3.8,0.14,7.604224376731293,8.362097222222221,2.441944444444444,0.22353185595567895
7.84,8.38,2.9,0.25,7.77,7.36,5.3,0.07,7.81,7.28,3.8,0.14,7.604224376731293,8.362097222222221,2.441944444444444,0.22353185595567895,7.81,7.47,3.6,0.13
7.87,8.49,2.8,0.25,7.81,7.28,3.8,0.14,7.604224376731293,8.362097222222221,2.441944444444444,0.22353185595567895,7.81,7.47,3.6,0.13,7.88,7.27,3.0,0.08
7.89,8.92,2.1,0.22,7.604224376731293,8.362097222222221,2.441944444444444,0.22353185595567895,7.81,7.47,3.6,0.13,7.88,7.27,3.0,0.08,7.87,8.09,3.2,0.18
7.92,9.09,2.5,0.21,7.81,7.47,3.6,0.13,7.88,7.27,3.0,0.08,7.87,8.09,3.2,0.18,7.88,8.13,3.1,0.27
7.95,9.64,2.0,0.18,7.88,7.27,3.0,0.08,7.87,8.09,3.2,0.18,7.88,8.13,3.1,0.27,7.84,8.38,2.9,0.25
7.94,10.2,2.2,0.18,7.87,8.09,3.2,0.18,7.88,8.13,3.1,0.27,7.84,8.38,2.9,0.25,7.87,8.49,2.8,0.25
7.93,10.0,3.2,0.2,7.88,8.13,3.1,0.27,7.84,8.38,2.9,0.25,7.87,8.49,2.8,0.25,7.89,8.92,2.1,0.22
7.92,10.1,3.0,0.21,7.84,8.38,2.9,0.25,7.87,8.49,2.8,0.25,7.89,8.92,2.1,0.22,7.92,9.09,2.5,0.21
7.95,10.8,4.8,0.17,7.87,8.49,2.8,0.25,7.89,8.92,2.1,0.22,7.92,9.09,2.5,0.21,7.95,9.64,2.0,0.18
7.95,11.2,5.7,0.21,7.89,8.92,2.1,0.22,7.92,9.09,2.5,0.21,7.95,9.64,2.0,0.18,7.94,10.2,2.2,0.18
7.89,10.8,6.0,0.26,7.92,9.09,2.5,0.21,7.95,9.64,2.0,0.18,7.94,10.2,2.2,0.18,7.93,10.0,3.2,0.2
7.9,11.2,2.6,0.42,7.95,9.64,2.0,0.18,7.94,10.2,2.2,0.18,7.93,10.0,3.2,0.2,7.92,10.1,3.0,0.21
7.88,11.7,2.4,0.47,7.94,10.2,2.2,0.18,7.93,10.0,3.2,0.2,7.92,10.1,3.0,0.21,7.95,10.8,4.8,0.17
7.79,11.5,2.6,0.42,7.93,10.0,3.2,0.2,7.92,10.1,3.0,0.21,7.95,10.8,4.8,0.17,7.95,11.2,5.7,0.21
7.84,11.5,2.8,0.36,7.92,10.1,3.0,0.21,7.95,10.8,4.8,0.17,7.95,11.2,5.7,0.21,7.89,10.8,6.0,0.26
7.604224376731293,8.362097222222221,2.441944444444444,0.22353185595567895,7.95,10.8,4.8,0.17,7.95,11.2,5.7,0.21,7.89,10.8,6.0,0.26,7.9,11.2,2.6,0.42
7.79,12.0,3.8,0.26,7.95,11.2,5.7,0.21,7.89,10.8,6.0,0.26,7.9,11.2,2.6,0.42,7.88,11.7,2.4,0.47
7.78,11.7,3.5,0.22,7.89,10.8,6.0,0.26,7.9,11.2,2.6,0.42,7.88,11.7,2.4,0.47,7.79,11.5,2.6,0.42
7.78,11.4,3.0,0.31,7.9,11.2,2.6,0.42,7.88,11.7,2.4,0.47,7.79,11.5,2.6,0.42,7.84,11.5,2.8,0.36
7.76,10.5,2.4,0.28,7.88,11.7,2.4,0.47,7.79,11.5,2.6,0.42,7.84,11.5,2.8,0.36,7.604224376731293,8.362097222222221,2.441944444444444,0.22353185595567895
7.81,10.5,4.7,0.24,7.79,11.5,2.6,0.42,7.84,11.5,2.8,0.36,7.604224376731293,8.362097222222221,2.441944444444444,0.22353185595567895,7.79,12.0,3.8,0.26
7.8,10.7,5.3,0.22,7.84,11.5,2.8,0.36,7.604224376731293,8.362097222222221,2.441944444444444,0.22353185595567895,7.79,12.0,3.8,0.26,7.78,11.7,3.5,0.22
7.74,11.3,4.9,0.16,7.604224376731293,8.362097222222221,2.441944444444444,0.22353185595567895,7.79,12.0,3.8,0.26,7.78,11.7,3.5,0.22,7.78,11.4,3.0,0.31
7.71,11.1,3.8,0.14,7.79,12.0,3.8,0.26,7.78,11.7,3.5,0.22,7.78,11.4,3.0,0.31,7.76,10.5,2.4,0.28
7.72,10.9,4.4,0.09,7.78,11.7,3.5,0.22,7.78,11.4,3.0,0.31,7.76,10.5,2.4,0.28,7.81,10.5,4.7,0.24
7.72,8.47,4.4,0.26,7.78,11.4,3.0,0.31,7.76,10.5,2.4,0.28,7.81,10.5,4.7,0.24,7.8,10.7,5.3,0.22
7.5,8.35,4.7,0.25,7.76,10.5,2.4,0.28,7.81,10.5,4.7,0.24,7.8,10.7,5.3,0.22,7.74,11.3,4.9,0.16
7.53,6.48,4.7,0.09,7.81,10.5,4.7,0.24,7.8,10.7,5.3,0.22,7.74,11.3,4.9,0.16,7.71,11.1,3.8,0.14
8.28,8.06,2.1,0.07,7.8,10.7,5.3,0.22,7.74,11.3,4.9,0.16,7.71,11.1,3.8,0.14,7.72,10.9,4.4,0.09
8.26,7.66,1.8,0.07,7.74,11.3,4.9,0.16,7.71,11.1,3.8,0.14,7.72,10.9,4.4,0.09,7.72,8.47,4.4,0.26
8.25,7.5,1.2,0.05,7.71,11.1,3.8,0.14,7.72,10.9,4.4,0.09,7.72,8.47,4.4,0.26,7.5,8.35,4.7,0.25
8.22,6.74,2.2,0.05,7.72,10.9,4.4,0.09,7.72,8.47,4.4,0.26,7.5,8.35,4.7,0.25,7.53,6.48,4.7,0.09
8.23,6.93,1.5,0.07,7.72,8.47,4.4,0.26,7.5,8.35,4.7,0.25,7.53,6.48,4.7,0.09,8.28,8.06,2.1,0.07
8.26,7.5,2.0,0.08,7.5,8.35,4.7,0.25,7.53,6.48,4.7,0.09,8.28,8.06,2.1,0.07,8.26,7.66,1.8,0.07
8.3,7.17,4.0,0.1,7.53,6.48,4.7,0.09,8.28,8.06,2.1,0.07,8.26,7.66,1.8,0.07,8.25,7.5,1.2,0.05
8.28,6.47,4.2,0.11,8.28,8.06,2.1,0.07,8.26,7.66,1.8,0.07,8.25,7.5,1.2,0.05,8.22,6.74,2.2,0.05
8.3,6.08,3.7,0.15,8.26,7.66,1.8,0.07,8.25,7.5,1.2,0.05,8.22,6.74,2.2,0.05,8.23,6.93,1.5,0.07
8.3,5.48,5.3,0.39,8.25,7.5,1.2,0.05,8.22,6.74,2.2,0.05,8.23,6.93,1.5,0.07,8.26,7.5,2.0,0.08
8.35,6.49,4.9,0.13,8.22,6.74,2.2,0.05,8.23,6.93,1.5,0.07,8.26,7.5,2.0,0.08,8.3,7.17,4.0,0.1
7.77,6.25,2.4,0.15,8.23,6.93,1.5,0.07,8.26,7.5,2.0,0.08,8.3,7.17,4.0,0.1,8.28,6.47,4.2,0.11
7.57,5.09,3.1,0.18,8.26,7.5,2.0,0.08,8.3,7.17,4.0,0.1,8.28,6.47,4.2,0.11,8.3,6.08,3.7,0.15
7.12,5.52,2.5,0.07,8.3,7.17,4.0,0.1,8.28,6.47,4.2,0.11,8.3,6.08,3.7,0.15,8.3,5.48,5.3,0.39
7.29,6.52,3.6,0.29,8.28,6.47,4.2,0.11,8.3,6.08,3.7,0.15,8.3,5.48,5.3,0.39,8.35,6.49,4.9,0.13
7.13,6.9,3.5,0.33,8.3,6.08,3.7,0.15,8.3,5.48,5.3,0.39,8.35,6.49,4.9,0.13,7.77,6.25,2.4,0.15
7.0,6.53,3.6,0.31,8.3,5.48,5.3,0.39,8.35,6.49,4.9,0.13,7.77,6.25,2.4,0.15,7.57,5.09,3.1,0.18
7.67,7.25,3.6,0.29,8.35,6.49,4.9,0.13,7.77,6.25,2.4,0.15,7.57,5.09,3.1,0.18,7.12,5.52,2.5,0.07
7.64,6.67,2.5,0.33,7.77,6.25,2.4,0.15,7.57,5.09,3.1,0.18,7.12,5.52,2.5,0.07,7.29,6.52,3.6,0.29
7.61,7.35,2.6,0.3,7.57,5.09,3.1,0.18,7.12,5.52,2.5,0.07,7.29,6.52,3.6,0.29,7.13,6.9,3.5,0.33
7.49,7.19,4.6,0.28,7.12,5.52,2.5,0.07,7.29,6.52,3.6,0.29,7.13,6.9,3.5,0.33,7.0,6.53,3.6,0.31
7.42,8.38,4.3,0.31,7.29,6.52,3.6,0.29,7.13,6.9,3.5,0.33,7.0,6.53,3.6,0.31,7.67,7.25,3.6,0.29
7.22,7.97,3.9,0.32,7.13,6.9,3.5,0.33,7.0,6.53,3.6,0.31,7.67,7.25,3.6,0.29,7.64,6.67,2.5,0.33
7.24,8.05,3.6,0.24,7.0,6.53,3.6,0.31,7.67,7.25,3.6,0.29,7.64,6.67,2.5,0.33,7.61,7.35,2.6,0.3
8.58,7.86,2.3,0.14,7.67,7.25,3.6,0.29,7.64,6.67,2.5,0.33,7.61,7.35,2.6,0.3,7.49,7.19,4.6,0.28
8.49,7.39,2.9,0.14,7.64,6.67,2.5,0.33,7.61,7.35,2.6,0.3,7.49,7.19,4.6,0.28,7.42,8.38,4.3,0.31
8.45,7.58,3.1,0.13,7.61,7.35,2.6,0.3,7.49,7.19,4.6,0.28,7.42,8.38,4.3,0.31,7.22,7.97,3.9,0.32
8.54,8.76,3.2,0.14,7.49,7.19,4.6,0.28,7.42,8.38,4.3,0.31,7.22,7.97,3.9,0.32,7.24,8.05,3.6,0.24
8.53,8.73,2.7,0.15,7.42,8.38,4.3,0.31,7.22,7.97,3.9,0.32,7.24,8.05,3.6,0.24,8.58,7.86,2.3,0.14
8.45,9.57,1.8,0.15,7.22,7.97,3.9,0.32,7.24,8.05,3.6,0.24,8.58,7.86,2.3,0.14,8.49,7.39,2.9,0.14
8.48,10.4,1.8,0.17,7.24,8.05,3.6,0.24,8.58,7.86,2.3,0.14,8.49,7.39,2.9,0.14,8.45,7.58,3.1,0.13
8.41,10.7,1.9,0.18,8.58,7.86,2.3,0.14,8.49,7.39,2.9,0.14,8.45,7.58,3.1,0.13,8.54,8.76,3.2,0.14
8.32,8.37,1.7,0.24,8.49,7.39,2.9,0.14,8.45,7.58,3.1,0.13,8.54,8.76,3.2,0.14,8.53,8.73,2.7,0.15
8.12,10.8,1.6,0.24,8.45,7.58,3.1,0.13,8.54,8.76,3.2,0.14,8.53,8.73,2.7,0.15,8.45,9.57,1.8,0.15
8.09,10.6,1.5,0.31,8.54,8.76,3.2,0.14,8.53,8.73,2.7,0.15,8.45,9.57,1.8,0.15,8.48,10.4,1.8,0.17
8.06,11.3,1.5,0.34,8.53,8.73,2.7,0.15,8.45,9.57,1.8,0.15,8.48,10.4,1.8,0.17,8.41,10.7,1.9,0.18
7.97,11.2,1.7,0.4,8.45,9.57,1.8,0.15,8.48,10.4,1.8,0.17,8.41,10.7,1.9,0.18,8.32,8.37,1.7,0.24
7.96,11.8,2.5,0.39,8.48,10.4,1.8,0.17,8.41,10.7,1.9,0.18,8.32,8.37,1.7,0.24,8.12,10.8,1.6,0.24
8.0,11.5,2.6,0.19,8.41,10.7,1.9,0.18,8.32,8.37,1.7,0.24,8.12,10.8,1.6,0.24,8.09,10.6,1.5,0.31
7.91,11.5,2.1,0.2,8.32,8.37,1.7,0.24,8.12,10.8,1.6,0.24,8.09,10.6,1.5,0.31,8.06,11.3,1.5,0.34
7.75,10.5,2.0,0.31,8.12,10.8,1.6,0.24,8.09,10.6,1.5,0.31,8.06,11.3,1.5,0.34,7.97,11.2,1.7,0.4
7.76,11.0,1.5,0.27,8.09,10.6,1.5,0.31,8.06,11.3,1.5,0.34,7.97,11.2,1.7,0.4,7.96,11.8,2.5,0.39
7.62,11.4,1.3,0.33,8.06,11.3,1.5,0.34,7.97,11.2,1.7,0.4,7.96,11.8,2.5,0.39,8.0,11.5,2.6,0.19
7.61,9.95,1.6,0.26,7.97,11.2,1.7,0.4,7.96,11.8,2.5,0.39,8.0,11.5,2.6,0.19,7.91,11.5,2.1,0.2
7.17,10.6,1.9,0.19,7.96,11.8,2.5,0.39,8.0,11.5,2.6,0.19,7.91,11.5,2.1,0.2,7.75,10.5,2.0,0.31
7.23,9.89,2.8,0.15,8.0,11.5,2.6,0.19,7.91,11.5,2.1,0.2,7.75,10.5,2.0,0.31,7.76,11.0,1.5,0.27
7.13,9.08,2.5,0.14,7.91,11.5,2.1,0.2,7.75,10.5,2.0,0.31,7.76,11.0,1.5,0.27,7.62,11.4,1.3,0.33
7.28,8.41,2.2,0.22,7.75,10.5,2.0,0.31,7.76,11.0,1.5,0.27,7.62,11.4,1.3,0.33,7.61,9.95,1.6,0.26
7.2,8.61,1.6,0.17,7.76,11.0,1.5,0.27,7.62,11.4,1.3,0.33,7.61,9.95,1.6,0.26,7.17,10.6,1.9,0.19
7.1,8.44,1.7,0.12,7.62,11.4,1.3,0.33,7.61,9.95,1.6,0.26,7.17,10.6,1.9,0.19,7.23,9.89,2.8,0.15
7.604224376731293,8.362097222222221,2.441944444444444,0.22353185595567895,7.61,9.95,1.6,0.26,7.17,10.6,1.9,0.19,7.23,9.89,2.8,0.15,7.13,9.08,2.5,0.14
7.0,8.39,1.8,0.13,7.17,10.6,1.9,0.19,7.23,9.89,2.8,0.15,7.13,9.08,2.5,0.14,7.28,8.41,2.2,0.22
7.43,9.11,1.8,0.11,7.23,9.89,2.8,0.15,7.13,9.08,2.5,0.14,7.28,8.41,2.2,0.22,7.2,8.61,1.6,0.17
7.5,8.61,1.7,0.13,7.13,9.08,2.5,0.14,7.28,8.41,2.2,0.22,7.2,8.61,1.6,0.17,7.1,8.44,1.7,0.12
7.24,7.74,0.7,0.15,7.28,8.41,2.2,0.22,7.2,8.61,1.6,0.17,7.1,8.44,1.7,0.12,7.604224376731293,8.362097222222221,2.441944444444444,0.22353185595567895
7.0,7.76,1.3,0.11,7.2,8.61,1.6,0.17,7.1,8.44,1.7,0.12,7.604224376731293,8.362097222222221,2.441944444444444,0.22353185595567895,7.0,8.39,1.8,0.13
6.92,8.09,1.7,0.09,7.1,8.44,1.7,0.12,7.604224376731293,8.362097222222221,2.441944444444444,0.22353185595567895,7.0,8.39,1.8,0.13,7.43,9.11,1.8,0.11
6.8,7.25,2.3,0.09,7.604224376731293,8.362097222222221,2.441944444444444,0.22353185595567895,7.0,8.39,1.8,0.13,7.43,9.11,1.8,0.11,7.5,8.61,1.7,0.13
6.69,7.38,1.8,0.1,7.0,8.39,1.8,0.13,7.43,9.11,1.8,0.11,7.5,8.61,1.7,0.13,7.24,7.74,0.7,0.15
6.82,7.51,2.2,0.12,7.43,9.11,1.8,0.11,7.5,8.61,1.7,0.13,7.24,7.74,0.7,0.15,7.0,7.76,1.3,0.11
6.82,7.11,4.0,0.36,7.5,8.61,1.7,0.13,7.24,7.74,0.7,0.15,7.0,7.76,1.3,0.11,6.92,8.09,1.7,0.09
6.78,7.69,4.5,0.2,7.24,7.74,0.7,0.15,7.0,7.76,1.3,0.11,6.92,8.09,1.7,0.09,6.8,7.25,2.3,0.09
6.85,7.76,2.9,0.18,7.0,7.76,1.3,0.11,6.92,8.09,1.7,0.09,6.8,7.25,2.3,0.09,6.69,7.38,1.8,0.1
6.88,7.69,3.2,0.2,6.92,8.09,1.7,0.09,6.8,7.25,2.3,0.09,6.69,7.38,1.8,0.1,6.82,7.51,2.2,0.12
7.35,8.44,2.2,0.15,6.8,7.25,2.3,0.09,6.69,7.38,1.8,0.1,6.82,7.51,2.2,0.12,6.82,7.11,4.0,0.36
7.16,7.38,2.8,0.16,6.69,7.38,1.8,0.1,6.82,7.51,2.2,0.12,6.82,7.11,4.0,0.36,6.78,7.69,4.5,0.2
7.62,7.19,2.1,0.13,6.82,7.51,2.2,0.12,6.82,7.11,4.0,0.36,6.78,7.69,4.5,0.2,6.85,7.76,2.9,0.18
7.95,7.57,2.1,0.15,6.82,7.11,4.0,0.36,6.78,7.69,4.5,0.2,6.85,7.76,2.9,0.18,6.88,7.69,3.2,0.2
7.94,8.4,1.2,0.09,6.78,7.69,4.5,0.2,6.85,7.76,2.9,0.18,6.88,7.69,3.2,0.2,7.35,8.44,2.2,0.15
8.07,7.78,1.0,0.12,6.85,7.76,2.9,0.18,6.88,7.69,3.2,0.2,7.35,8.44,2.2,0.15,7.16,7.38,2.8,0.16
8.25,8.53,2.1,0.13,6.88,7.69,3.2,0.2,7.35,8.44,2.2,0.15,7.16,7.38,2.8,0.16,7.62,7.19,2.1,0.13
8.22,8.19,2.2,0.12,7.35,8.44,2.2,0.15,7.16,7.38,2.8,0.16,7.62,7.19,2.1,0.13,7.95,7.57,2.1,0.15
8.05,8.38,1.8,0.13,7.16,7.38,2.8,0.16,7.62,7.19,2.1,0.13,7.95,7.57,2.1,0.15,7.94,8.4,1.2,0.09
7.97,8.15,1.4,0.15,7.62,7.19,2.1,0.13,7.95,7.57,2.1,0.15,7.94,8.4,1.2,0.09,8.07,7.78,1.0,0.12
7.91,7.99,1.3,0.16,7.95,7.57,2.1,0.15,7.94,8.4,1.2,0.09,8.07,7.78,1.0,0.12,8.25,8.53,2.1,0.13
7.91,7.95,1.1,0.19,7.94,8.4,1.2,0.09,8.07,7.78,1.0,0.12,8.25,8.53,2.1,0.13,8.22,8.19,2.2,0.12
7.76,8.35,1.7,0.17,8.07,7.78,1.0,0.12,8.25,8.53,2.1,0.13,8.22,8.19,2.2,0.12,8.05,8.38,1.8,0.13
7.4,8.44,1.5,0.13,8.25,8.53,2.1,0.13,8.22,8.19,2.2,0.12,8.05,8.38,1.8,0.13,7.97,8.15,1.4,0.15
7.72,8.35,1.5,0.18,8.22,8.19,2.2,0.12,8.05,8.38,1.8,0.13,7.97,8.15,1.4,0.15,7.91,7.99,1.3,0.16
8.19,8.57,2.0,0.18,8.05,8.38,1.8,0.13,7.97,8.15,1.4,0.15,7.91,7.99,1.3,0.16,7.91,7.95,1.1,0.19
8.04,8.57,1.8,0.18,7.97,8.15,1.4,0.15,7.91,7.99,1.3,0.16,7.91,7.95,1.1,0.19,7.76,8.35,1.7,0.17
8.11,9.7,2.0,0.17,7.91,7.99,1.3,0.16,7.91,7.95,1.1,0.19,7.76,8.35,1.7,0.17,7.4,8.44,1.5,0.13
8.16,10.4,2.2,0.2,7.91,7.95,1.1,0.19,7.76,8.35,1.7,0.17,7.4,8.44,1.5,0.13,7.72,8.35,1.5,0.18
8.27,10.4,2.2,0.2,7.76,8.35,1.7,0.17,7.4,8.44,1.5,0.13,7.72,8.35,1.5,0.18,8.19,8.57,2.0,0.18
8.01,10.9,1.4,0.21,7.4,8.44,1.5,0.13,7.72,8.35,1.5,0.18,8.19,8.57,2.0,0.18,8.04,8.57,1.8,0.18
7.604224376731293,8.362097222222221,2.441944444444444,0.22353185595567895,7.72,8.35,1.5,0.18,8.19,8.57,2.0,0.18,8.04,8.57,1.8,0.18,8.11,9.7,2.0,0.17
7.87,11.1,1.0,0.23,8.19,8.57,2.0,0.18,8.04,8.57,1.8,0.18,8.11,9.7,2.0,0.17,8.16,10.4,2.2,0.2
8.2,11.5,1.5,0.21,8.04,8.57,1.8,0.18,8.11,9.7,2.0,0.17,8.16,10.4,2.2,0.2,8.27,10.4,2.2,0.2
8.04,11.3,1.0,0.21,8.11,9.7,2.0,0.17,8.16,10.4,2.2,0.2,8.27,10.4,2.2,0.2,8.01,10.9,1.4,0.21
7.93,11.5,0.9,0.22,8.16,10.4,2.2,0.2,8.27,10.4,2.2,0.2,8.01,10.9,1.4,0.21,7.604224376731293,8.362097222222221,2.441944444444444,0.22353185595567895
7.9,10.7,1.2,0.21,8.27,10.4,2.2,0.2,8.01,10.9,1.4,0.21,7.604224376731293,8.362097222222221,2.441944444444444,0.22353185595567895,7.87,11.1,1.0,0.23
7.73,10.0,1.1,0.18,8.01,10.9,1.4,0.21,7.604224376731293,8.362097222222221,2.441944444444444,0.22353185595567895,7.87,11.1,1.0,0.23,8.2,11.5,1.5,0.21
7.59,10.4,1.2,0.18,7.604224376731293,8.362097222222221,2.441944444444444,0.22353185595567895,7.87,11.1,1.0,0.23,8.2,11.5,1.5,0.21,8.04,11.3,1.0,0.21
7.59,10.4,1.2,0.18,7.87,11.1,1.0,0.23,8.2,11.5,1.5,0.21,8.04,11.3,1.0,0.21,7.93,11.5,0.9,0.22
7.76,19.4,1.5,0.18,8.2,11.5,1.5,0.21,8.04,11.3,1.0,0.21,7.93,11.5,0.9,0.22,7.9,10.7,1.2,0.21
7.9,19.4,2.1,0.25,8.04,11.3,1.0,0.21,7.93,11.5,0.9,0.22,7.9,10.7,1.2,0.21,7.73,10.0,1.1,0.18
7.98,11.6,1.9,0.17,7.93,11.5,0.9,0.22,7.9,10.7,1.2,0.21,7.73,10.0,1.1,0.18,7.59,10.4,1.2,0.18
7.94,10.3,2.3,0.15,7.9,10.7,1.2,0.21,7.73,10.0,1.1,0.18,7.59,10.4,1.2,0.18,7.59,10.4,1.2,0.18
7.95,9.81,2.3,0.13,7.73,10.0,1.1,0.18,7.59,10.4,1.2,0.18,7.59,10.4,1.2,0.18,7.76,19.4,1.5,0.18
8.24,10.3,1.6,0.15,7.59,10.4,1.2,0.18,7.59,10.4,1.2,0.18,7.76,19.4,1.5,0.18,7.9,19.4,2.1,0.25
8.09,9.32,0.9,0.1,7.59,10.4,1.2,0.18,7.76,19.4,1.5,0.18,7.9,19.4,2.1,0.25,7.98,11.6,1.9,0.17
7.8,8.77,1.5,0.09,7.76,19.4,1.5,0.18,7.9,19.4,2.1,0.25,7.98,11.6,1.9,0.17,7.94,10.3,2.3,0.15
7.57,8.99,1.0,0.07,7.9,19.4,2.1,0.25,7.98,11.6,1.9,0.17,7.94,10.3,2.3,0.15,7.95,9.81,2.3,0.13
7.81,8.47,1.5,0.08,7.98,11.6,1.9,0.17,7.94,10.3,2.3,0.15,7.95,9.81,2.3,0.13,8.24,10.3,1.6,0.15
7.79,8.11,1.6,0.1,7.94,10.3,2.3,0.15,7.95,9.81,2.3,0.13,8.24,10.3,1.6,0.15,8.09,9.32,0.9,0.1
8.13,7.73,1.2,0.16,7.95,9.81,2.3,0.13,8.24,10.3,1.6,0.15,8.09,9.32,0.9,0.1,7.8,8.77,1.5,0.09
7.4,6.07,0.5,0.13,8.24,10.3,1.6,0.15,8.09,9.32,0.9,0.1,7.8,8.77,1.5,0.09,7.57,8.99,1.0,0.07
8.46,6.22,2.0,0.14,8.09,9.32,0.9,0.1,7.8,8.77,1.5,0.09,7.57,8.99,1.0,0.07,7.81,8.47,1.5,0.08
7.44,7.43,2.0,0.17,7.8,8.77,1.5,0.09,7.57,8.99,1.0,0.07,7.81,8.47,1.5,0.08,7.79,8.11,1.6,0.1
7.4,7.05,2.0,0.19,7.57,8.99,1.0,0.07,7.81,8.47,1.5,0.08,7.79,8.11,1.6,0.1,8.13,7.73,1.2,0.16
8.51,6.23,1.3,0.14,7.81,8.47,1.5,0.08,7.79,8.11,1.6,0.1,8.13,7.73,1.2,0.16,7.4,6.07,0.5,0.13
8.34,6.21,0.9,0.13,7.79,8.11,1.6,0.1,8.13,7.73,1.2,0.16,7.4,6.07,0.5,0.13,8.46,6.22,2.0,0.14
8.18,5.66,2.3,0.36,8.13,7.73,1.2,0.16,7.4,6.07,0.5,0.13,8.46,6.22,2.0,0.14,7.44,7.43,2.0,0.17
7.25,3.46,3.9,0.35,7.4,6.07,0.5,0.13,8.46,6.22,2.0,0.14,7.44,7.43,2.0,0.17,7.4,7.05,2.0,0.19
7.13,4.71,2.8,0.16,8.46,6.22,2.0,0.14,7.44,7.43,2.0,0.17,7.4,7.05,2.0,0.19,8.51,6.23,1.3,0.14
7.24,5.41,2.6,0.16,7.44,7.43,2.0,0.17,7.4,7.05,2.0,0.19,8.51,6.23,1.3,0.14,8.34,6.21,0.9,0.13
7.4,6.42,2.2,0.15,7.4,7.05,2.0,0.19,8.51,6.23,1.3,0.14,8.34,6.21,0.9,0.13,8.18,5.66,2.3,0.36
7.59,6.14,2.2,0.17,8.51,6.23,1.3,0.14,8.34,6.21,0.9,0.13,8.18,5.66,2.3,0.36,7.25,3.46,3.9,0.35
7.91,6.09,2.3,0.18,8.34,6.21,0.9,0.13,8.18,5.66,2.3,0.36,7.25,3.46,3.9,0.35,7.13,4.71,2.8,0.16
7.92,6.38,2.5,0.15,8.18,5.66,2.3,0.36,7.25,3.46,3.9,0.35,7.13,4.71,2.8,0.16,7.24,5.41,2.6,0.16
7.77,6.39,1.7,0.17,7.25,3.46,3.9,0.35,7.13,4.71,2.8,0.16,7.24,5.41,2.6,0.16,7.4,6.42,2.2,0.15
7.84,7.15,2.1,0.15,7.13,4.71,2.8,0.16,7.24,5.41,2.6,0.16,7.4,6.42,2.2,0.15,7.59,6.14,2.2,0.17
8.03,7.88,2.5,0.15,7.24,5.41,2.6,0.16,7.4,6.42,2.2,0.15,7.59,6.14,2.2,0.17,7.91,6.09,2.3,0.18
7.92,8.68,2.3,0.17,7.4,6.42,2.2,0.15,7.59,6.14,2.2,0.17,7.91,6.09,2.3,0.18,7.92,6.38,2.5,0.15
7.82,7.36,2.3,0.14,7.59,6.14,2.2,0.17,7.91,6.09,2.3,0.18,7.92,6.38,2.5,0.15,7.77,6.39,1.7,0.17
7.87,7.22,2.8,0.14,7.91,6.09,2.3,0.18,7.92,6.38,2.5,0.15,7.77,6.39,1.7,0.17,7.84,7.15,2.1,0.15
7.98,8.03,2.4,0.19,7.92,6.38,2.5,0.15,7.77,6.39,1.7,0.17,7.84,7.15,2.1,0.15,8.03,7.88,2.5,0.15
7.86,8.46,1.7,0.2,7.77,6.39,1.7,0.17,7.84,7.15,2.1,0.15,8.03,7.88,2.5,0.15,7.92,8.68,2.3,0.17
7.78,8.31,0.8,0.2,7.84,7.15,2.1,0.15,8.03,7.88,2.5,0.15,7.92,8.68,2.3,0.17,7.82,7.36,2.3,0.14
7.72,9.21,1.3,0.21,8.03,7.88,2.5,0.15,7.92,8.68,2.3,0.17,7.82,7.36,2.3,0.14,7.87,7.22,2.8,0.14
7.83,9.09,0.8,0.22,7.92,8.68,2.3,0.17,7.82,7.36,2.3,0.14,7.87,7.22,2.8,0.14,7.98,8.03,2.4,0.19
8.02,9.62,0.9,0.19,7.82,7.36,2.3,0.14,7.87,7.22,2.8,0.14,7.98,8.03,2.4,0.19,7.86,8.46,1.7,0.2
7.78,9.21,1.1,0.16,7.87,7.22,2.8,0.14,7.98,8.03,2.4,0.19,7.86,8.46,1.7,0.2,7.78,8.31,0.8,0.2
7.86,10.1,3.3,0.2,7.98,8.03,2.4,0.19,7.86,8.46,1.7,0.2,7.78,8.31,0.8,0.2,7.72,9.21,1.3,0.21
8.3,10.3,3.4,0.16,7.86,8.46,1.7,0.2,7.78,8.31,0.8,0.2,7.72,9.21,1.3,0.21,7.83,9.09,0.8,0.22
8.22,9.63,3.4,0.18,7.78,8.31,0.8,0.2,7.72,9.21,1.3,0.21,7.83,9.09,0.8,0.22,8.02,9.62,0.9,0.19
8.22,9.34,3.9,0.18,7.72,9.21,1.3,0.21,7.83,9.09,0.8,0.22,8.02,9.62,0.9,0.19,7.78,9.21,1.1,0.16
8.19,9.06,4.0,0.24,7.83,9.09,0.8,0.22,8.02,9.62,0.9,0.19,7.78,9.21,1.1,0.16,7.86,10.1,3.3,0.2
8.31,10.1,3.8,0.13,8.02,9.62,0.9,0.19,7.78,9.21,1.1,0.16,7.86,10.1,3.3,0.2,8.3,10.3,3.4,0.16
8.28,9.63,3.5,0.27,7.78,9.21,1.1,0.16,7.86,10.1,3.3,0.2,8.3,10.3,3.4,0.16,8.22,9.63,3.4,0.18
8.42,11.3,3.7,0.23,7.86,10.1,3.3,0.2,8.3,10.3,3.4,0.16,8.22,9.63,3.4,0.18,8.22,9.34,3.9,0.18
8.59,11.6,3.8,0.27,8.3,10.3,3.4,0.16,8.22,9.63,3.4,0.18,8.22,9.34,3.9,0.18,8.19,9.06,4.0,0.24
8.62,11.9,3.9,0.24,8.22,9.63,3.4,0.18,8.22,9.34,3.9,0.18,8.19,9.06,4.0,0.24,8.31,10.1,3.8,0.13
7.604224376731293,8.362097222222221,2.441944444444444,0.22353185595567895,8.22,9.34,3.9,0.18,8.19,9.06,4.0,0.24,8.31,10.1,3.8,0.13,8.28,9.63,3.5,0.27
8.66,11.2,4.1,0.25,8.19,9.06,4.0,0.24,8.31,10.1,3.8,0.13,8.28,9.63,3.5,0.27,8.42,11.3,3.7,0.23
8.56,10.2,4.4,0.34,8.31,10.1,3.8,0.13,8.28,9.63,3.5,0.27,8.42,11.3,3.7,0.23,8.59,11.6,3.8,0.27
8.32,10.1,4.5,0.39,8.28,9.63,3.5,0.27,8.42,11.3,3.7,0.23,8.59,11.6,3.8,0.27,8.62,11.9,3.9,0.24
8.2,9.44,4.1,0.38,8.42,11.3,3.7,0.23,8.59,11.6,3.8,0.27,8.62,11.9,3.9,0.24,7.604224376731293,8.362097222222221,2.441944444444444,0.22353185595567895
8.04,8.74,3.8,0.41,8.59,11.6,3.8,0.27,8.62,11.9,3.9,0.24,7.604224376731293,8.362097222222221,2.441944444444444,0.22353185595567895,8.66,11.2,4.1,0.25
8.16,8.51,3.1,0.4,8.62,11.9,3.9,0.24,7.604224376731293,8.362097222222221,2.441944444444444,0.22353185595567895,8.66,11.2,4.1,0.25,8.56,10.2,4.4,0.34
7.8,8.66,2.8,0.35,7.604224376731293,8.362097222222221,2.441944444444444,0.22353185595567895,8.66,11.2,4.1,0.25,8.56,10.2,4.4,0.34,8.32,10.1,4.5,0.39
7.91,9.59,2.5,0.37,8.66,11.2,4.1,0.25,8.56,10.2,4.4,0.34,8.32,10.1,4.5,0.39,8.2,9.44,4.1,0.38
7.59,8.4,2.6,0.24,8.56,10.2,4.4,0.34,8.32,10.1,4.5,0.39,8.2,9.44,4.1,0.38,8.04,8.74,3.8,0.41
7.75,8.91,2.7,0.25,8.32,10.1,4.5,0.39,8.2,9.44,4.1,0.38,8.04,8.74,3.8,0.41,8.16,8.51,3.1,0.4
7.96,9.88,3.7,0.25,8.2,9.44,4.1,0.38,8.04,8.74,3.8,0.41,8.16,8.51,3.1,0.4,7.8,8.66,2.8,0.35
8.01,10.1,3.5,0.16,8.04,8.74,3.8,0.41,8.16,8.51,3.1,0.4,7.8,8.66,2.8,0.35,7.91,9.59,2.5,0.37
8.02,9.21,3.4,0.17,8.16,8.51,3.1,0.4,7.8,8.66,2.8,0.35,7.91,9.59,2.5,0.37,7.59,8.4,2.6,0.24
7.85,8.95,2.8,0.23,7.8,8.66,2.8,0.35,7.91,9.59,2.5,0.37,7.59,8.4,2.6,0.24,7.75,8.91,2.7,0.25
7.65,8.16,2.4,0.23,7.91,9.59,2.5,0.37,7.59,8.4,2.6,0.24,7.75,8.91,2.7,0.25,7.96,9.88,3.7,0.25
7.74,6.04,2.8,0.3,7.59,8.4,2.6,0.24,7.75,8.91,2.7,0.25,7.96,9.88,3.7,0.25,8.01,10.1,3.5,0.16
7.76,6.39,3.0,0.21,7.75,8.91,2.7,0.25,7.96,9.88,3.7,0.25,8.01,10.1,3.5,0.16,8.02,9.21,3.4,0.17
7.68,6.46,2.8,0.18,7.96,9.88,3.7,0.25,8.01,10.1,3.5,0.16,8.02,9.21,3.4,0.17,7.85,8.95,2.8,0.23
7.57,5.72,3.1,0.31,8.01,10.1,3.5,0.16,8.02,9.21,3.4,0.17,7.85,8.95,2.8,0.23,7.65,8.16,2.4,0.23
7.39,6.96,4.1,0.67,8.02,9.21,3.4,0.17,7.85,8.95,2.8,0.23,7.65,8.16,2.4,0.23,7.74,6.04,2.8,0.3
7.63,7.29,3.6,0.45,7.85,8.95,2.8,0.23,7.65,8.16,2.4,0.23,7.74,6.04,2.8,0.3,7.76,6.39,3.0,0.21
7.51,6.76,3.1,0.37,7.65,8.16,2.4,0.23,7.74,6.04,2.8,0.3,7.76,6.39,3.0,0.21,7.68,6.46,2.8,0.18
7.55,6.93,3.6,0.39,7.74,6.04,2.8,0.3,7.76,6.39,3.0,0.21,7.68,6.46,2.8,0.18,7.57,5.72,3.1,0.31
7.55,5.94,4.0,0.4,7.76,6.39,3.0,0.21,7.68,6.46,2.8,0.18,7.57,5.72,3.1,0.31,7.39,6.96,4.1,0.67
7.59,5.13,4.5,0.49,7.68,6.46,2.8,0.18,7.57,5.72,3.1,0.31,7.39,6.96,4.1,0.67,7.63,7.29,3.6,0.45
7.64,6.7,3.8,0.45,7.57,5.72,3.1,0.31,7.39,6.96,4.1,0.67,7.63,7.29,3.6,0.45,7.51,6.76,3.1,0.37
7.79,7.56,3.2,0.41,7.39,6.96,4.1,0.67,7.63,7.29,3.6,0.45,7.51,6.76,3.1,0.37,7.55,6.93,3.6,0.39
7.67,7.48,3.0,0.4,7.63,7.29,3.6,0.45,7.51,6.76,3.1,0.37,7.55,6.93,3.6,0.39,7.55,5.94,4.0,0.4
7.83,7.7,2.6,0.39,7.51,6.76,3.1,0.37,7.55,6.93,3.6,0.39,7.55,5.94,4.0,0.4,7.59,5.13,4.5,0.49
7.86,7.29,2.5,0.4,7.55,6.93,3.6,0.39,7.55,5.94,4.0,0.4,7.59,5.13,4.5,0.49,7.64,6.7,3.8,0.45
7.91,7.3,2.4,0.38,7.55,5.94,4.0,0.4,7.59,5.13,4.5,0.49,7.64,6.7,3.8,0.45,7.79,7.56,3.2,0.41
7.78,7.01,2.4,0.38,7.59,5.13,4.5,0.49,7.64,6.7,3.8,0.45,7.79,7.56,3.2,0.41,7.67,7.48,3.0,0.4
7.67,7.53,1.9,0.36,7.64,6.7,3.8,0.45,7.79,7.56,3.2,0.41,7.67,7.48,3.0,0.4,7.83,7.7,2.6,0.39
7.78,7.68,2.4,0.38,7.79,7.56,3.2,0.41,7.67,7.48,3.0,0.4,7.83,7.7,2.6,0.39,7.86,7.29,2.5,0.4
7.7,7.3,2.4,0.39,7.67,7.48,3.0,0.4,7.83,7.7,2.6,0.39,7.86,7.29,2.5,0.4,7.91,7.3,2.4,0.38
7.64,7.15,2.2,0.39,7.83,7.7,2.6,0.39,7.86,7.29,2.5,0.4,7.91,7.3,2.4,0.38,7.78,7.01,2.4,0.38
7.59,7.49,2.6,0.36,7.86,7.29,2.5,0.4,7.91,7.3,2.4,0.38,7.78,7.01,2.4,0.38,7.67,7.53,1.9,0.36
7.62,8.4,3.6,0.32,7.91,7.3,2.4,0.38,7.78,7.01,2.4,0.38,7.67,7.53,1.9,0.36,7.78,7.68,2.4,0.38
7.68,8.8,4.2,0.38,7.78,7.01,2.4,0.38,7.67,7.53,1.9,0.36,7.78,7.68,2.4,0.38,7.7,7.3,2.4,0.39
7.82,9.74,2.8,0.29,7.67,7.53,1.9,0.36,7.78,7.68,2.4,0.38,7.7,7.3,2.4,0.39,7.64,7.15,2.2,0.39
7.92,9.66,1.7,0.34,7.78,7.68,2.4,0.38,7.7,7.3,2.4,0.39,7.64,7.15,2.2,0.39,7.59,7.49,2.6,0.36
8.01,9.93,1.4,0.35,7.7,7.3,2.4,0.39,7.64,7.15,2.2,0.39,7.59,7.49,2.6,0.36,7.62,8.4,3.6,0.32
8.07,10.1,1.6,0.32,7.64,7.15,2.2,0.39,7.59,7.49,2.6,0.36,7.62,8.4,3.6,0.32,7.68,8.8,4.2,0.38
8.07,9.86,1.9,0.29,7.59,7.49,2.6,0.36,7.62,8.4,3.6,0.32,7.68,8.8,4.2,0.38,7.82,9.74,2.8,0.29
7.99,10.2,2.2,0.24,7.62,8.4,3.6,0.32,7.68,8.8,4.2,0.38,7.82,9.74,2.8,0.29,7.92,9.66,1.7,0.34
7.96,11.2,2.1,0.24,7.68,8.8,4.2,0.38,7.82,9.74,2.8,0.29,7.92,9.66,1.7,0.34,8.01,9.93,1.4,0.35
8.02,11.6,2.5,0.32,7.82,9.74,2.8,0.29,7.92,9.66,1.7,0.34,8.01,9.93,1.4,0.35,8.07,10.1,1.6,0.32
7.98,11.1,2.5,0.27,7.92,9.66,1.7,0.34,8.01,9.93,1.4,0.35,8.07,10.1,1.6,0.32,8.07,9.86,1.9,0.29
7.88,11.3,2.6,0.42,8.01,9.93,1.4,0.35,8.07,10.1,1.6,0.32,8.07,9.86,1.9,0.29,7.99,10.2,2.2,0.24
7.83,11.2,3.1,0.4,8.07,10.1,1.6,0.32,8.07,9.86,1.9,0.29,7.99,10.2,2.2,0.24,7.96,11.2,2.1,0.24
8.39,11.0,3.4,0.38,8.07,9.86,1.9,0.29,7.99,10.2,2.2,0.24,7.96,11.2,2.1,0.24,8.02,11.6,2.5,0.32
8.12,10.6,2.2,0.38,7.99,10.2,2.2,0.24,7.96,11.2,2.1,0.24,8.02,11.6,2.5,0.32,7.98,11.1,2.5,0.27
8.04,10.3,1.9,0.43,7.96,11.2,2.1,0.24,8.02,11.6,2.5,0.32,7.98,11.1,2.5,0.27,7.88,11.3,2.6,0.42
8.21,11.2,1.8,0.33,8.02,11.6,2.5,0.32,7.98,11.1,2.5,0.27,7.88,11.3,2.6,0.42,7.83,11.2,3.1,0.4
8.2,11.3,1.8,0.35,7.98,11.1,2.5,0.27,7.88,11.3,2.6,0.42,7.83,11.2,3.1,0.4,8.39,11.0,3.4,0.38
8.16,11.2,1.9,0.36,7.88,11.3,2.6,0.42,7.83,11.2,3.1,0.4,8.39,11.0,3.4,0.38,8.12,10.6,2.2,0.38
7.93,11.5,1.7,0.41,7.83,11.2,3.1,0.4,8.39,11.0,3.4,0.38,8.12,10.6,2.2,0.38,8.04,10.3,1.9,0.43
7.86,10.7,2.4,0.37,8.39,11.0,3.4,0.38,8.12,10.6,2.2,0.38,8.04,10.3,1.9,0.43,8.21,11.2,1.8,0.33
7.75,10.4,2.3,0.22,8.12,10.6,2.2,0.38,8.04,10.3,1.9,0.43,8.21,11.2,1.8,0.33,8.2,11.3,1.8,0.35
7.89,10.1,2.3,0.2,8.04,10.3,1.9,0.43,8.21,11.2,1.8,0.33,8.2,11.3,1.8,0.35,8.16,11.2,1.9,0.36
7.82,8.83,2.4,0.25,8.21,11.2,1.8,0.33,8.2,11.3,1.8,0.35,8.16,11.2,1.9,0.36,7.93,11.5,1.7,0.41
7.83,8.69,2.1,0.21,8.2,11.3,1.8,0.35,8.16,11.2,1.9,0.36,7.93,11.5,1.7,0.41,7.86,10.7,2.4,0.37
7.86,8.88,1.8,0.13,8.16,11.2,1.9,0.36,7.93,11.5,1.7,0.41,7.86,10.7,2.4,0.37,7.75,10.4,2.3,0.22
7.85,8.56,1.4,0.21,7.93,11.5,1.7,0.41,7.86,10.7,2.4,0.37,7.75,10.4,2.3,0.22,7.89,10.1,2.3,0.2
7.78,8.27,2.9,0.16,7.86,10.7,2.4,0.37,7.75,10.4,2.3,0.22,7.89,10.1,2.3,0.2,7.82,8.83,2.4,0.25
7.79,8.59,2.1,0.2,7.75,10.4,2.3,0.22,7.89,10.1,2.3,0.2,7.82,8.83,2.4,0.25,7.83,8.69,2.1,0.21
7.83,8.83,1.6,0.16,7.89,10.1,2.3,0.2,7.82,8.83,2.4,0.25,7.83,8.69,2.1,0.21,7.86,8.88,1.8,0.13
7.83,8.94,1.4,0.24,7.82,8.83,2.4,0.25,7.83,8.69,2.1,0.21,7.86,8.88,1.8,0.13,7.85,8.56,1.4,0.21
7.84,7.89,2.0,0.26,7.83,8.69,2.1,0.21,7.86,8.88,1.8,0.13,7.85,8.56,1.4,0.21,7.78,8.27,2.9,0.16
7.71,7.55,3.0,0.35,7.86,8.88,1.8,0.13,7.85,8.56,1.4,0.21,7.78,8.27,2.9,0.16,7.79,8.59,2.1,0.2
7.71,8.09,2.5,0.39,7.85,8.56,1.4,0.21,7.78,8.27,2.9,0.16,7.79,8.59,2.1,0.2,7.83,8.83,1.6,0.16
7.53,7.87,2.4,0.39,7.78,8.27,2.9,0.16,7.79,8.59,2.1,0.2,7.83,8.83,1.6,0.16,7.83,8.94,1.4,0.24
7.58,7.69,1.9,0.28,7.79,8.59,2.1,0.2,7.83,8.83,1.6,0.16,7.83,8.94,1.4,0.24,7.84,7.89,2.0,0.26
7.6,7.55,1.9,0.27,7.83,8.83,1.6,0.16,7.83,8.94,1.4,0.24,7.84,7.89,2.0,0.26,7.71,7.55,3.0,0.35
7.52,6.96,1.6,0.19,7.83,8.94,1.4,0.24,7.84,7.89,2.0,0.26,7.71,7.55,3.0,0.35,7.71,8.09,2.5,0.39
7.45,7.54,1.7,0.25,7.84,7.89,2.0,0.26,7.71,7.55,3.0,0.35,7.71,8.09,2.5,0.39,7.53,7.87,2.4,0.39
7.36,6.45,3.1,0.26,7.71,7.55,3.0,0.35,7.71,8.09,2.5,0.39,7.53,7.87,2.4,0.39,7.58,7.69,1.9,0.28
7.35,7.37,3.0,0.23,7.71,8.09,2.5,0.39,7.53,7.87,2.4,0.39,7.58,7.69,1.9,0.28,7.6,7.55,1.9,0.27
7.13,6.68,3.0,0.28,7.53,7.87,2.4,0.39,7.58,7.69,1.9,0.28,7.6,7.55,1.9,0.27,7.52,6.96,1.6,0.19
7.11,6.39,2.9,0.3,7.58,7.69,1.9,0.28,7.6,7.55,1.9,0.27,7.52,6.96,1.6,0.19,7.45,7.54,1.7,0.25
7.07,7.77,2.1,0.23,7.6,7.55,1.9,0.27,7.52,6.96,1.6,0.19,7.45,7.54,1.7,0.25,7.36,6.45,3.1,0.26
7.61,7.92,2.4,0.26,7.52,6.96,1.6,0.19,7.45,7.54,1.7,0.25,7.36,6.45,3.1,0.26,7.35,7.37,3.0,0.23
7.94,6.81,2.0,0.29,7.45,7.54,1.7,0.25,7.36,6.45,3.1,0.26,7.35,7.37,3.0,0.23,7.13,6.68,3.0,0.28
7.78,7.29,2.2,0.3,7.36,6.45,3.1,0.26,7.35,7.37,3.0,0.23,7.13,6.68,3.0,0.28,7.11,6.39,2.9,0.3
7.58,6.86,2.5,0.33,7.35,7.37,3.0,0.23,7.13,6.68,3.0,0.28,7.11,6.39,2.9,0.3,7.07,7.77,2.1,0.23
7.67,8.07,2.5,0.34,7.13,6.68,3.0,0.28,7.11,6.39,2.9,0.3,7.07,7.77,2.1,0.23,7.61,7.92,2.4,0.26
7.53,6.78,2.3,0.3,7.11,6.39,2.9,0.3,7.07,7.77,2.1,0.23,7.61,7.92,2.4,0.26,7.94,6.81,2.0,0.29
7.33,6.69,2.2,0.39,7.07,7.77,2.1,0.23,7.61,7.92,2.4,0.26,7.94,6.81,2.0,0.29,7.78,7.29,2.2,0.3
7.77,8.24,1.9,0.27,7.61,7.92,2.4,0.26,7.94,6.81,2.0,0.29,7.78,7.29,2.2,0.3,7.58,6.86,2.5,0.33
7.7,8.24,1.6,0.18,7.94,6.81,2.0,0.29,7.78,7.29,2.2,0.3,7.58,6.86,2.5,0.33,7.67,8.07,2.5,0.34
8.02,7.11,1.6,0.16,7.78,7.29,2.2,0.3,7.58,6.86,2.5,0.33,7.67,8.07,2.5,0.34,7.53,6.78,2.3,0.3
8.06,8.73,1.6,0.12,7.58,6.86,2.5,0.33,7.67,8.07,2.5,0.34,7.53,6.78,2.3,0.3,7.33,6.69,2.2,0.39
7.83,8.94,3.3,0.29,7.67,8.07,2.5,0.34,7.53,6.78,2.3,0.3,7.33,6.69,2.2,0.39,7.77,8.24,1.9,0.27
7.79,7.25,3.5,0.32,7.53,6.78,2.3,0.3,7.33,6.69,2.2,0.39,7.77,8.24,1.9,0.27,7.7,8.24,1.6,0.18
7.78,8.9,3.5,0.37,7.33,6.69,2.2,0.39,7.77,8.24,1.9,0.27,7.7,8.24,1.6,0.18,8.02,7.11,1.6,0.16
7.81,7.94,3.2,0.27,7.77,8.24,1.9,0.27,7.7,8.24,1.6,0.18,8.02,7.11,1.6,0.16,8.06,8.73,1.6,0.12
7.9,9.84,3.1,0.27,7.7,8.24,1.6,0.18,8.02,7.11,1.6,0.16,8.06,8.73,1.6,0.12,7.83,8.94,3.3,0.29
7.604224376731293,8.362097222222221,2.441944444444444,0.22353185595567895,8.02,7.11,1.6,0.16,8.06,8.73,1.6,0.12,7.83,8.94,3.3,0.29,7.79,7.25,3.5,0.32
8.03,9.94,3.0,0.28,8.06,8.73,1.6,0.12,7.83,8.94,3.3,0.29,7.79,7.25,3.5,0.32,7.78,8.9,3.5,0.37
7.93,8.0,3.5,0.33,7.83,8.94,3.3,0.29,7.79,7.25,3.5,0.32,7.78,8.9,3.5,0.37,7.81,7.94,3.2,0.27
7.84,8.55,2.1,0.33,7.79,7.25,3.5,0.32,7.78,8.9,3.5,0.37,7.81,7.94,3.2,0.27,7.9,9.84,3.1,0.27
7.89,9.67,1.8,0.14,7.78,8.9,3.5,0.37,7.81,7.94,3.2,0.27,7.9,9.84,3.1,0.27,7.604224376731293,8.362097222222221,2.441944444444444,0.22353185595567895
7.89,9.54,1.9,0.34,7.81,7.94,3.2,0.27,7.9,9.84,3.1,0.27,7.604224376731293,8.362097222222221,2.441944444444444,0.22353185595567895,8.03,9.94,3.0,0.28
7.52,8.0,1.4,0.36,7.9,9.84,3.1,0.27,7.604224376731293,8.362097222222221,2.441944444444444,0.22353185595567895,8.03,9.94,3.0,0.28,7.93,8.0,3.5,0.33
7.51,9.88,1.5,0.28,7.604224376731293,8.362097222222221,2.441944444444444,0.22353185595567895,8.03,9.94,3.0,0.28,7.93,8.0,3.5,0.33,7.84,8.55,2.1,0.33
7.52,10.0,2.0,0.27,8.03,9.94,3.0,0.28,7.93,8.0,3.5,0.33,7.84,8.55,2.1,0.33,7.89,9.67,1.8,0.14
7.54,10.6,1.8,0.16,7.93,8.0,3.5,0.33,7.84,8.55,2.1,0.33,7.89,9.67,1.8,0.14,7.89,9.54,1.9,0.34
7.55,10.6,1.7,0.22,7.84,8.55,2.1,0.33,7.89,9.67,1.8,0.14,7.89,9.54,1.9,0.34,7.52,8.0,1.4,0.36
7.75,9.99,1.8,0.21,7.89,9.67,1.8,0.14,7.89,9.54,1.9,0.34,7.52,8.0,1.4,0.36,7.51,9.88,1.5,0.28
7.63,8.96,1.9,0.2,7.89,9.54,1.9,0.34,7.52,8.0,1.4,0.36,7.51,9.88,1.5,0.28,7.52,10.0,2.0,0.27
7.68,9.18,1.7,0.29,7.52,8.0,1.4,0.36,7.51,9.88,1.5,0.28,7.52,10.0,2.0,0.27,7.54,10.6,1.8,0.16
7.61,9.51,1.5,0.26,7.51,9.88,1.5,0.28,7.52,10.0,2.0,0.27,7.54,10.6,1.8,0.16,7.55,10.6,1.7,0.22
7.75,9.83,1.5,0.19,7.52,10.0,2.0,0.27,7.54,10.6,1.8,0.16,7.55,10.6,1.7,0.22,7.75,9.99,1.8,0.21
6.52,9.05,2.2,0.14,7.54,10.6,1.8,0.16,7.55,10.6,1.7,0.22,7.75,9.99,1.8,0.21,7.63,8.96,1.9,0.2
7.81,9.67,1.8,0.16,7.55,10.6,1.7,0.22,7.75,9.99,1.8,0.21,7.63,8.96,1.9,0.2,7.68,9.18,1.7,0.29
7.78,9.4,1.6,0.16,7.75,9.99,1.8,0.21,7.63,8.96,1.9,0.2,7.68,9.18,1.7,0.29,7.61,9.51,1.5,0.26
7.84,8.34,1.7,0.11,7.63,8.96,1.9,0.2,7.68,9.18,1.7,0.29,7.61,9.51,1.5,0.26,7.75,9.83,1.5,0.19
7.62,7.55,1.3,0.14,7.68,9.18,1.7,0.29,7.61,9.51,1.5,0.26,7.75,9.83,1.5,0.19,6.52,9.05,2.2,0.14
7.48,7.99,1.3,0.12,7.61,9.51,1.5,0.26,7.75,9.83,1.5,0.19,6.52,9.05,2.2,0.14,7.81,9.67,1.8,0.16
7.37,6.24,0.8,0.08,7.75,9.83,1.5,0.19,6.52,9.05,2.2,0.14,7.81,9.67,1.8,0.16,7.78,9.4,1.6,0.16
7.31,6.54,0.4,0.04,6.52,9.05,2.2,0.14,7.81,9.67,1.8,0.16,7.78,9.4,1.6,0.16,7.84,8.34,1.7,0.11
7.11,7.13,1.2,0.16,7.81,9.67,1.8,0.16,7.78,9.4,1.6,0.16,7.84,8.34,1.7,0.11,7.62,7.55,1.3,0.14
7.18,6.38,1.5,0.17,7.78,9.4,1.6,0.16,7.84,8.34,1.7,0.11,7.62,7.55,1.3,0.14,7.48,7.99,1.3,0.12
7.35,6.01,1.8,0.14,7.84,8.34,1.7,0.11,7.62,7.55,1.3,0.14,7.48,7.99,1.3,0.12,7.37,6.24,0.8,0.08
7.44,6.85,2.3,0.14,7.62,7.55,1.3,0.14,7.48,7.99,1.3,0.12,7.37,6.24,0.8,0.08,7.31,6.54,0.4,0.04
7.41,7.05,2.1,0.15,7.48,7.99,1.3,0.12,7.37,6.24,0.8,0.08,7.31,6.54,0.4,0.04,7.11,7.13,1.2,0.16
7.09,6.05,2.9,0.54,7.37,6.24,0.8,0.08,7.31,6.54,0.4,0.04,7.11,7.13,1.2,0.16,7.18,6.38,1.5,0.17
7.07,5.87,3.4,0.24,7.31,6.54,0.4,0.04,7.11,7.13,1.2,0.16,7.18,6.38,1.5,0.17,7.35,6.01,1.8,0.14
7.39,5.13,2.9,0.26,7.11,7.13,1.2,0.16,7.18,6.38,1.5,0.17,7.35,6.01,1.8,0.14,7.44,6.85,2.3,0.14
6.97,7.26,3.3,0.14,7.18,6.38,1.5,0.17,7.35,6.01,1.8,0.14,7.44,6.85,2.3,0.14,7.41,7.05,2.1,0.15
7.06,7.33,2.9,0.26,7.35,6.01,1.8,0.14,7.44,6.85,2.3,0.14,7.41,7.05,2.1,0.15,7.09,6.05,2.9,0.54
6.96,7.33,2.0,0.19,7.44,6.85,2.3,0.14,7.41,7.05,2.1,0.15,7.09,6.05,2.9,0.54,7.07,5.87,3.4,0.24
6.91,7.52,1.4,0.19,7.41,7.05,2.1,0.15,7.09,6.05,2.9,0.54,7.07,5.87,3.4,0.24,7.39,5.13,2.9,0.26
6.98,7.3,2.5,0.19,7.09,6.05,2.9,0.54,7.07,5.87,3.4,0.24,7.39,5.13,2.9,0.26,6.97,7.26,3.3,0.14
7.02,7.3,2.2,0.23,7.07,5.87,3.4,0.24,7.39,5.13,2.9,0.26,6.97,7.26,3.3,0.14,7.06,7.33,2.9,0.26
7.01,7.09,3.4,0.2,7.39,5.13,2.9,0.26,6.97,7.26,3.3,0.14,7.06,7.33,2.9,0.26,6.96,7.33,2.0,0.19
7.34,7.53,3.9,0.18,6.97,7.26,3.3,0.14,7.06,7.33,2.9,0.26,6.96,7.33,2.0,0.19,6.91,7.52,1.4,0.19
6.84,6.86,3.0,0.16,7.06,7.33,2.9,0.26,6.96,7.33,2.0,0.19,6.91,7.52,1.4,0.19,6.98,7.3,2.5,0.19
7.14,7.37,3.9,0.17,6.96,7.33,2.0,0.19,6.91,7.52,1.4,0.19,6.98,7.3,2.5,0.19,7.02,7.3,2.2,0.23
7.13,6.78,2.6,0.17,6.91,7.52,1.4,0.19,6.98,7.3,2.5,0.19,7.02,7.3,2.2,0.23,7.01,7.09,3.4,0.2
7.27,7.18,2.4,0.16,6.98,7.3,2.5,0.19,7.02,7.3,2.2,0.23,7.01,7.09,3.4,0.2,7.34,7.53,3.9,0.18
7.02,8.84,1.7,0.17,7.02,7.3,2.2,0.23,7.01,7.09,3.4,0.2,7.34,7.53,3.9,0.18,6.84,6.86,3.0,0.16
7.0,9.03,1.6,0.16,7.01,7.09,3.4,0.2,7.34,7.53,3.9,0.18,6.84,6.86,3.0,0.16,7.14,7.37,3.9,0.17
7.604224376731293,8.362097222222221,2.441944444444444,0.22353185595567895,7.34,7.53,3.9,0.18,6.84,6.86,3.0,0.16,7.14,7.37,3.9,0.17,7.13,6.78,2.6,0.17
7.59,8.44,1.9,0.09,6.84,6.86,3.0,0.16,7.14,7.37,3.9,0.17,7.13,6.78,2.6,0.17,7.27,7.18,2.4,0.16
8.17,8.33,1.9,0.16,7.14,7.37,3.9,0.17,7.13,6.78,2.6,0.17,7.27,7.18,2.4,0.16,7.02,8.84,1.7,0.17
7.97,7.83,1.3,0.1,7.13,6.78,2.6,0.17,7.27,7.18,2.4,0.16,7.02,8.84,1.7,0.17,7.0,9.03,1.6,0.16
7.99,8.71,2.6,0.13,7.27,7.18,2.4,0.16,7.02,8.84,1.7,0.17,7.0,9.03,1.6,0.16,7.604224376731293,8.362097222222221,2.441944444444444,0.22353185595567895
8.03,8.32,2.5,0.11,7.02,8.84,1.7,0.17,7.0,9.03,1.6,0.16,7.604224376731293,8.362097222222221,2.441944444444444,0.22353185595567895,7.59,8.44,1.9,0.09
8.14,8.44,2.3,0.19,7.0,9.03,1.6,0.16,7.604224376731293,8.362097222222221,2.441944444444444,0.22353185595567895,7.59,8.44,1.9,0.09,8.17,8.33,1.9,0.16
8.3,9.54,2.2,0.36,7.604224376731293,8.362097222222221,2.441944444444444,0.22353185595567895,7.59,8.44,1.9,0.09,8.17,8.33,1.9,0.16,7.97,7.83,1.3,0.1
8.2,7.34,3.8,0.31,7.59,8.44,1.9,0.09,8.17,8.33,1.9,0.16,7.97,7.83,1.3,0.1,7.99,8.71,2.6,0.13
7.83,8.64,3.6,0.29,8.17,8.33,1.9,0.16,7.97,7.83,1.3,0.1,7.99,8.71,2.6,0.13,8.03,8.32,2.5,0.11
7.43,8.69,3.1,0.29,7.97,7.83,1.3,0.1,7.99,8.71,2.6,0.13,8.03,8.32,2.5,0.11,8.14,8.44,2.3,0.19
7.84,7.98,3.7,0.37,7.99,8.71,2.6,0.13,8.03,8.32,2.5,0.11,8.14,8.44,2.3,0.19,8.3,9.54,2.2,0.36
7.77,7.59,4.0,0.34,8.03,8.32,2.5,0.11,8.14,8.44,2.3,0.19,8.3,9.54,2.2,0.36,8.2,7.34,3.8,0.31
7.76,8.02,3.4,0.32,8.14,8.44,2.3,0.19,8.3,9.54,2.2,0.36,8.2,7.34,3.8,0.31,7.83,8.64,3.6,0.29
7.78,8.39,2.0,0.37,8.3,9.54,2.2,0.36,8.2,7.34,3.8,0.31,7.83,8.64,3.6,0.29,7.43,8.69,3.1,0.29
7.77,8.09,1.8,0.34,8.2,7.34,3.8,0.31,7.83,8.64,3.6,0.29,7.43,8.69,3.1,0.29,7.84,7.98,3.7,0.37
7.74,9.38,1.9,0.37,7.83,8.64,3.6,0.29,7.43,8.69,3.1,0.29,7.84,7.98,3.7,0.37,7.77,7.59,4.0,0.34
7.73,7.6,3.0,0.32,7.43,8.69,3.1,0.29,7.84,7.98,3.7,0.37,7.77,7.59,4.0,0.34,7.76,8.02,3.4,0.32
7.66,9.52,2.3,0.34,7.84,7.98,3.7,0.37,7.77,7.59,4.0,0.34,7.76,8.02,3.4,0.32,7.78,8.39,2.0,0.37
7.87,7.92,2.8,0.24,7.77,7.59,4.0,0.34,7.76,8.02,3.4,0.32,7.78,8.39,2.0,0.37,7.77,8.09,1.8,0.34
7.8,6.85,3.1,0.21,7.76,8.02,3.4,0.32,7.78,8.39,2.0,0.37,7.77,8.09,1.8,0.34,7.74,9.38,1.9,0.37
7.83,7.31,1.8,0.24,7.78,8.39,2.0,0.37,7.77,8.09,1.8,0.34,7.74,9.38,1.9,0.37,7.73,7.6,3.0,0.32
7.73,5.34,1.4,0.13,7.77,8.09,1.8,0.34,7.74,9.38,1.9,0.37,7.73,7.6,3.0,0.32,7.66,9.52,2.3,0.34
7.76,6.97,1.1,0.15,7.74,9.38,1.9,0.37,7.73,7.6,3.0,0.32,7.66,9.52,2.3,0.34,7.87,7.92,2.8,0.24
7.78,7.54,2.0,0.18,7.73,7.6,3.0,0.32,7.66,9.52,2.3,0.34,7.87,7.92,2.8,0.24,7.8,6.85,3.1,0.21
7.72,8.09,1.8,0.17,7.66,9.52,2.3,0.34,7.87,7.92,2.8,0.24,7.8,6.85,3.1,0.21,7.83,7.31,1.8,0.24
7.7,7.75,1.6,0.18,7.87,7.92,2.8,0.24,7.8,6.85,3.1,0.21,7.83,7.31,1.8,0.24,7.73,5.34,1.4,0.13
7.6,7.19,1.2,0.19,7.8,6.85,3.1,0.21,7.83,7.31,1.8,0.24,7.73,5.34,1.4,0.13,7.76,6.97,1.1,0.15
7.62,8.16,1.9,0.1,7.83,7.31,1.8,0.24,7.73,5.34,1.4,0.13,7.76,6.97,1.1,0.15,7.78,7.54,2.0,0.18
7.64,6.56,2.3,0.1,7.73,5.34,1.4,0.13,7.76,6.97,1.1,0.15,7.78,7.54,2.0,0.18,7.72,8.09,1.8,0.17
7.56,6.11,1.5,0.1,7.76,6.97,1.1,0.15,7.78,7.54,2.0,0.18,7.72,8.09,1.8,0.17,7.7,7.75,1.6,0.18
7.44,6.62,1.1,0.11,7.78,7.54,2.0,0.18,7.72,8.09,1.8,0.17,7.7,7.75,1.6,0.18,7.6,7.19,1.2,0.19
7.52,6.24,1.2,0.11,7.72,8.09,1.8,0.17,7.7,7.75,1.6,0.18,7.6,7.19,1.2,0.19,7.62,8.16,1.9,0.1
7.56,5.85,1.4,0.13,7.7,7.75,1.6,0.18,7.6,7.19,1.2,0.19,7.62,8.16,1.9,0.1,7.64,6.56,2.3,0.1
7.46,5.87,1.3,0.16,7.6,7.19,1.2,0.19,7.62,8.16,1.9,0.1,7.64,6.56,2.3,0.1,7.56,6.11,1.5,0.1
7.27,4.76,6.6,0.97,7.62,8.16,1.9,0.1,7.64,6.56,2.3,0.1,7.56,6.11,1.5,0.1,7.44,6.62,1.1,0.11
7.3,5.02,5.1,0.48,7.64,6.56,2.3,0.1,7.56,6.11,1.5,0.1,7.44,6.62,1.1,0.11,7.52,6.24,1.2,0.11
7.51,7.88,1.9,0.32,7.56,6.11,1.5,0.1,7.44,6.62,1.1,0.11,7.52,6.24,1.2,0.11,7.56,5.85,1.4,0.13
7.33,5.45,4.2,0.41,7.44,6.62,1.1,0.11,7.52,6.24,1.2,0.11,7.56,5.85,1.4,0.13,7.46,5.87,1.3,0.16
7.47,5.37,4.1,0.24,7.52,6.24,1.2,0.11,7.56,5.85,1.4,0.13,7.46,5.87,1.3,0.16,7.27,4.76,6.6,0.97
7.73,7.53,3.4,0.17,7.56,5.85,1.4,0.13,7.46,5.87,1.3,0.16,7.27,4.76,6.6,0.97,7.3,5.02,5.1,0.48
7.74,8.04,3.7,0.25,7.46,5.87,1.3,0.16,7.27,4.76,6.6,0.97,7.3,5.02,5.1,0.48,7.51,7.88,1.9,0.32
7.78,7.76,3.0,0.2,7.27,4.76,6.6,0.97,7.3,5.02,5.1,0.48,7.51,7.88,1.9,0.32,7.33,5.45,4.2,0.41
7.99,9.06,2.5,0.17,7.3,5.02,5.1,0.48,7.51,7.88,1.9,0.32,7.33,5.45,4.2,0.41,7.47,5.37,4.1,0.24
8.08,9.24,2.1,0.15,7.51,7.88,1.9,0.32,7.33,5.45,4.2,0.41,7.47,5.37,4.1,0.24,7.73,7.53,3.4,0.17
8.11,9.37,2.1,0.18,7.33,5.45,4.2,0.41,7.47,5.37,4.1,0.24,7.73,7.53,3.4,0.17,7.74,8.04,3.7,0.25
7.77,8.91,2.0,0.21,7.47,5.37,4.1,0.24,7.73,7.53,3.4,0.17,7.74,8.04,3.7,0.25,7.78,7.76,3.0,0.2
7.33,9.36,1.8,0.22,7.73,7.53,3.4,0.17,7.74,8.04,3.7,0.25,7.78,7.76,3.0,0.2,7.99,9.06,2.5,0.17
7.38,9.43,1.5,0.2,7.74,8.04,3.7,0.25,7.78,7.76,3.0,0.2,7.99,9.06,2.5,0.17,8.08,9.24,2.1,0.15
7.36,9.52,1.4,0.19,7.78,7.76,3.0,0.2,7.99,9.06,2.5,0.17,8.08,9.24,2.1,0.15,8.11,9.37,2.1,0.18
7.25,9.48,1.3,0.18,7.99,9.06,2.5,0.17,8.08,9.24,2.1,0.15,8.11,9.37,2.1,0.18,7.77,8.91,2.0,0.21
7.43,5.75,1.5,0.19,8.08,9.24,2.1,0.15,8.11,9.37,2.1,0.18,7.77,8.91,2.0,0.21,7.33,9.36,1.8,0.22
7.29,8.58,1.1,0.13,8.11,9.37,2.1,0.18,7.77,8.91,2.0,0.21,7.33,9.36,1.8,0.22,7.38,9.43,1.5,0.2
7.16,7.69,1.2,0.15,7.77,8.91,2.0,0.21,7.33,9.36,1.8,0.22,7.38,9.43,1.5,0.2,7.36,9.52,1.4,0.19
7.22,8.79,1.0,0.19,7.33,9.36,1.8,0.22,7.38,9.43,1.5,0.2,7.36,9.52,1.4,0.19,7.25,9.48,1.3,0.18
7.27,8.78,1.0,0.18,7.38,9.43,1.5,0.2,7.36,9.52,1.4,0.19,7.25,9.48,1.3,0.18,7.43,5.75,1.5,0.19
7.5,9.37,1.3,0.17,7.36,9.52,1.4,0.19,7.25,9.48,1.3,0.18,7.43,5.75,1.5,0.19,7.29,8.58,1.1,0.13
7.5,8.35,3.1,0.2,7.25,9.48,1.3,0.18,7.43,5.75,1.5,0.19,7.29,8.58,1.1,0.13,7.16,7.69,1.2,0.15
7.33,7.44,3.0,0.13,7.43,5.75,1.5,0.19,7.29,8.58,1.1,0.13,7.16,7.69,1.2,0.15,7.22,8.79,1.0,0.19
7.03,7.11,2.8,0.23,7.29,8.58,1.1,0.13,7.16,7.69,1.2,0.15,7.22,8.79,1.0,0.19,7.27,8.78,1.0,0.18
7.32,6.97,2.6,0.2,7.16,7.69,1.2,0.15,7.22,8.79,1.0,0.19,7.27,8.78,1.0,0.18,7.5,9.37,1.3,0.17
7.5,7.96,2.3,0.34,7.22,8.79,1.0,0.19,7.27,8.78,1.0,0.18,7.5,9.37,1.3,0.17,7.5,8.35,3.1,0.2
7.42,8.07,2.8,0.34,7.27,8.78,1.0,0.18,7.5,9.37,1.3,0.17,7.5,8.35,3.1,0.2,7.33,7.44,3.0,0.13
7.42,8.07,2.8,0.34,7.5,9.37,1.3,0.17,7.5,8.35,3.1,0.2,7.33,7.44,3.0,0.13,7.03,7.11,2.8,0.23
7.67,8.02,2.6,0.25,7.5,8.35,3.1,0.2,7.33,7.44,3.0,0.13,7.03,7.11,2.8,0.23,7.32,6.97,2.6,0.2
7.25,8.8,2.0,0.28,7.33,7.44,3.0,0.13,7.03,7.11,2.8,0.23,7.32,6.97,2.6,0.2,7.5,7.96,2.3,0.34
7.07,9.47,1.6,0.24,7.03,7.11,2.8,0.23,7.32,6.97,2.6,0.2,7.5,7.96,2.3,0.34,7.42,8.07,2.8,0.34
6.84,10.2,1.5,0.22,7.32,6.97,2.6,0.2,7.5,7.96,2.3,0.34,7.42,8.07,2.8,0.34,7.42,8.07,2.8,0.34
7.27,10.7,1.2,0.2,7.5,7.96,2.3,0.34,7.42,8.07,2.8,0.34,7.42,8.07,2.8,0.34,7.67,8.02,2.6,0.25
7.27,10.4,1.2,0.23,7.42,8.07,2.8,0.34,7.42,8.07,2.8,0.34,7.67,8.02,2.6,0.25,7.25,8.8,2.0,0.28
6.97,10.5,1.1,0.22,7.42,8.07,2.8,0.34,7.67,8.02,2.6,0.25,7.25,8.8,2.0,0.28,7.07,9.47,1.6,0.24
6.99,9.55,1.3,0.13,7.67,8.02,2.6,0.25,7.25,8.8,2.0,0.28,7.07,9.47,1.6,0.24,6.84,10.2,1.5,0.22
6.73,9.15,1.1,0.18,7.25,8.8,2.0,0.28,7.07,9.47,1.6,0.24,6.84,10.2,1.5,0.22,7.27,10.7,1.2,0.2
6.7,9.24,1.1,0.17,7.07,9.47,1.6,0.24,6.84,10.2,1.5,0.22,7.27,10.7,1.2,0.2,7.27,10.4,1.2,0.23
7.604224376731293,8.362097222222221,2.441944444444444,0.22353185595567895,6.84,10.2,1.5,0.22,7.27,10.7,1.2,0.2,7.27,10.4,1.2,0.23,6.97,10.5,1.1,0.22
6.79,9.22,2.0,0.12,7.27,10.7,1.2,0.2,7.27,10.4,1.2,0.23,6.97,10.5,1.1,0.22,6.99,9.55,1.3,0.13
7.74,9.1,1.9,0.18,7.27,10.4,1.2,0.23,6.97,10.5,1.1,0.22,6.99,9.55,1.3,0.13,6.73,9.15,1.1,0.18
7.74,9.27,1.6,0.12,6.97,10.5,1.1,0.22,6.99,9.55,1.3,0.13,6.73,9.15,1.1,0.18,6.7,9.24,1.1,0.17
7.63,8.88,1.5,0.1,6.99,9.55,1.3,0.13,6.73,9.15,1.1,0.18,6.7,9.24,1.1,0.17,7.604224376731293,8.362097222222221,2.441944444444444,0.22353185595567895
7.3,8.61,1.0,0.09,6.73,9.15,1.1,0.18,6.7,9.24,1.1,0.17,7.604224376731293,8.362097222222221,2.441944444444444,0.22353185595567895,6.79,9.22,2.0,0.12
7.11,8.31,1.7,0.12,6.7,9.24,1.1,0.17,7.604224376731293,8.362097222222221,2.441944444444444,0.22353185595567895,6.79,9.22,2.0,0.12,7.74,9.1,1.9,0.18
6.97,9.58,2.0,0.12,7.604224376731293,8.362097222222221,2.441944444444444,0.22353185595567895,6.79,9.22,2.0,0.12,7.74,9.1,1.9,0.18,7.74,9.27,1.6,0.12
6.83,7.88,1.6,0.11,6.79,9.22,2.0,0.12,7.74,9.1,1.9,0.18,7.74,9.27,1.6,0.12,7.63,8.88,1.5,0.1
6.48,7.56,0.8,0.13,7.74,9.1,1.9,0.18,7.74,9.27,1.6,0.12,7.63,8.88,1.5,0.1,7.3,8.61,1.0,0.09
7.31,8.32,1.9,0.13,7.74,9.27,1.6,0.12,7.63,8.88,1.5,0.1,7.3,8.61,1.0,0.09,7.11,8.31,1.7,0.12
7.45,7.05,2.7,0.19,7.63,8.88,1.5,0.1,7.3,8.61,1.0,0.09,7.11,8.31,1.7,0.12,6.97,9.58,2.0,0.12
7.21,6.18,2.8,0.2,7.3,8.61,1.0,0.09,7.11,8.31,1.7,0.12,6.97,9.58,2.0,0.12,6.83,7.88,1.6,0.11
7.4,3.48,4.8,0.59,7.11,8.31,1.7,0.12,6.97,9.58,2.0,0.12,6.83,7.88,1.6,0.11,6.48,7.56,0.8,0.13
7.28,3.69,6.2,0.36,6.97,9.58,2.0,0.12,6.83,7.88,1.6,0.11,6.48,7.56,0.8,0.13,7.31,8.32,1.9,0.13
7.91,5.71,2.7,0.07,6.83,7.88,1.6,0.11,6.48,7.56,0.8,0.13,7.31,8.32,1.9,0.13,7.45,7.05,2.7,0.19
7.61,6.79,2.8,0.07,6.48,7.56,0.8,0.13,7.31,8.32,1.9,0.13,7.45,7.05,2.7,0.19,7.21,6.18,2.8,0.2
8.15,7.48,2.0,0.06,7.31,8.32,1.9,0.13,7.45,7.05,2.7,0.19,7.21,6.18,2.8,0.2,7.4,3.48,4.8,0.59
8.3,6.91,2.1,0.07,7.45,7.05,2.7,0.19,7.21,6.18,2.8,0.2,7.4,3.48,4.8,0.59,7.28,3.69,6.2,0.36
8.19,6.41,2.6,0.09,7.21,6.18,2.8,0.2,7.4,3.48,4.8,0.59,7.28,3.69,6.2,0.36,7.91,5.71,2.7,0.07
7.63,6.47,2.6,0.1,7.4,3.48,4.8,0.59,7.28,3.69,6.2,0.36,7.91,5.71,2.7,0.07,7.61,6.79,2.8,0.07
7.76,7.71,1.4,0.12,7.28,3.69,6.2,0.36,7.91,5.71,2.7,0.07,7.61,6.79,2.8,0.07,8.15,7.48,2.0,0.06
7.72,7.42,3.2,0.15,7.91,5.71,2.7,0.07,7.61,6.79,2.8,0.07,8.15,7.48,2.0,0.06,8.3,6.91,2.1,0.07
7.79,7.77,3.4,0.13,7.61,6.79,2.8,0.07,8.15,7.48,2.0,0.06,8.3,6.91,2.1,0.07,8.19,6.41,2.6,0.09
7.73,7.14,2.5,0.11,8.15,7.48,2.0,0.06,8.3,6.91,2.1,0.07,8.19,6.41,2.6,0.09,7.63,6.47,2.6,0.1
7.68,7.32,3.1,0.12,8.3,6.91,2.1,0.07,8.19,6.41,2.6,0.09,7.63,6.47,2.6,0.1,7.76,7.71,1.4,0.12
7.69,7.65,2.4,0.12,8.19,6.41,2.6,0.09,7.63,6.47,2.6,0.1,7.76,7.71,1.4,0.12,7.72,7.42,3.2,0.15
7.64,7.21,2.9,0.09,7.63,6.47,2.6,0.1,7.76,7.71,1.4,0.12,7.72,7.42,3.2,0.15,7.79,7.77,3.4,0.13
7.66,7.47,2.2,0.1,7.76,7.71,1.4,0.12,7.72,7.42,3.2,0.15,7.79,7.77,3.4,0.13,7.73,7.14,2.5,0.11
7.68,7.79,1.8,0.12,7.72,7.42,3.2,0.15,7.79,7.77,3.4,0.13,7.73,7.14,2.5,0.11,7.68,7.32,3.1,0.12
7.71,8.3,1.8,0.15,7.79,7.77,3.4,0.13,7.73,7.14,2.5,0.11,7.68,7.32,3.1,0.12,7.69,7.65,2.4,0.12
7.67,8.48,1.9,0.17,7.73,7.14,2.5,0.11,7.68,7.32,3.1,0.12,7.69,7.65,2.4,0.12,7.64,7.21,2.9,0.09
7.66,8.76,2.0,0.14,7.68,7.32,3.1,0.12,7.69,7.65,2.4,0.12,7.64,7.21,2.9,0.09,7.66,7.47,2.2,0.1
7.61,8.92,2.1,0.17,7.69,7.65,2.4,0.12,7.64,7.21,2.9,0.09,7.66,7.47,2.2,0.1,7.68,7.79,1.8,0.12
7.59,9.2,2.1,0.23,7.64,7.21,2.9,0.09,7.66,7.47,2.2,0.1,7.68,7.79,1.8,0.12,7.71,8.3,1.8,0.15
7.53,9.51,2.3,0.23,7.66,7.47,2.2,0.1,7.68,7.79,1.8,0.12,7.71,8.3,1.8,0.15,7.67,8.48,1.9,0.17
7.6,10.2,2.2,0.29,7.68,7.79,1.8,0.12,7.71,8.3,1.8,0.15,7.67,8.48,1.9,0.17,7.66,8.76,2.0,0.14
7.58,10.8,2.2,0.45,7.71,8.3,1.8,0.15,7.67,8.48,1.9,0.17,7.66,8.76,2.0,0.14,7.61,8.92,2.1,0.17
7.56,11.3,2.3,0.49,7.67,8.48,1.9,0.17,7.66,8.76,2.0,0.14,7.61,8.92,2.1,0.17,7.59,9.2,2.1,0.23
7.53,10.7,2.1,0.37,7.66,8.76,2.0,0.14,7.61,8.92,2.1,0.17,7.59,9.2,2.1,0.23,7.53,9.51,2.3,0.23
7.6,10.3,2.1,0.33,7.61,8.92,2.1,0.17,7.59,9.2,2.1,0.23,7.53,9.51,2.3,0.23,7.6,10.2,2.2,0.29
7.61,10.6,1.9,0.33,7.59,9.2,2.1,0.23,7.53,9.51,2.3,0.23,7.6,10.2,2.2,0.29,7.58,10.8,2.2,0.45
7.6,10.2,2.0,0.37,7.53,9.51,2.3,0.23,7.6,10.2,2.2,0.29,7.58,10.8,2.2,0.45,7.56,11.3,2.3,0.49
7.68,10.9,1.9,0.52,7.6,10.2,2.2,0.29,7.58,10.8,2.2,0.45,7.56,11.3,2.3,0.49,7.53,10.7,2.1,0.37
7.73,11.0,2.3,0.49,7.58,10.8,2.2,0.45,7.56,11.3,2.3,0.49,7.53,10.7,2.1,0.37,7.6,10.3,2.1,0.33
7.76,11.3,2.7,0.44,7.56,11.3,2.3,0.49,7.53,10.7,2.1,0.37,7.6,10.3,2.1,0.33,7.61,10.6,1.9,0.33
7.73,10.8,3.0,0.4,7.53,10.7,2.1,0.37,7.6,10.3,2.1,0.33,7.61,10.6,1.9,0.33,7.6,10.2,2.0,0.37
7.69,10.2,2.7,0.31,7.6,10.3,2.1,0.33,7.61,10.6,1.9,0.33,7.6,10.2,2.0,0.37,7.68,10.9,1.9,0.52
7.52,9.78,2.1,0.29,7.61,10.6,1.9,0.33,7.6,10.2,2.0,0.37,7.68,10.9,1.9,0.52,7.73,11.0,2.3,0.49
7.54,9.58,2.0,0.22,7.6,10.2,2.0,0.37,7.68,10.9,1.9,0.52,7.73,11.0,2.3,0.49,7.76,11.3,2.7,0.44
7.45,8.362097222222221,2.2,0.17,7.68,10.9,1.9,0.52,7.73,11.0,2.3,0.49,7.76,11.3,2.7,0.44,7.73,10.8,3.0,0.4
7.42,8.362097222222221,2.1,0.23,7.73,11.0,2.3,0.49,7.76,11.3,2.7,0.44,7.73,10.8,3.0,0.4,7.69,10.2,2.7,0.31
7.44,8.22,2.4,0.21,7.76,11.3,2.7,0.44,7.73,10.8,3.0,0.4,7.69,10.2,2.7,0.31,7.52,9.78,2.1,0.29
7.6,8.43,1.8,0.23,7.73,10.8,3.0,0.4,7.69,10.2,2.7,0.31,7.52,9.78,2.1,0.29,7.54,9.58,2.0,0.22
7.62,8.65,2.0,0.27,7.69,10.2,2.7,0.31,7.52,9.78,2.1,0.29,7.54,9.58,2.0,0.22,7.45,8.362097222222221,2.2,0.17
7.57,8.16,1.9,0.27,7.52,9.78,2.1,0.29,7.54,9.58,2.0,0.22,7.45,8.362097222222221,2.2,0.17,7.42,8.362097222222221,2.1,0.23
7.55,8.01,1.8,0.22,7.54,9.58,2.0,0.22,7.45,8.362097222222221,2.2,0.17,7.42,8.362097222222221,2.1,0.23,7.44,8.22,2.4,0.21
7.55,7.73,1.7,0.17,7.45,8.362097222222221,2.2,0.17,7.42,8.362097222222221,2.1,0.23,7.44,8.22,2.4,0.21,7.6,8.43,1.8,0.23
7.54,7.39,1.9,0.18,7.42,8.362097222222221,2.1,0.23,7.44,8.22,2.4,0.21,7.6,8.43,1.8,0.23,7.62,8.65,2.0,0.27
7.52,7.47,2.4,0.22,7.44,8.22,2.4,0.21,7.6,8.43,1.8,0.23,7.62,8.65,2.0,0.27,7.57,8.16,1.9,0.27
7.56,7.35,2.1,0.21,7.6,8.43,1.8,0.23,7.62,8.65,2.0,0.27,7.57,8.16,1.9,0.27,7.55,8.01,1.8,0.22
7.52,6.81,2.3,0.21,7.62,8.65,2.0,0.27,7.57,8.16,1.9,0.27,7.55,8.01,1.8,0.22,7.55,7.73,1.7,0.17
7.58,6.73,2.1,0.21,7.57,8.16,1.9,0.27,7.55,8.01,1.8,0.22,7.55,7.73,1.7,0.17,7.54,7.39,1.9,0.18
7.5,6.31,2.4,0.23,7.55,8.01,1.8,0.22,7.55,7.73,1.7,0.17,7.54,7.39,1.9,0.18,7.52,7.47,2.4,0.22
7.65,6.62,1.9,0.2,7.55,7.73,1.7,0.17,7.54,7.39,1.9,0.18,7.52,7.47,2.4,0.22,7.56,7.35,2.1,0.21
7.52,6.26,2.4,0.19,7.54,7.39,1.9,0.18,7.52,7.47,2.4,0.22,7.56,7.35,2.1,0.21,7.52,6.81,2.3,0.21
7.63,6.52,1.8,0.31,7.52,7.47,2.4,0.22,7.56,7.35,2.1,0.21,7.52,6.81,2.3,0.21,7.58,6.73,2.1,0.21
7.59,6.51,1.9,0.28,7.56,7.35,2.1,0.21,7.52,6.81,2.3,0.21,7.58,6.73,2.1,0.21,7.5,6.31,2.4,0.23
7.6,6.6,1.6,0.26,7.52,6.81,2.3,0.21,7.58,6.73,2.1,0.21,7.5,6.31,2.4,0.23,7.65,6.62,1.9,0.2
7.57,6.53,2.8,0.23,7.58,6.73,2.1,0.21,7.5,6.31,2.4,0.23,7.65,6.62,1.9,0.2,7.52,6.26,2.4,0.19
7.57,6.52,2.1,0.24,7.5,6.31,2.4,0.23,7.65,6.62,1.9,0.2,7.52,6.26,2.4,0.19,7.63,6.52,1.8,0.31
7.57,6.78,2.4,0.21,7.65,6.62,1.9,0.2,7.52,6.26,2.4,0.19,7.63,6.52,1.8,0.31,7.59,6.51,1.9,0.28
7.57,6.75,2.0,0.16,7.52,6.26,2.4,0.19,7.63,6.52,1.8,0.31,7.59,6.51,1.9,0.28,7.6,6.6,1.6,0.26
7.53,7.06,1.6,0.35,7.63,6.52,1.8,0.31,7.59,6.51,1.9,0.28,7.6,6.6,1.6,0.26,7.57,6.53,2.8,0.23
7.49,7.0,1.6,0.36,7.59,6.51,1.9,0.28,7.6,6.6,1.6,0.26,7.57,6.53,2.8,0.23,7.57,6.52,2.1,0.24
7.47,7.18,1.8,0.37,7.6,6.6,1.6,0.26,7.57,6.53,2.8,0.23,7.57,6.52,2.1,0.24,7.57,6.78,2.4,0.21
7.52,7.38,1.7,0.42,7.57,6.53,2.8,0.23,7.57,6.52,2.1,0.24,7.57,6.78,2.4,0.21,7.57,6.75,2.0,0.16
7.57,7.62,1.9,0.31,7.57,6.52,2.1,0.24,7.57,6.78,2.4,0.21,7.57,6.75,2.0,0.16,7.53,7.06,1.6,0.35
7.54,7.59,2.3,0.29,7.57,6.78,2.4,0.21,7.57,6.75,2.0,0.16,7.53,7.06,1.6,0.35,7.49,7.0,1.6,0.36
7.54,7.83,2.6,0.33,7.57,6.75,2.0,0.16,7.53,7.06,1.6,0.35,7.49,7.0,1.6,0.36,7.47,7.18,1.8,0.37
7.46,8.0,2.1,0.31,7.53,7.06,1.6,0.35,7.49,7.0,1.6,0.36,7.47,7.18,1.8,0.37,7.52,7.38,1.7,0.42
7.48,8.23,2.0,0.29,7.49,7.0,1.6,0.36,7.47,7.18,1.8,0.37,7.52,7.38,1.7,0.42,7.57,7.62,1.9,0.31
7.52,8.21,2.1,0.33,7.47,7.18,1.8,0.37,7.52,7.38,1.7,0.42,7.57,7.62,1.9,0.31,7.54,7.59,2.3,0.29
7.54,8.39,1.8,0.44,7.52,7.38,1.7,0.42,7.57,7.62,1.9,0.31,7.54,7.59,2.3,0.29,7.54,7.83,2.6,0.33
7.6,8.6,1.5,0.33,7.57,7.62,1.9,0.31,7.54,7.59,2.3,0.29,7.54,7.83,2.6,0.33,7.46,8.0,2.1,0.31
7.54,8.93,1.3,0.39,7.54,7.59,2.3,0.29,7.54,7.83,2.6,0.33,7.46,8.0,2.1,0.31,7.48,8.23,2.0,0.29
7.47,8.81,2.0,0.13,7.54,7.83,2.6,0.33,7.46,8.0,2.1,0.31,7.48,8.23,2.0,0.29,7.52,8.21,2.1,0.33
7.43,9.01,1.4,0.12,7.46,8.0,2.1,0.31,7.48,8.23,2.0,0.29,7.52,8.21,2.1,0.33,7.54,8.39,1.8,0.44
7.42,9.26,1.4,0.13,7.48,8.23,2.0,0.29,7.52,8.21,2.1,0.33,7.54,8.39,1.8,0.44,7.6,8.6,1.5,0.33
7.4,9.83,1.4,0.14,7.52,8.21,2.1,0.33,7.54,8.39,1.8,0.44,7.6,8.6,1.5,0.33,7.54,8.93,1.3,0.39
7.49,10.5,1.5,0.34,7.54,8.39,1.8,0.44,7.6,8.6,1.5,0.33,7.54,8.93,1.3,0.39,7.47,8.81,2.0,0.13
7.37,10.5,1.2,0.4,7.6,8.6,1.5,0.33,7.54,8.93,1.3,0.39,7.47,8.81,2.0,0.13,7.43,9.01,1.4,0.12
7.64,10.2,1.3,0.36,7.54,8.93,1.3,0.39,7.47,8.81,2.0,0.13,7.43,9.01,1.4,0.12,7.42,9.26,1.4,0.13
7.64,10.2,1.3,0.36,7.47,8.81,2.0,0.13,7.43,9.01,1.4,0.12,7.42,9.26,1.4,0.13,7.4,9.83,1.4,0.14
7.64,9.87,1.4,0.29,7.43,9.01,1.4,0.12,7.42,9.26,1.4,0.13,7.4,9.83,1.4,0.14,7.49,10.5,1.5,0.34
7.62,10.1,1.5,0.26,7.42,9.26,1.4,0.13,7.4,9.83,1.4,0.14,7.49,10.5,1.5,0.34,7.37,10.5,1.2,0.4
7.76,10.9,1.1,0.31,7.4,9.83,1.4,0.14,7.49,10.5,1.5,0.34,7.37,10.5,1.2,0.4,7.64,10.2,1.3,0.36
7.75,10.8,1.2,0.3,7.49,10.5,1.5,0.34,7.37,10.5,1.2,0.4,7.64,10.2,1.3,0.36,7.64,10.2,1.3,0.36
7.7,10.4,1.3,0.32,7.37,10.5,1.2,0.4,7.64,10.2,1.3,0.36,7.64,10.2,1.3,0.36,7.64,9.87,1.4,0.29
7.58,10.4,1.3,0.4,7.64,10.2,1.3,0.36,7.64,10.2,1.3,0.36,7.64,9.87,1.4,0.29,7.62,10.1,1.5,0.26
7.54,9.87,1.2,0.35,7.64,10.2,1.3,0.36,7.64,9.87,1.4,0.29,7.62,10.1,1.5,0.26,7.76,10.9,1.1,0.31
7.42,8.72,1.5,0.27,7.64,9.87,1.4,0.29,7.62,10.1,1.5,0.26,7.76,10.9,1.1,0.31,7.75,10.8,1.2,0.3
7.32,7.9,1.5,0.16,7.62,10.1,1.5,0.26,7.76,10.9,1.1,0.31,7.75,10.8,1.2,0.3,7.7,10.4,1.3,0.32
7.3,7.69,1.6,0.08,7.76,10.9,1.1,0.31,7.75,10.8,1.2,0.3,7.7,10.4,1.3,0.32,7.58,10.4,1.3,0.4
7.35,7.46,1.3,0.07,7.75,10.8,1.2,0.3,7.7,10.4,1.3,0.32,7.58,10.4,1.3,0.4,7.54,9.87,1.2,0.35
7.37,7.54,1.6,0.1,7.7,10.4,1.3,0.32,7.58,10.4,1.3,0.4,7.54,9.87,1.2,0.35,7.42,8.72,1.5,0.27
7.44,7.9,1.6,0.14,7.58,10.4,1.3,0.4,7.54,9.87,1.2,0.35,7.42,8.72,1.5,0.27,7.32,7.9,1.5,0.16
7.47,7.73,1.6,0.11,7.54,9.87,1.2,0.35,7.42,8.72,1.5,0.27,7.32,7.9,1.5,0.16,7.3,7.69,1.6,0.08
7.52,7.86,1.4,0.12,7.42,8.72,1.5,0.27,7.32,7.9,1.5,0.16,7.3,7.69,1.6,0.08,7.35,7.46,1.3,0.07
7.51,7.54,1.5,0.1,7.32,7.9,1.5,0.16,7.3,7.69,1.6,0.08,7.35,7.46,1.3,0.07,7.37,7.54,1.6,0.1
7.51,7.33,1.5,0.11,7.3,7.69,1.6,0.08,7.35,7.46,1.3,0.07,7.37,7.54,1.6,0.1,7.44,7.9,1.6,0.14
7.49,6.81,1.8,0.11,7.35,7.46,1.3,0.07,7.37,7.54,1.6,0.1,7.44,7.9,1.6,0.14,7.47,7.73,1.6,0.11
7.49,6.78,1.5,0.13,7.37,7.54,1.6,0.1,7.44,7.9,1.6,0.14,7.47,7.73,1.6,0.11,7.52,7.86,1.4,0.12
7.46,6.56,1.6,0.09,7.44,7.9,1.6,0.14,7.47,7.73,1.6,0.11,7.52,7.86,1.4,0.12,7.51,7.54,1.5,0.1
7.45,6.64,1.5,0.12,7.47,7.73,1.6,0.11,7.52,7.86,1.4,0.12,7.51,7.54,1.5,0.1,7.51,7.33,1.5,0.11
7.46,6.72,1.6,0.1,7.52,7.86,1.4,0.12,7.51,7.54,1.5,0.1,7.51,7.33,1.5,0.11,7.49,6.81,1.8,0.11
7.41,6.35,1.6,0.11,7.51,7.54,1.5,0.1,7.51,7.33,1.5,0.11,7.49,6.81,1.8,0.11,7.49,6.78,1.5,0.13
7.31,5.7,2.0,0.16,7.51,7.33,1.5,0.11,7.49,6.81,1.8,0.11,7.49,6.78,1.5,0.13,7.46,6.56,1.6,0.09
7.36,5.9,1.7,0.15,7.49,6.81,1.8,0.11,7.49,6.78,1.5,0.13,7.46,6.56,1.6,0.09,7.45,6.64,1.5,0.12
7.4,5.83,1.4,0.12,7.49,6.78,1.5,0.13,7.46,6.56,1.6,0.09,7.45,6.64,1.5,0.12,7.46,6.72,1.6,0.1
7.32,5.85,1.7,0.07,7.46,6.56,1.6,0.09,7.45,6.64,1.5,0.12,7.46,6.72,1.6,0.1,7.41,6.35,1.6,0.11
7.36,5.94,1.7,0.09,7.45,6.64,1.5,0.12,7.46,6.72,1.6,0.1,7.41,6.35,1.6,0.11,7.31,5.7,2.0,0.16
7.25,5.45,2.5,0.18,7.46,6.72,1.6,0.1,7.41,6.35,1.6,0.11,7.31,5.7,2.0,0.16,7.36,5.9,1.7,0.15
7.21,5.35,3.9,0.2,7.41,6.35,1.6,0.11,7.31,5.7,2.0,0.16,7.36,5.9,1.7,0.15,7.4,5.83,1.4,0.12
7.32,5.16,3.5,0.13,7.31,5.7,2.0,0.16,7.36,5.9,1.7,0.15,7.4,5.83,1.4,0.12,7.32,5.85,1.7,0.07
7.34,5.47,3.2,0.1,7.36,5.9,1.7,0.15,7.4,5.83,1.4,0.12,7.32,5.85,1.7,0.07,7.36,5.94,1.7,0.09
7.34,5.74,3.4,0.08,7.4,5.83,1.4,0.12,7.32,5.85,1.7,0.07,7.36,5.94,1.7,0.09,7.25,5.45,2.5,0.18
7.4,6.4,3.2,0.11,7.32,5.85,1.7,0.07,7.36,5.94,1.7,0.09,7.25,5.45,2.5,0.18,7.21,5.35,3.9,0.2
7.43,6.75,3.6,0.1,7.36,5.94,1.7,0.09,7.25,5.45,2.5,0.18,7.21,5.35,3.9,0.2,7.32,5.16,3.5,0.13
7.47,6.89,3.9,0.08,7.25,5.45,2.5,0.18,7.21,5.35,3.9,0.2,7.32,5.16,3.5,0.13,7.34,5.47,3.2,0.1
7.51,6.45,3.6,0.11,7.21,5.35,3.9,0.2,7.32,5.16,3.5,0.13,7.34,5.47,3.2,0.1,7.34,5.74,3.4,0.08
7.63,7.64,2.5,0.17,7.32,5.16,3.5,0.13,7.34,5.47,3.2,0.1,7.34,5.74,3.4,0.08,7.4,6.4,3.2,0.11
7.65,7.69,2.8,0.14,7.34,5.47,3.2,0.1,7.34,5.74,3.4,0.08,7.4,6.4,3.2,0.11,7.43,6.75,3.6,0.1
7.7,8.19,3.0,0.2,7.34,5.74,3.4,0.08,7.4,6.4,3.2,0.11,7.43,6.75,3.6,0.1,7.47,6.89,3.9,0.08
7.62,8.62,2.7,0.23,7.4,6.4,3.2,0.11,7.43,6.75,3.6,0.1,7.47,6.89,3.9,0.08,7.51,6.45,3.6,0.11
7.55,8.09,1.8,0.16,7.43,6.75,3.6,0.1,7.47,6.89,3.9,0.08,7.51,6.45,3.6,0.11,7.63,7.64,2.5,0.17
7.65,8.26,2.3,0.06,7.47,6.89,3.9,0.08,7.51,6.45,3.6,0.11,7.63,7.64,2.5,0.17,7.65,7.69,2.8,0.14
7.49,8.51,1.9,0.13,7.51,6.45,3.6,0.11,7.63,7.64,2.5,0.17,7.65,7.69,2.8,0.14,7.7,8.19,3.0,0.2
7.75,10.4,3.0,0.21,7.63,7.64,2.5,0.17,7.65,7.69,2.8,0.14,7.7,8.19,3.0,0.2,7.62,8.62,2.7,0.23
8.03,11.8,3.8,0.29,7.65,7.69,2.8,0.14,7.7,8.19,3.0,0.2,7.62,8.62,2.7,0.23,7.55,8.09,1.8,0.16
8.1,10.6,3.9,0.22,7.7,8.19,3.0,0.2,7.62,8.62,2.7,0.23,7.55,8.09,1.8,0.16,7.65,8.26,2.3,0.06
7.79,9.94,3.4,0.19,7.62,8.62,2.7,0.23,7.55,8.09,1.8,0.16,7.65,8.26,2.3,0.06,7.49,8.51,1.9,0.13
8.05,11.2,3.6,0.19,7.55,8.09,1.8,0.16,7.65,8.26,2.3,0.06,7.49,8.51,1.9,0.13,7.75,10.4,3.0,0.21
7.92,10.7,3.1,0.13,7.65,8.26,2.3,0.06,7.49,8.51,1.9,0.13,7.75,10.4,3.0,0.21,8.03,11.8,3.8,0.29
7.8,10.1,2.7,0.14,7.49,8.51,1.9,0.13,7.75,10.4,3.0,0.21,8.03,11.8,3.8,0.29,8.1,10.6,3.9,0.22
7.71,9.78,3.7,0.14,7.75,10.4,3.0,0.21,8.03,11.8,3.8,0.29,8.1,10.6,3.9,0.22,7.79,9.94,3.4,0.19
7.65,9.82,2.8,0.22,8.03,11.8,3.8,0.29,8.1,10.6,3.9,0.22,7.79,9.94,3.4,0.19,8.05,11.2,3.6,0.19
7.78,10.6,2.9,0.23,8.1,10.6,3.9,0.22,7.79,9.94,3.4,0.19,8.05,11.2,3.6,0.19,7.92,10.7,3.1,0.13
7.81,10.7,3.2,0.24,7.79,9.94,3.4,0.19,8.05,11.2,3.6,0.19,7.92,10.7,3.1,0.13,7.8,10.1,2.7,0.14
7.76,10.3,3.4,0.3,8.05,11.2,3.6,0.19,7.92,10.7,3.1,0.13,7.8,10.1,2.7,0.14,7.71,9.78,3.7,0.14
7.66,9.88,2.9,0.32,7.92,10.7,3.1,0.13,7.8,10.1,2.7,0.14,7.71,9.78,3.7,0.14,7.65,9.82,2.8,0.22
7.6,9.58,2.4,0.28,7.8,10.1,2.7,0.14,7.71,9.78,3.7,0.14,7.65,9.82,2.8,0.22,7.78,10.6,2.9,0.23
7.48,9.36,2.6,0.37,7.71,9.78,3.7,0.14,7.65,9.82,2.8,0.22,7.78,10.6,2.9,0.23,7.81,10.7,3.2,0.24
7.4,9.17,3.0,0.41,7.65,9.82,2.8,0.22,7.78,10.6,2.9,0.23,7.81,10.7,3.2,0.24,7.76,10.3,3.4,0.3
7.39,8.78,3.0,0.43,7.78,10.6,2.9,0.23,7.81,10.7,3.2,0.24,7.76,10.3,3.4,0.3,7.66,9.88,2.9,0.32
7.41,7.8,2.0,0.15,7.81,10.7,3.2,0.24,7.76,10.3,3.4,0.3,7.66,9.88,2.9,0.32,7.6,9.58,2.4,0.28
7.76,8.55,2.8,0.1,7.76,10.3,3.4,0.3,7.66,9.88,2.9,0.32,7.6,9.58,2.4,0.28,7.48,9.36,2.6,0.37
7.87,8.37,2.5,0.32,7.66,9.88,2.9,0.32,7.6,9.58,2.4,0.28,7.48,9.36,2.6,0.37,7.4,9.17,3.0,0.41
7.45,7.93,1.8,0.05,7.6,9.58,2.4,0.28,7.48,9.36,2.6,0.37,7.4,9.17,3.0,0.41,7.39,8.78,3.0,0.43
7.59,7.89,2.3,0.05,7.48,9.36,2.6,0.37,7.4,9.17,3.0,0.41,7.39,8.78,3.0,0.43,7.41,7.8,2.0,0.15
7.46,7.55,1.6,0.03,7.4,9.17,3.0,0.41,7.39,8.78,3.0,0.43,7.41,7.8,2.0,0.15,7.76,8.55,2.8,0.1
7.51,7.71,0.8,0.02,7.39,8.78,3.0,0.43,7.41,7.8,2.0,0.15,7.76,8.55,2.8,0.1,7.87,8.37,2.5,0.32
7.42,7.19,1.7,0.08,7.41,7.8,2.0,0.15,7.76,8.55,2.8,0.1,7.87,8.37,2.5,0.32,7.45,7.93,1.8,0.05
7.36,7.32,1.9,0.15,7.76,8.55,2.8,0.1,7.87,8.37,2.5,0.32,7.45,7.93,1.8,0.05,7.59,7.89,2.3,0.05
7.31,7.03,1.8,0.12,7.87,8.37,2.5,0.32,7.45,7.93,1.8,0.05,7.59,7.89,2.3,0.05,7.46,7.55,1.6,0.03
7.23,6.2,1.8,0.14,7.45,7.93,1.8,0.05,7.59,7.89,2.3,0.05,7.46,7.55,1.6,0.03,7.51,7.71,0.8,0.02
7.36,6.09,1.9,0.09,7.59,7.89,2.3,0.05,7.46,7.55,1.6,0.03,7.51,7.71,0.8,0.02,7.42,7.19,1.7,0.08
7.21,5.23,3.5,0.21,7.46,7.55,1.6,0.03,7.51,7.71,0.8,0.02,7.42,7.19,1.7,0.08,7.36,7.32,1.9,0.15
7.05,4.63,6.4,0.37,7.51,7.71,0.8,0.02,7.42,7.19,1.7,0.08,7.36,7.32,1.9,0.15,7.31,7.03,1.8,0.12
7.15,5.85,5.3,0.2,7.42,7.19,1.7,0.08,7.36,7.32,1.9,0.15,7.31,7.03,1.8,0.12,7.23,6.2,1.8,0.14
7.36,6.8,4.7,0.17,7.36,7.32,1.9,0.15,7.31,7.03,1.8,0.12,7.23,6.2,1.8,0.14,7.36,6.09,1.9,0.09
7.12,5.4,4.9,0.29,7.31,7.03,1.8,0.12,7.23,6.2,1.8,0.14,7.36,6.09,1.9,0.09,7.21,5.23,3.5,0.21
7.29,6.69,3.8,0.11,7.23,6.2,1.8,0.14,7.36,6.09,1.9,0.09,7.21,5.23,3.5,0.21,7.05,4.63,6.4,0.37
7.25,5.63,3.4,0.11,7.36,6.09,1.9,0.09,7.21,5.23,3.5,0.21,7.05,4.63,6.4,0.37,7.15,5.85,5.3,0.2
7.05,5.92,5.3,0.16,7.21,5.23,3.5,0.21,7.05,4.63,6.4,0.37,7.15,5.85,5.3,0.2,7.36,6.8,4.7,0.17
6.95,5.89,4.5,0.16,7.05,4.63,6.4,0.37,7.15,5.85,5.3,0.2,7.36,6.8,4.7,0.17,7.12,5.4,4.9,0.29
7.09,5.78,3.9,0.12,7.15,5.85,5.3,0.2,7.36,6.8,4.7,0.17,7.12,5.4,4.9,0.29,7.29,6.69,3.8,0.11
7.26,6.37,2.9,0.06,7.36,6.8,4.7,0.17,7.12,5.4,4.9,0.29,7.29,6.69,3.8,0.11,7.25,5.63,3.4,0.11
7.41,6.49,2.2,0.08,7.12,5.4,4.9,0.29,7.29,6.69,3.8,0.11,7.25,5.63,3.4,0.11,7.05,5.92,5.3,0.16
7.45,8.17,1.2,0.15,7.29,6.69,3.8,0.11,7.25,5.63,3.4,0.11,7.05,5.92,5.3,0.16,6.95,5.89,4.5,0.16
7.45,8.37,2.1,0.17,7.25,5.63,3.4,0.11,7.05,5.92,5.3,0.16,6.95,5.89,4.5,0.16,7.09,5.78,3.9,0.12
7.46,8.57,2.4,0.18,7.05,5.92,5.3,0.16,6.95,5.89,4.5,0.16,7.09,5.78,3.9,0.12,7.26,6.37,2.9,0.06
7.47,8.41,2.7,0.22,6.95,5.89,4.5,0.16,7.09,5.78,3.9,0.12,7.26,6.37,2.9,0.06,7.41,6.49,2.2,0.08
7.4,8.59,3.0,0.21,7.09,5.78,3.9,0.12,7.26,6.37,2.9,0.06,7.41,6.49,2.2,0.08,7.45,8.17,1.2,0.15
7.34,8.6,2.5,0.19,7.26,6.37,2.9,0.06,7.41,6.49,2.2,0.08,7.45,8.17,1.2,0.15,7.45,8.37,2.1,0.17
7.32,8.65,2.7,0.16,7.41,6.49,2.2,0.08,7.45,8.17,1.2,0.15,7.45,8.37,2.1,0.17,7.46,8.57,2.4,0.18
7.38,8.99,2.7,0.16,7.45,8.17,1.2,0.15,7.45,8.37,2.1,0.17,7.46,8.57,2.4,0.18,7.47,8.41,2.7,0.22
7.4,9.3,2.7,0.16,7.45,8.37,2.1,0.17,7.46,8.57,2.4,0.18,7.47,8.41,2.7,0.22,7.4,8.59,3.0,0.21
7.4,9.46,2.3,0.24,7.46,8.57,2.4,0.18,7.47,8.41,2.7,0.22,7.4,8.59,3.0,0.21,7.34,8.6,2.5,0.19
7.4,9.66,2.9,0.24,7.47,8.41,2.7,0.22,7.4,8.59,3.0,0.21,7.34,8.6,2.5,0.19,7.32,8.65,2.7,0.16
7.31,9.49,2.4,0.26,7.4,8.59,3.0,0.21,7.34,8.6,2.5,0.19,7.32,8.65,2.7,0.16,7.38,8.99,2.7,0.16
7.34,9.89,2.6,0.16,7.34,8.6,2.5,0.19,7.32,8.65,2.7,0.16,7.38,8.99,2.7,0.16,7.4,9.3,2.7,0.16
7.45,9.51,2.6,0.17,7.32,8.65,2.7,0.16,7.38,8.99,2.7,0.16,7.4,9.3,2.7,0.16,7.4,9.46,2.3,0.24
7.46,9.72,2.1,0.23,7.38,8.99,2.7,0.16,7.4,9.3,2.7,0.16,7.4,9.46,2.3,0.24,7.4,9.66,2.9,0.24
7.38,9.4,2.3,0.17,7.4,9.3,2.7,0.16,7.4,9.46,2.3,0.24,7.4,9.66,2.9,0.24,7.31,9.49,2.4,0.26
7.39,9.83,2.4,0.19,7.4,9.46,2.3,0.24,7.4,9.66,2.9,0.24,7.31,9.49,2.4,0.26,7.34,9.89,2.6,0.16
7.4,10.2,2.4,0.15,7.4,9.66,2.9,0.24,7.31,9.49,2.4,0.26,7.34,9.89,2.6,0.16,7.45,9.51,2.6,0.17
7.4,10.2,2.0,0.15,7.31,9.49,2.4,0.26,7.34,9.89,2.6,0.16,7.45,9.51,2.6,0.17,7.46,9.72,2.1,0.23
7.23,10.7,3.5,0.2,7.34,9.89,2.6,0.16,7.45,9.51,2.6,0.17,7.46,9.72,2.1,0.23,7.38,9.4,2.3,0.17
7.44,10.8,2.2,0.21,7.45,9.51,2.6,0.17,7.46,9.72,2.1,0.23,7.38,9.4,2.3,0.17,7.39,9.83,2.4,0.19
7.42,10.5,2.3,0.21,7.46,9.72,2.1,0.23,7.38,9.4,2.3,0.17,7.39,9.83,2.4,0.19,7.4,10.2,2.4,0.15
7.54,10.9,2.5,0.24,7.38,9.4,2.3,0.17,7.39,9.83,2.4,0.19,7.4,10.2,2.4,0.15,7.4,10.2,2.0,0.15
7.38,9.96,1.8,0.2,7.39,9.83,2.4,0.19,7.4,10.2,2.4,0.15,7.4,10.2,2.0,0.15,7.23,10.7,3.5,0.2
7.39,10.1,1.7,0.24,7.4,10.2,2.4,0.15,7.4,10.2,2.0,0.15,7.23,10.7,3.5,0.2,7.44,10.8,2.2,0.21
7.39,9.73,1.9,0.22,7.4,10.2,2.0,0.15,7.23,10.7,3.5,0.2,7.44,10.8,2.2,0.21,7.42,10.5,2.3,0.21
7.38,9.32,2.4,0.2,7.23,10.7,3.5,0.2,7.44,10.8,2.2,0.21,7.42,10.5,2.3,0.21,7.54,10.9,2.5,0.24
7.36,9.14,2.7,0.24,7.44,10.8,2.2,0.21,7.42,10.5,2.3,0.21,7.54,10.9,2.5,0.24,7.38,9.96,1.8,0.2
7.4,9.21,2.3,0.3,7.42,10.5,2.3,0.21,7.54,10.9,2.5,0.24,7.38,9.96,1.8,0.2,7.39,10.1,1.7,0.24
7.39,8.64,2.5,0.27,7.54,10.9,2.5,0.24,7.38,9.96,1.8,0.2,7.39,10.1,1.7,0.24,7.39,9.73,1.9,0.22
7.3,7.8,2.3,0.24,7.38,9.96,1.8,0.2,7.39,10.1,1.7,0.24,7.39,9.73,1.9,0.22,7.38,9.32,2.4,0.2
7.29,7.97,3.4,0.24,7.39,10.1,1.7,0.24,7.39,9.73,1.9,0.22,7.38,9.32,2.4,0.2,7.36,9.14,2.7,0.24
7.27,7.81,3.5,0.23,7.39,9.73,1.9,0.22,7.38,9.32,2.4,0.2,7.36,9.14,2.7,0.24,7.4,9.21,2.3,0.3
7.19,7.32,2.1,0.27,7.38,9.32,2.4,0.2,7.36,9.14,2.7,0.24,7.4,9.21,2.3,0.3,7.39,8.64,2.5,0.27
7.25,7.36,1.5,0.22,7.36,9.14,2.7,0.24,7.4,9.21,2.3,0.3,7.39,8.64,2.5,0.27,7.3,7.8,2.3,0.24
7.29,7.31,1.4,0.25,7.4,9.21,2.3,0.3,7.39,8.64,2.5,0.27,7.3,7.8,2.3,0.24,7.29,7.97,3.4,0.24
7.16,6.81,1.5,0.25,7.39,8.64,2.5,0.27,7.3,7.8,2.3,0.24,7.29,7.97,3.4,0.24,7.27,7.81,3.5,0.23
7.15,6.32,2.0,0.32,7.3,7.8,2.3,0.24,7.29,7.97,3.4,0.24,7.27,7.81,3.5,0.23,7.19,7.32,2.1,0.27
7.14,6.32,3.1,0.26,7.29,7.97,3.4,0.24,7.27,7.81,3.5,0.23,7.19,7.32,2.1,0.27,7.25,7.36,1.5,0.22
7.17,5.69,2.1,0.2,7.27,7.81,3.5,0.23,7.19,7.32,2.1,0.27,7.25,7.36,1.5,0.22,7.29,7.31,1.4,0.25
7.604224376731293,8.362097222222221,2.441944444444444,0.22353185595567895,7.19,7.32,2.1,0.27,7.25,7.36,1.5,0.22,7.29,7.31,1.4,0.25,7.16,6.81,1.5,0.25
7.604224376731293,8.362097222222221,2.441944444444444,0.22353185595567895,7.25,7.36,1.5,0.22,7.29,7.31,1.4,0.25,7.16,6.81,1.5,0.25,7.15,6.32,2.0,0.32
7.1,4.71,4.2,0.28,7.29,7.31,1.4,0.25,7.16,6.81,1.5,0.25,7.15,6.32,2.0,0.32,7.14,6.32,3.1,0.26
7.01,5.11,4.4,0.14,7.16,6.81,1.5,0.25,7.15,6.32,2.0,0.32,7.14,6.32,3.1,0.26,7.17,5.69,2.1,0.2
7.15,8.1,4.1,0.21,7.15,6.32,2.0,0.32,7.14,6.32,3.1,0.26,7.17,5.69,2.1,0.2,7.604224376731293,8.362097222222221,2.441944444444444,0.22353185595567895
7.08,4.93,2.7,0.18,7.14,6.32,3.1,0.26,7.17,5.69,2.1,0.2,7.604224376731293,8.362097222222221,2.441944444444444,0.22353185595567895,7.604224376731293,8.362097222222221,2.441944444444444,0.22353185595567895
7.3,6.08,2.6,0.15,7.17,5.69,2.1,0.2,7.604224376731293,8.362097222222221,2.441944444444444,0.22353185595567895,7.604224376731293,8.362097222222221,2.441944444444444,0.22353185595567895,7.1,4.71,4.2,0.28
7.38,6.72,1.9,0.08,7.604224376731293,8.362097222222221,2.441944444444444,0.22353185595567895,7.604224376731293,8.362097222222221,2.441944444444444,0.22353185595567895,7.1,4.71,4.2,0.28,7.01,5.11,4.4,0.14
7.28,6.4,3.2,0.07,7.604224376731293,8.362097222222221,2.441944444444444,0.22353185595567895,7.1,4.71,4.2,0.28,7.01,5.11,4.4,0.14,7.15,8.1,4.1,0.21
7.32,6.16,2.7,0.09,7.1,4.71,4.2,0.28,7.01,5.11,4.4,0.14,7.15,8.1,4.1,0.21,7.08,4.93,2.7,0.18
7.28,6.24,3.2,0.06,7.01,5.11,4.4,0.14,7.15,8.1,4.1,0.21,7.08,4.93,2.7,0.18,7.3,6.08,2.6,0.15
7.51,7.06,2.3,0.06,7.15,8.1,4.1,0.21,7.08,4.93,2.7,0.18,7.3,6.08,2.6,0.15,7.38,6.72,1.9,0.08
7.41,7.33,2.2,0.06,7.08,4.93,2.7,0.18,7.3,6.08,2.6,0.15,7.38,6.72,1.9,0.08,7.28,6.4,3.2,0.07
7.38,7.53,1.9,0.11,7.3,6.08,2.6,0.15,7.38,6.72,1.9,0.08,7.28,6.4,3.2,0.07,7.32,6.16,2.7,0.09
7.38,7.85,1.8,0.17,7.38,6.72,1.9,0.08,7.28,6.4,3.2,0.07,7.32,6.16,2.7,0.09,7.28,6.24,3.2,0.06
7.24,7.39,2.2,0.2,7.28,6.4,3.2,0.07,7.32,6.16,2.7,0.09,7.28,6.24,3.2,0.06,7.51,7.06,2.3,0.06
7.28,7.67,2.0,0.18,7.32,6.16,2.7,0.09,7.28,6.24,3.2,0.06,7.51,7.06,2.3,0.06,7.41,7.33,2.2,0.06
7.3,8.0,2.2,0.14,7.28,6.24,3.2,0.06,7.51,7.06,2.3,0.06,7.41,7.33,2.2,0.06,7.38,7.53,1.9,0.11
7.23,8.37,3.8,0.31,7.51,7.06,2.3,0.06,7.41,7.33,2.2,0.06,7.38,7.53,1.9,0.11,7.38,7.85,1.8,0.17
7.35,9.63,4.6,0.33,7.41,7.33,2.2,0.06,7.38,7.53,1.9,0.11,7.38,7.85,1.8,0.17,7.24,7.39,2.2,0.2
7.58,10.3,4.9,0.19,7.38,7.53,1.9,0.11,7.38,7.85,1.8,0.17,7.24,7.39,2.2,0.2,7.28,7.67,2.0,0.18
7.49,9.32,3.6,0.1,7.38,7.85,1.8,0.17,7.24,7.39,2.2,0.2,7.28,7.67,2.0,0.18,7.3,8.0,2.2,0.14
7.74,10.3,3.9,0.19,7.24,7.39,2.2,0.2,7.28,7.67,2.0,0.18,7.3,8.0,2.2,0.14,7.23,8.37,3.8,0.31
7.75,10.6,3.9,0.24,7.28,7.67,2.0,0.18,7.3,8.0,2.2,0.14,7.23,8.37,3.8,0.31,7.35,9.63,4.6,0.33
7.67,10.4,3.3,0.18,7.3,8.0,2.2,0.14,7.23,8.37,3.8,0.31,7.35,9.63,4.6,0.33,7.58,10.3,4.9,0.19
7.604224376731293,8.362097222222221,2.441944444444444,0.22353185595567895,7.23,8.37,3.8,0.31,7.35,9.63,4.6,0.33,7.58,10.3,4.9,0.19,7.49,9.32,3.6,0.1
7.64,9.65,2.5,0.09,7.35,9.63,4.6,0.33,7.58,10.3,4.9,0.19,7.49,9.32,3.6,0.1,7.74,10.3,3.9,0.19
7.79,9.84,2.3,0.1,7.58,10.3,4.9,0.19,7.49,9.32,3.6,0.1,7.74,10.3,3.9,0.19,7.75,10.6,3.9,0.24
7.74,10.7,2.9,0.29,7.49,9.32,3.6,0.1,7.74,10.3,3.9,0.19,7.75,10.6,3.9,0.24,7.67,10.4,3.3,0.18
7.92,11.1,2.8,0.3,7.74,10.3,3.9,0.19,7.75,10.6,3.9,0.24,7.67,10.4,3.3,0.18,7.604224376731293,8.362097222222221,2.441944444444444,0.22353185595567895
7.35,10.0,2.8,0.27,7.75,10.6,3.9,0.24,7.67,10.4,3.3,0.18,7.604224376731293,8.362097222222221,2.441944444444444,0.22353185595567895,7.64,9.65,2.5,0.09
7.72,10.6,2.6,0.31,7.67,10.4,3.3,0.18,7.604224376731293,8.362097222222221,2.441944444444444,0.22353185595567895,7.64,9.65,2.5,0.09,7.79,9.84,2.3,0.1
8.0,9.93,2.2,0.47,7.604224376731293,8.362097222222221,2.441944444444444,0.22353185595567895,7.64,9.65,2.5,0.09,7.79,9.84,2.3,0.1,7.74,10.7,2.9,0.29
7.74,9.4,3.9,0.43,7.64,9.65,2.5,0.09,7.79,9.84,2.3,0.1,7.74,10.7,2.9,0.29,7.92,11.1,2.8,0.3
7.53,8.94,3.8,0.23,7.79,9.84,2.3,0.1,7.74,10.7,2.9,0.29,7.92,11.1,2.8,0.3,7.35,10.0,2.8,0.27
7.79,9.14,3.2,0.27,7.74,10.7,2.9,0.29,7.92,11.1,2.8,0.3,7.35,10.0,2.8,0.27,7.72,10.6,2.6,0.31
7.32,8.56,3.1,0.21,7.92,11.1,2.8,0.3,7.35,10.0,2.8,0.27,7.72,10.6,2.6,0.31,8.0,9.93,2.2,0.47
7.31,8.23,2.3,0.18,7.35,10.0,2.8,0.27,7.72,10.6,2.6,0.31,8.0,9.93,2.2,0.47,7.74,9.4,3.9,0.43
7.61,8.23,1.9,0.22,7.72,10.6,2.6,0.31,8.0,9.93,2.2,0.47,7.74,9.4,3.9,0.43,7.53,8.94,3.8,0.23
7.61,8.08,1.9,0.25,8.0,9.93,2.2,0.47,7.74,9.4,3.9,0.43,7.53,8.94,3.8,0.23,7.79,9.14,3.2,0.27
7.604224376731293,8.362097222222221,2.441944444444444,0.22353185595567895,7.74,9.4,3.9,0.43,7.53,8.94,3.8,0.23,7.79,9.14,3.2,0.27,7.32,8.56,3.1,0.21
6.9,7.68,2.0,0.13,7.53,8.94,3.8,0.23,7.79,9.14,3.2,0.27,7.32,8.56,3.1,0.21,7.31,8.23,2.3,0.18
7.32,8.21,1.8,0.13,7.79,9.14,3.2,0.27,7.32,8.56,3.1,0.21,7.31,8.23,2.3,0.18,7.61,8.23,1.9,0.22
7.64,8.48,2.9,0.08,7.32,8.56,3.1,0.21,7.31,8.23,2.3,0.18,7.61,8.23,1.9,0.22,7.61,8.08,1.9,0.25
7.09,7.56,2.441944444444444,0.11,7.31,8.23,2.3,0.18,7.61,8.23,1.9,0.22,7.61,8.08,1.9,0.25,7.604224376731293,8.362097222222221,2.441944444444444,0.22353185595567895
7.46,7.66,2.441944444444444,0.16,7.61,8.23,1.9,0.22,7.61,8.08,1.9,0.25,7.604224376731293,8.362097222222221,2.441944444444444,0.22353185595567895,6.9,7.68,2.0,0.13
6.98,7.25,1.6,0.23,7.61,8.08,1.9,0.25,7.604224376731293,8.362097222222221,2.441944444444444,0.22353185595567895,6.9,7.68,2.0,0.13,7.32,8.21,1.8,0.13
7.604224376731293,8.362097222222221,2.441944444444444,0.22353185595567895,7.604224376731293,8.362097222222221,2.441944444444444,0.22353185595567895,6.9,7.68,2.0,0.13,7.32,8.21,1.8,0.13,7.64,8.48,2.9,0.08
6.95,6.88,1.3,0.27,6.9,7.68,2.0,0.13,7.32,8.21,1.8,0.13,7.64,8.48,2.9,0.08,7.09,7.56,2.441944444444444,0.11
6.83,6.75,0.8,0.27,7.32,8.21,1.8,0.13,7.64,8.48,2.9,0.08,7.09,7.56,2.441944444444444,0.11,7.46,7.66,2.441944444444444,0.16
7.604224376731293,8.362097222222221,2.441944444444444,0.22353185595567895,7.64,8.48,2.9,0.08,7.09,7.56,2.441944444444444,0.11,7.46,7.66,2.441944444444444,0.16,6.98,7.25,1.6,0.23
6.53,6.29,1.3,0.15,7.09,7.56,2.441944444444444,0.11,7.46,7.66,2.441944444444444,0.16,6.98,7.25,1.6,0.23,7.604224376731293,8.362097222222221,2.441944444444444,0.22353185595567895
6.86,6.19,1.8,0.13,7.46,7.66,2.441944444444444,0.16,6.98,7.25,1.6,0.23,7.604224376731293,8.362097222222221,2.441944444444444,0.22353185595567895,6.95,6.88,1.3,0.27
6.65,6.09,2.0,0.19,6.98,7.25,1.6,0.23,7.604224376731293,8.362097222222221,2.441944444444444,0.22353185595567895,6.95,6.88,1.3,0.27,6.83,6.75,0.8,0.27
7.604224376731293,8.362097222222221,2.441944444444444,0.22353185595567895,7.604224376731293,8.362097222222221,2.441944444444444,0.22353185595567895,6.95,6.88,1.3,0.27,6.83,6.75,0.8,0.27,7.604224376731293,8.362097222222221,2.441944444444444,0.22353185595567895
7.64,5.1,2.2,0.25,6.95,6.88,1.3,0.27,6.83,6.75,0.8,0.27,7.604224376731293,8.362097222222221,2.441944444444444,0.22353185595567895,6.53,6.29,1.3,0.15
7.57,5.45,1.7,0.13,6.83,6.75,0.8,0.27,7.604224376731293,8.362097222222221,2.441944444444444,0.22353185595567895,6.53,6.29,1.3,0.15,6.86,6.19,1.8,0.13
7.604224376731293,8.362097222222221,2.441944444444444,0.22353185595567895,7.604224376731293,8.362097222222221,2.441944444444444,0.22353185595567895,6.53,6.29,1.3,0.15,6.86,6.19,1.8,0.13,6.65,6.09,2.0,0.19
7.604224376731293,8.362097222222221,2.441944444444444,0.22353185595567895,6.53,6.29,1.3,0.15,6.86,6.19,1.8,0.13,6.65,6.09,2.0,0.19,7.604224376731293,8.362097222222221,2.441944444444444,0.22353185595567895
7.604224376731293,8.362097222222221,2.441944444444444,0.22353185595567895,6.86,6.19,1.8,0.13,6.65,6.09,2.0,0.19,7.604224376731293,8.362097222222221,2.441944444444444,0.22353185595567895,7.64,5.1,2.2,0.25
7.604224376731293,8.362097222222221,2.441944444444444,0.22353185595567895,6.65,6.09,2.0,0.19,7.604224376731293,8.362097222222221,2.441944444444444,0.22353185595567895,7.64,5.1,2.2,0.25,7.57,5.45,1.7,0.13
7.604224376731293,8.362097222222221,2.441944444444444,0.22353185595567895,7.604224376731293,8.362097222222221,2.441944444444444,0.22353185595567895,7.64,5.1,2.2,0.25,7.57,5.45,1.7,0.13,7.604224376731293,8.362097222222221,2.441944444444444,0.22353185595567895
7.604224376731293,8.362097222222221,2.441944444444444,0.22353185595567895,7.64,5.1,2.2,0.25,7.57,5.45,1.7,0.13,7.604224376731293,8.362097222222221,2.441944444444444,0.22353185595567895,7.604224376731293,8.362097222222221,2.441944444444444,0.22353185595567895
7.604224376731293,8.362097222222221,2.441944444444444,0.22353185595567895,7.57,5.45,1.7,0.13,7.604224376731293,8.362097222222221,2.441944444444444,0.22353185595567895,7.604224376731293,8.362097222222221,2.441944444444444,0.22353185595567895,7.604224376731293,8.362097222222221,2.441944444444444,0.22353185595567895
7.604224376731293,8.362097222222221,2.441944444444444,0.22353185595567895,7.604224376731293,8.362097222222221,2.441944444444444,0.22353185595567895,7.604224376731293,8.362097222222221,2.441944444444444,0.22353185595567895,7.604224376731293,8.362097222222221,2.441944444444444,0.22353185595567895,7.604224376731293,8.362097222222221,2.441944444444444,0.22353185595567895
7.604224376731293,8.362097222222221,2.441944444444444,0.22353185595567895,7.604224376731293,8.362097222222221,2.441944444444444,0.22353185595567895,7.604224376731293,8.362097222222221,2.441944444444444,0.22353185595567895,7.604224376731293,8.362097222222221,2.441944444444444,0.22353185595567895,7.604224376731293,8.362097222222221,2.441944444444444,0.22353185595567895
7.604224376731293,8.362097222222221,2.441944444444444,0.22353185595567895,7.604224376731293,8.362097222222221,2.441944444444444,0.22353185595567895,7.604224376731293,8.362097222222221,2.441944444444444,0.22353185595567895,7.604224376731293,8.362097222222221,2.441944444444444,0.22353185595567895,7.604224376731293,8.362097222222221,2.441944444444444,0.22353185595567895
7.604224376731293,8.362097222222221,2.441944444444444,0.22353185595567895,7.604224376731293,8.362097222222221,2.441944444444444,0.22353185595567895,7.604224376731293,8.362097222222221,2.441944444444444,0.22353185595567895,7.604224376731293,8.362097222222221,2.441944444444444,0.22353185595567895,7.604224376731293,8.362097222222221,2.441944444444444,0.22353185595567895
7.67,7.09,4.1,0.3,7.604224376731293,8.362097222222221,2.441944444444444,0.22353185595567895,7.604224376731293,8.362097222222221,2.441944444444444,0.22353185595567895,7.604224376731293,8.362097222222221,2.441944444444444,0.22353185595567895,7.604224376731293,8.362097222222221,2.441944444444444,0.22353185595567895
7.604224376731293,8.362097222222221,2.441944444444444,0.22353185595567895,7.604224376731293,8.362097222222221,2.441944444444444,0.22353185595567895,7.604224376731293,8.362097222222221,2.441944444444444,0.22353185595567895,7.604224376731293,8.362097222222221,2.441944444444444,0.22353185595567895,7.604224376731293,8.362097222222221,2.441944444444444,0.22353185595567895
7.57,8.08,3.9,0.34,7.604224376731293,8.362097222222221,2.441944444444444,0.22353185595567895,7.604224376731293,8.362097222222221,2.441944444444444,0.22353185595567895,7.604224376731293,8.362097222222221,2.441944444444444,0.22353185595567895,7.604224376731293,8.362097222222221,2.441944444444444,0.22353185595567895
7.44,8.54,3.7,0.44,7.604224376731293,8.362097222222221,2.441944444444444,0.22353185595567895,7.604224376731293,8.362097222222221,2.441944444444444,0.22353185595567895,7.604224376731293,8.362097222222221,2.441944444444444,0.22353185595567895,7.604224376731293,8.362097222222221,2.441944444444444,0.22353185595567895
7.32,8.91,3.5,0.24,7.604224376731293,8.362097222222221,2.441944444444444,0.22353185595567895,7.604224376731293,8.362097222222221,2.441944444444444,0.22353185595567895,7.604224376731293,8.362097222222221,2.441944444444444,0.22353185595567895,7.67,7.09,4.1,0.3
7.604224376731293,8.362097222222221,2.441944444444444,0.22353185595567895,7.604224376731293,8.362097222222221,2.441944444444444,0.22353185595567895,7.604224376731293,8.362097222222221,2.441944444444444,0.22353185595567895,7.67,7.09,4.1,0.3,7.604224376731293,8.362097222222221,2.441944444444444,0.22353185595567895
7.604224376731293,8.362097222222221,2.441944444444444,0.22353185595567895,7.604224376731293,8.362097222222221,2.441944444444444,0.22353185595567895,7.67,7.09,4.1,0.3,7.604224376731293,8.362097222222221,2.441944444444444,0.22353185595567895,7.57,8.08,3.9,0.34
7.97,9.11,2.6,0.34,7.67,7.09,4.1,0.3,7.604224376731293,8.362097222222221,2.441944444444444,0.22353185595567895,7.57,8.08,3.9,0.34,7.44,8.54,3.7,0.44
8.18,9.91,3.4,0.31,7.604224376731293,8.362097222222221,2.441944444444444,0.22353185595567895,7.57,8.08,3.9,0.34,7.44,8.54,3.7,0.44,7.32,8.91,3.5,0.24
7.604224376731293,8.362097222222221,2.441944444444444,0.22353185595567895,7.57,8.08,3.9,0.34,7.44,8.54,3.7,0.44,7.32,8.91,3.5,0.24,7.604224376731293,8.362097222222221,2.441944444444444,0.22353185595567895
7.52,9.41,2.9,0.27,7.44,8.54,3.7,0.44,7.32,8.91,3.5,0.24,7.604224376731293,8.362097222222221,2.441944444444444,0.22353185595567895,7.604224376731293,8.362097222222221,2.441944444444444,0.22353185595567895
7.87,9.5,2.5,0.33,7.32,8.91,3.5,0.24,7.604224376731293,8.362097222222221,2.441944444444444,0.22353185595567895,7.604224376731293,8.362097222222221,2.441944444444444,0.22353185595567895,7.97,9.11,2.6,0.34
7.604224376731293,8.362097222222221,2.441944444444444,0.22353185595567895,7.604224376731293,8.362097222222221,2.441944444444444,0.22353185595567895,7.604224376731293,8.362097222222221,2.441944444444444,0.22353185595567895,7.97,9.11,2.6,0.34,8.18,9.91,3.4,0.31
7.04,11.2,2.8,0.38,7.604224376731293,8.362097222222221,2.441944444444444,0.22353185595567895,7.97,9.11,2.6,0.34,8.18,9.91,3.4,0.31,7.604224376731293,8.362097222222221,2.441944444444444,0.22353185595567895
7.604224376731293,8.362097222222221,2.441944444444444,0.22353185595567895,7.97,9.11,2.6,0.34,8.18,9.91,3.4,0.31,7.604224376731293,8.362097222222221,2.441944444444444,0.22353185595567895,7.52,9.41,2.9,0.27
7.604224376731293,8.362097222222221,2.441944444444444,0.22353185595567895,8.18,9.91,3.4,0.31,7.604224376731293,8.362097222222221,2.441944444444444,0.22353185595567895,7.52,9.41,2.9,0.27,7.87,9.5,2.5,0.33
7.65,12.3,2.6,0.24,7.604224376731293,8.362097222222221,2.441944444444444,0.22353185595567895,7.52,9.41,2.9,0.27,7.87,9.5,2.5,0.33,7.604224376731293,8.362097222222221,2.441944444444444,0.22353185595567895
7.604224376731293,8.362097222222221,2.441944444444444,0.22353185595567895,7.52,9.41,2.9,0.27,7.87,9.5,2.5,0.33,7.604224376731293,8.362097222222221,2.441944444444444,0.22353185595567895,7.04,11.2,2.8,0.38
7.604224376731293,8.362097222222221,2.441944444444444,0.22353185595567895,7.87,9.5,2.5,0.33,7.604224376731293,8.362097222222221,2.441944444444444,0.22353185595567895,7.04,11.2,2.8,0.38,7.604224376731293,8.362097222222221,2.441944444444444,0.22353185595567895
7.7,12.9,2.5,0.28,7.604224376731293,8.362097222222221,2.441944444444444,0.22353185595567895,7.04,11.2,2.8,0.38,7.604224376731293,8.362097222222221,2.441944444444444,0.22353185595567895,7.604224376731293,8.362097222222221,2.441944444444444,0.22353185595567895
7.42,13.0,1.6,0.14,7.04,11.2,2.8,0.38,7.604224376731293,8.362097222222221,2.441944444444444,0.22353185595567895,7.604224376731293,8.362097222222221,2.441944444444444,0.22353185595567895,7.65,12.3,2.6,0.24
7.604224376731293,8.362097222222221,2.441944444444444,0.22353185595567895,7.604224376731293,8.362097222222221,2.441944444444444,0.22353185595567895,7.604224376731293,8.362097222222221,2.441944444444444,0.22353185595567895,7.65,12.3,2.6,0.24,7.604224376731293,8.362097222222221,2.441944444444444,0.22353185595567895
7.48,10.8,3.1,0.14,7.604224376731293,8.362097222222221,2.441944444444444,0.22353185595567895,7.65,12.3,2.6,0.24,7.604224376731293,8.362097222222221,2.441944444444444,0.22353185595567895,7.604224376731293,8.362097222222221,2.441944444444444,0.22353185595567895
7.25,11.9,3.3,0.21,7.65,12.3,2.6,0.24,7.604224376731293,8.362097222222221,2.441944444444444,0.22353185595567895,7.604224376731293,8.362097222222221,2.441944444444444,0.22353185595567895,7.7,12.9,2.5,0.28
7.24,9.92,2.8,0.27,7.604224376731293,8.362097222222221,2.441944444444444,0.22353185595567895,7.604224376731293,8.362097222222221,2.441944444444444,0.22353185595567895,7.7,12.9,2.5,0.28,7.42,13.0,1.6,0.14
7.59,9.24,1.8,0.17,7.604224376731293,8.362097222222221,2.441944444444444,0.22353185595567895,7.7,12.9,2.5,0.28,7.42,13.0,1.6,0.14,7.604224376731293,8.362097222222221,2.441944444444444,0.22353185595567895
8.14,8.95,1.7,0.28,7.7,12.9,2.5,0.28,7.42,13.0,1.6,0.14,7.604224376731293,8.362097222222221,2.441944444444444,0.22353185595567895,7.48,10.8,3.1,0.14
7.34,8.78,1.0,0.24,7.42,13.0,1.6,0.14,7.604224376731293,8.362097222222221,2.441944444444444,0.22353185595567895,7.48,10.8,3.1,0.14,7.25,11.9,3.3,0.21
7.31,9.12,1.6,0.07,7.604224376731293,8.362097222222221,2.441944444444444,0.22353185595567895,7.48,10.8,3.1,0.14,7.25,11.9,3.3,0.21,7.24,9.92,2.8,0.27
7.01,7.99,1.5,0.09,7.48,10.8,3.1,0.14,7.25,11.9,3.3,0.21,7.24,9.92,2.8,0.27,7.59,9.24,1.8,0.17
7.5,7.6,1.9,0.11,7.25,11.9,3.3,0.21,7.24,9.92,2.8,0.27,7.59,9.24,1.8,0.17,8.14,8.95,1.7,0.28
7.34,6.89,2.6,0.08,7.24,9.92,2.8,0.27,7.59,9.24,1.8,0.17,8.14,8.95,1.7,0.28,7.34,8.78,1.0,0.24
7.604224376731293,8.362097222222221,2.441944444444444,0.22353185595567895,7.59,9.24,1.8,0.17,8.14,8.95,1.7,0.28,7.34,8.78,1.0,0.24,7.31,9.12,1.6,0.07
7.36,6.28,3.7,0.3,8.14,8.95,1.7,0.28,7.34,8.78,1.0,0.24,7.31,9.12,1.6,0.07,7.01,7.99,1.5,0.09
7.604224376731293,8.362097222222221,2.441944444444444,0.22353185595567895,7.34,8.78,1.0,0.24,7.31,9.12,1.6,0.07,7.01,7.99,1.5,0.09,7.5,7.6,1.9,0.11
7.31,6.73,1.7,0.12,7.31,9.12,1.6,0.07,7.01,7.99,1.5,0.09,7.5,7.6,1.9,0.11,7.34,6.89,2.6,0.08
7.604224376731293,8.362097222222221,2.441944444444444,0.22353185595567895,7.01,7.99,1.5,0.09,7.5,7.6,1.9,0.11,7.34,6.89,2.6,0.08,7.604224376731293,8.362097222222221,2.441944444444444,0.22353185595567895
7.604224376731293,8.362097222222221,2.441944444444444,0.22353185595567895,7.5,7.6,1.9,0.11,7.34,6.89,2.6,0.08,7.604224376731293,8.362097222222221,2.441944444444444,0.22353185595567895,7.36,6.28,3.7,0.3
7.604224376731293,8.362097222222221,2.441944444444444,0.22353185595567895,7.34,6.89,2.6,0.08,7.604224376731293,8.362097222222221,2.441944444444444,0.22353185595567895,7.36,6.28,3.7,0.3,7.604224376731293,8.362097222222221,2.441944444444444,0.22353185595567895
7.604224376731293,8.362097222222221,2.441944444444444,0.22353185595567895,7.604224376731293,8.362097222222221,2.441944444444444,0.22353185595567895,7.36,6.28,3.7,0.3,7.604224376731293,8.362097222222221,2.441944444444444,0.22353185595567895,7.31,6.73,1.7,0.12
7.604224376731293,8.362097222222221,2.441944444444444,0.22353185595567895,7.36,6.28,3.7,0.3,7.604224376731293,8.362097222222221,2.441944444444444,0.22353185595567895,7.31,6.73,1.7,0.12,7.604224376731293,8.362097222222221,2.441944444444444,0.22353185595567895
7.604224376731293,8.362097222222221,2.441944444444444,0.22353185595567895,7.604224376731293,8.362097222222221,2.441944444444444,0.22353185595567895,7.31,6.73,1.7,0.12,7.604224376731293,8.362097222222221,2.441944444444444,0.22353185595567895,7.604224376731293,8.362097222222221,2.441944444444444,0.22353185595567895
7.54,6.37,1.5,0.11,7.31,6.73,1.7,0.12,7.604224376731293,8.362097222222221,2.441944444444444,0.22353185595567895,7.604224376731293,8.362097222222221,2.441944444444444,0.22353185595567895,7.604224376731293,8.362097222222221,2.441944444444444,0.22353185595567895
7.61,6.14,5.1,0.18,7.604224376731293,8.362097222222221,2.441944444444444,0.22353185595567895,7.604224376731293,8.362097222222221,2.441944444444444,0.22353185595567895,7.604224376731293,8.362097222222221,2.441944444444444,0.22353185595567895,7.604224376731293,8.362097222222221,2.441944444444444,0.22353185595567895
7.604224376731293,8.362097222222221,2.441944444444444,0.22353185595567895,7.604224376731293,8.362097222222221,2.441944444444444,0.22353185595567895,7.604224376731293,8.362097222222221,2.441944444444444,0.22353185595567895,7.604224376731293,8.362097222222221,2.441944444444444,0.22353185595567895,7.604224376731293,8.362097222222221,2.441944444444444,0.22353185595567895
7.604224376731293,8.362097222222221,2.441944444444444,0.22353185595567895,7.604224376731293,8.362097222222221,2.441944444444444,0.22353185595567895,7.604224376731293,8.362097222222221,2.441944444444444,0.22353185595567895,7.604224376731293,8.362097222222221,2.441944444444444,0.22353185595567895,7.604224376731293,8.362097222222221,2.441944444444444,0.22353185595567895
7.604224376731293,8.362097222222221,2.441944444444444,0.22353185595567895,7.604224376731293,8.362097222222221,2.441944444444444,0.22353185595567895,7.604224376731293,8.362097222222221,2.441944444444444,0.22353185595567895,7.604224376731293,8.362097222222221,2.441944444444444,0.22353185595567895,7.54,6.37,1.5,0.11
7.72,6.3,3.3,0.17,7.604224376731293,8.362097222222221,2.441944444444444,0.22353185595567895,7.604224376731293,8.362097222222221,2.441944444444444,0.22353185595567895,7.54,6.37,1.5,0.11,7.61,6.14,5.1,0.18
7.604224376731293,8.362097222222221,2.441944444444444,0.22353185595567895,7.604224376731293,8.362097222222221,2.441944444444444,0.22353185595567895,7.54,6.37,1.5,0.11,7.61,6.14,5.1,0.18,7.604224376731293,8.362097222222221,2.441944444444444,0.22353185595567895
7.79,6.01,2.4,0.19,7.54,6.37,1.5,0.11,7.61,6.14,5.1,0.18,7.604224376731293,8.362097222222221,2.441944444444444,0.22353185595567895,7.604224376731293,8.362097222222221,2.441944444444444,0.22353185595567895
7.604224376731293,8.362097222222221,2.441944444444444,0.22353185595567895,7.61,6.14,5.1,0.18,7.604224376731293,8.362097222222221,2.441944444444444,0.22353185595567895,7.604224376731293,8.362097222222221,2.441944444444444,0.22353185595567895,7.604224376731293,8.362097222222221,2.441944444444444,0.22353185595567895
7.604224376731293,8.362097222222221,2.441944444444444,0.22353185595567895,7.604224376731293,8.362097222222221,2.441944444444444,0.22353185595567895,7.604224376731293,8.362097222222221,2.441944444444444,0.22353185595567895,7.604224376731293,8.362097222222221,2.441944444444444,0.22353185595567895,7.72,6.3,3.3,0.17
7.604224376731293,8.362097222222221,2.441944444444444,0.22353185595567895,7.604224376731293,8.362097222222221,2.441944444444444,0.22353185595567895,7.604224376731293,8.362097222222221,2.441944444444444,0.22353185595567895,7.72,6.3,3.3,0.17,7.604224376731293,8.362097222222221,2.441944444444444,0.22353185595567895
7.604224376731293,8.362097222222221,2.441944444444444,0.22353185595567895,7.604224376731293,8.362097222222221,2.441944444444444,0.22353185595567895,7.72,6.3,3.3,0.17,7.604224376731293,8.362097222222221,2.441944444444444,0.22353185595567895,7.79,6.01,2.4,0.19
7.604224376731293,8.362097222222221,2.441944444444444,0.22353185595567895,7.72,6.3,3.3,0.17,7.604224376731293,8.362097222222221,2.441944444444444,0.22353185595567895,7.79,6.01,2.4,0.19,7.604224376731293,8.362097222222221,2.441944444444444,0.22353185595567895
7.76,6.89,0.9,0.07,7.604224376731293,8.362097222222221,2.441944444444444,0.22353185595567895,7.79,6.01,2.4,0.19,7.604224376731293,8.362097222222221,2.441944444444444,0.22353185595567895,7.604224376731293,8.362097222222221,2.441944444444444,0.22353185595567895
7.71,6.9,1.1,0.08,7.79,6.01,2.4,0.19,7.604224376731293,8.362097222222221,2.441944444444444,0.22353185595567895,7.604224376731293,8.362097222222221,2.441944444444444,0.22353185595567895,7.604224376731293,8.362097222222221,2.441944444444444,0.22353185595567895
7.7,6.83,0.9,0.09,7.604224376731293,8.362097222222221,2.441944444444444,0.22353185595567895,7.604224376731293,8.362097222222221,2.441944444444444,0.22353185595567895,7.604224376731293,8.362097222222221,2.441944444444444,0.22353185595567895,7.604224376731293,8.362097222222221,2.441944444444444,0.22353185595567895
7.604224376731293,8.362097222222221,2.441944444444444,0.22353185595567895,7.604224376731293,8.362097222222221,2.441944444444444,0.22353185595567895,7.604224376731293,8.362097222222221,2.441944444444444,0.22353185595567895,7.604224376731293,8.362097222222221,2.441944444444444,0.22353185595567895,7.604224376731293,8.362097222222221,2.441944444444444,0.22353185595567895
7.604224376731293,8.362097222222221,2.441944444444444,0.22353185595567895,7.604224376731293,8.362097222222221,2.441944444444444,0.22353185595567895,7.604224376731293,8.362097222222221,2.441944444444444,0.22353185595567895,7.604224376731293,8.362097222222221,2.441944444444444,0.22353185595567895,7.76,6.89,0.9,0.07
7.604224376731293,8.362097222222221,2.441944444444444,0.22353185595567895,7.604224376731293,8.362097222222221,2.441944444444444,0.22353185595567895,7.604224376731293,8.362097222222221,2.441944444444444,0.22353185595567895,7.76,6.89,0.9,0.07,7.71,6.9,1.1,0.08
7.604224376731293,8.362097222222221,2.441944444444444,0.22353185595567895,7.604224376731293,8.362097222222221,2.441944444444444,0.22353185595567895,7.76,6.89,0.9,0.07,7.71,6.9,1.1,0.08,7.7,6.83,0.9,0.09
7.65,10.2,2.1,0.13,7.76,6.89,0.9,0.07,7.71,6.9,1.1,0.08,7.7,6.83,0.9,0.09,7.604224376731293,8.362097222222221,2.441944444444444,0.22353185595567895
7.71,10.5,2.0,0.2,7.71,6.9,1.1,0.08,7.7,6.83,0.9,0.09,7.604224376731293,8.362097222222221,2.441944444444444,0.22353185595567895,7.604224376731293,8.362097222222221,2.441944444444444,0.22353185595567895
