7.9,10.8,4.5,0.53,8.13,13.2,4.1,0.45,8.43,11.9,6.5,0.46,7.945304709141271,8.559153952843285,4.253835425383543,0.38756944444444447
8.44,12.7,6.0,0.37,8.43,11.9,6.5,0.46,7.945304709141271,8.559153952843285,4.253835425383543,0.38756944444444447,7.9,10.8,4.5,0.53
8.48,12.4,6.8,0.34,7.945304709141271,8.559153952843285,4.253835425383543,0.38756944444444447,7.9,10.8,4.5,0.53,8.44,12.7,6.0,0.37
8.66,12.6,8.5,0.26,7.9,10.8,4.5,0.53,8.44,12.7,6.0,0.37,8.48,12.4,6.8,0.34
8.65,10.4,6.1,0.2,8.44,12.7,6.0,0.37,8.48,12.4,6.8,0.34,8.66,12.6,8.5,0.26
8.62,10.1,5.5,0.21,8.48,12.4,6.8,0.34,8.66,12.6,8.5,0.26,8.65,10.4,6.1,0.2
8.27,8.31,5.2,0.31,8.66,12.6,8.5,0.26,8.65,10.4,6.1,0.2,8.62,10.1,5.5,0.21
8.4,8.46,6.8,0.16,8.65,10.4,6.1,0.2,8.62,10.1,5.5,0.21,8.27,8.31,5.2,0.31
8.24,9.42,6.0,0.21,8.62,10.1,5.5,0.21,8.27,8.31,5.2,0.31,8.4,8.46,6.8,0.16
8.08,9.41,4.6,0.23,8.27,8.31,5.2,0.31,8.4,8.46,6.8,0.16,8.24,9.42,6.0,0.21
8.13,8.56,5.9,0.4,8.4,8.46,6.8,0.16,8.24,9.42,6.0,0.21,8.08,9.41,4.6,0.23
8.44,7.63,5.8,0.33,8.24,9.42,6.0,0.21,8.08,9.41,4.6,0.23,8.13,8.56,5.9,0.4
8.38,7.73,6.6,0.38,8.08,9.41,4.6,0.23,8.13,8.56,5.9,0.4,8.44,7.63,5.8,0.33
8.66,7.19,4.0,0.38,8.13,8.56,5.9,0.4,8.44,7.63,5.8,0.33,8.38,7.73,6.6,0.38
7.44,8.51,5.9,0.39,8.44,7.63,5.8,0.33,8.38,7.73,6.6,0.38,8.66,7.19,4.0,0.38
7.1,8.17,6.0,0.3,8.38,7.73,6.6,0.38,8.66,7.19,4.0,0.38,7.44,8.51,5.9,0.39
6.8,7.61,3.9,0.21,8.66,7.19,4.0,0.38,7.44,8.51,5.9,0.39,7.1,8.17,6.0,0.3
6.74,5.97,4.0,0.34,7.44,8.51,5.9,0.39,7.1,8.17,6.0,0.3,6.8,7.61,3.9,0.21
7.32,5.41,4.2,0.25,7.1,8.17,6.0,0.3,6.8,7.61,3.9,0.21,6.74,5.97,4.0,0.34
7.82,3.86,5.7,0.61,6.8,7.61,3.9,0.21,6.74,5.97,4.0,0.34,7.32,5.41,4.2,0.25
7.43,7.89,4.8,0.43,6.74,5.97,4.0,0.34,7.32,5.41,4.2,0.25,7.82,3.86,5.7,0.61
7.68,6.78,5.2,0.54,7.32,5.41,4.2,0.25,7.82,3.86,5.7,0.61,7.43,7.89,4.8,0.43
8.13,6.21,4.5,0.46,7.82,3.86,5.7,0.61,7.43,7.89,4.8,0.43,7.68,6.78,5.2,0.54
7.98,5.97,3.6,0.57,7.43,7.89,4.8,0.43,7.68,6.78,5.2,0.54,8.13,6.21,4.5,0.46
7.945304709141271,8.559153952843285,4.253835425383543,0.38756944444444447,7.68,6.78,5.2,0.54,8.13,6.21,4.5,0.46,7.98,5.97,3.6,0.57
7.945304709141271,8.559153952843285,4.253835425383543,0.38756944444444447,8.13,6.21,4.5,0.46,7.98,5.97,3.6,0.57,7.945304709141271,8.559153952843285,4.253835425383543,0.38756944444444447
7.945304709141271,8.559153952843285,4.253835425383543,0.38756944444444447,7.98,5.97,3.6,0.57,7.945304709141271,8.559153952843285,4.253835425383543,0.38756944444444447,7.945304709141271,8.559153952843285,4.253835425383543,0.38756944444444447
8.8,6.1,5.2,0.31,7.945304709141271,8.559153952843285,4.253835425383543,0.38756944444444447,7.945304709141271,8.559153952843285,4.253835425383543,0.38756944444444447,7.945304709141271,8.559153952843285,4.253835425383543,0.38756944444444447
8.68,6.13,5.2,0.42,7.945304709141271,8.559153952843285,4.253835425383543,0.38756944444444447,7.945304709141271,8.559153952843285,4.253835425383543,0.38756944444444447,8.8,6.1,5.2,0.31
8.5,6.35,4.9,0.44,7.945304709141271,8.559153952843285,4.253835425383543,0.38756944444444447,8.8,6.1,5.2,0.31,8.68,6.13,5.2,0.42
8.44,6.64,3.1,0.44,8.8,6.1,5.2,0.31,8.68,6.13,5.2,0.42,8.5,6.35,4.9,0.44
8.35,6.44,4.1,0.52,8.68,6.13,5.2,0.42,8.5,6.35,4.9,0.44,8.44,6.64,3.1,0.44
8.46,7.2,3.5,0.68,8.5,6.35,4.9,0.44,8.44,6.64,3.1,0.44,8.35,6.44,4.1,0.52
8.05,5.1,3.0,0.41,8.44,6.64,3.1,0.44,8.35,6.44,4.1,0.52,8.46,7.2,3.5,0.68
8.42,6.07,4.2,0.48,8.35,6.44,4.1,0.52,8.46,7.2,3.5,0.68,8.05,5.1,3.0,0.41
7.945304709141271,8.559153952843285,4.253835425383543,0.38756944444444447,8.46,7.2,3.5,0.68,8.05,5.1,3.0,0.41,8.42,6.07,4.2,0.48
8.58,6.8,6.0,0.55,8.05,5.1,3.0,0.41,8.42,6.07,4.2,0.48,7.945304709141271,8.559153952843285,4.253835425383543,0.38756944444444447
8.9,7.73,6.4,0.4,8.42,6.07,4.2,0.48,7.945304709141271,8.559153952843285,4.253835425383543,0.38756944444444447,8.58,6.8,6.0,0.55
8.89,7.39,6.9,0.42,7.945304709141271,8.559153952843285,4.253835425383543,0.38756944444444447,8.58,6.8,6.0,0.55,8.9,7.73,6.4,0.4
8.3,8.05,4.3,0.95,8.58,6.8,6.0,0.55,8.9,7.73,6.4,0.4,8.89,7.39,6.9,0.42
8.48,7.34,6.1,0.51,8.9,7.73,6.4,0.4,8.89,7.39,6.9,0.42,8.3,8.05,4.3,0.95
8.43,6.38,5.7,0.46,8.89,7.39,6.9,0.42,8.3,8.05,4.3,0.95,8.48,7.34,6.1,0.51
8.19,6.7,5.2,0.47,8.3,8.05,4.3,0.95,8.48,7.34,6.1,0.51,8.43,6.38,5.7,0.46
8.54,8.1,5.8,0.49,8.48,7.34,6.1,0.51,8.43,6.38,5.7,0.46,8.19,6.7,5.2,0.47
8.52,8.13,4.8,0.44,8.43,6.38,5.7,0.46,8.19,6.7,5.2,0.47,8.54,8.1,5.8,0.49
8.57,8.62,4.8,0.44,8.19,6.7,5.2,0.47,8.54,8.1,5.8,0.49,8.52,8.13,4.8,0.44
8.58,8.35,4.4,0.42,8.54,8.1,5.8,0.49,8.52,8.13,4.8,0.44,8.57,8.62,4.8,0.44
8.53,8.93,4.4,0.41,8.52,8.13,4.8,0.44,8.57,8.62,4.8,0.44,8.58,8.35,4.4,0.42
8.73,10.2,4.5,0.47,8.57,8.62,4.8,0.44,8.58,8.35,4.4,0.42,8.53,8.93,4.4,0.41
8.66,10.4,5.0,0.88,8.58,8.35,4.4,0.42,8.53,8.93,4.4,0.41,8.73,10.2,4.5,0.47
8.51,9.59,4.5,0.88,8.53,8.93,4.4,0.41,8.73,10.2,4.5,0.47,8.66,10.4,5.0,0.88
8.64,9.93,3.6,0.49,8.73,10.2,4.5,0.47,8.66,10.4,5.0,0.88,8.51,9.59,4.5,0.88
8.62,9.68,4.1,0.47,8.66,10.4,5.0,0.88,8.51,9.59,4.5,0.88,8.64,9.93,3.6,0.49
8.28,9.27,5.1,0.88,8.51,9.59,4.5,0.88,8.64,9.93,3.6,0.49,8.62,9.68,4.1,0.47
8.66,9.31,7.1,1.37,8.64,9.93,3.6,0.49,8.62,9.68,4.1,0.47,8.28,9.27,5.1,0.88
7.945304709141271,8.559153952843285,4.253835425383543,0.38756944444444447,8.62,9.68,4.1,0.47,8.28,9.27,5.1,0.88,8.66,9.31,7.1,1.37
7.76,9.17,5.5,0.49,8.28,9.27,5.1,0.88,8.66,9.31,7.1,1.37,7.945304709141271,8.559153952843285,4.253835425383543,0.38756944444444447
7.48,8.67,4.7,0.53,8.66,9.31,7.1,1.37,7.945304709141271,8.559153952843285,4.253835425383543,0.38756944444444447,7.76,9.17,5.5,0.49
8.06,9.22,3.0,0.54,7.945304709141271,8.559153952843285,4.253835425383543,0.38756944444444447,7.76,9.17,5.5,0.49,7.48,8.67,4.7,0.53
8.36,9.54,4.0,0.31,7.76,9.17,5.5,0.49,7.48,8.67,4.7,0.53,8.06,9.22,3.0,0.54
8.53,9.26,4.0,0.63,7.48,8.67,4.7,0.53,8.06,9.22,3.0,0.54,8.36,9.54,4.0,0.31
8.56,8.42,5.7,0.89,8.06,9.22,3.0,0.54,8.36,9.54,4.0,0.31,8.53,9.26,4.0,0.63
8.7,8.41,5.0,0.71,8.36,9.54,4.0,0.31,8.53,9.26,4.0,0.63,8.56,8.42,5.7,0.89
8.82,7.92,4.7,0.55,8.53,9.26,4.0,0.63,8.56,8.42,5.7,0.89,8.7,8.41,5.0,0.71
8.43,7.48,5.8,1.28,8.56,8.42,5.7,0.89,8.7,8.41,5.0,0.71,8.82,7.92,4.7,0.55
8.55,8.45,5.0,0.71,8.7,8.41,5.0,0.71,8.82,7.92,4.7,0.55,8.43,7.48,5.8,1.28
8.5,7.51,4.9,0.44,8.82,7.92,4.7,0.55,8.43,7.48,5.8,1.28,8.55,8.45,5.0,0.71
8.13,7.89,3.7,0.49,8.43,7.48,5.8,1.28,8.55,8.45,5.0,0.71,8.5,7.51,4.9,0.44
8.46,6.36,4.6,0.91,8.55,8.45,5.0,0.71,8.5,7.51,4.9,0.44,8.13,7.89,3.7,0.49
8.77,7.36,5.5,0.59,8.5,7.51,4.9,0.44,8.13,7.89,3.7,0.49,8.46,6.36,4.6,0.91
8.2,6.49,5.4,0.31,8.13,7.89,3.7,0.49,8.46,6.36,4.6,0.91,8.77,7.36,5.5,0.59
8.4,7.23,4.2,0.5,8.46,6.36,4.6,0.91,8.77,7.36,5.5,0.59,8.2,6.49,5.4,0.31
8.44,7.4,3.7,0.33,8.77,7.36,5.5,0.59,8.2,6.49,5.4,0.31,8.4,7.23,4.2,0.5
8.53,7.32,4.6,0.31,8.2,6.49,5.4,0.31,8.4,7.23,4.2,0.5,8.44,7.4,3.7,0.33
8.21,6.94,4.9,0.32,8.4,7.23,4.2,0.5,8.44,7.4,3.7,0.33,8.53,7.32,4.6,0.31
8.58,7.14,5.3,0.34,8.44,7.4,3.7,0.33,8.53,7.32,4.6,0.31,8.21,6.94,4.9,0.32
7.92,6.28,4.3,0.5,8.53,7.32,4.6,0.31,8.21,6.94,4.9,0.32,8.58,7.14,5.3,0.34
8.03,7.03,3.8,0.55,8.21,6.94,4.9,0.32,8.58,7.14,5.3,0.34,7.92,6.28,4.3,0.5
7.55,6.87,4.5,0.47,8.58,7.14,5.3,0.34,7.92,6.28,4.3,0.5,8.03,7.03,3.8,0.55
7.63,5.92,3.9,0.43,7.92,6.28,4.3,0.5,8.03,7.03,3.8,0.55,7.55,6.87,4.5,0.47
8.15,5.2,3.5,0.34,8.03,7.03,3.8,0.55,7.55,6.87,4.5,0.47,7.63,5.92,3.9,0.43
7.27,5.81,4.3,0.36,7.55,6.87,4.5,0.47,7.63,5.92,3.9,0.43,8.15,5.2,3.5,0.34
8.01,4.97,5.6,0.32,7.63,5.92,3.9,0.43,8.15,5.2,3.5,0.34,7.27,5.81,4.3,0.36
8.27,7.63,4.4,0.31,8.15,5.2,3.5,0.34,7.27,5.81,4.3,0.36,8.01,4.97,5.6,0.32
8.42,9.11,4.3,0.29,7.27,5.81,4.3,0.36,8.01,4.97,5.6,0.32,8.27,7.63,4.4,0.31
8.48,8.96,4.4,0.3,8.01,4.97,5.6,0.32,8.27,7.63,4.4,0.31,8.42,9.11,4.3,0.29
7.91,6.67,4.1,0.34,8.27,7.63,4.4,0.31,8.42,9.11,4.3,0.29,8.48,8.96,4.4,0.3
8.45,6.52,5.4,0.29,8.42,9.11,4.3,0.29,8.48,8.96,4.4,0.3,7.91,6.67,4.1,0.34
8.53,6.56,4.4,0.3,8.48,8.96,4.4,0.3,7.91,6.67,4.1,0.34,8.45,6.52,5.4,0.29
7.87,5.04,3.8,0.26,7.91,6.67,4.1,0.34,8.45,6.52,5.4,0.29,8.53,6.56,4.4,0.3
8.52,7.23,3.3,0.31,8.45,6.52,5.4,0.29,8.53,6.56,4.4,0.3,7.87,5.04,3.8,0.26
8.62,5.66,3.6,0.3,8.53,6.56,4.4,0.3,7.87,5.04,3.8,0.26,8.52,7.23,3.3,0.31
8.53,7.63,4.5,0.31,7.87,5.04,3.8,0.26,8.52,7.23,3.3,0.31,8.62,5.66,3.6,0.3
8.63,7.42,4.6,0.33,8.52,7.23,3.3,0.31,8.62,5.66,3.6,0.3,8.53,7.63,4.5,0.31
8.35,5.34,4.6,0.35,8.62,5.66,3.6,0.3,8.53,7.63,4.5,0.31,8.63,7.42,4.6,0.33
8.32,5.27,3.8,0.32,8.53,7.63,4.5,0.31,8.63,7.42,4.6,0.33,8.35,5.34,4.6,0.35
8.1,8.2,4.2,0.36,8.63,7.42,4.6,0.33,8.35,5.34,4.6,0.35,8.32,5.27,3.8,0.32
8.25,8.28,4.4,0.3,8.35,5.34,4.6,0.35,8.32,5.27,3.8,0.32,8.1,8.2,4.2,0.36
8.32,9.68,4.5,0.3,8.32,5.27,3.8,0.32,8.1,8.2,4.2,0.36,8.25,8.28,4.4,0.3
8.38,10.2,5.6,0.3,8.1,8.2,4.2,0.36,8.25,8.28,4.4,0.3,8.32,9.68,4.5,0.3
8.15,9.91,6.9,0.34,8.25,8.28,4.4,0.3,8.32,9.68,4.5,0.3,8.38,10.2,5.6,0.3
8.34,9.4,6.5,0.32,8.32,9.68,4.5,0.3,8.38,10.2,5.6,0.3,8.15,9.91,6.9,0.34
7.94,11.0,5.7,0.5,8.38,10.2,5.6,0.3,8.15,9.91,6.9,0.34,8.34,9.4,6.5,0.32
7.96,9.75,5.1,0.75,8.15,9.91,6.9,0.34,8.34,9.4,6.5,0.32,7.94,11.0,5.7,0.5
8.07,8.62,5.1,1.12,8.34,9.4,6.5,0.32,7.94,11.0,5.7,0.5,7.96,9.75,5.1,0.75
7.66,8.16,5.0,0.77,7.94,11.0,5.7,0.5,7.96,9.75,5.1,0.75,8.07,8.62,5.1,1.12
7.99,8.94,5.2,0.68,7.96,9.75,5.1,0.75,8.07,8.62,5.1,1.12,7.66,8.16,5.0,0.77
8.18,9.34,5.2,0.68,8.07,8.62,5.1,1.12,7.66,8.16,5.0,0.77,7.99,8.94,5.2,0.68
8.0,8.47,4.8,0.73,7.66,8.16,5.0,0.77,7.99,8.94,5.2,0.68,8.18,9.34,5.2,0.68
8.0,8.02,4.3,0.73,7.99,8.94,5.2,0.68,8.18,9.34,5.2,0.68,8.0,8.47,4.8,0.73
8.1,7.55,4.9,0.89,8.18,9.34,5.2,0.68,8.0,8.47,4.8,0.73,8.0,8.02,4.3,0.73
8.32,7.4,4.6,0.59,8.0,8.47,4.8,0.73,8.0,8.02,4.3,0.73,8.1,7.55,4.9,0.89
8.18,8.27,4.5,0.62,8.0,8.02,4.3,0.73,8.1,7.55,4.9,0.89,8.32,7.4,4.6,0.59
8.59,8.19,4.6,0.41,8.1,7.55,4.9,0.89,8.32,7.4,4.6,0.59,8.18,8.27,4.5,0.62
8.44,6.87,4.1,0.49,8.32,7.4,4.6,0.59,8.18,8.27,4.5,0.62,8.59,8.19,4.6,0.41
7.78,4.23,2.9,0.84,8.18,8.27,4.5,0.62,8.59,8.19,4.6,0.41,8.44,6.87,4.1,0.49
7.74,6.48,5.3,0.67,8.59,8.19,4.6,0.41,8.44,6.87,4.1,0.49,7.78,4.23,2.9,0.84
7.84,5.43,4.4,0.62,8.44,6.87,4.1,0.49,7.78,4.23,2.9,0.84,7.74,6.48,5.3,0.67
7.945304709141271,8.559153952843285,4.253835425383543,0.38756944444444447,7.78,4.23,2.9,0.84,7.74,6.48,5.3,0.67,7.84,5.43,4.4,0.62
8.71,7.69,3.6,0.31,7.74,6.48,5.3,0.67,7.84,5.43,4.4,0.62,7.945304709141271,8.559153952843285,4.253835425383543,0.38756944444444447
8.66,7.92,5.0,0.37,7.84,5.43,4.4,0.62,7.945304709141271,8.559153952843285,4.253835425383543,0.38756944444444447,8.71,7.69,3.6,0.31
8.01,5.76,4.9,0.53,7.945304709141271,8.559153952843285,4.253835425383543,0.38756944444444447,8.71,7.69,3.6,0.31,8.66,7.92,5.0,0.37
8.04,4.89,4.7,0.43,8.71,7.69,3.6,0.31,8.66,7.92,5.0,0.37,8.01,5.76,4.9,0.53
8.38,6.04,3.7,0.38,8.66,7.92,5.0,0.37,8.01,5.76,4.9,0.53,8.04,4.89,4.7,0.43
7.86,5.35,4.9,0.42,8.01,5.76,4.9,0.53,8.04,4.89,4.7,0.43,8.38,6.04,3.7,0.38
7.64,4.68,3.6,0.34,8.04,4.89,4.7,0.43,8.38,6.04,3.7,0.38,7.86,5.35,4.9,0.42
7.69,5.83,4.2,0.4,8.38,6.04,3.7,0.38,7.86,5.35,4.9,0.42,7.64,4.68,3.6,0.34
7.3,3.07,4.7,0.42,7.86,5.35,4.9,0.42,7.64,4.68,3.6,0.34,7.69,5.83,4.2,0.4
7.57,4.84,5.0,0.34,7.64,4.68,3.6,0.34,7.69,5.83,4.2,0.4,7.3,3.07,4.7,0.42
7.19,3.67,5.2,0.31,7.69,5.83,4.2,0.4,7.3,3.07,4.7,0.42,7.57,4.84,5.0,0.34
7.81,5.62,4.5,0.28,7.3,3.07,4.7,0.42,7.57,4.84,5.0,0.34,7.19,3.67,5.2,0.31
7.02,4.79,3.8,0.35,7.57,4.84,5.0,0.34,7.19,3.67,5.2,0.31,7.81,5.62,4.5,0.28
7.84,6.49,4.9,0.21,7.19,3.67,5.2,0.31,7.81,5.62,4.5,0.28,7.02,4.79,3.8,0.35
7.91,5.55,4.1,0.24,7.81,5.62,4.5,0.28,7.02,4.79,3.8,0.35,7.84,6.49,4.9,0.21
8.48,5.83,4.7,0.31,7.02,4.79,3.8,0.35,7.84,6.49,4.9,0.21,7.91,5.55,4.1,0.24
8.56,4.77,4.3,0.26,7.84,6.49,4.9,0.21,7.91,5.55,4.1,0.24,8.48,5.83,4.7,0.31
8.72,7.07,6.1,0.07,7.91,5.55,4.1,0.24,8.48,5.83,4.7,0.31,8.56,4.77,4.3,0.26
8.46,6.82,5.0,0.18,8.48,5.83,4.7,0.31,8.56,4.77,4.3,0.26,8.72,7.07,6.1,0.07
7.56,7.54,5.0,0.09,8.56,4.77,4.3,0.26,8.72,7.07,6.1,0.07,8.46,6.82,5.0,0.18
7.92,6.73,4.4,0.1,8.72,7.07,6.1,0.07,8.46,6.82,5.0,0.18,7.56,7.54,5.0,0.09
8.81,8.15,5.3,0.1,8.46,6.82,5.0,0.18,7.56,7.54,5.0,0.09,7.92,6.73,4.4,0.1
8.44,7.89,5.3,0.06,7.56,7.54,5.0,0.09,7.92,6.73,4.4,0.1,8.81,8.15,5.3,0.1
8.35,7.36,6.1,0.1,7.92,6.73,4.4,0.1,8.81,8.15,5.3,0.1,8.44,7.89,5.3,0.06
8.27,7.32,6.4,0.13,8.81,8.15,5.3,0.1,8.44,7.89,5.3,0.06,8.35,7.36,6.1,0.1
8.17,6.61,6.3,0.14,8.44,7.89,5.3,0.06,8.35,7.36,6.1,0.1,8.27,7.32,6.4,0.13
8.21,7.99,4.9,0.11,8.35,7.36,6.1,0.1,8.27,7.32,6.4,0.13,8.17,6.61,6.3,0.14
8.43,8.76,4.5,0.11,8.27,7.32,6.4,0.13,8.17,6.61,6.3,0.14,8.21,7.99,4.9,0.11
8.18,8.98,4.7,0.13,8.17,6.61,6.3,0.14,8.21,7.99,4.9,0.11,8.43,8.76,4.5,0.11
7.58,8.91,5.2,0.4,8.21,7.99,4.9,0.11,8.43,8.76,4.5,0.11,8.18,8.98,4.7,0.13
7.01,8.04,3.9,0.99,8.43,8.76,4.5,0.11,8.18,8.98,4.7,0.13,7.58,8.91,5.2,0.4
7.16,8.22,4.1,0.9,8.18,8.98,4.7,0.13,7.58,8.91,5.2,0.4,7.01,8.04,3.9,0.99
7.87,10.6,5.0,0.16,7.58,8.91,5.2,0.4,7.01,8.04,3.9,0.99,7.16,8.22,4.1,0.9
7.61,11.2,5.3,0.15,7.01,8.04,3.9,0.99,7.16,8.22,4.1,0.9,7.87,10.6,5.0,0.16
7.945304709141271,8.559153952843285,4.253835425383543,0.38756944444444447,7.16,8.22,4.1,0.9,7.87,10.6,5.0,0.16,7.61,11.2,5.3,0.15
7.86,11.4,4.8,0.18,7.87,10.6,5.0,0.16,7.61,11.2,5.3,0.15,7.945304709141271,8.559153952843285,4.253835425383543,0.38756944444444447
7.9,11.0,5.1,0.19,7.61,11.2,5.3,0.15,7.945304709141271,8.559153952843285,4.253835425383543,0.38756944444444447,7.86,11.4,4.8,0.18
7.93,10.7,5.2,0.28,7.945304709141271,8.559153952843285,4.253835425383543,0.38756944444444447,7.86,11.4,4.8,0.18,7.9,11.0,5.1,0.19
8.0,10.3,5.4,0.22,7.86,11.4,4.8,0.18,7.9,11.0,5.1,0.19,7.93,10.7,5.2,0.28
8.08,11.0,5.6,0.33,7.9,11.0,5.1,0.19,7.93,10.7,5.2,0.28,8.0,10.3,5.4,0.22
7.77,11.1,4.3,0.42,7.93,10.7,5.2,0.28,8.0,10.3,5.4,0.22,8.08,11.0,5.6,0.33
7.71,10.2,4.7,0.37,8.0,10.3,5.4,0.22,8.08,11.0,5.6,0.33,7.77,11.1,4.3,0.42
8.13,9.82,5.3,0.42,8.08,11.0,5.6,0.33,7.77,11.1,4.3,0.42,7.71,10.2,4.7,0.37
7.16,10.2,4.8,0.41,7.77,11.1,4.3,0.42,7.71,10.2,4.7,0.37,8.13,9.82,5.3,0.42
7.95,10.4,4.4,0.43,7.71,10.2,4.7,0.37,8.13,9.82,5.3,0.42,7.16,10.2,4.8,0.41
7.78,9.68,4.5,0.36,8.13,9.82,5.3,0.42,7.16,10.2,4.8,0.41,7.95,10.4,4.4,0.43
7.45,8.51,3.8,0.57,7.16,10.2,4.8,0.41,7.95,10.4,4.4,0.43,7.78,9.68,4.5,0.36
7.67,8.44,4.8,0.45,7.95,10.4,4.4,0.43,7.78,9.68,4.5,0.36,7.45,8.51,3.8,0.57
7.98,9.75,4.4,0.19,7.78,9.68,4.5,0.36,7.45,8.51,3.8,0.57,7.67,8.44,4.8,0.45
8.39,12.0,5.4,0.65,7.45,8.51,3.8,0.57,7.67,8.44,4.8,0.45,7.98,9.75,4.4,0.19
8.0,10.4,5.1,0.42,7.67,8.44,4.8,0.45,7.98,9.75,4.4,0.19,8.39,12.0,5.4,0.65
7.73,8.48,4.2,0.51,7.98,9.75,4.4,0.19,8.39,12.0,5.4,0.65,8.0,10.4,5.1,0.42
7.88,9.89,4.4,0.34,8.39,12.0,5.4,0.65,8.0,10.4,5.1,0.42,7.73,8.48,4.2,0.51
7.99,10.2,4.6,0.31,8.0,10.4,5.1,0.42,7.73,8.48,4.2,0.51,7.88,9.89,4.4,0.34
8.39,9.13,4.3,0.33,7.73,8.48,4.2,0.51,7.88,9.89,4.4,0.34,7.99,10.2,4.6,0.31
8.7,8.15,3.6,0.45,7.88,9.89,4.4,0.34,7.99,10.2,4.6,0.31,8.39,9.13,4.3,0.33
8.07,7.05,4.1,0.64,7.99,10.2,4.6,0.31,8.39,9.13,4.3,0.33,8.7,8.15,3.6,0.45
8.38,8.8,3.3,0.11,8.39,9.13,4.3,0.33,8.7,8.15,3.6,0.45,8.07,7.05,4.1,0.64
8.29,7.19,4.0,0.47,8.7,8.15,3.6,0.45,8.07,7.05,4.1,0.64,8.38,8.8,3.3,0.11
7.96,4.16,5.1,0.53,8.07,7.05,4.1,0.64,8.38,8.8,3.3,0.11,8.29,7.19,4.0,0.47
7.87,4.04,3.5,0.51,8.38,8.8,3.3,0.11,8.29,7.19,4.0,0.47,7.96,4.16,5.1,0.53
8.45,6.78,3.9,0.47,8.29,7.19,4.0,0.47,7.96,4.16,5.1,0.53,7.87,4.04,3.5,0.51
8.65,6.73,3.4,0.35,7.96,4.16,5.1,0.53,7.87,4.04,3.5,0.51,8.45,6.78,3.9,0.47
7.9,7.47,5.0,0.59,7.87,4.04,3.5,0.51,8.45,6.78,3.9,0.47,8.65,6.73,3.4,0.35
7.72,5.1,4.8,0.8,8.45,6.78,3.9,0.47,8.65,6.73,3.4,0.35,7.9,7.47,5.0,0.59
7.82,6.22,4.3,0.33,8.65,6.73,3.4,0.35,7.9,7.47,5.0,0.59,7.72,5.1,4.8,0.8
7.93,5.92,7.8,0.38,7.9,7.47,5.0,0.59,7.72,5.1,4.8,0.8,7.82,6.22,4.3,0.33
8.27,6.56,4.9,0.33,7.72,5.1,4.8,0.8,7.82,6.22,4.3,0.33,7.93,5.92,7.8,0.38
8.5,6.61,4.5,0.35,7.82,6.22,4.3,0.33,7.93,5.92,7.8,0.38,8.27,6.56,4.9,0.33
8.61,6.98,4.4,0.23,7.93,5.92,7.8,0.38,8.27,6.56,4.9,0.33,8.5,6.61,4.5,0.35
8.01,6.39,4.1,0.19,8.27,6.56,4.9,0.33,8.5,6.61,4.5,0.35,8.61,6.98,4.4,0.23
8.7,6.74,4.2,0.27,8.5,6.61,4.5,0.35,8.61,6.98,4.4,0.23,8.01,6.39,4.1,0.19
7.87,5.28,5.2,0.67,8.61,6.98,4.4,0.23,8.01,6.39,4.1,0.19,8.7,6.74,4.2,0.27
7.85,4.43,5.7,0.45,8.01,6.39,4.1,0.19,8.7,6.74,4.2,0.27,7.87,5.28,5.2,0.67
8.04,6.65,5.2,0.58,8.7,6.74,4.2,0.27,7.87,5.28,5.2,0.67,7.85,4.43,5.7,0.45
7.4,5.62,3.7,0.59,7.87,5.28,5.2,0.67,7.85,4.43,5.7,0.45,8.04,6.65,5.2,0.58
7.5,8.25,4.3,0.42,7.85,4.43,5.7,0.45,8.04,6.65,5.2,0.58,7.4,5.62,3.7,0.59
8.1,8.68,4.4,0.56,8.04,6.65,5.2,0.58,7.4,5.62,3.7,0.59,7.5,8.25,4.3,0.42
7.99,8.46,5.1,0.46,7.4,5.62,3.7,0.59,7.5,8.25,4.3,0.42,8.1,8.68,4.4,0.56
8.12,10.1,3.9,0.5,7.5,8.25,4.3,0.42,8.1,8.68,4.4,0.56,7.99,8.46,5.1,0.46
8.41,10.3,5.2,0.47,8.1,8.68,4.4,0.56,7.99,8.46,5.1,0.46,8.12,10.1,3.9,0.5
8.12,11.1,4.5,0.46,7.99,8.46,5.1,0.46,8.12,10.1,3.9,0.5,8.41,10.3,5.2,0.47
8.23,10.7,5.4,0.44,8.12,10.1,3.9,0.5,8.41,10.3,5.2,0.47,8.12,11.1,4.5,0.46
8.17,10.7,5.9,0.42,8.41,10.3,5.2,0.47,8.12,11.1,4.5,0.46,8.23,10.7,5.4,0.44
8.23,11.6,6.0,0.49,8.12,11.1,4.5,0.46,8.23,10.7,5.4,0.44,8.17,10.7,5.9,0.42
8.13,10.4,6.2,0.57,8.23,10.7,5.4,0.44,8.17,10.7,5.9,0.42,8.23,11.6,6.0,0.49
8.06,10.6,6.4,0.56,8.17,10.7,5.9,0.42,8.23,11.6,6.0,0.49,8.13,10.4,6.2,0.57
8.27,11.4,5.9,0.46,8.23,11.6,6.0,0.49,8.13,10.4,6.2,0.57,8.06,10.6,6.4,0.56
8.33,10.4,5.8,0.58,8.13,10.4,6.2,0.57,8.06,10.6,6.4,0.56,8.27,11.4,5.9,0.46
8.42,11.7,5.7,0.73,8.06,10.6,6.4,0.56,8.27,11.4,5.9,0.46,8.33,10.4,5.8,0.58
8.1,11.4,5.1,0.94,8.27,11.4,5.9,0.46,8.33,10.4,5.8,0.58,8.42,11.7,5.7,0.73
8.16,11.6,4.4,0.63,8.33,10.4,5.8,0.58,8.42,11.7,5.7,0.73,8.1,11.4,5.1,0.94
7.945304709141271,8.559153952843285,4.253835425383543,0.38756944444444447,8.42,11.7,5.7,0.73,8.1,11.4,5.1,0.94,8.16,11.6,4.4,0.63
8.37,13.6,5.2,0.58,8.1,11.4,5.1,0.94,8.16,11.6,4.4,0.63,7.945304709141271,8.559153952843285,4.253835425383543,0.38756944444444447
8.28,12.0,5.0,0.35,8.16,11.6,4.4,0.63,7.945304709141271,8.559153952843285,4.253835425383543,0.38756944444444447,8.37,13.6,5.2,0.58
8.09,18.1,5.5,0.19,7.945304709141271,8.559153952843285,4.253835425383543,0.38756944444444447,8.37,13.6,5.2,0.58,8.28,12.0,5.0,0.35
7.96,11.3,4.3,0.46,8.37,13.6,5.2,0.58,8.28,12.0,5.0,0.35,8.09,18.1,5.5,0.19
8.21,10.9,4.3,0.41,8.28,12.0,5.0,0.35,8.09,18.1,5.5,0.19,7.96,11.3,4.3,0.46
8.12,10.0,5.2,0.34,8.09,18.1,5.5,0.19,7.96,11.3,4.3,0.46,8.21,10.9,4.3,0.41
8.07,9.74,5.7,0.32,7.96,11.3,4.3,0.46,8.21,10.9,4.3,0.41,8.12,10.0,5.2,0.34
8.26,10.1,5.5,0.27,8.21,10.9,4.3,0.41,8.12,10.0,5.2,0.34,8.07,9.74,5.7,0.32
8.12,7.38,5.6,0.77,8.12,10.0,5.2,0.34,8.07,9.74,5.7,0.32,8.26,10.1,5.5,0.27
8.05,8.49,5.4,0.53,8.07,9.74,5.7,0.32,8.26,10.1,5.5,0.27,8.12,7.38,5.6,0.77
8.29,10.3,4.8,0.26,8.26,10.1,5.5,0.27,8.12,7.38,5.6,0.77,8.05,8.49,5.4,0.53
8.79,9.87,6.4,0.3,8.12,7.38,5.6,0.77,8.05,8.49,5.4,0.53,8.29,10.3,4.8,0.26
8.6,10.9,5.7,0.39,8.05,8.49,5.4,0.53,8.29,10.3,4.8,0.26,8.79,9.87,6.4,0.3
8.86,12.9,2.5,0.45,8.29,10.3,4.8,0.26,8.79,9.87,6.4,0.3,8.6,10.9,5.7,0.39
8.63,12.4,5.6,0.32,8.79,9.87,6.4,0.3,8.6,10.9,5.7,0.39,8.86,12.9,2.5,0.45
7.77,6.84,4.3,0.68,8.6,10.9,5.7,0.39,8.86,12.9,2.5,0.45,8.63,12.4,5.6,0.32
8.09,10.2,5.0,0.26,8.86,12.9,2.5,0.45,8.63,12.4,5.6,0.32,7.77,6.84,4.3,0.68
7.97,8.11,4.5,0.53,8.63,12.4,5.6,0.32,7.77,6.84,4.3,0.68,8.09,10.2,5.0,0.26
8.13,7.8,4.0,0.44,7.77,6.84,4.3,0.68,8.09,10.2,5.0,0.26,7.97,8.11,4.5,0.53
8.33,5.39,4.1,0.51,8.09,10.2,5.0,0.26,7.97,8.11,4.5,0.53,8.13,7.8,4.0,0.44
8.03,9.69,5.8,0.52,7.97,8.11,4.5,0.53,8.13,7.8,4.0,0.44,8.33,5.39,4.1,0.51
8.33,9.65,3.4,0.32,8.13,7.8,4.0,0.44,8.33,5.39,4.1,0.51,8.03,9.69,5.8,0.52
8.26,9.07,5.3,0.55,8.33,5.39,4.1,0.51,8.03,9.69,5.8,0.52,8.33,9.65,3.4,0.32
8.01,10.2,5.9,0.54,8.03,9.69,5.8,0.52,8.33,9.65,3.4,0.32,8.26,9.07,5.3,0.55
7.86,8.94,4.2,0.62,8.33,9.65,3.4,0.32,8.26,9.07,5.3,0.55,8.01,10.2,5.9,0.54
7.58,9.31,3.6,0.75,8.26,9.07,5.3,0.55,8.01,10.2,5.9,0.54,7.86,8.94,4.2,0.62
7.55,11.9,3.2,0.67,8.01,10.2,5.9,0.54,7.86,8.94,4.2,0.62,7.58,9.31,3.6,0.75
7.43,9.27,3.9,0.62,7.86,8.94,4.2,0.62,7.58,9.31,3.6,0.75,7.55,11.9,3.2,0.67
7.6,7.62,3.1,0.6,7.58,9.31,3.6,0.75,7.55,11.9,3.2,0.67,7.43,9.27,3.9,0.62
7.75,10.5,3.6,0.52,7.55,11.9,3.2,0.67,7.43,9.27,3.9,0.62,7.6,7.62,3.1,0.6
7.79,10.8,3.9,0.6,7.43,9.27,3.9,0.62,7.6,7.62,3.1,0.6,7.75,10.5,3.6,0.52
7.92,8.8,4.3,0.69,7.6,7.62,3.1,0.6,7.75,10.5,3.6,0.52,7.79,10.8,3.9,0.6
7.84,11.5,2.6,0.63,7.75,10.5,3.6,0.52,7.79,10.8,3.9,0.6,7.92,8.8,4.3,0.69
7.41,9.84,5.1,0.45,7.79,10.8,3.9,0.6,7.92,8.8,4.3,0.69,7.84,11.5,2.6,0.63
7.54,10.2,4.5,0.45,7.92,8.8,4.3,0.69,7.84,11.5,2.6,0.63,7.41,9.84,5.1,0.45
7.27,10.9,4.4,0.43,7.84,11.5,2.6,0.63,7.41,9.84,5.1,0.45,7.54,10.2,4.5,0.45
7.7,10.7,5.6,0.46,7.41,9.84,5.1,0.45,7.54,10.2,4.5,0.45,7.27,10.9,4.4,0.43
7.84,8.9,4.0,0.38,7.54,10.2,4.5,0.45,7.27,10.9,4.4,0.43,7.7,10.7,5.6,0.46
7.98,14.7,3.3,0.38756944444444447,7.27,10.9,4.4,0.43,7.7,10.7,5.6,0.46,7.84,8.9,4.0,0.38
8.06,9.91,3.4,0.36,7.7,10.7,5.6,0.46,7.84,8.9,4.0,0.38,7.98,14.7,3.3,0.38756944444444447
7.08,10.8,3.2,0.22,7.84,8.9,4.0,0.38,7.98,14.7,3.3,0.38756944444444447,8.06,9.91,3.4,0.36
7.46,11.0,2.5,0.3,7.98,14.7,3.3,0.38756944444444447,8.06,9.91,3.4,0.36,7.08,10.8,3.2,0.22
8.2,11.4,2.6,0.32,8.06,9.91,3.4,0.36,7.08,10.8,3.2,0.22,7.46,11.0,2.5,0.3
8.04,10.1,2.9,0.35,7.08,10.8,3.2,0.22,7.46,11.0,2.5,0.3,8.2,11.4,2.6,0.32
8.07,11.7,2.8,0.35,7.46,11.0,2.5,0.3,8.2,11.4,2.6,0.32,8.04,10.1,2.9,0.35
8.13,12.9,2.2,0.56,8.2,11.4,2.6,0.32,8.04,10.1,2.9,0.35,8.07,11.7,2.8,0.35
8.27,12.9,2.0,0.46,8.04,10.1,2.9,0.35,8.07,11.7,2.8,0.35,8.13,12.9,2.2,0.56
8.24,13.1,3.8,0.68,8.07,11.7,2.8,0.35,8.13,12.9,2.2,0.56,8.27,12.9,2.0,0.46
7.77,13.9,3.7,0.7,8.13,12.9,2.2,0.56,8.27,12.9,2.0,0.46,8.24,13.1,3.8,0.68
7.69,13.6,4.1,0.57,8.27,12.9,2.0,0.46,8.24,13.1,3.8,0.68,7.77,13.9,3.7,0.7
8.36,13.3,3.7,0.46,8.24,13.1,3.8,0.68,7.77,13.9,3.7,0.7,7.69,13.6,4.1,0.57
8.18,11.9,4.7,0.31,7.77,13.9,3.7,0.7,7.69,13.6,4.1,0.57,8.36,13.3,3.7,0.46
8.72,11.3,4.9,0.53,7.69,13.6,4.1,0.57,8.36,13.3,3.7,0.46,8.18,11.9,4.7,0.31
8.25,10.9,3.4,0.55,8.36,13.3,3.7,0.46,8.18,11.9,4.7,0.31,8.72,11.3,4.9,0.53
7.46,9.91,2.9,0.75,8.18,11.9,4.7,0.31,8.72,11.3,4.9,0.53,8.25,10.9,3.4,0.55
7.29,10.5,2.6,0.52,8.72,11.3,4.9,0.53,8.25,10.9,3.4,0.55,7.46,9.91,2.9,0.75
7.53,10.4,3.7,0.49,8.25,10.9,3.4,0.55,7.46,9.91,2.9,0.75,7.29,10.5,2.6,0.52
7.27,9.51,5.6,0.48,7.46,9.91,2.9,0.75,7.29,10.5,2.6,0.52,7.53,10.4,3.7,0.49
7.56,9.98,4.6,0.62,7.29,10.5,2.6,0.52,7.53,10.4,3.7,0.49,7.27,9.51,5.6,0.48
7.55,9.15,4.1,0.59,7.53,10.4,3.7,0.49,7.27,9.51,5.6,0.48,7.56,9.98,4.6,0.62
7.17,9.33,4.8,0.55,7.27,9.51,5.6,0.48,7.56,9.98,4.6,0.62,7.55,9.15,4.1,0.59
7.42,8.91,5.1,0.44,7.56,9.98,4.6,0.62,7.55,9.15,4.1,0.59,7.17,9.33,4.8,0.55
7.48,8.23,4.2,0.5,7.55,9.15,4.1,0.59,7.17,9.33,4.8,0.55,7.42,8.91,5.1,0.44
7.63,7.87,3.7,0.96,7.17,9.33,4.8,0.55,7.42,8.91,5.1,0.44,7.48,8.23,4.2,0.5
8.49,9.19,3.9,0.76,7.42,8.91,5.1,0.44,7.48,8.23,4.2,0.5,7.63,7.87,3.7,0.96
8.68,7.94,3.5,0.55,7.48,8.23,4.2,0.5,7.63,7.87,3.7,0.96,8.49,9.19,3.9,0.76
8.47,8.12,3.6,0.6,7.63,7.87,3.7,0.96,8.49,9.19,3.9,0.76,8.68,7.94,3.5,0.55
8.4,8.94,3.2,0.06,8.49,9.19,3.9,0.76,8.68,7.94,3.5,0.55,8.47,8.12,3.6,0.6
8.02,7.05,3.8,0.11,8.68,7.94,3.5,0.55,8.47,8.12,3.6,0.6,8.4,8.94,3.2,0.06
8.0,7.44,3.9,0.1,8.47,8.12,3.6,0.6,8.4,8.94,3.2,0.06,8.02,7.05,3.8,0.11
8.01,7.24,3.7,0.3,8.4,8.94,3.2,0.06,8.02,7.05,3.8,0.11,8.0,7.44,3.9,0.1
8.06,6.94,3.8,0.21,8.02,7.05,3.8,0.11,8.0,7.44,3.9,0.1,8.01,7.24,3.7,0.3
7.81,5.61,4.3,0.32,8.0,7.44,3.9,0.1,8.01,7.24,3.7,0.3,8.06,6.94,3.8,0.21
7.98,6.63,3.9,0.18,8.01,7.24,3.7,0.3,8.06,6.94,3.8,0.21,7.81,5.61,4.3,0.32
8.05,6.58,4.1,0.17,8.06,6.94,3.8,0.21,7.81,5.61,4.3,0.32,7.98,6.63,3.9,0.18
8.34,7.14,4.3,0.05,7.81,5.61,4.3,0.32,7.98,6.63,3.9,0.18,8.05,6.58,4.1,0.17
8.07,5.12,4.5,0.1,7.98,6.63,3.9,0.18,8.05,6.58,4.1,0.17,8.34,7.14,4.3,0.05
8.11,5.51,4.1,0.23,8.05,6.58,4.1,0.17,8.34,7.14,4.3,0.05,8.07,5.12,4.5,0.1
8.28,5.75,4.0,0.22,8.34,7.14,4.3,0.05,8.07,5.12,4.5,0.1,8.11,5.51,4.1,0.23
8.1,6.86,5.0,0.11,8.07,5.12,4.5,0.1,8.11,5.51,4.1,0.23,8.28,5.75,4.0,0.22
8.39,6.57,4.1,0.27,8.11,5.51,4.1,0.23,8.28,5.75,4.0,0.22,8.1,6.86,5.0,0.11
8.2,7.66,3.7,0.11,8.28,5.75,4.0,0.22,8.1,6.86,5.0,0.11,8.39,6.57,4.1,0.27
8.31,7.73,3.5,0.14,8.1,6.86,5.0,0.11,8.39,6.57,4.1,0.27,8.2,7.66,3.7,0.11
8.16,7.77,3.5,0.14,8.39,6.57,4.1,0.27,8.2,7.66,3.7,0.11,8.31,7.73,3.5,0.14
8.14,7.92,3.5,0.18,8.2,7.66,3.7,0.11,8.31,7.73,3.5,0.14,8.16,7.77,3.5,0.14
7.9,8.11,3.4,0.12,8.31,7.73,3.5,0.14,8.16,7.77,3.5,0.14,8.14,7.92,3.5,0.18
8.14,8.27,3.5,0.06,8.16,7.77,3.5,0.14,8.14,7.92,3.5,0.18,7.9,8.11,3.4,0.12
7.91,8.48,3.3,0.06,8.14,7.92,3.5,0.18,7.9,8.11,3.4,0.12,8.14,8.27,3.5,0.06
8.31,9.06,3.7,0.17,7.9,8.11,3.4,0.12,8.14,8.27,3.5,0.06,7.91,8.48,3.3,0.06
7.96,8.66,3.4,0.32,8.14,8.27,3.5,0.06,7.91,8.48,3.3,0.06,8.31,9.06,3.7,0.17
8.28,9.33,5.4,0.11,7.91,8.48,3.3,0.06,8.31,9.06,3.7,0.17,7.96,8.66,3.4,0.32
8.66,8.82,4.5,0.26,8.31,9.06,3.7,0.17,7.96,8.66,3.4,0.32,8.28,9.33,5.4,0.11
8.66,9.39,4.2,0.84,7.96,8.66,3.4,0.32,8.28,9.33,5.4,0.11,8.66,8.82,4.5,0.26
8.66,10.6,3.3,0.86,8.28,9.33,5.4,0.11,8.66,8.82,4.5,0.26,8.66,9.39,4.2,0.84
8.57,10.8,3.9,0.6,8.66,8.82,4.5,0.26,8.66,9.39,4.2,0.84,8.66,10.6,3.3,0.86
8.42,11.2,4.7,0.28,8.66,9.39,4.2,0.84,8.66,10.6,3.3,0.86,8.57,10.8,3.9,0.6
8.38,11.1,3.7,0.26,8.66,10.6,3.3,0.86,8.57,10.8,3.9,0.6,8.42,11.2,4.7,0.28
7.945304709141271,8.559153952843285,4.253835425383543,0.38756944444444447,8.57,10.8,3.9,0.6,8.42,11.2,4.7,0.28,8.38,11.1,3.7,0.26
7.65,11.5,5.4,0.56,8.42,11.2,4.7,0.28,8.38,11.1,3.7,0.26,7.945304709141271,8.559153952843285,4.253835425383543,0.38756944444444447
7.91,12.2,4.0,0.44,8.38,11.1,3.7,0.26,7.945304709141271,8.559153952843285,4.253835425383543,0.38756944444444447,7.65,11.5,5.4,0.56
8.14,12.4,4.8,0.37,7.945304709141271,8.559153952843285,4.253835425383543,0.38756944444444447,7.65,11.5,5.4,0.56,7.91,12.2,4.0,0.44
7.81,12.9,4.1,0.33,7.65,11.5,5.4,0.56,7.91,12.2,4.0,0.44,8.14,12.4,4.8,0.37
7.69,12.5,4.4,0.36,7.91,12.2,4.0,0.44,8.14,12.4,4.8,0.37,7.81,12.9,4.1,0.33
7.89,12.3,4.4,0.25,8.14,12.4,4.8,0.37,7.81,12.9,4.1,0.33,7.69,12.5,4.4,0.36
7.93,9.9,4.1,0.95,7.81,12.9,4.1,0.33,7.69,12.5,4.4,0.36,7.89,12.3,4.4,0.25
7.6,10.5,4.5,0.48,7.69,12.5,4.4,0.36,7.89,12.3,4.4,0.25,7.93,9.9,4.1,0.95
7.72,11.1,3.6,0.72,7.89,12.3,4.4,0.25,7.93,9.9,4.1,0.95,7.6,10.5,4.5,0.48
7.54,10.6,3.8,0.66,7.93,9.9,4.1,0.95,7.6,10.5,4.5,0.48,7.72,11.1,3.6,0.72
7.77,10.7,3.4,0.43,7.6,10.5,4.5,0.48,7.72,11.1,3.6,0.72,7.54,10.6,3.8,0.66
7.82,10.7,2.8,0.48,7.72,11.1,3.6,0.72,7.54,10.6,3.8,0.66,7.77,10.7,3.4,0.43
7.86,10.1,3.4,0.46,7.54,10.6,3.8,0.66,7.77,10.7,3.4,0.43,7.82,10.7,2.8,0.48
8.16,9.67,3.5,0.73,7.77,10.7,3.4,0.43,7.82,10.7,2.8,0.48,7.86,10.1,3.4,0.46
7.91,10.6,4.3,0.05,7.82,10.7,2.8,0.48,7.86,10.1,3.4,0.46,8.16,9.67,3.5,0.73
8.15,10.3,3.8,0.3,7.86,10.1,3.4,0.46,8.16,9.67,3.5,0.73,7.91,10.6,4.3,0.05
8.21,9.15,3.7,0.69,8.16,9.67,3.5,0.73,7.91,10.6,4.3,0.05,8.15,10.3,3.8,0.3
8.16,9.31,3.3,0.68,7.91,10.6,4.3,0.05,8.15,10.3,3.8,0.3,8.21,9.15,3.7,0.69
8.21,8.52,4.2,0.19,8.15,10.3,3.8,0.3,8.21,9.15,3.7,0.69,8.16,9.31,3.3,0.68
8.58,8.9,3.5,0.22,8.21,9.15,3.7,0.69,8.16,9.31,3.3,0.68,8.21,8.52,4.2,0.19
8.36,8.72,3.4,0.3,8.16,9.31,3.3,0.68,8.21,8.52,4.2,0.19,8.58,8.9,3.5,0.22
8.18,8.73,3.7,0.34,8.21,8.52,4.2,0.19,8.58,8.9,3.5,0.22,8.36,8.72,3.4,0.3
8.19,8.57,3.4,0.39,8.58,8.9,3.5,0.22,8.36,8.72,3.4,0.3,8.18,8.73,3.7,0.34
8.15,8.13,3.6,0.11,8.36,8.72,3.4,0.3,8.18,8.73,3.7,0.34,8.19,8.57,3.4,0.39
8.28,9.28,3.5,0.16,8.18,8.73,3.7,0.34,8.19,8.57,3.4,0.39,8.15,8.13,3.6,0.11
8.16,6.76,3.2,0.42,8.19,8.57,3.4,0.39,8.15,8.13,3.6,0.11,8.28,9.28,3.5,0.16
7.87,6.42,3.4,0.35,8.15,8.13,3.6,0.11,8.28,9.28,3.5,0.16,8.16,6.76,3.2,0.42
8.06,6.39,3.5,0.26,8.28,9.28,3.5,0.16,8.16,6.76,3.2,0.42,7.87,6.42,3.4,0.35
7.83,5.67,3.2,0.24,8.16,6.76,3.2,0.42,7.87,6.42,3.4,0.35,8.06,6.39,3.5,0.26
7.41,5.59,3.5,0.41,7.87,6.42,3.4,0.35,8.06,6.39,3.5,0.26,7.83,5.67,3.2,0.24
7.76,6.5,4.4,0.36,8.06,6.39,3.5,0.26,7.83,5.67,3.2,0.24,7.41,5.59,3.5,0.41
8.35,7.18,4.5,0.06,7.83,5.67,3.2,0.24,7.41,5.59,3.5,0.41,7.76,6.5,4.4,0.36
8.18,7.03,3.2,0.24,7.41,5.59,3.5,0.41,7.76,6.5,4.4,0.36,8.35,7.18,4.5,0.06
8.2,6.73,3.3,0.25,7.76,6.5,4.4,0.36,8.35,7.18,4.5,0.06,8.18,7.03,3.2,0.24
8.66,7.55,3.6,0.24,8.35,7.18,4.5,0.06,8.18,7.03,3.2,0.24,8.2,6.73,3.3,0.25
8.44,7.8,3.4,0.18,8.18,7.03,3.2,0.24,8.2,6.73,3.3,0.25,8.66,7.55,3.6,0.24
8.8,8.37,5.6,0.3,8.2,6.73,3.3,0.25,8.66,7.55,3.6,0.24,8.44,7.8,3.4,0.18
8.0,5.06,5.8,0.33,8.66,7.55,3.6,0.24,8.44,7.8,3.4,0.18,8.8,8.37,5.6,0.3
8.72,7.22,5.4,0.07,8.44,7.8,3.4,0.18,8.8,8.37,5.6,0.3,8.0,5.06,5.8,0.33
8.25,7.57,4.3,0.15,8.8,8.37,5.6,0.3,8.0,5.06,5.8,0.33,8.72,7.22,5.4,0.07
8.59,8.3,3.8,0.04,8.0,5.06,5.8,0.33,8.72,7.22,5.4,0.07,8.25,7.57,4.3,0.15
8.31,7.88,4.3,0.07,8.72,7.22,5.4,0.07,8.25,7.57,4.3,0.15,8.59,8.3,3.8,0.04
7.89,8.26,3.1,0.14,8.25,7.57,4.3,0.15,8.59,8.3,3.8,0.04,8.31,7.88,4.3,0.07
7.97,7.4,4.8,0.18,8.59,8.3,3.8,0.04,8.31,7.88,4.3,0.07,7.89,8.26,3.1,0.14
7.91,8.72,3.4,0.13,8.31,7.88,4.3,0.07,7.89,8.26,3.1,0.14,7.97,7.4,4.8,0.18
7.945304709141271,8.559153952843285,4.253835425383543,0.38756944444444447,7.89,8.26,3.1,0.14,7.97,7.4,4.8,0.18,7.91,8.72,3.4,0.13
8.16,9.55,5.1,0.19,7.97,7.4,4.8,0.18,7.91,8.72,3.4,0.13,7.945304709141271,8.559153952843285,4.253835425383543,0.38756944444444447
8.09,9.86,4.3,0.04,7.91,8.72,3.4,0.13,7.945304709141271,8.559153952843285,4.253835425383543,0.38756944444444447,8.16,9.55,5.1,0.19
8.33,10.1,4.4,0.11,7.945304709141271,8.559153952843285,4.253835425383543,0.38756944444444447,8.16,9.55,5.1,0.19,8.09,9.86,4.3,0.04
8.03,10.2,4.1,0.12,8.16,9.55,5.1,0.19,8.09,9.86,4.3,0.04,8.33,10.1,4.4,0.11
7.96,10.9,5.7,0.18,8.09,9.86,4.3,0.04,8.33,10.1,4.4,0.11,8.03,10.2,4.1,0.12
8.18,10.5,3.7,0.48,8.33,10.1,4.4,0.11,8.03,10.2,4.1,0.12,7.96,10.9,5.7,0.18
8.34,10.6,4.4,0.75,8.03,10.2,4.1,0.12,7.96,10.9,5.7,0.18,8.18,10.5,3.7,0.48
7.98,13.0,5.8,0.06,7.96,10.9,5.7,0.18,8.18,10.5,3.7,0.48,8.34,10.6,4.4,0.75
8.14,13.5,5.3,0.25,8.18,10.5,3.7,0.48,8.34,10.6,4.4,0.75,7.98,13.0,5.8,0.06
8.1,13.4,5.5,0.27,8.34,10.6,4.4,0.75,7.98,13.0,5.8,0.06,8.14,13.5,5.3,0.25
8.7,13.2,4.6,0.28,7.98,13.0,5.8,0.06,8.14,13.5,5.3,0.25,8.1,13.4,5.5,0.27
8.18,11.5,3.9,0.2,8.14,13.5,5.3,0.25,8.1,13.4,5.5,0.27,8.7,13.2,4.6,0.28
8.01,14.1,4.7,0.18,8.1,13.4,5.5,0.27,8.7,13.2,4.6,0.28,8.18,11.5,3.9,0.2
8.01,16.6,4.5,0.25,8.7,13.2,4.6,0.28,8.18,11.5,3.9,0.2,8.01,14.1,4.7,0.18
7.9,15.4,4.3,0.26,8.18,11.5,3.9,0.2,8.01,14.1,4.7,0.18,8.01,16.6,4.5,0.25
7.87,13.9,4.8,0.23,8.01,14.1,4.7,0.18,8.01,16.6,4.5,0.25,7.9,15.4,4.3,0.26
7.7,13.4,3.8,0.23,8.01,16.6,4.5,0.25,7.9,15.4,4.3,0.26,7.87,13.9,4.8,0.23
7.59,12.8,3.7,0.23,7.9,15.4,4.3,0.26,7.87,13.9,4.8,0.23,7.7,13.4,3.8,0.23
7.42,12.2,2.7,0.77,7.87,13.9,4.8,0.23,7.7,13.4,3.8,0.23,7.59,12.8,3.7,0.23
7.37,13.3,4.4,0.33,7.7,13.4,3.8,0.23,7.59,12.8,3.7,0.23,7.42,12.2,2.7,0.77
7.24,13.5,5.2,0.34,7.59,12.8,3.7,0.23,7.42,12.2,2.7,0.77,7.37,13.3,4.4,0.33
7.18,11.8,5.5,0.2,7.42,12.2,2.7,0.77,7.37,13.3,4.4,0.33,7.24,13.5,5.2,0.34
7.49,10.4,5.0,0.35,7.37,13.3,4.4,0.33,7.24,13.5,5.2,0.34,7.18,11.8,5.5,0.2
7.56,8.51,4.8,0.3,7.24,13.5,5.2,0.34,7.18,11.8,5.5,0.2,7.49,10.4,5.0,0.35
7.65,7.94,5.2,0.18,7.18,11.8,5.5,0.2,7.49,10.4,5.0,0.35,7.56,8.51,4.8,0.3
7.77,7.06,5.5,0.24,7.49,10.4,5.0,0.35,7.56,8.51,4.8,0.3,7.65,7.94,5.2,0.18
7.91,7.34,5.3,0.35,7.56,8.51,4.8,0.3,7.65,7.94,5.2,0.18,7.77,7.06,5.5,0.24
8.0,9.29,5.3,0.27,7.65,7.94,5.2,0.18,7.77,7.06,5.5,0.24,7.91,7.34,5.3,0.35
8.2,8.77,5.6,0.32,7.77,7.06,5.5,0.24,7.91,7.34,5.3,0.35,8.0,9.29,5.3,0.27
8.06,6.78,4.8,0.78,7.91,7.34,5.3,0.35,8.0,9.29,5.3,0.27,8.2,8.77,5.6,0.32
7.99,6.65,4.5,0.88,8.0,9.29,5.3,0.27,8.2,8.77,5.6,0.32,8.06,6.78,4.8,0.78
7.94,7.13,4.253835425383543,0.5,8.2,8.77,5.6,0.32,8.06,6.78,4.8,0.78,7.99,6.65,4.5,0.88
8.14,7.35,4.253835425383543,0.57,8.06,6.78,4.8,0.78,7.99,6.65,4.5,0.88,7.94,7.13,4.253835425383543,0.5
8.12,7.14,4.3,0.56,7.99,6.65,4.5,0.88,7.94,7.13,4.253835425383543,0.5,8.14,7.35,4.253835425383543,0.57
8.18,6.94,3.8,0.57,7.94,7.13,4.253835425383543,0.5,8.14,7.35,4.253835425383543,0.57,8.12,7.14,4.3,0.56
8.07,6.96,2.5,0.41,8.14,7.35,4.253835425383543,0.57,8.12,7.14,4.3,0.56,8.18,6.94,3.8,0.57
8.16,5.74,5.4,0.29,8.12,7.14,4.3,0.56,8.18,6.94,3.8,0.57,8.07,6.96,2.5,0.41
8.04,3.91,5.7,0.36,8.18,6.94,3.8,0.57,8.07,6.96,2.5,0.41,8.16,5.74,5.4,0.29
7.87,4.12,2.0,0.61,8.07,6.96,2.5,0.41,8.16,5.74,5.4,0.29,8.04,3.91,5.7,0.36
7.7,5.91,2.1,0.55,8.16,5.74,5.4,0.29,8.04,3.91,5.7,0.36,7.87,4.12,2.0,0.61
8.05,6.79,2.7,0.51,8.04,3.91,5.7,0.36,7.87,4.12,2.0,0.61,7.7,5.91,2.1,0.55
8.24,7.24,1.7,0.65,7.87,4.12,2.0,0.61,7.7,5.91,2.1,0.55,8.05,6.79,2.7,0.51
8.24,4.25,5.7,0.43,7.7,5.91,2.1,0.55,8.05,6.79,2.7,0.51,8.24,7.24,1.7,0.65
8.29,5.46,6.8,0.63,8.05,6.79,2.7,0.51,8.24,7.24,1.7,0.65,8.24,4.25,5.7,0.43
8.45,6.1,5.2,0.49,8.24,7.24,1.7,0.65,8.24,4.25,5.7,0.43,8.29,5.46,6.8,0.63
8.59,7.06,4.8,0.54,8.24,4.25,5.7,0.43,8.29,5.46,6.8,0.63,8.45,6.1,5.2,0.49
8.73,7.53,2.7,0.59,8.29,5.46,6.8,0.63,8.45,6.1,5.2,0.49,8.59,7.06,4.8,0.54
8.87,7.87,5.4,0.49,8.45,6.1,5.2,0.49,8.59,7.06,4.8,0.54,8.73,7.53,2.7,0.59
8.3,7.83,7.0,0.38,8.59,7.06,4.8,0.54,8.73,7.53,2.7,0.59,8.87,7.87,5.4,0.49
7.79,8.3,4.6,0.59,8.73,7.53,2.7,0.59,8.87,7.87,5.4,0.49,8.3,7.83,7.0,0.38
7.44,7.76,4.9,0.43,8.87,7.87,5.4,0.49,8.3,7.83,7.0,0.38,7.79,8.3,4.6,0.59
7.38,7.9,6.0,0.43,8.3,7.83,7.0,0.38,7.79,8.3,4.6,0.59,7.44,7.76,4.9,0.43
7.46,8.02,4.8,0.41,7.79,8.3,4.6,0.59,7.44,7.76,4.9,0.43,7.38,7.9,6.0,0.43
7.59,9.35,4.4,0.55,7.44,7.76,4.9,0.43,7.38,7.9,6.0,0.43,7.46,8.02,4.8,0.41
7.64,7.83,4.4,0.58,7.38,7.9,6.0,0.43,7.46,8.02,4.8,0.41,7.59,9.35,4.4,0.55
7.58,9.07,5.4,0.7,7.46,8.02,4.8,0.41,7.59,9.35,4.4,0.55,7.64,7.83,4.4,0.58
7.53,8.79,3.9,0.72,7.59,9.35,4.4,0.55,7.64,7.83,4.4,0.58,7.58,9.07,5.4,0.7
7.48,9.54,4.1,0.35,7.64,7.83,4.4,0.58,7.58,9.07,5.4,0.7,7.53,8.79,3.9,0.72
7.48,9.59,4.0,0.3,7.58,9.07,5.4,0.7,7.53,8.79,3.9,0.72,7.48,9.54,4.1,0.35
7.5,9.79,5.4,0.3,7.53,8.79,3.9,0.72,7.48,9.54,4.1,0.35,7.48,9.59,4.0,0.3
7.6,9.74,4.8,0.34,7.48,9.54,4.1,0.35,7.48,9.59,4.0,0.3,7.5,9.79,5.4,0.3
7.54,9.58,3.5,1.5,7.48,9.59,4.0,0.3,7.5,9.79,5.4,0.3,7.6,9.74,4.8,0.34
7.56,11.0,3.1,1.37,7.5,9.79,5.4,0.3,7.6,9.74,4.8,0.34,7.54,9.58,3.5,1.5
7.44,10.8,3.0,1.24,7.6,9.74,4.8,0.34,7.54,9.58,3.5,1.5,7.56,11.0,3.1,1.37
7.45,11.8,3.4,1.03,7.54,9.58,3.5,1.5,7.56,11.0,3.1,1.37,7.44,10.8,3.0,1.24
7.16,10.9,2.7,0.99,7.56,11.0,3.1,1.37,7.44,10.8,3.0,1.24,7.45,11.8,3.4,1.03
7.39,11.9,2.4,0.86,7.44,10.8,3.0,1.24,7.45,11.8,3.4,1.03,7.16,10.9,2.7,0.99
7.6,13.5,3.2,0.8,7.45,11.8,3.4,1.03,7.16,10.9,2.7,0.99,7.39,11.9,2.4,0.86
7.44,12.4,5.8,0.62,7.16,10.9,2.7,0.99,7.39,11.9,2.4,0.86,7.6,13.5,3.2,0.8
7.32,11.8,5.0,0.47,7.39,11.9,2.4,0.86,7.6,13.5,3.2,0.8,7.44,12.4,5.8,0.62
7.28,11.7,3.1,0.6,7.6,13.5,3.2,0.8,7.44,12.4,5.8,0.62,7.32,11.8,5.0,0.47
7.22,11.7,2.7,0.57,7.44,12.4,5.8,0.62,7.32,11.8,5.0,0.47,7.28,11.7,3.1,0.6
7.4,11.8,3.1,0.54,7.32,11.8,5.0,0.47,7.28,11.7,3.1,0.6,7.22,11.7,2.7,0.57
7.945304709141271,8.559153952843285,4.253835425383543,0.38756944444444447,7.28,11.7,3.1,0.6,7.22,11.7,2.7,0.57,7.4,11.8,3.1,0.54
7.3,9.13,2.6,0.44,7.22,11.7,2.7,0.57,7.4,11.8,3.1,0.54,7.945304709141271,8.559153952843285,4.253835425383543,0.38756944444444447
7.24,8.44,2.4,0.66,7.4,11.8,3.1,0.54,7.945304709141271,8.559153952843285,4.253835425383543,0.38756944444444447,7.3,9.13,2.6,0.44
7.43,9.53,4.1,0.24,7.945304709141271,8.559153952843285,4.253835425383543,0.38756944444444447,7.3,9.13,2.6,0.44,7.24,8.44,2.4,0.66
7.61,9.21,3.7,0.62,7.3,9.13,2.6,0.44,7.24,8.44,2.4,0.66,7.43,9.53,4.1,0.24
7.55,9.97,3.6,0.5,7.24,8.44,2.4,0.66,7.43,9.53,4.1,0.24,7.61,9.21,3.7,0.62
7.59,11.5,3.2,0.61,7.43,9.53,4.1,0.24,7.61,9.21,3.7,0.62,7.55,9.97,3.6,0.5
7.55,12.4,3.3,0.49,7.61,9.21,3.7,0.62,7.55,9.97,3.6,0.5,7.59,11.5,3.2,0.61
7.49,13.2,3.8,0.51,7.55,9.97,3.6,0.5,7.59,11.5,3.2,0.61,7.55,12.4,3.3,0.49
7.87,6.51,3.6,0.49,7.59,11.5,3.2,0.61,7.55,12.4,3.3,0.49,7.49,13.2,3.8,0.51
8.06,7.74,3.8,0.65,7.55,12.4,3.3,0.49,7.49,13.2,3.8,0.51,7.87,6.51,3.6,0.49
8.03,9.65,3.7,0.35,7.49,13.2,3.8,0.51,7.87,6.51,3.6,0.49,8.06,7.74,3.8,0.65
7.95,8.73,3.2,0.13,7.87,6.51,3.6,0.49,8.06,7.74,3.8,0.65,8.03,9.65,3.7,0.35
7.88,8.89,3.9,0.17,8.06,7.74,3.8,0.65,8.03,9.65,3.7,0.35,7.95,8.73,3.2,0.13
7.78,8.35,3.6,0.18,8.03,9.65,3.7,0.35,7.95,8.73,3.2,0.13,7.88,8.89,3.9,0.17
8.39,9.14,6.4,0.15,7.95,8.73,3.2,0.13,7.88,8.89,3.9,0.17,7.78,8.35,3.6,0.18
8.49,7.5,6.4,0.16,7.88,8.89,3.9,0.17,7.78,8.35,3.6,0.18,8.39,9.14,6.4,0.15
8.23,9.02,6.5,0.16,7.78,8.35,3.6,0.18,8.39,9.14,6.4,0.15,8.49,7.5,6.4,0.16
8.2,8.08,3.8,0.16,8.39,9.14,6.4,0.15,8.49,7.5,6.4,0.16,8.23,9.02,6.5,0.16
8.45,5.23,4.3,0.18,8.49,7.5,6.4,0.16,8.23,9.02,6.5,0.16,8.2,8.08,3.8,0.16
8.57,6.07,5.9,0.19,8.23,9.02,6.5,0.16,8.2,8.08,3.8,0.16,8.45,5.23,4.3,0.18
9.0,7.36,7.4,0.11,8.2,8.08,3.8,0.16,8.45,5.23,4.3,0.18,8.57,6.07,5.9,0.19
8.81,5.52,5.7,0.14,8.45,5.23,4.3,0.18,8.57,6.07,5.9,0.19,9.0,7.36,7.4,0.11
8.39,6.89,6.1,0.12,8.57,6.07,5.9,0.19,9.0,7.36,7.4,0.11,8.81,5.52,5.7,0.14
8.99,7.36,7.1,0.12,9.0,7.36,7.4,0.11,8.81,5.52,5.7,0.14,8.39,6.89,6.1,0.12
8.9,7.86,6.2,0.11,8.81,5.52,5.7,0.14,8.39,6.89,6.1,0.12,8.99,7.36,7.1,0.12
8.62,8.16,6.2,0.14,8.39,6.89,6.1,0.12,8.99,7.36,7.1,0.12,8.9,7.86,6.2,0.11
7.74,8.17,6.3,0.24,8.99,7.36,7.1,0.12,8.9,7.86,6.2,0.11,8.62,8.16,6.2,0.14
7.88,8.8,6.2,0.29,8.9,7.86,6.2,0.11,8.62,8.16,6.2,0.14,7.74,8.17,6.3,0.24
7.86,9.58,5.0,0.2,8.62,8.16,6.2,0.14,7.74,8.17,6.3,0.24,7.88,8.8,6.2,0.29
8.0,10.6,4.8,0.21,7.74,8.17,6.3,0.24,7.88,8.8,6.2,0.29,7.86,9.58,5.0,0.2
8.13,10.9,5.3,0.22,7.88,8.8,6.2,0.29,7.86,9.58,5.0,0.2,8.0,10.6,4.8,0.21
8.14,9.96,4.9,0.22,7.86,9.58,5.0,0.2,8.0,10.6,4.8,0.21,8.13,10.9,5.3,0.22
7.9,10.3,4.8,0.26,8.0,10.6,4.8,0.21,8.13,10.9,5.3,0.22,8.14,9.96,4.9,0.22
8.07,10.4,4.8,0.17,8.13,10.9,5.3,0.22,8.14,9.96,4.9,0.22,7.9,10.3,4.8,0.26
8.06,11.3,5.8,0.15,8.14,9.96,4.9,0.22,7.9,10.3,4.8,0.26,8.07,10.4,4.8,0.17
7.6,10.5,4.6,0.65,7.9,10.3,4.8,0.26,8.07,10.4,4.8,0.17,8.06,11.3,5.8,0.15
7.31,11.1,3.5,0.32,8.07,10.4,4.8,0.17,8.06,11.3,5.8,0.15,7.6,10.5,4.6,0.65
7.23,12.8,3.7,0.24,8.06,11.3,5.8,0.15,7.6,10.5,4.6,0.65,7.31,11.1,3.5,0.32
7.76,13.4,5.0,0.23,7.6,10.5,4.6,0.65,7.31,11.1,3.5,0.32,7.23,12.8,3.7,0.24
7.69,10.6,3.8,0.41,7.31,11.1,3.5,0.32,7.23,12.8,3.7,0.24,7.76,13.4,5.0,0.23
7.91,11.6,5.8,0.26,7.23,12.8,3.7,0.24,7.76,13.4,5.0,0.23,7.69,10.6,3.8,0.41
8.13,11.5,5.0,0.25,7.76,13.4,5.0,0.23,7.69,10.6,3.8,0.41,7.91,11.6,5.8,0.26
8.02,11.5,5.0,0.44,7.69,10.6,3.8,0.41,7.91,11.6,5.8,0.26,8.13,11.5,5.0,0.25
7.7,11.8,4.5,0.63,7.91,11.6,5.8,0.26,8.13,11.5,5.0,0.25,8.02,11.5,5.0,0.44
7.25,10.7,3.6,0.46,8.13,11.5,5.0,0.25,8.02,11.5,5.0,0.44,7.7,11.8,4.5,0.63
7.08,10.1,3.4,0.25,8.02,11.5,5.0,0.44,7.7,11.8,4.5,0.63,7.25,10.7,3.6,0.46
6.9,9.72,3.1,0.23,7.7,11.8,4.5,0.63,7.25,10.7,3.6,0.46,7.08,10.1,3.4,0.25
7.16,8.79,4.0,0.21,7.25,10.7,3.6,0.46,7.08,10.1,3.4,0.25,6.9,9.72,3.1,0.23
7.09,8.12,3.3,0.23,7.08,10.1,3.4,0.25,6.9,9.72,3.1,0.23,7.16,8.79,4.0,0.21
7.09,8.41,3.9,0.25,6.9,9.72,3.1,0.23,7.16,8.79,4.0,0.21,7.09,8.12,3.3,0.23
7.54,9.72,4.8,0.26,7.16,8.79,4.0,0.21,7.09,8.12,3.3,0.23,7.09,8.41,3.9,0.25
8.07,10.1,5.4,0.22,7.09,8.12,3.3,0.23,7.09,8.41,3.9,0.25,7.54,9.72,4.8,0.26
8.18,9.11,5.6,0.36,7.09,8.41,3.9,0.25,7.54,9.72,4.8,0.26,8.07,10.1,5.4,0.22
7.61,4.76,5.2,0.14,7.54,9.72,4.8,0.26,8.07,10.1,5.4,0.22,8.18,9.11,5.6,0.36
8.23,8.36,4.2,0.16,8.07,10.1,5.4,0.22,8.18,9.11,5.6,0.36,7.61,4.76,5.2,0.14
8.0,8.07,4.0,0.19,8.18,9.11,5.6,0.36,7.61,4.76,5.2,0.14,8.23,8.36,4.2,0.16
8.07,7.33,3.9,0.22,7.61,4.76,5.2,0.14,8.23,8.36,4.2,0.16,8.0,8.07,4.0,0.19
7.95,6.69,3.2,0.18,8.23,8.36,4.2,0.16,8.0,8.07,4.0,0.19,8.07,7.33,3.9,0.22
8.27,8.41,3.2,0.33,8.0,8.07,4.0,0.19,8.07,7.33,3.9,0.22,7.95,6.69,3.2,0.18
8.33,8.24,3.6,0.33,8.07,7.33,3.9,0.22,7.95,6.69,3.2,0.18,8.27,8.41,3.2,0.33
8.03,5.85,3.7,0.27,7.95,6.69,3.2,0.18,8.27,8.41,3.2,0.33,8.33,8.24,3.6,0.33
8.48,6.7,3.5,0.36,8.27,8.41,3.2,0.33,8.33,8.24,3.6,0.33,8.03,5.85,3.7,0.27
8.09,5.0,3.4,0.39,8.33,8.24,3.6,0.33,8.03,5.85,3.7,0.27,8.48,6.7,3.5,0.36
8.23,5.59,2.6,0.36,8.03,5.85,3.7,0.27,8.48,6.7,3.5,0.36,8.09,5.0,3.4,0.39
8.8,7.54,3.0,0.38,8.48,6.7,3.5,0.36,8.09,5.0,3.4,0.39,8.23,5.59,2.6,0.36
8.93,7.86,3.8,0.26,8.09,5.0,3.4,0.39,8.23,5.59,2.6,0.36,8.8,7.54,3.0,0.38
8.65,7.28,5.0,0.68,8.23,5.59,2.6,0.36,8.8,7.54,3.0,0.38,8.93,7.86,3.8,0.26
8.2,6.02,4.1,0.38756944444444447,8.8,7.54,3.0,0.38,8.93,7.86,3.8,0.26,8.65,7.28,5.0,0.68
8.21,5.26,5.7,0.22,8.93,7.86,3.8,0.26,8.65,7.28,5.0,0.68,8.2,6.02,4.1,0.38756944444444447
7.96,5.63,6.6,0.13,8.65,7.28,5.0,0.68,8.2,6.02,4.1,0.38756944444444447,8.21,5.26,5.7,0.22
7.55,5.38,5.6,0.15,8.2,6.02,4.1,0.38756944444444447,8.21,5.26,5.7,0.22,7.96,5.63,6.6,0.13
7.61,5.67,5.2,0.18,8.21,5.26,5.7,0.22,7.96,5.63,6.6,0.13,7.55,5.38,5.6,0.15
7.97,6.7,6.1,0.12,7.96,5.63,6.6,0.13,7.55,5.38,5.6,0.15,7.61,5.67,5.2,0.18
7.83,5.78,6.0,0.11,7.55,5.38,5.6,0.15,7.61,5.67,5.2,0.18,7.97,6.7,6.1,0.12
7.58,5.58,5.3,0.12,7.61,5.67,5.2,0.18,7.97,6.7,6.1,0.12,7.83,5.78,6.0,0.11
8.0,7.57,4.9,0.12,7.97,6.7,6.1,0.12,7.83,5.78,6.0,0.11,7.58,5.58,5.3,0.12
8.29,8.59,4.7,0.1,7.83,5.78,6.0,0.11,7.58,5.58,5.3,0.12,8.0,7.57,4.9,0.12
7.49,6.03,5.3,0.33,7.58,5.58,5.3,0.12,8.0,7.57,4.9,0.12,8.29,8.59,4.7,0.1
7.52,6.84,4.0,0.14,8.0,7.57,4.9,0.12,8.29,8.59,4.7,0.1,7.49,6.03,5.3,0.33
7.81,8.68,5.6,0.1,8.29,8.59,4.7,0.1,7.49,6.03,5.3,0.33,7.52,6.84,4.0,0.14
7.85,8.95,5.7,0.1,7.49,6.03,5.3,0.33,7.52,6.84,4.0,0.14,7.81,8.68,5.6,0.1
8.05,9.22,7.1,0.06,7.52,6.84,4.0,0.14,7.81,8.68,5.6,0.1,7.85,8.95,5.7,0.1
7.66,7.85,4.8,0.04,7.81,8.68,5.6,0.1,7.85,8.95,5.7,0.1,8.05,9.22,7.1,0.06
8.1,10.0,6.0,0.05,7.85,8.95,5.7,0.1,8.05,9.22,7.1,0.06,7.66,7.85,4.8,0.04
8.02,10.6,5.0,0.06,8.05,9.22,7.1,0.06,7.66,7.85,4.8,0.04,8.1,10.0,6.0,0.05
7.96,10.9,4.9,0.06,7.66,7.85,4.8,0.04,8.1,10.0,6.0,0.05,8.02,10.6,5.0,0.06
8.12,10.8,5.6,0.17,8.1,10.0,6.0,0.05,8.02,10.6,5.0,0.06,7.96,10.9,4.9,0.06
8.18,10.7,5.0,0.17,8.02,10.6,5.0,0.06,7.96,10.9,4.9,0.06,8.12,10.8,5.6,0.17
8.24,11.7,5.9,0.09,7.96,10.9,4.9,0.06,8.12,10.8,5.6,0.17,8.18,10.7,5.0,0.17
8.23,11.6,5.7,0.11,8.12,10.8,5.6,0.17,8.18,10.7,5.0,0.17,8.24,11.7,5.9,0.09
8.19,11.3,6.2,0.16,8.18,10.7,5.0,0.17,8.24,11.7,5.9,0.09,8.23,11.6,5.7,0.11
8.16,11.4,5.9,0.14,8.24,11.7,5.9,0.09,8.23,11.6,5.7,0.11,8.19,11.3,6.2,0.16
8.19,11.3,5.8,0.14,8.23,11.6,5.7,0.11,8.19,11.3,6.2,0.16,8.16,11.4,5.9,0.14
8.18,10.8,5.9,0.14,8.19,11.3,6.2,0.16,8.16,11.4,5.9,0.14,8.19,11.3,5.8,0.14
8.19,10.6,5.6,0.16,8.16,11.4,5.9,0.14,8.19,11.3,5.8,0.14,8.18,10.8,5.9,0.14
8.22,12.4,5.1,0.33,8.19,11.3,5.8,0.14,8.18,10.8,5.9,0.14,8.19,10.6,5.6,0.16
7.84,10.8,4.3,1.07,8.18,10.8,5.9,0.14,8.19,10.6,5.6,0.16,8.22,12.4,5.1,0.33
7.76,9.71,3.5,0.83,8.19,10.6,5.6,0.16,8.22,12.4,5.1,0.33,7.84,10.8,4.3,1.07
7.66,9.13,3.0,0.63,8.22,12.4,5.1,0.33,7.84,10.8,4.3,1.07,7.76,9.71,3.5,0.83
7.87,9.36,3.9,0.32,7.84,10.8,4.3,1.07,7.76,9.71,3.5,0.83,7.66,9.13,3.0,0.63
8.18,8.97,4.1,0.2,7.76,9.71,3.5,0.83,7.66,9.13,3.0,0.63,7.87,9.36,3.9,0.32
8.5,8.48,3.9,0.2,7.66,9.13,3.0,0.63,7.87,9.36,3.9,0.32,8.18,8.97,4.1,0.2
8.5,7.65,4.1,0.34,7.87,9.36,3.9,0.32,8.18,8.97,4.1,0.2,8.5,8.48,3.9,0.2
8.75,8.42,4.9,0.2,8.18,8.97,4.1,0.2,8.5,8.48,3.9,0.2,8.5,7.65,4.1,0.34
8.68,8.46,5.1,0.25,8.5,8.48,3.9,0.2,8.5,7.65,4.1,0.34,8.75,8.42,4.9,0.2
7.77,7.79,4.4,0.38,8.5,7.65,4.1,0.34,8.75,8.42,4.9,0.2,8.68,8.46,5.1,0.25
7.85,8.55,4.4,0.32,8.75,8.42,4.9,0.2,8.68,8.46,5.1,0.25,7.77,7.79,4.4,0.38
7.9,8.05,4.5,0.37,8.68,8.46,5.1,0.25,7.77,7.79,4.4,0.38,7.85,8.55,4.4,0.32
7.85,7.51,3.8,0.39,7.77,7.79,4.4,0.38,7.85,8.55,4.4,0.32,7.9,8.05,4.5,0.37
7.59,5.81,2.6,0.28,7.85,8.55,4.4,0.32,7.9,8.05,4.5,0.37,7.85,7.51,3.8,0.39
8.0,7.05,2.8,0.23,7.9,8.05,4.5,0.37,7.85,7.51,3.8,0.39,7.59,5.81,2.6,0.28
8.19,7.94,3.1,0.23,7.85,7.51,3.8,0.39,7.59,5.81,2.6,0.28,8.0,7.05,2.8,0.23
8.43,8.08,2.8,0.25,7.59,5.81,2.6,0.28,8.0,7.05,2.8,0.23,8.19,7.94,3.1,0.23
7.84,5.77,2.9,0.24,8.0,7.05,2.8,0.23,8.19,7.94,3.1,0.23,8.43,8.08,2.8,0.25
7.55,4.57,3.1,0.25,8.19,7.94,3.1,0.23,8.43,8.08,2.8,0.25,7.84,5.77,2.9,0.24
7.52,6.05,2.9,0.33,8.43,8.08,2.8,0.25,7.84,5.77,2.9,0.24,7.55,4.57,3.1,0.25
7.75,6.61,3.5,0.34,7.84,5.77,2.9,0.24,7.55,4.57,3.1,0.25,7.52,6.05,2.9,0.33
7.5,6.5,3.9,0.51,7.55,4.57,3.1,0.25,7.52,6.05,2.9,0.33,7.75,6.61,3.5,0.34
8.0,5.88,5.1,0.4,7.52,6.05,2.9,0.33,7.75,6.61,3.5,0.34,7.5,6.5,3.9,0.51
8.41,6.67,5.2,0.41,7.75,6.61,3.5,0.34,7.5,6.5,3.9,0.51,8.0,5.88,5.1,0.4
8.37,6.32,4.5,0.45,7.5,6.5,3.9,0.51,8.0,5.88,5.1,0.4,8.41,6.67,5.2,0.41
8.5,7.14,3.6,0.42,8.0,5.88,5.1,0.4,8.41,6.67,5.2,0.41,8.37,6.32,4.5,0.45
7.89,6.47,2.8,0.38,8.41,6.67,5.2,0.41,8.37,6.32,4.5,0.45,8.5,7.14,3.6,0.42
8.23,6.58,2.8,0.29,8.37,6.32,4.5,0.45,8.5,7.14,3.6,0.42,7.89,6.47,2.8,0.38
8.18,6.17,2.7,0.36,8.5,7.14,3.6,0.42,7.89,6.47,2.8,0.38,8.23,6.58,2.8,0.29
8.68,7.3,3.3,0.33,7.89,6.47,2.8,0.38,8.23,6.58,2.8,0.29,8.18,6.17,2.7,0.36
8.45,6.69,3.6,0.36,8.23,6.58,2.8,0.29,8.18,6.17,2.7,0.36,8.68,7.3,3.3,0.33
8.12,5.88,2.7,0.41,8.18,6.17,2.7,0.36,8.68,7.3,3.3,0.33,8.45,6.69,3.6,0.36
8.62,7.69,3.3,0.35,8.68,7.3,3.3,0.33,8.45,6.69,3.6,0.36,8.12,5.88,2.7,0.41
6.43,8.38,4.0,0.28,8.45,6.69,3.6,0.36,8.12,5.88,2.7,0.41,8.62,7.69,3.3,0.35
7.96,8.46,4.1,0.27,8.12,5.88,2.7,0.41,8.62,7.69,3.3,0.35,6.43,8.38,4.0,0.28
7.84,8.83,4.8,0.27,8.62,7.69,3.3,0.35,6.43,8.38,4.0,0.28,7.96,8.46,4.1,0.27
7.61,8.12,5.5,0.32,6.43,8.38,4.0,0.28,7.96,8.46,4.1,0.27,7.84,8.83,4.8,0.27
7.43,8.77,4.6,0.34,7.96,8.46,4.1,0.27,7.84,8.83,4.8,0.27,7.61,8.12,5.5,0.32
7.47,9.77,5.9,0.29,7.84,8.83,4.8,0.27,7.61,8.12,5.5,0.32,7.43,8.77,4.6,0.34
7.51,10.7,4.253835425383543,0.3,7.61,8.12,5.5,0.32,7.43,8.77,4.6,0.34,7.47,9.77,5.9,0.29
7.58,8.83,4.8,0.32,7.43,8.77,4.6,0.34,7.47,9.77,5.9,0.29,7.51,10.7,4.253835425383543,0.3
7.68,9.82,3.4,0.31,7.47,9.77,5.9,0.29,7.51,10.7,4.253835425383543,0.3,7.58,8.83,4.8,0.32
7.84,11.7,3.0,0.32,7.51,10.7,4.253835425383543,0.3,7.58,8.83,4.8,0.32,7.68,9.82,3.4,0.31
7.88,12.5,2.8,0.32,7.58,8.83,4.8,0.32,7.68,9.82,3.4,0.31,7.84,11.7,3.0,0.32
7.88,12.5,3.9,0.33,7.68,9.82,3.4,0.31,7.84,11.7,3.0,0.32,7.88,12.5,2.8,0.32
7.89,12.2,4.4,0.35,7.84,11.7,3.0,0.32,7.88,12.5,2.8,0.32,7.88,12.5,3.9,0.33
7.87,12.0,4.3,0.35,7.88,12.5,2.8,0.32,7.88,12.5,3.9,0.33,7.89,12.2,4.4,0.35
7.73,11.2,3.8,0.49,7.88,12.5,3.9,0.33,7.89,12.2,4.4,0.35,7.87,12.0,4.3,0.35
7.77,11.5,3.9,0.33,7.89,12.2,4.4,0.35,7.87,12.0,4.3,0.35,7.73,11.2,3.8,0.49
7.85,11.8,3.9,0.28,7.87,12.0,4.3,0.35,7.73,11.2,3.8,0.49,7.77,11.5,3.9,0.33
7.83,12.0,4.0,0.37,7.73,11.2,3.8,0.49,7.77,11.5,3.9,0.33,7.85,11.8,3.9,0.28
7.88,11.9,4.4,0.35,7.77,11.5,3.9,0.33,7.85,11.8,3.9,0.28,7.83,12.0,4.0,0.37
7.47,7.31,3.8,0.33,7.85,11.8,3.9,0.28,7.83,12.0,4.0,0.37,7.88,11.9,4.4,0.35
7.72,8.27,4.6,0.3,7.83,12.0,4.0,0.37,7.88,11.9,4.4,0.35,7.47,7.31,3.8,0.33
7.62,9.55,3.0,0.61,7.88,11.9,4.4,0.35,7.47,7.31,3.8,0.33,7.72,8.27,4.6,0.3
7.76,10.1,2.9,0.5,7.47,7.31,3.8,0.33,7.72,8.27,4.6,0.3,7.62,9.55,3.0,0.61
7.7,8.43,2.9,0.45,7.72,8.27,4.6,0.3,7.62,9.55,3.0,0.61,7.76,10.1,2.9,0.5
7.73,8.37,3.1,0.34,7.62,9.55,3.0,0.61,7.76,10.1,2.9,0.5,7.7,8.43,2.9,0.45
7.68,7.03,2.3,0.3,7.76,10.1,2.9,0.5,7.7,8.43,2.9,0.45,7.73,8.37,3.1,0.34
7.6,7.2,2.8,0.38,7.7,8.43,2.9,0.45,7.73,8.37,3.1,0.34,7.68,7.03,2.3,0.3
7.93,8.13,2.6,0.28,7.73,8.37,3.1,0.34,7.68,7.03,2.3,0.3,7.6,7.2,2.8,0.38
8.13,7.5,2.7,0.35,7.68,7.03,2.3,0.3,7.6,7.2,2.8,0.38,7.93,8.13,2.6,0.28
8.29,7.35,3.6,0.26,7.6,7.2,2.8,0.38,7.93,8.13,2.6,0.28,8.13,7.5,2.7,0.35
7.87,6.75,2.4,0.37,7.93,8.13,2.6,0.28,8.13,7.5,2.7,0.35,8.29,7.35,3.6,0.26
8.0,6.65,3.5,0.31,8.13,7.5,2.7,0.35,8.29,7.35,3.6,0.26,7.87,6.75,2.4,0.37
7.93,6.07,3.1,0.38,8.29,7.35,3.6,0.26,7.87,6.75,2.4,0.37,8.0,6.65,3.5,0.31
8.27,8.43,3.4,0.23,7.87,6.75,2.4,0.37,8.0,6.65,3.5,0.31,7.93,6.07,3.1,0.38
7.2,6.67,2.4,0.31,8.0,6.65,3.5,0.31,7.93,6.07,3.1,0.38,8.27,8.43,3.4,0.23
6.79,5.16,2.0,0.47,7.93,6.07,3.1,0.38,8.27,8.43,3.4,0.23,7.2,6.67,2.4,0.31
6.67,5.11,3.4,0.4,8.27,8.43,3.4,0.23,7.2,6.67,2.4,0.31,6.79,5.16,2.0,0.47
6.56,5.13,3.6,0.54,7.2,6.67,2.4,0.31,6.79,5.16,2.0,0.47,6.67,5.11,3.4,0.4
6.82,5.88,2.7,0.42,6.79,5.16,2.0,0.47,6.67,5.11,3.4,0.4,6.56,5.13,3.6,0.54
6.6,6.03,2.2,0.37,6.67,5.11,3.4,0.4,6.56,5.13,3.6,0.54,6.82,5.88,2.7,0.42
6.69,6.86,1.8,0.36,6.56,5.13,3.6,0.54,6.82,5.88,2.7,0.42,6.6,6.03,2.2,0.37
6.49,4.81,2.6,0.48,6.82,5.88,2.7,0.42,6.6,6.03,2.2,0.37,6.69,6.86,1.8,0.36
7.92,6.43,3.2,0.32,6.6,6.03,2.2,0.37,6.69,6.86,1.8,0.36,6.49,4.81,2.6,0.48
7.96,6.46,2.5,0.28,6.69,6.86,1.8,0.36,6.49,4.81,2.6,0.48,7.92,6.43,3.2,0.32
7.12,5.32,1.9,0.29,6.49,4.81,2.6,0.48,7.92,6.43,3.2,0.32,7.96,6.46,2.5,0.28
7.07,5.01,2.0,0.28,7.92,6.43,3.2,0.32,7.96,6.46,2.5,0.28,7.12,5.32,1.9,0.29
7.05,5.3,2.2,0.37,7.96,6.46,2.5,0.28,7.12,5.32,1.9,0.29,7.07,5.01,2.0,0.28
8.12,6.7,2.7,0.34,7.12,5.32,1.9,0.29,7.07,5.01,2.0,0.28,7.05,5.3,2.2,0.37
7.86,6.92,3.0,0.46,7.07,5.01,2.0,0.28,7.05,5.3,2.2,0.37,8.12,6.7,2.7,0.34
7.76,7.82,3.4,0.36,7.05,5.3,2.2,0.37,8.12,6.7,2.7,0.34,7.86,6.92,3.0,0.46
8.06,7.59,4.9,0.33,8.12,6.7,2.7,0.34,7.86,6.92,3.0,0.46,7.76,7.82,3.4,0.36
7.5,5.93,3.3,0.39,7.86,6.92,3.0,0.46,7.76,7.82,3.4,0.36,8.06,7.59,4.9,0.33
7.06,5.26,2.3,0.49,7.76,7.82,3.4,0.36,8.06,7.59,4.9,0.33,7.5,5.93,3.3,0.39
7.75,8.24,3.2,0.29,8.06,7.59,4.9,0.33,7.5,5.93,3.3,0.39,7.06,5.26,2.3,0.49
7.85,7.86,5.0,0.22,7.5,5.93,3.3,0.39,7.06,5.26,2.3,0.49,7.75,8.24,3.2,0.29
7.69,7.49,4.0,0.32,7.06,5.26,2.3,0.49,7.75,8.24,3.2,0.29,7.85,7.86,5.0,0.22
7.58,7.15,3.9,0.44,7.75,8.24,3.2,0.29,7.85,7.86,5.0,0.22,7.69,7.49,4.0,0.32
7.67,8.14,3.0,0.43,7.85,7.86,5.0,0.22,7.69,7.49,4.0,0.32,7.58,7.15,3.9,0.44
7.35,6.44,2.3,0.6,7.69,7.49,4.0,0.32,7.58,7.15,3.9,0.44,7.67,8.14,3.0,0.43
7.32,7.29,2.1,0.64,7.58,7.15,3.9,0.44,7.67,8.14,3.0,0.43,7.35,6.44,2.3,0.6
7.47,8.77,2.6,0.54,7.67,8.14,3.0,0.43,7.35,6.44,2.3,0.6,7.32,7.29,2.1,0.64
7.36,7.78,2.5,0.57,7.35,6.44,2.3,0.6,7.32,7.29,2.1,0.64,7.47,8.77,2.6,0.54
7.73,9.51,4.1,0.43,7.32,7.29,2.1,0.64,7.47,8.77,2.6,0.54,7.36,7.78,2.5,0.57
7.83,10.1,3.7,0.38,7.47,8.77,2.6,0.54,7.36,7.78,2.5,0.57,7.73,9.51,4.1,0.43
7.84,9.83,3.5,0.48,7.36,7.78,2.5,0.57,7.73,9.51,4.1,0.43,7.83,10.1,3.7,0.38
7.86,9.38,3.7,0.5,7.73,9.51,4.1,0.43,7.83,10.1,3.7,0.38,7.84,9.83,3.5,0.48
7.61,8.16,2.7,0.59,7.83,10.1,3.7,0.38,7.84,9.83,3.5,0.48,7.86,9.38,3.7,0.5
7.6,8.1,2.4,0.66,7.84,9.83,3.5,0.48,7.86,9.38,3.7,0.5,7.61,8.16,2.7,0.59
7.6,9.0,2.7,0.7,7.86,9.38,3.7,0.5,7.61,8.16,2.7,0.59,7.6,8.1,2.4,0.66
7.54,9.43,3.5,0.57,7.61,8.16,2.7,0.59,7.6,8.1,2.4,0.66,7.6,9.0,2.7,0.7
7.86,10.5,2.2,0.35,7.6,8.1,2.4,0.66,7.6,9.0,2.7,0.7,7.54,9.43,3.5,0.57
7.88,10.1,3.6,0.42,7.6,9.0,2.7,0.7,7.54,9.43,3.5,0.57,7.86,10.5,2.2,0.35
7.83,10.1,3.1,0.38,7.54,9.43,3.5,0.57,7.86,10.5,2.2,0.35,7.88,10.1,3.6,0.42
8.2,9.88,3.5,0.28,7.86,10.5,2.2,0.35,7.88,10.1,3.6,0.42,7.83,10.1,3.1,0.38
8.12,9.14,3.5,0.4,7.88,10.1,3.6,0.42,7.83,10.1,3.1,0.38,8.2,9.88,3.5,0.28
8.1,8.87,2.2,0.48,7.83,10.1,3.1,0.38,8.2,9.88,3.5,0.28,8.12,9.14,3.5,0.4
8.67,9.35,3.4,0.28,8.2,9.88,3.5,0.28,8.12,9.14,3.5,0.4,8.1,8.87,2.2,0.48
8.45,8.48,4.2,0.3,8.12,9.14,3.5,0.4,8.1,8.87,2.2,0.48,8.67,9.35,3.4,0.28
7.74,6.68,2.1,0.42,8.1,8.87,2.2,0.48,8.67,9.35,3.4,0.28,8.45,8.48,4.2,0.3
7.6,6.4,1.8,0.37,8.67,9.35,3.4,0.28,8.45,8.48,4.2,0.3,7.74,6.68,2.1,0.42
7.62,6.17,2.3,0.37,8.45,8.48,4.2,0.3,7.74,6.68,2.1,0.42,7.6,6.4,1.8,0.37
7.61,6.45,2.4,0.4,7.74,6.68,2.1,0.42,7.6,6.4,1.8,0.37,7.62,6.17,2.3,0.37
7.7,6.36,2.7,0.4,7.6,6.4,1.8,0.37,7.62,6.17,2.3,0.37,7.61,6.45,2.4,0.4
7.67,5.87,3.8,0.44,7.62,6.17,2.3,0.37,7.61,6.45,2.4,0.4,7.7,6.36,2.7,0.4
7.78,6.25,3.9,0.47,7.61,6.45,2.4,0.4,7.7,6.36,2.7,0.4,7.67,5.87,3.8,0.44
7.77,5.36,4.0,0.43,7.7,6.36,2.7,0.4,7.67,5.87,3.8,0.44,7.78,6.25,3.9,0.47
7.64,5.47,3.5,0.26,7.67,5.87,3.8,0.44,7.78,6.25,3.9,0.47,7.77,5.36,4.0,0.43
7.63,6.44,3.8,0.27,7.78,6.25,3.9,0.47,7.77,5.36,4.0,0.43,7.64,5.47,3.5,0.26
7.7,6.36,4.1,0.26,7.77,5.36,4.0,0.43,7.64,5.47,3.5,0.26,7.63,6.44,3.8,0.27
7.945304709141271,8.559153952843285,4.253835425383543,0.38756944444444447,7.64,5.47,3.5,0.26,7.63,6.44,3.8,0.27,7.7,6.36,4.1,0.26
7.945304709141271,8.559153952843285,4.253835425383543,0.38756944444444447,7.63,6.44,3.8,0.27,7.7,6.36,4.1,0.26,7.945304709141271,8.559153952843285,4.253835425383543,0.38756944444444447
7.65,5.2,4.2,0.2,7.7,6.36,4.1,0.26,7.945304709141271,8.559153952843285,4.253835425383543,0.38756944444444447,7.945304709141271,8.559153952843285,4.253835425383543,0.38756944444444447
8.06,6.61,4.9,0.16,7.945304709141271,8.559153952843285,4.253835425383543,0.38756944444444447,7.945304709141271,8.559153952843285,4.253835425383543,0.38756944444444447,7.65,5.2,4.2,0.2
8.51,6.27,4.8,0.16,7.945304709141271,8.559153952843285,4.253835425383543,0.38756944444444447,7.65,5.2,4.2,0.2,8.06,6.61,4.9,0.16
8.34,6.71,5.4,0.13,7.65,5.2,4.2,0.2,8.06,6.61,4.9,0.16,8.51,6.27,4.8,0.16
7.61,5.55,5.4,0.18,8.06,6.61,4.9,0.16,8.51,6.27,4.8,0.16,8.34,6.71,5.4,0.13
8.49,7.98,5.2,0.21,8.51,6.27,4.8,0.16,8.34,6.71,5.4,0.13,7.61,5.55,5.4,0.18
8.16,7.75,4.8,0.28,8.34,6.71,5.4,0.13,7.61,5.55,5.4,0.18,8.49,7.98,5.2,0.21
8.14,7.87,4.2,0.3,7.61,5.55,5.4,0.18,8.49,7.98,5.2,0.21,8.16,7.75,4.8,0.28
8.07,8.75,3.8,0.25,8.49,7.98,5.2,0.21,8.16,7.75,4.8,0.28,8.14,7.87,4.2,0.3
7.71,6.93,3.2,0.34,8.16,7.75,4.8,0.28,8.14,7.87,4.2,0.3,8.07,8.75,3.8,0.25
7.55,7.35,2.9,0.37,8.14,7.87,4.2,0.3,8.07,8.75,3.8,0.25,7.71,6.93,3.2,0.34
7.37,7.89,3.1,0.38,8.07,8.75,3.8,0.25,7.71,6.93,3.2,0.34,7.55,7.35,2.9,0.37
7.66,7.63,3.2,0.38,7.71,6.93,3.2,0.34,7.55,7.35,2.9,0.37,7.37,7.89,3.1,0.38
6.99,6.5,2.2,0.4,7.55,7.35,2.9,0.37,7.37,7.89,3.1,0.38,7.66,7.63,3.2,0.38
7.3,10.1,3.3,0.34,7.37,7.89,3.1,0.38,7.66,7.63,3.2,0.38,6.99,6.5,2.2,0.4
7.45,9.17,3.1,0.32,7.66,7.63,3.2,0.38,6.99,6.5,2.2,0.4,7.3,10.1,3.3,0.34
6.96,7.89,3.0,0.44,6.99,6.5,2.2,0.4,7.3,10.1,3.3,0.34,7.45,9.17,3.1,0.32
7.5,11.8,4.0,0.4,7.3,10.1,3.3,0.34,7.45,9.17,3.1,0.32,6.96,7.89,3.0,0.44
7.46,11.6,4.0,0.5,7.45,9.17,3.1,0.32,6.96,7.89,3.0,0.44,7.5,11.8,4.0,0.4
7.39,10.7,6.1,0.39,6.96,7.89,3.0,0.44,7.5,11.8,4.0,0.4,7.46,11.6,4.0,0.5
7.28,10.8,3.3,0.52,7.5,11.8,4.0,0.4,7.46,11.6,4.0,0.5,7.39,10.7,6.1,0.39
7.11,10.0,2.7,0.62,7.46,11.6,4.0,0.5,7.39,10.7,6.1,0.39,7.28,10.8,3.3,0.52
7.41,12.1,3.1,0.53,7.39,10.7,6.1,0.39,7.28,10.8,3.3,0.52,7.11,10.0,2.7,0.62
7.945304709141271,8.559153952843285,4.253835425383543,0.38756944444444447,7.28,10.8,3.3,0.52,7.11,10.0,2.7,0.62,7.41,12.1,3.1,0.53
7.51,12.6,6.0,0.33,7.11,10.0,2.7,0.62,7.41,12.1,3.1,0.53,7.945304709141271,8.559153952843285,4.253835425383543,0.38756944444444447
7.46,12.0,5.8,0.58,7.41,12.1,3.1,0.53,7.945304709141271,8.559153952843285,4.253835425383543,0.38756944444444447,7.51,12.6,6.0,0.33
7.35,10.2,5.5,0.72,7.945304709141271,8.559153952843285,4.253835425383543,0.38756944444444447,7.51,12.6,6.0,0.33,7.46,12.0,5.8,0.58
7.24,10.2,3.3,0.66,7.51,12.6,6.0,0.33,7.46,12.0,5.8,0.58,7.35,10.2,5.5,0.72
7.39,11.4,2.5,0.43,7.46,12.0,5.8,0.58,7.35,10.2,5.5,0.72,7.24,10.2,3.3,0.66
7.54,13.2,1.4,0.3,7.35,10.2,5.5,0.72,7.24,10.2,3.3,0.66,7.39,11.4,2.5,0.43
7.7,8.559153952843285,1.5,0.3,7.24,10.2,3.3,0.66,7.39,11.4,2.5,0.43,7.54,13.2,1.4,0.3
7.73,12.8,2.9,0.36,7.39,11.4,2.5,0.43,7.54,13.2,1.4,0.3,7.7,8.559153952843285,1.5,0.3
7.48,13.1,2.3,0.37,7.54,13.2,1.4,0.3,7.7,8.559153952843285,1.5,0.3,7.73,12.8,2.9,0.36
7.73,13.5,2.4,0.38,7.7,8.559153952843285,1.5,0.3,7.73,12.8,2.9,0.36,7.48,13.1,2.3,0.37
7.83,11.0,2.6,0.39,7.73,12.8,2.9,0.36,7.48,13.1,2.3,0.37,7.73,13.5,2.4,0.38
7.84,10.5,5.0,0.3,7.48,13.1,2.3,0.37,7.73,13.5,2.4,0.38,7.83,11.0,2.6,0.39
7.72,9.74,5.4,0.75,7.73,13.5,2.4,0.38,7.83,11.0,2.6,0.39,7.84,10.5,5.0,0.3
7.51,7.76,3.7,0.68,7.83,11.0,2.6,0.39,7.84,10.5,5.0,0.3,7.72,9.74,5.4,0.75
7.945304709141271,8.559153952843285,4.253835425383543,0.38756944444444447,7.84,10.5,5.0,0.3,7.72,9.74,5.4,0.75,7.51,7.76,3.7,0.68
7.58,8.54,3.6,0.57,7.72,9.74,5.4,0.75,7.51,7.76,3.7,0.68,7.945304709141271,8.559153952843285,4.253835425383543,0.38756944444444447
7.59,8.03,3.6,0.57,7.51,7.76,3.7,0.68,7.945304709141271,8.559153952843285,4.253835425383543,0.38756944444444447,7.58,8.54,3.6,0.57
7.4,6.18,3.3,0.45,7.945304709141271,8.559153952843285,4.253835425383543,0.38756944444444447,7.58,8.54,3.6,0.57,7.59,8.03,3.6,0.57
7.71,6.85,3.7,0.4,7.58,8.54,3.6,0.57,7.59,8.03,3.6,0.57,7.4,6.18,3.3,0.45
8.01,6.65,4.1,0.37,7.59,8.03,3.6,0.57,7.4,6.18,3.3,0.45,7.71,6.85,3.7,0.4
7.73,6.12,4.3,0.31,7.4,6.18,3.3,0.45,7.71,6.85,3.7,0.4,8.01,6.65,4.1,0.37
7.945304709141271,8.559153952843285,4.253835425383543,0.38756944444444447,7.71,6.85,3.7,0.4,8.01,6.65,4.1,0.37,7.73,6.12,4.3,0.31
7.74,6.26,4.1,0.31,8.01,6.65,4.1,0.37,7.73,6.12,4.3,0.31,7.945304709141271,8.559153952843285,4.253835425383543,0.38756944444444447
7.89,5.92,3.5,0.28,7.73,6.12,4.3,0.31,7.945304709141271,8.559153952843285,4.253835425383543,0.38756944444444447,7.74,6.26,4.1,0.31
7.945304709141271,8.559153952843285,4.253835425383543,0.38756944444444447,7.945304709141271,8.559153952843285,4.253835425383543,0.38756944444444447,7.74,6.26,4.1,0.31,7.89,5.92,3.5,0.28
7.45,6.11,4.253835425383543,0.39,7.74,6.26,4.1,0.31,7.89,5.92,3.5,0.28,7.945304709141271,8.559153952843285,4.253835425383543,0.38756944444444447
7.59,5.8,3.2,0.38,7.89,5.92,3.5,0.28,7.945304709141271,8.559153952843285,4.253835425383543,0.38756944444444447,7.45,6.11,4.253835425383543,0.39
7.62,5.71,4.2,0.33,7.945304709141271,8.559153952843285,4.253835425383543,0.38756944444444447,7.45,6.11,4.253835425383543,0.39,7.59,5.8,3.2,0.38
7.945304709141271,8.559153952843285,4.253835425383543,0.38756944444444447,7.45,6.11,4.253835425383543,0.39,7.59,5.8,3.2,0.38,7.62,5.71,4.2,0.33
7.64,5.0,4.253835425383543,0.22,7.59,5.8,3.2,0.38,7.62,5.71,4.2,0.33,7.945304709141271,8.559153952843285,4.253835425383543,0.38756944444444447
7.89,4.85,4.2,0.25,7.62,5.71,4.2,0.33,7.945304709141271,8.559153952843285,4.253835425383543,0.38756944444444447,7.64,5.0,4.253835425383543,0.22
7.945304709141271,8.559153952843285,4.253835425383543,0.38756944444444447,7.945304709141271,8.559153952843285,4.253835425383543,0.38756944444444447,7.64,5.0,4.253835425383543,0.22,7.89,4.85,4.2,0.25
7.945304709141271,8.559153952843285,4.253835425383543,0.38756944444444447,7.64,5.0,4.253835425383543,0.22,7.89,4.85,4.2,0.25,7.945304709141271,8.559153952843285,4.253835425383543,0.38756944444444447
7.945304709141271,8.559153952843285,4.253835425383543,0.38756944444444447,7.89,4.85,4.2,0.25,7.945304709141271,8.559153952843285,4.253835425383543,0.38756944444444447,7.945304709141271,8.559153952843285,4.253835425383543,0.38756944444444447
7.945304709141271,8.559153952843285,4.253835425383543,0.38756944444444447,7.945304709141271,8.559153952843285,4.253835425383543,0.38756944444444447,7.945304709141271,8.559153952843285,4.253835425383543,0.38756944444444447,7.945304709141271,8.559153952843285,4.253835425383543,0.38756944444444447
7.945304709141271,8.559153952843285,4.253835425383543,0.38756944444444447,7.945304709141271,8.559153952843285,4.253835425383543,0.38756944444444447,7.945304709141271,8.559153952843285,4.253835425383543,0.38756944444444447,7.945304709141271,8.559153952843285,4.253835425383543,0.38756944444444447
7.945304709141271,8.559153952843285,4.253835425383543,0.38756944444444447,7.945304709141271,8.559153952843285,4.253835425383543,0.38756944444444447,7.945304709141271,8.559153952843285,4.253835425383543,0.38756944444444447,7.945304709141271,8.559153952843285,4.253835425383543,0.38756944444444447
7.945304709141271,8.559153952843285,4.253835425383543,0.38756944444444447,7.945304709141271,8.559153952843285,4.253835425383543,0.38756944444444447,7.945304709141271,8.559153952843285,4.253835425383543,0.38756944444444447,7.945304709141271,8.559153952843285,4.253835425383543,0.38756944444444447
7.945304709141271,8.559153952843285,4.253835425383543,0.38756944444444447,7.945304709141271,8.559153952843285,4.253835425383543,0.38756944444444447,7.945304709141271,8.559153952843285,4.253835425383543,0.38756944444444447,7.945304709141271,8.559153952843285,4.253835425383543,0.38756944444444447
7.945304709141271,8.559153952843285,4.253835425383543,0.38756944444444447,7.945304709141271,8.559153952843285,4.253835425383543,0.38756944444444447,7.945304709141271,8.559153952843285,4.253835425383543,0.38756944444444447,7.945304709141271,8.559153952843285,4.253835425383543,0.38756944444444447
7.945304709141271,8.559153952843285,4.253835425383543,0.38756944444444447,7.945304709141271,8.559153952843285,4.253835425383543,0.38756944444444447,7.945304709141271,8.559153952843285,4.253835425383543,0.38756944444444447,7.945304709141271,8.559153952843285,4.253835425383543,0.38756944444444447
7.945304709141271,8.559153952843285,4.253835425383543,0.38756944444444447,7.945304709141271,8.559153952843285,4.253835425383543,0.38756944444444447,7.945304709141271,8.559153952843285,4.253835425383543,0.38756944444444447,7.945304709141271,8.559153952843285,4.253835425383543,0.38756944444444447
8.46,6.55,6.8,0.29,7.945304709141271,8.559153952843285,4.253835425383543,0.38756944444444447,7.945304709141271,8.559153952843285,4.253835425383543,0.38756944444444447,7.945304709141271,8.559153952843285,4.253835425383543,0.38756944444444447
7.945304709141271,8.559153952843285,4.253835425383543,0.38756944444444447,7.945304709141271,8.559153952843285,4.253835425383543,0.38756944444444447,7.945304709141271,8.559153952843285,4.253835425383543,0.38756944444444447,8.46,6.55,6.8,0.29
8.55,7.36,3.8,0.31,7.945304709141271,8.559153952843285,4.253835425383543,0.38756944444444447,8.46,6.55,6.8,0.29,7.945304709141271,8.559153952843285,4.253835425383543,0.38756944444444447
8.37,7.6,5.3,0.3,8.46,6.55,6.8,0.29,7.945304709141271,8.559153952843285,4.253835425383543,0.38756944444444447,8.55,7.36,3.8,0.31
7.31,6.96,5.3,0.28,7.945304709141271,8.559153952843285,4.253835425383543,0.38756944444444447,8.55,7.36,3.8,0.31,8.37,7.6,5.3,0.3
7.945304709141271,8.559153952843285,4.253835425383543,0.38756944444444447,8.55,7.36,3.8,0.31,8.37,7.6,5.3,0.3,7.31,6.96,5.3,0.28
7.945304709141271,8.559153952843285,4.253835425383543,0.38756944444444447,8.37,7.6,5.3,0.3,7.31,6.96,5.3,0.28,7.945304709141271,8.559153952843285,4.253835425383543,0.38756944444444447
7.01,7.49,3.8,0.26,7.31,6.96,5.3,0.28,7.945304709141271,8.559153952843285,4.253835425383543,0.38756944444444447,7.945304709141271,8.559153952843285,4.253835425383543,0.38756944444444447
7.21,8.19,4.2,0.22,7.945304709141271,8.559153952843285,4.253835425383543,0.38756944444444447,7.945304709141271,8.559153952843285,4.253835425383543,0.38756944444444447,7.01,7.49,3.8,0.26
7.945304709141271,8.559153952843285,4.253835425383543,0.38756944444444447,7.945304709141271,8.559153952843285,4.253835425383543,0.38756944444444447,7.01,7.49,3.8,0.26,7.21,8.19,4.2,0.22
7.01,7.36,3.0,0.25,7.01,7.49,3.8,0.26,7.21,8.19,4.2,0.22,7.945304709141271,8.559153952843285,4.253835425383543,0.38756944444444447
7.81,11.0,4.9,0.15,7.21,8.19,4.2,0.22,7.945304709141271,8.559153952843285,4.253835425383543,0.38756944444444447,7.01,7.36,3.0,0.25
7.945304709141271,8.559153952843285,4.253835425383543,0.38756944444444447,7.945304709141271,8.559153952843285,4.253835425383543,0.38756944444444447,7.01,7.36,3.0,0.25,7.81,11.0,4.9,0.15
7.44,9.7,3.2,0.76,7.01,7.36,3.0,0.25,7.81,11.0,4.9,0.15,7.945304709141271,8.559153952843285,4.253835425383543,0.38756944444444447
7.945304709141271,8.559153952843285,4.253835425383543,0.38756944444444447,7.81,11.0,4.9,0.15,7.945304709141271,8.559153952843285,4.253835425383543,0.38756944444444447,7.44,9.7,3.2,0.76
7.945304709141271,8.559153952843285,4.253835425383543,0.38756944444444447,7.945304709141271,8.559153952843285,4.253835425383543,0.38756944444444447,7.44,9.7,3.2,0.76,7.945304709141271,8.559153952843285,4.253835425383543,0.38756944444444447
7.36,9.51,2.4,0.73,7.44,9.7,3.2,0.76,7.945304709141271,8.559153952843285,4.253835425383543,0.38756944444444447,7.945304709141271,8.559153952843285,4.253835425383543,0.38756944444444447
7.945304709141271,8.559153952843285,4.253835425383543,0.38756944444444447,7.945304709141271,8.559153952843285,4.253835425383543,0.38756944444444447,7.945304709141271,8.559153952843285,4.253835425383543,0.38756944444444447,7.36,9.51,2.4,0.73
7.945304709141271,8.559153952843285,4.253835425383543,0.38756944444444447,7.945304709141271,8.559153952843285,4.253835425383543,0.38756944444444447,7.36,9.51,2.4,0.73,7.945304709141271,8.559153952843285,4.253835425383543,0.38756944444444447
7.18,9.14,1.6,0.36,7.36,9.51,2.4,0.73,7.945304709141271,8.559153952843285,4.253835425383543,0.38756944444444447,7.945304709141271,8.559153952843285,4.253835425383543,0.38756944444444447
7.2,7.91,2.7,0.43,7.945304709141271,8.559153952843285,4.253835425383543,0.38756944444444447,7.945304709141271,8.559153952843285,4.253835425383543,0.38756944444444447,7.18,9.14,1.6,0.36
7.945304709141271,8.559153952843285,4.253835425383543,0.38756944444444447,7.945304709141271,8.559153952843285,4.253835425383543,0.38756944444444447,7.18,9.14,1.6,0.36,7.2,7.91,2.7,0.43
7.28,8.35,2.5,0.26,7.18,9.14,1.6,0.36,7.2,7.91,2.7,0.43,7.945304709141271,8.559153952843285,4.253835425383543,0.38756944444444447
7.26,8.56,3.0,0.3,7.2,7.91,2.7,0.43,7.945304709141271,8.559153952843285,4.253835425383543,0.38756944444444447,7.28,8.35,2.5,0.26
7.53,8.13,2.9,0.14,7.945304709141271,8.559153952843285,4.253835425383543,0.38756944444444447,7.28,8.35,2.5,0.26,7.26,8.56,3.0,0.3
7.94,7.65,3.1,0.1,7.28,8.35,2.5,0.26,7.26,8.56,3.0,0.3,7.53,8.13,2.9,0.14
7.53,7.39,3.4,0.08,7.26,8.56,3.0,0.3,7.53,8.13,2.9,0.14,7.94,7.65,3.1,0.1
7.68,7.83,4.2,0.1,7.53,8.13,2.9,0.14,7.94,7.65,3.1,0.1,7.53,7.39,3.4,0.08
7.27,6.25,3.7,0.3,7.94,7.65,3.1,0.1,7.53,7.39,3.4,0.08,7.68,7.83,4.2,0.1
7.19,6.22,2.8,0.24,7.53,7.39,3.4,0.08,7.68,7.83,4.2,0.1,7.27,6.25,3.7,0.3
7.4,6.44,2.5,0.27,7.68,7.83,4.2,0.1,7.27,6.25,3.7,0.3,7.19,6.22,2.8,0.24
7.88,6.42,3.2,0.17,7.27,6.25,3.7,0.3,7.19,6.22,2.8,0.24,7.4,6.44,2.5,0.27
7.945304709141271,8.559153952843285,4.253835425383543,0.38756944444444447,7.19,6.22,2.8,0.24,7.4,6.44,2.5,0.27,7.88,6.42,3.2,0.17
7.28,6.94,3.8,0.25,7.4,6.44,2.5,0.27,7.88,6.42,3.2,0.17,7.945304709141271,8.559153952843285,4.253835425383543,0.38756944444444447
7.945304709141271,8.559153952843285,4.253835425383543,0.38756944444444447,7.88,6.42,3.2,0.17,7.945304709141271,8.559153952843285,4.253835425383543,0.38756944444444447,7.28,6.94,3.8,0.25
7.59,5.31,3.8,0.18,7.945304709141271,8.559153952843285,4.253835425383543,0.38756944444444447,7.28,6.94,3.8,0.25,7.945304709141271,8.559153952843285,4.253835425383543,0.38756944444444447
7.945304709141271,8.559153952843285,4.253835425383543,0.38756944444444447,7.28,6.94,3.8,0.25,7.945304709141271,8.559153952843285,4.253835425383543,0.38756944444444447,7.59,5.31,3.8,0.18
7.945304709141271,8.559153952843285,4.253835425383543,0.38756944444444447,7.945304709141271,8.559153952843285,4.253835425383543,0.38756944444444447,7.59,5.31,3.8,0.18,7.945304709141271,8.559153952843285,4.253835425383543,0.38756944444444447
7.945304709141271,8.559153952843285,4.253835425383543,0.38756944444444447,7.59,5.31,3.8,0.18,7.945304709141271,8.559153952843285,4.253835425383543,0.38756944444444447,7.945304709141271,8.559153952843285,4.253835425383543,0.38756944444444447
7.945304709141271,8.559153952843285,4.253835425383543,0.38756944444444447,7.945304709141271,8.559153952843285,4.253835425383543,0.38756944444444447,7.945304709141271,8.559153952843285,4.253835425383543,0.38756944444444447,7.945304709141271,8.559153952843285,4.253835425383543,0.38756944444444447
7.945304709141271,8.559153952843285,4.253835425383543,0.38756944444444447,7.945304709141271,8.559153952843285,4.253835425383543,0.38756944444444447,7.945304709141271,8.559153952843285,4.253835425383543,0.38756944444444447,7.945304709141271,8.559153952843285,4.253835425383543,0.38756944444444447
7.945304709141271,8.559153952843285,4.253835425383543,0.38756944444444447,7.945304709141271,8.559153952843285,4.253835425383543,0.38756944444444447,7.945304709141271,8.559153952843285,4.253835425383543,0.38756944444444447,7.945304709141271,8.559153952843285,4.253835425383543,0.38756944444444447
7.83,5.71,3.2,0.14,7.945304709141271,8.559153952843285,4.253835425383543,0.38756944444444447,7.945304709141271,8.559153952843285,4.253835425383543,0.38756944444444447,7.945304709141271,8.559153952843285,4.253835425383543,0.38756944444444447
6.99,5.84,2.5,0.13,7.945304709141271,8.559153952843285,4.253835425383543,0.38756944444444447,7.945304709141271,8.559153952843285,4.253835425383543,0.38756944444444447,7.83,5.71,3.2,0.14
7.945304709141271,8.559153952843285,4.253835425383543,0.38756944444444447,7.945304709141271,8.559153952843285,4.253835425383543,0.38756944444444447,7.83,5.71,3.2,0.14,6.99,5.84,2.5,0.13
7.945304709141271,8.559153952843285,4.253835425383543,0.38756944444444447,7.83,5.71,3.2,0.14,6.99,5.84,2.5,0.13,7.945304709141271,8.559153952843285,4.253835425383543,0.38756944444444447
7.945304709141271,8.559153952843285,4.253835425383543,0.38756944444444447,6.99,5.84,2.5,0.13,7.945304709141271,8.559153952843285,4.253835425383543,0.38756944444444447,7.945304709141271,8.559153952843285,4.253835425383543,0.38756944444444447
7.82,6.25,3.3,0.21,7.945304709141271,8.559153952843285,4.253835425383543,0.38756944444444447,7.945304709141271,8.559153952843285,4.253835425383543,0.38756944444444447,7.945304709141271,8.559153952843285,4.253835425383543,0.38756944444444447
7.945304709141271,8.559153952843285,4.253835425383543,0.38756944444444447,7.945304709141271,8.559153952843285,4.253835425383543,0.38756944444444447,7.945304709141271,8.559153952843285,4.253835425383543,0.38756944444444447,7.82,6.25,3.3,0.21
7.07,5.13,2.9,0.26,7.945304709141271,8.559153952843285,4.253835425383543,0.38756944444444447,7.82,6.25,3.3,0.21,7.945304709141271,8.559153952843285,4.253835425383543,0.38756944444444447
7.945304709141271,8.559153952843285,4.253835425383543,0.38756944444444447,7.82,6.25,3.3,0.21,7.945304709141271,8.559153952843285,4.253835425383543,0.38756944444444447,7.07,5.13,2.9,0.26
7.945304709141271,8.559153952843285,4.253835425383543,0.38756944444444447,7.945304709141271,8.559153952843285,4.253835425383543,0.38756944444444447,7.07,5.13,2.9,0.26,7.945304709141271,8.559153952843285,4.253835425383543,0.38756944444444447
7.945304709141271,8.559153952843285,4.253835425383543,0.38756944444444447,7.07,5.13,2.9,0.26,7.945304709141271,8.559153952843285,4.253835425383543,0.38756944444444447,7.945304709141271,8.559153952843285,4.253835425383543,0.38756944444444447
7.945304709141271,8.559153952843285,4.253835425383543,0.38756944444444447,7.945304709141271,8.559153952843285,4.253835425383543,0.38756944444444447,7.945304709141271,8.559153952843285,4.253835425383543,0.38756944444444447,7.945304709141271,8.559153952843285,4.253835425383543,0.38756944444444447
7.945304709141271,8.559153952843285,4.253835425383543,0.38756944444444447,7.945304709141271,8.559153952843285,4.253835425383543,0.38756944444444447,7.945304709141271,8.559153952843285,4.253835425383543,0.38756944444444447,7.945304709141271,8.559153952843285,4.253835425383543,0.38756944444444447
7.72,7.84,3.6,0.25,7.945304709141271,8.559153952843285,4.253835425383543,0.38756944444444447,7.945304709141271,8.559153952843285,4.253835425383543,0.38756944444444447,7.945304709141271,8.559153952843285,4.253835425383543,0.38756944444444447
7.6,7.58,4.2,0.37,7.945304709141271,8.559153952843285,4.253835425383543,0.38756944444444447,7.945304709141271,8.559153952843285,4.253835425383543,0.38756944444444447,7.72,7.84,3.6,0.25
7.75,8.82,3.7,0.23,7.945304709141271,8.559153952843285,4.253835425383543,0.38756944444444447,7.72,7.84,3.6,0.25,7.6,7.58,4.2,0.37
7.945304709141271,8.559153952843285,4.253835425383543,0.38756944444444447,7.72,7.84,3.6,0.25,7.6,7.58,4.2,0.37,7.75,8.82,3.7,0.23
7.945304709141271,8.559153952843285,4.253835425383543,0.38756944444444447,7.6,7.58,4.2,0.37,7.75,8.82,3.7,0.23,7.945304709141271,8.559153952843285,4.253835425383543,0.38756944444444447
7.945304709141271,8.559153952843285,4.253835425383543,0.38756944444444447,7.75,8.82,3.7,0.23,7.945304709141271,8.559153952843285,4.253835425383543,0.38756944444444447,7.945304709141271,8.559153952843285,4.253835425383543,0.38756944444444447
7.945304709141271,8.559153952843285,4.253835425383543,0.38756944444444447,7.945304709141271,8.559153952843285,4.253835425383543,0.38756944444444447,7.945304709141271,8.559153952843285,4.253835425383543,0.38756944444444447,7.945304709141271,8.559153952843285,4.253835425383543,0.38756944444444447
7.63,8.25,3.6,0.44,7.945304709141271,8.559153952843285,4.253835425383543,0.38756944444444447,7.945304709141271,8.559153952843285,4.253835425383543,0.38756944444444447,7.945304709141271,8.559153952843285,4.253835425383543,0.38756944444444447
7.66,8.18,3.1,0.41,7.945304709141271,8.559153952843285,4.253835425383543,0.38756944444444447,7.945304709141271,8.559153952843285,4.253835425383543,0.38756944444444447,7.63,8.25,3.6,0.44
