7.780041666666657,8.798375000000002,2.258055555555553,0.1964375876577839,7.28,8.05,3.5,1.6,7.12,9.52,3.2,1.81
6.15,11.0,2.6,1.46,7.12,9.52,3.2,1.81,7.780041666666657,8.798375000000002,2.258055555555553,0.1964375876577839
6.73,11.2,2.6,1.64,7.780041666666657,8.798375000000002,2.258055555555553,0.1964375876577839,6.15,11.0,2.6,1.46
7.04,10.7,2.6,1.43,6.15,11.0,2.6,1.46,6.73,11.2,2.6,1.64
6.91,12.3,2.7,1.51,6.73,11.2,2.6,1.64,7.04,10.7,2.6,1.43
6.6,14.1,2.5,0.96,7.04,10.7,2.6,1.43,6.91,12.3,2.7,1.51
6.96,14.2,2.4,0.81,6.91,12.3,2.7,1.51,6.6,14.1,2.5,0.96
6.96,14.2,2.4,0.81,6.6,14.1,2.5,0.96,6.96,14.2,2.4,0.81
8.07,14.4,2.6,2.0,6.96,14.2,2.4,0.81,6.96,14.2,2.4,0.81
7.81,11.3,2.9,1.17,6.96,14.2,2.4,0.81,8.07,14.4,2.6,2.0
8.08,12.5,2.5,1.34,8.07,14.4,2.6,2.0,7.81,11.3,2.9,1.17
8.16,13.6,2.0,1.4,7.81,11.3,2.9,1.17,8.08,12.5,2.5,1.34
8.1,8.73,1.6,0.88,8.08,12.5,2.5,1.34,8.16,13.6,2.0,1.4
7.95,6.34,2.2,0.95,8.16,13.6,2.0,1.4,8.1,8.73,1.6,0.88
7.95,5.81,2.2,0.69,8.1,8.73,1.6,0.88,7.95,6.34,2.2,0.95
7.86,5.07,2.8,0.95,7.95,6.34,2.2,0.95,7.95,5.81,2.2,0.69
8.13,5.92,3.6,0.13,7.95,5.81,2.2,0.69,7.86,5.07,2.8,0.95
8.21,6.32,2.5,0.21,7.86,5.07,2.8,0.95,8.13,5.92,3.6,0.13
8.18,7.37,3.6,0.07,8.13,5.92,3.6,0.13,8.21,6.32,2.5,0.21
8.09,7.58,2.2,0.03,8.21,6.32,2.5,0.21,8.18,7.37,3.6,0.07
8.06,7.89,3.3,0.05,8.18,7.37,3.6,0.07,8.09,7.58,2.2,0.03
8.05,8.48,4.6,0.05,8.09,7.58,2.2,0.03,8.06,7.89,3.3,0.05
7.94,9.1,4.7,0.06,8.06,7.89,3.3,0.05,8.05,8.48,4.6,0.05
8.04,8.78,3.3,0.07,8.05,8.48,4.6,0.05,7.94,9.1,4.7,0.06
7.78,7.96,4.6,0.15,7.94,9.1,4.7,0.06,8.04,8.78,3.3,0.07
7.780041666666657,8.798375000000002,2.258055555555553,0.1964375876577839,8.04,8.78,3.3,0.07,7.78,7.96,4.6,0.15
7.780041666666657,8.798375000000002,2.258055555555553,0.1964375876577839,7.78,7.96,4.6,0.15,7.780041666666657,8.798375000000002,2.258055555555553,0.1964375876577839
7.780041666666657,8.798375000000002,2.258055555555553,0.1964375876577839,7.780041666666657,8.798375000000002,2.258055555555553,0.1964375876577839,7.780041666666657,8.798375000000002,2.258055555555553,0.1964375876577839
8.03,7.42,4.1,0.11,7.780041666666657,8.798375000000002,2.258055555555553,0.1964375876577839,7.780041666666657,8.798375000000002,2.258055555555553,0.1964375876577839
8.04,7.49,3.9,0.16,7.780041666666657,8.798375000000002,2.258055555555553,0.1964375876577839,8.03,7.42,4.1,0.11
8.02,7.56,3.5,0.12,8.03,7.42,4.1,0.11,8.04,7.49,3.9,0.16
8.23,7.68,4.0,0.11,8.04,7.49,3.9,0.16,8.02,7.56,3.5,0.12
8.26,8.3,2.2,0.11,8.02,7.56,3.5,0.12,8.23,7.68,4.0,0.11
8.13,8.5,2.5,0.07,8.23,7.68,4.0,0.11,8.26,8.3,2.2,0.11
8.17,8.83,3.9,0.04,8.26,8.3,2.2,0.11,8.13,8.5,2.5,0.07
8.2,6.74,3.2,0.04,8.13,8.5,2.5,0.07,8.17,8.83,3.9,0.04
7.780041666666657,8.798375000000002,2.258055555555553,0.1964375876577839,8.17,8.83,3.9,0.04,8.2,6.74,3.2,0.04
8.23,8.66,1.3,0.05,8.2,6.74,3.2,0.04,7.780041666666657,8.798375000000002,2.258055555555553,0.1964375876577839
8.09,9.05,1.1,0.06,7.780041666666657,8.798375000000002,2.258055555555553,0.1964375876577839,8.23,8.66,1.3,0.05
8.26,8.84,0.8,0.07,8.23,8.66,1.3,0.05,8.09,9.05,1.1,0.06
8.21,8.96,1.0,0.07,8.09,9.05,1.1,0.06,8.26,8.84,0.8,0.07
8.12,8.84,1.0,0.06,8.26,8.84,0.8,0.07,8.21,8.96,1.0,0.07
8.16,8.87,1.3,0.09,8.21,8.96,1.0,0.07,8.12,8.84,1.0,0.06
7.94,8.72,1.9,0.13,8.12,8.84,1.0,0.06,8.16,8.87,1.3,0.09
7.96,9.21,3.0,0.11,8.16,8.87,1.3,0.09,7.94,8.72,1.9,0.13
8.08,9.53,2.8,0.14,7.94,8.72,1.9,0.13,7.96,9.21,3.0,0.11
8.25,9.26,3.0,0.18,7.96,9.21,3.0,0.11,8.08,9.53,2.8,0.14
8.22,9.51,4.6,0.21,8.08,9.53,2.8,0.14,8.25,9.26,3.0,0.18
8.02,8.66,3.1,0.2,8.25,9.26,3.0,0.18,8.22,9.51,4.6,0.21
8.17,9.32,1.6,0.24,8.22,9.51,4.6,0.21,8.02,8.66,3.1,0.2
8.2,10.9,0.7,0.28,8.02,8.66,3.1,0.2,8.17,9.32,1.6,0.24
8.4,11.4,1.7,0.29,8.17,9.32,1.6,0.24,8.2,10.9,0.7,0.28
8.35,11.3,0.9,0.35,8.2,10.9,0.7,0.28,8.4,11.4,1.7,0.29
8.35,10.7,1.1,0.36,8.4,11.4,1.7,0.29,8.35,11.3,0.9,0.35
8.21,10.8,2.0,0.24,8.35,11.3,0.9,0.35,8.35,10.7,1.1,0.36
8.32,10.2,1.3,0.4,8.35,10.7,1.1,0.36,8.21,10.8,2.0,0.24
7.780041666666657,8.798375000000002,2.258055555555553,0.1964375876577839,8.21,10.8,2.0,0.24,8.32,10.2,1.3,0.4
8.32,11.2,1.3,0.3,8.32,10.2,1.3,0.4,7.780041666666657,8.798375000000002,2.258055555555553,0.1964375876577839
8.34,10.2,1.1,0.3,7.780041666666657,8.798375000000002,2.258055555555553,0.1964375876577839,8.32,11.2,1.3,0.3
8.27,8.88,1.1,0.32,8.32,11.2,1.3,0.3,8.34,10.2,1.1,0.3
8.27,8.17,0.7,0.32,8.34,10.2,1.1,0.3,8.27,8.88,1.1,0.32
8.08,7.88,1.1,0.44,8.27,8.88,1.1,0.32,8.27,8.17,0.7,0.32
8.18,7.85,3.2,0.35,8.27,8.17,0.7,0.32,8.08,7.88,1.1,0.44
8.32,7.84,1.2,0.17,8.08,7.88,1.1,0.44,8.18,7.85,3.2,0.35
8.25,7.73,2.0,0.26,8.18,7.85,3.2,0.35,8.32,7.84,1.2,0.17
8.2,7.76,1.6,0.32,8.32,7.84,1.2,0.17,8.25,7.73,2.0,0.26
8.26,8.1,1.5,0.08,8.25,7.73,2.0,0.26,8.2,7.76,1.6,0.32
8.56,8.05,1.6,0.38,8.2,7.76,1.6,0.32,8.26,8.1,1.5,0.08
8.25,6.54,2.8,0.12,8.26,8.1,1.5,0.08,8.56,8.05,1.6,0.38
8.16,6.68,4.8,0.1,8.56,8.05,1.6,0.38,8.25,6.54,2.8,0.12
8.16,7.07,9.8,0.04,8.25,6.54,2.8,0.12,8.16,6.68,4.8,0.1
8.35,7.46,1.9,0.07,8.16,6.68,4.8,0.1,8.16,7.07,9.8,0.04
8.39,7.33,2.5,0.07,8.16,7.07,9.8,0.04,8.35,7.46,1.9,0.07
8.32,7.37,2.7,0.03,8.35,7.46,1.9,0.07,8.39,7.33,2.5,0.07
8.08,7.45,2.8,0.06,8.39,7.33,2.5,0.07,8.32,7.37,2.7,0.03
8.16,7.75,1.4,0.06,8.32,7.37,2.7,0.03,8.08,7.45,2.8,0.06
8.4,7.06,2.6,0.04,8.08,7.45,2.8,0.06,8.16,7.75,1.4,0.06
8.57,7.13,2.2,0.12,8.16,7.75,1.4,0.06,8.4,7.06,2.6,0.04
8.65,7.87,2.3,0.17,8.4,7.06,2.6,0.04,8.57,7.13,2.2,0.12
8.55,7.14,2.7,0.05,8.57,7.13,2.2,0.12,8.65,7.87,2.3,0.17
8.5,7.14,3.3,0.06,8.65,7.87,2.3,0.17,8.55,7.14,2.7,0.05
8.38,7.77,3.7,0.08,8.55,7.14,2.7,0.05,8.5,7.14,3.3,0.06
8.61,7.63,3.1,0.08,8.5,7.14,3.3,0.06,8.38,7.77,3.7,0.08
8.65,8.12,2.8,0.09,8.38,7.77,3.7,0.08,8.61,7.63,3.1,0.08
8.63,8.61,2.4,0.1,8.61,7.63,3.1,0.08,8.65,8.12,2.8,0.09
8.59,8.29,3.3,0.09,8.65,8.12,2.8,0.09,8.63,8.61,2.4,0.1
8.79,8.19,2.1,0.09,8.63,8.61,2.4,0.1,8.59,8.29,3.3,0.09
8.58,7.48,1.3,0.2,8.59,8.29,3.3,0.09,8.79,8.19,2.1,0.09
8.65,6.92,2.3,0.09,8.79,8.19,2.1,0.09,8.58,7.48,1.3,0.2
8.61,7.71,1.7,0.07,8.58,7.48,1.3,0.2,8.65,6.92,2.3,0.09
8.48,8.77,2.4,0.07,8.65,6.92,2.3,0.09,8.61,7.71,1.7,0.07
8.49,9.02,3.3,0.09,8.61,7.71,1.7,0.07,8.48,8.77,2.4,0.07
8.79,8.31,4.2,0.1,8.48,8.77,2.4,0.07,8.49,9.02,3.3,0.09
8.52,8.27,3.8,0.12,8.49,9.02,3.3,0.09,8.79,8.31,4.2,0.1
8.15,8.68,3.9,0.11,8.79,8.31,4.2,0.1,8.52,8.27,3.8,0.12
7.5,9.42,3.0,0.06,8.52,8.27,3.8,0.12,8.15,8.68,3.9,0.11
6.92,9.81,3.6,0.12,8.15,8.68,3.9,0.11,7.5,9.42,3.0,0.06
7.11,10.6,2.8,0.12,7.5,9.42,3.0,0.06,6.92,9.81,3.6,0.12
8.05,10.3,2.0,0.12,6.92,9.81,3.6,0.12,7.11,10.6,2.8,0.12
8.09,10.5,2.1,0.18,7.11,10.6,2.8,0.12,8.05,10.3,2.0,0.12
8.08,10.9,2.0,0.19,8.05,10.3,2.0,0.12,8.09,10.5,2.1,0.18
8.13,10.7,2.2,0.18,8.09,10.5,2.1,0.18,8.08,10.9,2.0,0.19
8.07,10.2,1.5,0.2,8.08,10.9,2.0,0.19,8.13,10.7,2.2,0.18
8.08,10.5,2.1,0.24,8.13,10.7,2.2,0.18,8.07,10.2,1.5,0.2
8.24,10.5,1.7,0.31,8.07,10.2,1.5,0.2,8.08,10.5,2.1,0.24
8.24,10.5,1.9,0.31,8.08,10.5,2.1,0.24,8.24,10.5,1.7,0.31
8.34,10.7,1.2,0.36,8.24,10.5,1.7,0.31,8.24,10.5,1.9,0.31
8.45,10.9,1.7,0.27,8.24,10.5,1.9,0.31,8.34,10.7,1.2,0.36
8.56,11.2,1.6,0.23,8.34,10.7,1.2,0.36,8.45,10.9,1.7,0.27
8.49,11.4,1.1,0.26,8.45,10.9,1.7,0.27,8.56,11.2,1.6,0.23
8.49,11.5,1.2,0.28,8.56,11.2,1.6,0.23,8.49,11.4,1.1,0.26
8.23,9.72,1.1,0.26,8.49,11.4,1.1,0.26,8.49,11.5,1.2,0.28
8.18,8.33,1.0,0.17,8.49,11.5,1.2,0.28,8.23,9.72,1.1,0.26
8.03,8.99,1.2,0.43,8.23,9.72,1.1,0.26,8.18,8.33,1.0,0.17
8.11,8.61,1.1,0.17,8.18,8.33,1.0,0.17,8.03,8.99,1.2,0.43
7.99,8.45,1.4,0.13,8.03,8.99,1.2,0.43,8.11,8.61,1.1,0.17
7.86,8.96,1.6,0.07,8.11,8.61,1.1,0.17,7.99,8.45,1.4,0.13
7.45,7.8,2.1,0.09,7.99,8.45,1.4,0.13,7.86,8.96,1.6,0.07
7.88,7.88,1.4,0.12,7.86,8.96,1.6,0.07,7.45,7.8,2.1,0.09
7.780041666666657,8.798375000000002,2.258055555555553,0.1964375876577839,7.45,7.8,2.1,0.09,7.88,7.88,1.4,0.12
7.61,6.82,2.4,0.11,7.88,7.88,1.4,0.12,7.780041666666657,8.798375000000002,2.258055555555553,0.1964375876577839
7.58,7.21,1.9,0.12,7.780041666666657,8.798375000000002,2.258055555555553,0.1964375876577839,7.61,6.82,2.4,0.11
7.72,7.7,1.9,0.1,7.61,6.82,2.4,0.11,7.58,7.21,1.9,0.12
7.74,7.5,1.4,0.06,7.58,7.21,1.9,0.12,7.72,7.7,1.9,0.1
7.61,7.81,1.2,0.08,7.72,7.7,1.9,0.1,7.74,7.5,1.4,0.06
8.02,8.35,3.8,0.11,7.74,7.5,1.4,0.06,7.61,7.81,1.2,0.08
7.780041666666657,8.798375000000002,2.258055555555553,0.1964375876577839,7.61,7.81,1.2,0.08,8.02,8.35,3.8,0.11
7.6,8.79,1.9,0.07,8.02,8.35,3.8,0.11,7.780041666666657,8.798375000000002,2.258055555555553,0.1964375876577839
7.39,8.45,1.9,0.06,7.780041666666657,8.798375000000002,2.258055555555553,0.1964375876577839,7.6,8.79,1.9,0.07
7.56,8.42,3.6,0.08,7.6,8.79,1.9,0.07,7.39,8.45,1.9,0.06
7.48,8.36,3.4,0.16,7.39,8.45,1.9,0.06,7.56,8.42,3.6,0.08
7.86,8.07,2.7,0.13,7.56,8.42,3.6,0.08,7.48,8.36,3.4,0.16
7.89,8.29,2.3,0.16,7.48,8.36,3.4,0.16,7.86,8.07,2.7,0.13
7.95,8.08,1.4,0.1964375876577839,7.86,8.07,2.7,0.13,7.89,8.29,2.3,0.16
7.72,7.79,1.4,0.1964375876577839,7.89,8.29,2.3,0.16,7.95,8.08,1.4,0.1964375876577839
7.96,7.8,1.5,0.1964375876577839,7.95,8.08,1.4,0.1964375876577839,7.72,7.79,1.4,0.1964375876577839
7.7,8.28,1.9,0.1964375876577839,7.72,7.79,1.4,0.1964375876577839,7.96,7.8,1.5,0.1964375876577839
7.78,8.12,2.1,0.01,7.96,7.8,1.5,0.1964375876577839,7.7,8.28,1.9,0.1964375876577839
7.8,8.54,3.9,0.1964375876577839,7.7,8.28,1.9,0.1964375876577839,7.78,8.12,2.1,0.01
8.02,9.17,1.2,0.1964375876577839,7.78,8.12,2.1,0.01,7.8,8.54,3.9,0.1964375876577839
7.79,9.11,1.8,0.1964375876577839,7.8,8.54,3.9,0.1964375876577839,8.02,9.17,1.2,0.1964375876577839
7.9,9.08,1.5,0.05,8.02,9.17,1.2,0.1964375876577839,7.79,9.11,1.8,0.1964375876577839
7.82,9.23,1.7,0.11,7.79,9.11,1.8,0.1964375876577839,7.9,9.08,1.5,0.05
7.81,9.32,1.5,0.07,7.9,9.08,1.5,0.05,7.82,9.23,1.7,0.11
7.94,9.25,1.4,0.05,7.82,9.23,1.7,0.11,7.81,9.32,1.5,0.07
7.95,9.43,1.5,0.08,7.81,9.32,1.5,0.07,7.94,9.25,1.4,0.05
7.66,9.42,1.3,0.1,7.94,9.25,1.4,0.05,7.95,9.43,1.5,0.08
8.05,9.64,1.3,0.09,7.95,9.43,1.5,0.08,7.66,9.42,1.3,0.1
8.04,9.83,1.2,0.09,7.66,9.42,1.3,0.1,8.05,9.64,1.3,0.09
7.82,10.2,1.4,0.08,8.05,9.64,1.3,0.09,8.04,9.83,1.2,0.09
8.05,10.6,1.3,0.1,8.04,9.83,1.2,0.09,7.82,10.2,1.4,0.08
8.14,10.9,1.3,0.11,7.82,10.2,1.4,0.08,8.05,10.6,1.3,0.1
8.03,11.1,1.3,0.13,8.05,10.6,1.3,0.1,8.14,10.9,1.3,0.11
7.91,11.2,1.4,0.17,8.14,10.9,1.3,0.11,8.03,11.1,1.3,0.13
7.780041666666657,8.798375000000002,2.258055555555553,0.1964375876577839,8.03,11.1,1.3,0.13,7.91,11.2,1.4,0.17
8.11,11.4,1.5,0.24,7.91,11.2,1.4,0.17,7.780041666666657,8.798375000000002,2.258055555555553,0.1964375876577839
8.11,11.7,1.8,0.28,7.780041666666657,8.798375000000002,2.258055555555553,0.1964375876577839,8.11,11.4,1.5,0.24
8.22,9.77,1.8,0.3,8.11,11.4,1.5,0.24,8.11,11.7,1.8,0.28
8.28,11.3,1.9,0.35,8.11,11.7,1.8,0.28,8.22,9.77,1.8,0.3
8.32,11.1,1.8,0.1,8.22,9.77,1.8,0.3,8.28,11.3,1.9,0.35
8.09,10.8,2.4,0.18,8.28,11.3,1.9,0.35,8.32,11.1,1.8,0.1
7.99,10.4,2.1,0.16,8.32,11.1,1.8,0.1,8.09,10.8,2.4,0.18
8.26,9.72,1.6,0.11,8.09,10.8,2.4,0.18,7.99,10.4,2.1,0.16
8.27,9.55,1.7,0.1,7.99,10.4,2.1,0.16,8.26,9.72,1.6,0.11
8.14,10.3,1.3,0.12,8.26,9.72,1.6,0.11,8.27,9.55,1.7,0.1
7.93,10.4,1.9,0.3,8.27,9.55,1.7,0.1,8.14,10.3,1.3,0.12
8.22,9.94,2.0,0.14,8.14,10.3,1.3,0.12,7.93,10.4,1.9,0.3
8.21,9.23,1.3,0.11,7.93,10.4,1.9,0.3,8.22,9.94,2.0,0.14
8.2,9.79,1.5,0.12,8.22,9.94,2.0,0.14,8.21,9.23,1.3,0.11
8.31,9.55,2.4,0.15,8.21,9.23,1.3,0.11,8.2,9.79,1.5,0.12
8.59,8.81,2.3,0.08,8.2,9.79,1.5,0.12,8.31,9.55,2.4,0.15
8.45,9.19,2.6,0.15,8.31,9.55,2.4,0.15,8.59,8.81,2.3,0.08
8.45,9.01,2.6,0.15,8.59,8.81,2.3,0.08,8.45,9.19,2.6,0.15
8.28,8.74,2.8,0.15,8.45,9.19,2.6,0.15,8.45,9.01,2.6,0.15
8.36,8.96,2.6,0.13,8.45,9.01,2.6,0.15,8.28,8.74,2.8,0.15
8.58,8.59,2.7,0.08,8.28,8.74,2.8,0.15,8.36,8.96,2.6,0.13
8.51,8.54,3.6,0.07,8.36,8.96,2.6,0.13,8.58,8.59,2.7,0.08
8.55,8.76,4.1,0.1,8.58,8.59,2.7,0.08,8.51,8.54,3.6,0.07
8.53,8.94,3.4,0.11,8.51,8.54,3.6,0.07,8.55,8.76,4.1,0.1
8.23,8.71,2.6,0.1,8.55,8.76,4.1,0.1,8.53,8.94,3.4,0.11
8.11,8.29,2.0,0.08,8.53,8.94,3.4,0.11,8.23,8.71,2.6,0.1
8.25,8.46,3.7,0.18,8.23,8.71,2.6,0.1,8.11,8.29,2.0,0.08
8.32,8.48,6.8,0.16,8.11,8.29,2.0,0.08,8.25,8.46,3.7,0.18
8.26,8.44,5.5,0.15,8.25,8.46,3.7,0.18,8.32,8.48,6.8,0.16
8.37,8.6,3.3,0.13,8.32,8.48,6.8,0.16,8.26,8.44,5.5,0.15
8.31,8.42,2.7,0.16,8.26,8.44,5.5,0.15,8.37,8.6,3.3,0.13
7.780041666666657,8.798375000000002,2.258055555555553,0.1964375876577839,8.37,8.6,3.3,0.13,8.31,8.42,2.7,0.16
7.89,8.38,3.1,0.19,8.31,8.42,2.7,0.16,7.780041666666657,8.798375000000002,2.258055555555553,0.1964375876577839
8.4,8.27,3.2,0.14,7.780041666666657,8.798375000000002,2.258055555555553,0.1964375876577839,7.89,8.38,3.1,0.19
8.54,8.38,5.4,0.23,7.89,8.38,3.1,0.19,8.4,8.27,3.2,0.14
8.69,8.76,2.2,0.13,8.4,8.27,3.2,0.14,8.54,8.38,5.4,0.23
8.69,9.08,2.2,0.12,8.54,8.38,5.4,0.23,8.69,8.76,2.2,0.13
8.53,8.85,2.5,0.11,8.69,8.76,2.2,0.13,8.69,9.08,2.2,0.12
8.9,9.04,2.3,0.17,8.69,9.08,2.2,0.12,8.53,8.85,2.5,0.11
8.88,8.82,2.9,0.12,8.53,8.85,2.5,0.11,8.9,9.04,2.3,0.17
8.81,9.1,2.4,0.14,8.9,9.04,2.3,0.17,8.88,8.82,2.9,0.12
8.84,9.28,2.2,0.14,8.88,8.82,2.9,0.12,8.81,9.1,2.4,0.14
8.78,9.33,1.3,0.14,8.81,9.1,2.4,0.14,8.84,9.28,2.2,0.14
8.63,9.79,2.5,0.17,8.84,9.28,2.2,0.14,8.78,9.33,1.3,0.14
8.55,9.55,2.4,0.16,8.78,9.33,1.3,0.14,8.63,9.79,2.5,0.17
8.25,9.8,2.2,0.18,8.63,9.79,2.5,0.17,8.55,9.55,2.4,0.16
7.9,10.2,2.0,0.18,8.55,9.55,2.4,0.16,8.25,9.8,2.2,0.18
7.88,11.5,1.9,0.18,8.25,9.8,2.2,0.18,7.9,10.2,2.0,0.18
7.91,11.2,1.8,0.2,7.9,10.2,2.0,0.18,7.88,11.5,1.9,0.18
7.92,11.1,1.9,0.22,7.88,11.5,1.9,0.18,7.91,11.2,1.8,0.2
7.95,11.4,1.8,0.23,7.91,11.2,1.8,0.2,7.92,11.1,1.9,0.22
8.0,10.6,2.5,0.18,7.92,11.1,1.9,0.22,7.95,11.4,1.8,0.23
8.79,11.1,3.2,0.18,7.95,11.4,1.8,0.23,8.0,10.6,2.5,0.18
8.38,9.05,2.6,0.31,8.0,10.6,2.5,0.18,8.79,11.1,3.2,0.18
8.4,9.69,2.0,0.35,8.79,11.1,3.2,0.18,8.38,9.05,2.6,0.31
8.46,9.38,2.0,0.3,8.38,9.05,2.6,0.31,8.4,9.69,2.0,0.35
8.45,9.24,1.5,0.41,8.4,9.69,2.0,0.35,8.46,9.38,2.0,0.3
7.780041666666657,8.798375000000002,2.258055555555553,0.1964375876577839,8.46,9.38,2.0,0.3,8.45,9.24,1.5,0.41
8.6,9.48,2.3,0.25,8.45,9.24,1.5,0.41,7.780041666666657,8.798375000000002,2.258055555555553,0.1964375876577839
8.6,9.49,2.4,0.16,7.780041666666657,8.798375000000002,2.258055555555553,0.1964375876577839,8.6,9.48,2.3,0.25
8.57,9.54,2.2,0.18,8.6,9.48,2.3,0.25,8.6,9.49,2.4,0.16
8.54,8.17,2.4,0.19,8.6,9.49,2.4,0.16,8.57,9.54,2.2,0.18
8.32,7.43,2.3,0.17,8.57,9.54,2.2,0.18,8.54,8.17,2.4,0.19
8.2,6.44,2.0,0.18,8.54,8.17,2.4,0.19,8.32,7.43,2.3,0.17
8.21,6.78,1.7,0.17,8.32,7.43,2.3,0.17,8.2,6.44,2.0,0.18
8.8,8.28,2.3,0.19,8.2,6.44,2.0,0.18,8.21,6.78,1.7,0.17
8.99,8.31,1.6,0.13,8.21,6.78,1.7,0.17,8.8,8.28,2.3,0.19
8.94,8.27,1.7,0.1,8.8,8.28,2.3,0.19,8.99,8.31,1.6,0.13
8.18,8.31,3.3,0.15,8.99,8.31,1.6,0.13,8.94,8.27,1.7,0.1
7.37,8.53,2.7,0.18,8.94,8.27,1.7,0.1,8.18,8.31,3.3,0.15
7.41,8.34,1.7,0.16,8.18,8.31,3.3,0.15,7.37,8.53,2.7,0.18
7.24,8.15,2.6,0.17,7.37,8.53,2.7,0.18,7.41,8.34,1.7,0.16
7.41,8.71,2.6,0.12,7.41,8.34,1.7,0.16,7.24,8.15,2.6,0.17
7.45,9.07,2.2,0.13,7.24,8.15,2.6,0.17,7.41,8.71,2.6,0.12
7.52,8.73,1.6,0.1,7.41,8.71,2.6,0.12,7.45,9.07,2.2,0.13
7.52,7.74,1.9,0.09,7.45,9.07,2.2,0.13,7.52,8.73,1.6,0.1
7.45,7.58,2.4,0.09,7.52,8.73,1.6,0.1,7.52,7.74,1.9,0.09
7.58,8.35,2.0,0.19,7.52,7.74,1.9,0.09,7.45,7.58,2.4,0.09
7.31,8.86,2.1,0.12,7.45,7.58,2.4,0.09,7.58,8.35,2.0,0.19
7.42,8.18,1.9,0.07,7.58,8.35,2.0,0.19,7.31,8.86,2.1,0.12
7.36,7.53,2.1,0.08,7.31,8.86,2.1,0.12,7.42,8.18,1.9,0.07
7.2,6.67,3.2,0.07,7.42,8.18,1.9,0.07,7.36,7.53,2.1,0.08
7.32,7.19,3.2,0.08,7.36,7.53,2.1,0.08,7.2,6.67,3.2,0.07
7.25,7.83,4.3,0.08,7.2,6.67,3.2,0.07,7.32,7.19,3.2,0.08
7.45,8.59,2.9,0.06,7.32,7.19,3.2,0.08,7.25,7.83,4.3,0.08
7.44,8.47,2.4,0.06,7.25,7.83,4.3,0.08,7.45,8.59,2.9,0.06
7.46,8.74,1.8,0.06,7.45,8.59,2.9,0.06,7.44,8.47,2.4,0.06
7.62,9.26,2.4,0.11,7.44,8.47,2.4,0.06,7.46,8.74,1.8,0.06
7.62,9.1,3.0,0.17,7.46,8.74,1.8,0.06,7.62,9.26,2.4,0.11
7.62,9.05,3.1,0.13,7.62,9.26,2.4,0.11,7.62,9.1,3.0,0.17
7.11,7.84,4.5,0.31,7.62,9.1,3.0,0.17,7.62,9.05,3.1,0.13
7.56,9.34,1.5,0.21,7.62,9.05,3.1,0.13,7.11,7.84,4.5,0.31
7.6,9.71,1.5,0.17,7.11,7.84,4.5,0.31,7.56,9.34,1.5,0.21
7.62,10.4,0.8,0.11,7.56,9.34,1.5,0.21,7.6,9.71,1.5,0.17
7.57,9.55,1.4,0.11,7.6,9.71,1.5,0.17,7.62,10.4,0.8,0.11
7.58,9.62,1.4,0.12,7.62,10.4,0.8,0.11,7.57,9.55,1.4,0.11
7.55,10.1,0.9,0.11,7.57,9.55,1.4,0.11,7.58,9.62,1.4,0.12
7.49,10.2,0.7,0.11,7.58,9.62,1.4,0.12,7.55,10.1,0.9,0.11
7.47,10.0,0.7,0.11,7.55,10.1,0.9,0.11,7.49,10.2,0.7,0.11
7.72,11.0,1.2,0.12,7.49,10.2,0.7,0.11,7.47,10.0,0.7,0.11
7.74,12.1,1.3,0.11,7.47,10.0,0.7,0.11,7.72,11.0,1.2,0.12
7.75,10.1,0.8,0.1,7.72,11.0,1.2,0.12,7.74,12.1,1.3,0.11
7.73,9.38,1.1,0.11,7.74,12.1,1.3,0.11,7.75,10.1,0.8,0.1
7.76,10.6,1.0,0.1,7.75,10.1,0.8,0.1,7.73,9.38,1.1,0.11
7.73,10.6,1.0,0.1,7.73,9.38,1.1,0.11,7.76,10.6,1.0,0.1
7.71,10.6,1.0,0.1,7.76,10.6,1.0,0.1,7.73,10.6,1.0,0.1
7.72,11.1,0.9,0.11,7.73,10.6,1.0,0.1,7.71,10.6,1.0,0.1
7.68,10.6,1.1,0.12,7.71,10.6,1.0,0.1,7.72,11.1,0.9,0.11
7.68,10.6,1.1,0.12,7.72,11.1,0.9,0.11,7.68,10.6,1.1,0.12
7.73,10.8,1.1,0.11,7.68,10.6,1.1,0.12,7.68,10.6,1.1,0.12
7.64,10.5,1.8,0.12,7.68,10.6,1.1,0.12,7.73,10.8,1.1,0.11
7.58,10.1,1.5,0.16,7.73,10.8,1.1,0.11,7.64,10.5,1.8,0.12
7.63,10.4,1.4,0.16,7.64,10.5,1.8,0.12,7.58,10.1,1.5,0.16
7.72,10.7,1.4,0.16,7.58,10.1,1.5,0.16,7.63,10.4,1.4,0.16
7.73,10.5,1.7,0.17,7.63,10.4,1.4,0.16,7.72,10.7,1.4,0.16
7.76,9.62,1.8,0.13,7.72,10.7,1.4,0.16,7.73,10.5,1.7,0.17
7.74,9.31,2.3,0.13,7.73,10.5,1.7,0.17,7.76,9.62,1.8,0.13
7.47,9.78,2.0,0.14,7.76,9.62,1.8,0.13,7.74,9.31,2.3,0.13
7.45,9.58,2.1,0.09,7.74,9.31,2.3,0.13,7.47,9.78,2.0,0.14
7.38,8.98,1.9,0.07,7.47,9.78,2.0,0.14,7.45,9.58,2.1,0.09
7.5,8.92,2.2,0.06,7.45,9.58,2.1,0.09,7.38,8.98,1.9,0.07
7.5,9.34,2.4,0.11,7.38,8.98,1.9,0.07,7.5,8.92,2.2,0.06
7.54,8.91,2.2,0.05,7.5,8.92,2.2,0.06,7.5,9.34,2.4,0.11
7.64,8.35,2.1,0.05,7.5,9.34,2.4,0.11,7.54,8.91,2.2,0.05
7.58,8.29,1.9,0.04,7.54,8.91,2.2,0.05,7.64,8.35,2.1,0.05
7.61,8.13,1.6,0.07,7.64,8.35,2.1,0.05,7.58,8.29,1.9,0.04
7.61,7.62,2.0,0.09,7.58,8.29,1.9,0.04,7.61,8.13,1.6,0.07
7.58,7.59,2.9,0.15,7.61,8.13,1.6,0.07,7.61,7.62,2.0,0.09
7.6,7.81,2.6,0.18,7.61,7.62,2.0,0.09,7.58,7.59,2.9,0.15
7.51,7.31,2.2,0.2,7.58,7.59,2.9,0.15,7.6,7.81,2.6,0.18
7.45,7.76,3.1,0.17,7.6,7.81,2.6,0.18,7.51,7.31,2.2,0.2
7.48,8.5,3.3,0.16,7.51,7.31,2.2,0.2,7.45,7.76,3.1,0.17
7.45,8.13,3.6,0.12,7.45,7.76,3.1,0.17,7.48,8.5,3.3,0.16
7.32,8.28,5.6,0.12,7.48,8.5,3.3,0.16,7.45,8.13,3.6,0.12
7.36,8.62,4.2,0.13,7.45,8.13,3.6,0.12,7.32,8.28,5.6,0.12
7.41,8.5,2.9,0.09,7.32,8.28,5.6,0.12,7.36,8.62,4.2,0.13
7.45,8.69,2.2,0.08,7.36,8.62,4.2,0.13,7.41,8.5,2.9,0.09
7.51,8.33,3.2,0.1,7.41,8.5,2.9,0.09,7.45,8.69,2.2,0.08
7.47,7.63,3.0,0.09,7.45,8.69,2.2,0.08,7.51,8.33,3.2,0.1
7.54,8.01,2.3,0.08,7.51,8.33,3.2,0.1,7.47,7.63,3.0,0.09
7.5,7.34,4.8,0.1,7.47,7.63,3.0,0.09,7.54,8.01,2.3,0.08
7.56,7.72,4.2,0.09,7.54,8.01,2.3,0.08,7.5,7.34,4.8,0.1
7.6,7.78,1.9,0.1,7.5,7.34,4.8,0.1,7.56,7.72,4.2,0.09
7.57,8.13,1.7,0.1,7.56,7.72,4.2,0.09,7.6,7.78,1.9,0.1
7.62,7.92,1.2,0.12,7.6,7.78,1.9,0.1,7.57,8.13,1.7,0.1
7.62,8.1,1.3,0.11,7.57,8.13,1.7,0.1,7.62,7.92,1.2,0.12
7.62,8.22,1.0,0.11,7.62,7.92,1.2,0.12,7.62,8.1,1.3,0.11
7.69,9.1,1.7,0.12,7.62,8.1,1.3,0.11,7.62,8.22,1.0,0.11
8.04,10.8,1.5,0.15,7.62,8.22,1.0,0.11,7.69,9.1,1.7,0.12
8.05,10.6,1.4,0.17,7.69,9.1,1.7,0.12,8.04,10.8,1.5,0.15
8.1,11.8,1.1,0.16,8.04,10.8,1.5,0.15,8.05,10.6,1.4,0.17
8.05,12.3,1.3,0.15,8.05,10.6,1.4,0.17,8.1,11.8,1.1,0.16
7.95,12.6,1.2,0.14,8.1,11.8,1.1,0.16,8.05,12.3,1.3,0.15
8.09,9.08,1.9,0.18,8.05,12.3,1.3,0.15,7.95,12.6,1.2,0.14
8.18,9.69,1.4,0.16,7.95,12.6,1.2,0.14,8.09,9.08,1.9,0.18
7.780041666666657,8.798375000000002,2.258055555555553,0.1964375876577839,8.09,9.08,1.9,0.18,8.18,9.69,1.4,0.16
8.18,10.1,1.3,0.23,8.18,9.69,1.4,0.16,7.780041666666657,8.798375000000002,2.258055555555553,0.1964375876577839
8.06,9.79,1.3,0.26,7.780041666666657,8.798375000000002,2.258055555555553,0.1964375876577839,8.18,10.1,1.3,0.23
8.05,9.98,1.4,0.26,8.18,10.1,1.3,0.23,8.06,9.79,1.3,0.26
8.1,9.76,1.6,0.25,8.06,9.79,1.3,0.26,8.05,9.98,1.4,0.26
8.05,9.43,1.9,0.28,8.05,9.98,1.4,0.26,8.1,9.76,1.6,0.25
7.91,9.39,1.9,0.27,8.1,9.76,1.6,0.25,8.05,9.43,1.9,0.28
7.71,8.63,2.2,0.32,8.05,9.43,1.9,0.28,7.91,9.39,1.9,0.27
7.91,10.0,1.4,0.26,7.91,9.39,1.9,0.27,7.71,8.63,2.2,0.32
7.84,9.49,1.8,0.23,7.71,8.63,2.2,0.32,7.91,10.0,1.4,0.26
8.01,10.1,2.0,0.21,7.91,10.0,1.4,0.26,7.84,9.49,1.8,0.23
8.08,10.6,2.0,0.28,7.84,9.49,1.8,0.23,8.01,10.1,2.0,0.21
8.01,10.3,2.3,0.25,8.01,10.1,2.0,0.21,8.08,10.6,2.0,0.28
8.12,9.91,1.9,0.22,8.08,10.6,2.0,0.28,8.01,10.3,2.3,0.25
7.94,10.0,1.9,0.26,8.01,10.3,2.3,0.25,8.12,9.91,1.9,0.22
7.97,10.0,1.4,0.2,8.12,9.91,1.9,0.22,7.94,10.0,1.9,0.26
7.36,7.94,1.7,0.12,7.94,10.0,1.9,0.26,7.97,10.0,1.4,0.2
7.89,9.7,2.0,0.15,7.97,10.0,1.4,0.2,7.36,7.94,1.7,0.12
7.86,9.31,1.2,0.17,7.36,7.94,1.7,0.12,7.89,9.7,2.0,0.15
7.83,8.32,0.9,0.24,7.89,9.7,2.0,0.15,7.86,9.31,1.2,0.17
7.53,7.37,1.6,0.16,7.86,9.31,1.2,0.17,7.83,8.32,0.9,0.24
7.52,8.01,1.5,0.11,7.83,8.32,0.9,0.24,7.53,7.37,1.6,0.16
7.46,7.96,1.8,0.09,7.53,7.37,1.6,0.16,7.52,8.01,1.5,0.11
7.91,8.63,3.0,0.12,7.52,8.01,1.5,0.11,7.46,7.96,1.8,0.09
7.94,8.99,2.8,0.11,7.46,7.96,1.8,0.09,7.91,8.63,3.0,0.12
7.62,8.63,1.8,0.11,7.91,8.63,3.0,0.12,7.94,8.99,2.8,0.11
7.97,8.6,2.1,0.12,7.94,8.99,2.8,0.11,7.62,8.63,1.8,0.11
7.84,8.91,2.4,0.14,7.62,8.63,1.8,0.11,7.97,8.6,2.1,0.12
7.86,8.73,2.3,0.14,7.97,8.6,2.1,0.12,7.84,8.91,2.4,0.14
7.89,8.56,2.3,0.16,7.84,8.91,2.4,0.14,7.86,8.73,2.3,0.14
7.94,8.87,3.6,0.17,7.86,8.73,2.3,0.14,7.89,8.56,2.3,0.16
7.75,8.42,4.3,0.18,7.89,8.56,2.3,0.16,7.94,8.87,3.6,0.17
7.9,8.33,2.0,0.15,7.94,8.87,3.6,0.17,7.75,8.42,4.3,0.18
7.86,8.2,2.5,0.14,7.75,8.42,4.3,0.18,7.9,8.33,2.0,0.15
7.79,8.43,7.0,0.62,7.9,8.33,2.0,0.15,7.86,8.2,2.5,0.14
7.77,8.73,3.0,0.17,7.86,8.2,2.5,0.14,7.79,8.43,7.0,0.62
7.97,8.71,2.0,0.13,7.79,8.43,7.0,0.62,7.77,8.73,3.0,0.17
7.68,8.73,2.2,0.12,7.77,8.73,3.0,0.17,7.97,8.71,2.0,0.13
7.85,8.63,1.3,0.1,7.97,8.71,2.0,0.13,7.68,8.73,2.2,0.12
7.88,8.62,1.6,0.1,7.68,8.73,2.2,0.12,7.85,8.63,1.3,0.1
7.77,9.09,1.0,0.1,7.85,8.63,1.3,0.1,7.88,8.62,1.6,0.1
7.72,9.13,1.0,0.1,7.88,8.62,1.6,0.1,7.77,9.09,1.0,0.1
7.83,9.28,0.9,0.1,7.77,9.09,1.0,0.1,7.72,9.13,1.0,0.1
7.99,9.1,0.7,0.09,7.72,9.13,1.0,0.1,7.83,9.28,0.9,0.1
8.18,8.8,1.1,0.15,7.83,9.28,0.9,0.1,7.99,9.1,0.7,0.09
8.31,8.44,2.5,0.08,7.99,9.1,0.7,0.09,8.18,8.8,1.1,0.15
7.780041666666657,8.798375000000002,2.258055555555553,0.1964375876577839,8.18,8.8,1.1,0.15,8.31,8.44,2.5,0.08
8.42,8.4,2.0,0.15,8.31,8.44,2.5,0.08,7.780041666666657,8.798375000000002,2.258055555555553,0.1964375876577839
8.36,8.28,1.0,0.1,7.780041666666657,8.798375000000002,2.258055555555553,0.1964375876577839,8.42,8.4,2.0,0.15
8.34,8.09,1.2,0.28,8.42,8.4,2.0,0.15,8.36,8.28,1.0,0.1
8.37,8.86,1.1,0.11,8.36,8.28,1.0,0.1,8.34,8.09,1.2,0.28
8.3,9.76,0.5,0.13,8.34,8.09,1.2,0.28,8.37,8.86,1.1,0.11
8.36,9.65,3.6,0.19,8.37,8.86,1.1,0.11,8.3,9.76,0.5,0.13
8.33,10.4,3.3,0.13,8.3,9.76,0.5,0.13,8.36,9.65,3.6,0.19
8.32,10.9,3.3,0.22,8.36,9.65,3.6,0.19,8.33,10.4,3.3,0.13
8.34,11.2,2.9,0.29,8.33,10.4,3.3,0.13,8.32,10.9,3.3,0.22
8.53,9.49,3.0,0.25,8.32,10.9,3.3,0.22,8.34,11.2,2.9,0.29
8.49,8.32,3.0,0.25,8.34,11.2,2.9,0.29,8.53,9.49,3.0,0.25
8.48,8.63,3.0,0.22,8.53,9.49,3.0,0.25,8.49,8.32,3.0,0.25
8.43,9.01,3.0,0.39,8.49,8.32,3.0,0.25,8.48,8.63,3.0,0.22
8.4,9.46,2.6,0.23,8.48,8.63,3.0,0.22,8.43,9.01,3.0,0.39
8.39,8.16,2.7,0.18,8.43,9.01,3.0,0.39,8.4,9.46,2.6,0.23
8.41,8.32,2.5,0.2,8.4,9.46,2.6,0.23,8.39,8.16,2.7,0.18
8.41,8.76,2.4,0.38,8.39,8.16,2.7,0.18,8.41,8.32,2.5,0.2
8.48,8.37,2.2,0.4,8.41,8.32,2.5,0.2,8.41,8.76,2.4,0.38
8.5,11.1,1.8,0.54,8.41,8.76,2.4,0.38,8.48,8.37,2.2,0.4
7.69,7.35,1.4,0.37,8.48,8.37,2.2,0.4,8.5,11.1,1.8,0.54
8.0,7.32,1.3,0.17,8.5,11.1,1.8,0.54,7.69,7.35,1.4,0.37
8.07,6.58,1.4,0.11,7.69,7.35,1.4,0.37,8.0,7.32,1.3,0.17
8.01,6.59,1.4,0.19,8.0,7.32,1.3,0.17,8.07,6.58,1.4,0.11
8.04,7.01,1.2,0.15,8.07,6.58,1.4,0.11,8.01,6.59,1.4,0.19
8.1,6.76,2.4,0.2,8.01,6.59,1.4,0.19,8.04,7.01,1.2,0.15
7.97,6.98,2.3,0.27,8.04,7.01,1.2,0.15,8.1,6.76,2.4,0.2
7.98,7.8,2.0,0.24,8.1,6.76,2.4,0.2,7.97,6.98,2.3,0.27
7.93,8.25,2.3,0.29,7.97,6.98,2.3,0.27,7.98,7.8,2.0,0.24
7.97,8.4,1.8,0.21,7.98,7.8,2.0,0.24,7.93,8.25,2.3,0.29
8.11,7.93,2.3,0.49,7.93,8.25,2.3,0.29,7.97,8.4,1.8,0.21
8.06,7.91,2.4,0.24,7.97,8.4,1.8,0.21,8.11,7.93,2.3,0.49
8.07,7.97,2.5,0.2,8.11,7.93,2.3,0.49,8.06,7.91,2.4,0.24
8.12,8.05,1.7,0.24,8.06,7.91,2.4,0.24,8.07,7.97,2.5,0.2
8.1,7.7,4.0,0.27,8.07,7.97,2.5,0.2,8.12,8.05,1.7,0.24
8.15,8.35,1.7,0.26,8.12,8.05,1.7,0.24,8.1,7.7,4.0,0.27
8.18,8.16,1.7,0.34,8.1,7.7,4.0,0.27,8.15,8.35,1.7,0.26
7.97,7.49,3.0,0.41,8.15,8.35,1.7,0.26,8.18,8.16,1.7,0.34
8.21,7.84,2.0,0.28,8.18,8.16,1.7,0.34,7.97,7.49,3.0,0.41
8.21,8.34,1.3,0.3,7.97,7.49,3.0,0.41,8.21,7.84,2.0,0.28
8.2,8.01,2.8,0.21,8.21,7.84,2.0,0.28,8.21,8.34,1.3,0.3
8.16,7.56,8.0,0.31,8.21,8.34,1.3,0.3,8.2,8.01,2.8,0.21
8.2,7.62,3.5,0.18,8.2,8.01,2.8,0.21,8.16,7.56,8.0,0.31
8.15,7.33,4.2,0.15,8.16,7.56,8.0,0.31,8.2,7.62,3.5,0.18
8.18,7.39,2.9,0.15,8.2,7.62,3.5,0.18,8.15,7.33,4.2,0.15
8.25,7.94,1.8,0.1,8.15,7.33,4.2,0.15,8.18,7.39,2.9,0.15
8.6,7.43,2.4,0.12,8.18,7.39,2.9,0.15,8.25,7.94,1.8,0.1
8.55,7.81,2.4,0.13,8.25,7.94,1.8,0.1,8.6,7.43,2.4,0.12
7.29,7.73,2.5,0.13,8.6,7.43,2.4,0.12,8.55,7.81,2.4,0.13
7.33,6.96,2.4,0.18,8.55,7.81,2.4,0.13,7.29,7.73,2.5,0.13
7.28,7.98,2.3,0.12,7.29,7.73,2.5,0.13,7.33,6.96,2.4,0.18
7.39,8.43,1.8,0.08,7.33,6.96,2.4,0.18,7.28,7.98,2.3,0.12
6.96,8.46,1.6,0.12,7.28,7.98,2.3,0.12,7.39,8.43,1.8,0.08
7.81,8.52,1.5,0.1,7.39,8.43,1.8,0.08,6.96,8.46,1.6,0.12
7.66,8.59,1.7,0.16,6.96,8.46,1.6,0.12,7.81,8.52,1.5,0.1
7.66,8.45,1.9,0.18,7.81,8.52,1.5,0.1,7.66,8.59,1.7,0.16
7.68,9.19,1.7,0.21,7.66,8.59,1.7,0.16,7.66,8.45,1.9,0.18
7.68,9.69,1.2,0.19,7.66,8.45,1.9,0.18,7.68,9.19,1.7,0.21
7.63,9.97,1.9,0.21,7.68,9.19,1.7,0.21,7.68,9.69,1.2,0.19
7.74,9.8,1.5,0.15,7.68,9.69,1.2,0.19,7.63,9.97,1.9,0.21
7.57,9.81,1.5,0.17,7.63,9.97,1.9,0.21,7.74,9.8,1.5,0.15
7.63,9.93,2.1,0.19,7.74,9.8,1.5,0.15,7.57,9.81,1.5,0.17
7.63,10.0,2.2,0.23,7.57,9.81,1.5,0.17,7.63,9.93,2.1,0.19
7.64,10.2,3.0,0.27,7.63,9.93,2.1,0.19,7.63,10.0,2.2,0.23
7.69,10.2,2.3,0.14,7.63,10.0,2.2,0.23,7.64,10.2,3.0,0.27
7.48,9.88,2.8,0.16,7.64,10.2,3.0,0.27,7.69,10.2,2.3,0.14
7.65,10.8,2.0,0.24,7.69,10.2,2.3,0.14,7.48,9.88,2.8,0.16
7.64,10.5,1.8,0.21,7.48,9.88,2.8,0.16,7.65,10.8,2.0,0.24
7.69,10.2,2.3,0.15,7.65,10.8,2.0,0.24,7.64,10.5,1.8,0.21
7.59,9.84,2.2,0.16,7.64,10.5,1.8,0.21,7.69,10.2,2.3,0.15
7.62,8.58,2.6,0.12,7.69,10.2,2.3,0.15,7.59,9.84,2.2,0.16
7.33,8.4,1.9,0.12,7.59,9.84,2.2,0.16,7.62,8.58,2.6,0.12
7.59,8.28,1.6,0.11,7.62,8.58,2.6,0.12,7.33,8.4,1.9,0.12
7.5,7.9,1.7,0.14,7.33,8.4,1.9,0.12,7.59,8.28,1.6,0.11
7.780041666666657,8.798375000000002,2.258055555555553,0.1964375876577839,7.59,8.28,1.6,0.11,7.5,7.9,1.7,0.14
7.66,7.71,1.2,0.22,7.5,7.9,1.7,0.14,7.780041666666657,8.798375000000002,2.258055555555553,0.1964375876577839
7.78,7.27,1.3,0.21,7.780041666666657,8.798375000000002,2.258055555555553,0.1964375876577839,7.66,7.71,1.2,0.22
7.51,7.21,2.7,0.31,7.66,7.71,1.2,0.22,7.78,7.27,1.3,0.21
7.59,7.17,2.1,0.24,7.78,7.27,1.3,0.21,7.51,7.21,2.7,0.31
7.42,7.07,2.5,0.24,7.51,7.21,2.7,0.31,7.59,7.17,2.1,0.24
7.55,7.6,1.6,0.24,7.59,7.17,2.1,0.24,7.42,7.07,2.5,0.24
7.51,7.6,2.2,0.26,7.42,7.07,2.5,0.24,7.55,7.6,1.6,0.24
7.57,7.61,1.7,0.25,7.55,7.6,1.6,0.24,7.51,7.6,2.2,0.26
7.66,7.56,2.2,0.33,7.51,7.6,2.2,0.26,7.57,7.61,1.7,0.25
7.76,7.67,1.9,0.19,7.57,7.61,1.7,0.25,7.66,7.56,2.2,0.33
7.76,8.07,2.8,0.19,7.66,7.56,2.2,0.33,7.76,7.67,1.9,0.19
7.84,8.09,2.8,0.15,7.76,7.67,1.9,0.19,7.76,8.07,2.8,0.19
7.91,8.03,2.5,0.16,7.76,8.07,2.8,0.19,7.84,8.09,2.8,0.15
7.83,8.04,3.1,0.2,7.84,8.09,2.8,0.15,7.91,8.03,2.5,0.16
7.83,8.03,4.3,0.26,7.91,8.03,2.5,0.16,7.83,8.04,3.1,0.2
7.81,7.72,2.7,0.26,7.83,8.04,3.1,0.2,7.83,8.03,4.3,0.26
7.77,8.18,1.9,0.23,7.83,8.03,4.3,0.26,7.81,7.72,2.7,0.26
7.77,9.11,2.9,0.25,7.81,7.72,2.7,0.26,7.77,8.18,1.9,0.23
7.79,8.88,2.9,0.32,7.77,8.18,1.9,0.23,7.77,9.11,2.9,0.25
7.85,8.76,1.7,0.27,7.77,9.11,2.9,0.25,7.79,8.88,2.9,0.32
7.87,8.76,2.0,0.26,7.79,8.88,2.9,0.32,7.85,8.76,1.7,0.27
7.8,8.48,2.3,0.27,7.85,8.76,1.7,0.27,7.87,8.76,2.0,0.26
7.81,8.88,1.6,0.27,7.87,8.76,2.0,0.26,7.8,8.48,2.3,0.27
7.84,7.92,1.8,0.18,7.8,8.48,2.3,0.27,7.81,8.88,1.6,0.27
7.67,7.91,1.8,0.2,7.81,8.88,1.6,0.27,7.84,7.92,1.8,0.18
7.81,8.05,2.0,0.18,7.84,7.92,1.8,0.18,7.67,7.91,1.8,0.2
7.75,7.99,3.6,0.19,7.67,7.91,1.8,0.2,7.81,8.05,2.0,0.18
7.91,8.24,1.5,0.04,7.81,8.05,2.0,0.18,7.75,7.99,3.6,0.19
7.92,8.5,1.4,0.05,7.75,7.99,3.6,0.19,7.91,8.24,1.5,0.04
7.89,8.51,2.0,0.05,7.91,8.24,1.5,0.04,7.92,8.5,1.4,0.05
7.83,8.49,2.8,0.09,7.92,8.5,1.4,0.05,7.89,8.51,2.0,0.05
7.73,8.86,2.4,0.11,7.89,8.51,2.0,0.05,7.83,8.49,2.8,0.09
7.68,9.19,1.7,0.1,7.83,8.49,2.8,0.09,7.73,8.86,2.4,0.11
7.62,9.73,2.0,0.07,7.73,8.86,2.4,0.11,7.68,9.19,1.7,0.1
7.6,9.89,1.7,0.07,7.68,9.19,1.7,0.1,7.62,9.73,2.0,0.07
7.5,10.0,1.5,0.11,7.62,9.73,2.0,0.07,7.6,9.89,1.7,0.07
7.46,10.1,1.9,0.12,7.6,9.89,1.7,0.07,7.5,10.0,1.5,0.11
7.4,10.2,1.9,0.18,7.5,10.0,1.5,0.11,7.46,10.1,1.9,0.12
7.33,9.96,2.0,0.15,7.46,10.1,1.9,0.12,7.4,10.2,1.9,0.18
7.41,10.2,2.0,0.13,7.4,10.2,1.9,0.18,7.33,9.96,2.0,0.15
7.46,9.59,2.2,0.12,7.33,9.96,2.0,0.15,7.41,10.2,2.0,0.13
7.44,9.07,2.2,0.15,7.41,10.2,2.0,0.13,7.46,9.59,2.2,0.12
7.48,9.7,1.9,0.16,7.46,9.59,2.2,0.12,7.44,9.07,2.2,0.15
7.64,10.8,1.6,0.07,7.44,9.07,2.2,0.15,7.48,9.7,1.9,0.16
7.68,11.1,2.0,0.08,7.48,9.7,1.9,0.16,7.64,10.8,1.6,0.07
7.67,8.71,2.2,0.08,7.64,10.8,1.6,0.07,7.68,11.1,2.0,0.08
7.7,8.53,1.9,0.08,7.68,11.1,2.0,0.08,7.67,8.71,2.2,0.08
7.72,7.88,2.0,0.1,7.67,8.71,2.2,0.08,7.7,8.53,1.9,0.08
7.7,8.5,2.0,0.15,7.7,8.53,1.9,0.08,7.72,7.88,2.0,0.1
7.61,7.93,2.3,0.17,7.72,7.88,2.0,0.1,7.7,8.5,2.0,0.15
7.55,7.65,2.8,0.21,7.7,8.5,2.0,0.15,7.61,7.93,2.3,0.17
7.58,8.23,2.7,0.17,7.61,7.93,2.3,0.17,7.55,7.65,2.8,0.21
7.67,7.36,2.5,0.1,7.55,7.65,2.8,0.21,7.58,8.23,2.7,0.17
7.79,7.9,2.4,0.1,7.58,8.23,2.7,0.17,7.67,7.36,2.5,0.1
7.74,7.35,2.6,0.15,7.67,7.36,2.5,0.1,7.79,7.9,2.4,0.1
7.71,7.34,3.3,0.16,7.79,7.9,2.4,0.1,7.74,7.35,2.6,0.15
7.65,7.18,3.1,0.09,7.74,7.35,2.6,0.15,7.71,7.34,3.3,0.16
7.7,7.31,2.5,0.1,7.71,7.34,3.3,0.16,7.65,7.18,3.1,0.09
7.74,7.53,2.6,0.1,7.65,7.18,3.1,0.09,7.7,7.31,2.5,0.1
7.77,7.74,2.5,0.1,7.7,7.31,2.5,0.1,7.74,7.53,2.6,0.1
7.53,7.55,3.6,0.15,7.74,7.53,2.6,0.1,7.77,7.74,2.5,0.1
7.51,7.3,3.7,0.11,7.77,7.74,2.5,0.1,7.53,7.55,3.6,0.15
7.49,7.34,3.3,0.1,7.53,7.55,3.6,0.15,7.51,7.3,3.7,0.11
7.46,7.06,4.7,0.15,7.51,7.3,3.7,0.11,7.49,7.34,3.3,0.1
7.46,7.23,9.1,0.21,7.49,7.34,3.3,0.1,7.46,7.06,4.7,0.15
7.55,7.99,6.3,0.13,7.46,7.06,4.7,0.15,7.46,7.23,9.1,0.21
7.58,8.14,4.1,0.14,7.46,7.23,9.1,0.21,7.55,7.99,6.3,0.13
7.5,7.71,4.8,0.13,7.55,7.99,6.3,0.13,7.58,8.14,4.1,0.14
7.53,7.66,4.1,0.14,7.58,8.14,4.1,0.14,7.5,7.71,4.8,0.13
7.71,8.0,3.7,0.12,7.5,7.71,4.8,0.13,7.53,7.66,4.1,0.14
7.93,8.05,1.9,0.12,7.53,7.66,4.1,0.14,7.71,8.0,3.7,0.12
7.85,7.76,2.5,0.24,7.71,8.0,3.7,0.12,7.93,8.05,1.9,0.12
7.76,8.12,3.1,0.26,7.93,8.05,1.9,0.12,7.85,7.76,2.5,0.24
7.78,7.93,2.3,0.22,7.85,7.76,2.5,0.24,7.76,8.12,3.1,0.26
7.66,7.55,3.8,0.29,7.76,8.12,3.1,0.26,7.78,7.93,2.3,0.22
7.7,8.26,2.6,0.13,7.78,7.93,2.3,0.22,7.66,7.55,3.8,0.29
7.74,8.54,1.8,0.14,7.66,7.55,3.8,0.29,7.7,8.26,2.6,0.13
7.77,8.4,1.6,0.13,7.7,8.26,2.6,0.13,7.74,8.54,1.8,0.14
7.71,8.66,1.6,0.14,7.74,8.54,1.8,0.14,7.77,8.4,1.6,0.13
7.72,8.6,1.7,0.19,7.77,8.4,1.6,0.13,7.71,8.66,1.6,0.14
7.6,8.35,2.0,0.18,7.71,8.66,1.6,0.14,7.72,8.6,1.7,0.19
7.64,8.86,2.0,0.18,7.72,8.6,1.7,0.19,7.6,8.35,2.0,0.18
7.59,9.0,1.8,0.19,7.6,8.35,2.0,0.18,7.64,8.86,2.0,0.18
7.6,8.7,1.6,0.21,7.64,8.86,2.0,0.18,7.59,9.0,1.8,0.19
7.49,8.95,1.7,0.22,7.59,9.0,1.8,0.19,7.6,8.7,1.6,0.21
7.51,9.08,1.8,0.28,7.6,8.7,1.6,0.21,7.49,8.95,1.7,0.22
7.52,9.47,1.9,0.15,7.49,8.95,1.7,0.22,7.51,9.08,1.8,0.28
7.46,9.59,1.8,0.17,7.51,9.08,1.8,0.28,7.52,9.47,1.9,0.15
7.47,9.8,2.0,0.19,7.52,9.47,1.9,0.15,7.46,9.59,1.8,0.17
7.49,9.78,1.9,0.19,7.46,9.59,1.8,0.17,7.47,9.8,2.0,0.19
7.36,9.76,1.8,0.2,7.47,9.8,2.0,0.19,7.49,9.78,1.9,0.19
7.0,9.25,1.8,0.2,7.49,9.78,1.9,0.19,7.36,9.76,1.8,0.2
7.02,9.19,2.1,0.14,7.36,9.76,1.8,0.2,7.0,9.25,1.8,0.2
7.01,9.53,2.3,0.16,7.0,9.25,1.8,0.2,7.02,9.19,2.1,0.14
7.05,9.26,1.9,0.11,7.02,9.19,2.1,0.14,7.01,9.53,2.3,0.16
7.16,10.7,1.8,0.2,7.01,9.53,2.3,0.16,7.05,9.26,1.9,0.11
7.05,9.97,1.9,0.18,7.05,9.26,1.9,0.11,7.16,10.7,1.8,0.2
7.06,9.18,2.1,0.31,7.16,10.7,1.8,0.2,7.05,9.97,1.9,0.18
7.25,8.93,2.0,0.32,7.05,9.97,1.9,0.18,7.06,9.18,2.1,0.31
7.33,8.58,2.1,0.29,7.06,9.18,2.1,0.31,7.25,8.93,2.0,0.32
7.32,8.06,2.3,0.19,7.25,8.93,2.0,0.32,7.33,8.58,2.1,0.29
7.34,8.05,1.9,0.2,7.33,8.58,2.1,0.29,7.32,8.06,2.3,0.19
7.19,8.21,1.8,0.16,7.32,8.06,2.3,0.19,7.34,8.05,1.9,0.2
7.12,7.87,1.6,0.17,7.34,8.05,1.9,0.2,7.19,8.21,1.8,0.16
7.19,7.6,1.4,0.12,7.19,8.21,1.8,0.16,7.12,7.87,1.6,0.17
7.2,7.62,1.5,0.2,7.12,7.87,1.6,0.17,7.19,7.6,1.4,0.12
7.28,7.23,1.7,0.23,7.19,7.6,1.4,0.12,7.2,7.62,1.5,0.2
7.26,6.94,1.8,0.25,7.2,7.62,1.5,0.2,7.28,7.23,1.7,0.23
7.28,7.09,1.7,0.2,7.28,7.23,1.7,0.23,7.26,6.94,1.8,0.25
7.33,7.44,1.7,0.2,7.26,6.94,1.8,0.25,7.28,7.09,1.7,0.2
7.31,7.4,2.1,0.2,7.28,7.09,1.7,0.2,7.33,7.44,1.7,0.2
7.2,6.95,3.9,0.29,7.33,7.44,1.7,0.2,7.31,7.4,2.1,0.2
7.25,7.78,1.5,0.2,7.31,7.4,2.1,0.2,7.2,6.95,3.9,0.29
7.3,7.74,2.0,0.16,7.2,6.95,3.9,0.29,7.25,7.78,1.5,0.2
7.23,8.26,4.1,0.16,7.25,7.78,1.5,0.2,7.3,7.74,2.0,0.16
7.28,8.88,3.1,0.18,7.3,7.74,2.0,0.16,7.23,8.26,4.1,0.16
7.2,7.99,4.9,0.21,7.23,8.26,4.1,0.16,7.28,8.88,3.1,0.18
7.27,8.42,2.1,0.17,7.28,8.88,3.1,0.18,7.2,7.99,4.9,0.21
7.25,7.7,3.0,0.16,7.2,7.99,4.9,0.21,7.27,8.42,2.1,0.17
7.19,7.61,4.1,0.2,7.27,8.42,2.1,0.17,7.25,7.7,3.0,0.16
7.15,7.78,6.6,0.19,7.25,7.7,3.0,0.16,7.19,7.61,4.1,0.2
7.22,7.95,3.2,0.18,7.19,7.61,4.1,0.2,7.15,7.78,6.6,0.19
7.26,8.5,3.0,0.2,7.15,7.78,6.6,0.19,7.22,7.95,3.2,0.18
7.25,8.79,2.5,0.2,7.22,7.95,3.2,0.18,7.26,8.5,3.0,0.2
7.28,8.76,2.9,0.18,7.26,8.5,3.0,0.2,7.25,8.79,2.5,0.2
7.25,8.33,2.6,0.2,7.25,8.79,2.5,0.2,7.28,8.76,2.9,0.18
7.2,8.45,2.8,0.21,7.28,8.76,2.9,0.18,7.25,8.33,2.6,0.2
7.24,8.35,2.3,0.2,7.25,8.33,2.6,0.2,7.2,8.45,2.8,0.21
7.14,7.38,1.7,0.17,7.2,8.45,2.8,0.21,7.24,8.35,2.3,0.2
7.2,8.35,1.6,0.18,7.24,8.35,2.3,0.2,7.14,7.38,1.7,0.17
7.2,8.87,1.7,0.19,7.14,7.38,1.7,0.17,7.2,8.35,1.6,0.18
7.26,8.75,2.0,0.12,7.2,8.35,1.6,0.18,7.2,8.87,1.7,0.19
7.16,8.44,2.3,0.14,7.2,8.87,1.7,0.19,7.26,8.75,2.0,0.12
7.23,8.98,2.1,0.12,7.26,8.75,2.0,0.12,7.16,8.44,2.3,0.14
7.09,9.14,2.0,0.18,7.16,8.44,2.3,0.14,7.23,8.98,2.1,0.12
7.09,9.09,2.0,0.21,7.23,8.98,2.1,0.12,7.09,9.14,2.0,0.18
7.05,8.55,2.4,0.22,7.09,9.14,2.0,0.18,7.09,9.09,2.0,0.21
7.01,9.26,1.9,0.2,7.09,9.09,2.0,0.21,7.05,8.55,2.4,0.22
7.02,9.83,1.9,0.18,7.05,8.55,2.4,0.22,7.01,9.26,1.9,0.2
7.03,9.99,1.8,0.2,7.01,9.26,1.9,0.2,7.02,9.83,1.9,0.18
6.98,9.91,1.8,0.21,7.02,9.83,1.9,0.18,7.03,9.99,1.8,0.2
7.06,9.62,2.0,0.22,7.03,9.99,1.8,0.2,6.98,9.91,1.8,0.21
7.2,9.94,2.0,0.26,6.98,9.91,1.8,0.21,7.06,9.62,2.0,0.22
7.22,9.5,2.2,0.2,7.06,9.62,2.0,0.22,7.2,9.94,2.0,0.26
7.24,9.25,2.0,0.22,7.2,9.94,2.0,0.26,7.22,9.5,2.2,0.2
7.26,9.3,2.0,0.22,7.22,9.5,2.2,0.2,7.24,9.25,2.0,0.22
7.28,10.4,1.4,0.26,7.24,9.25,2.0,0.22,7.26,9.3,2.0,0.22
7.32,10.1,1.2,0.18,7.26,9.3,2.0,0.22,7.28,10.4,1.4,0.26
7.4,9.64,1.3,0.14,7.28,10.4,1.4,0.26,7.32,10.1,1.2,0.18
7.39,9.6,1.4,0.13,7.32,10.1,1.2,0.18,7.4,9.64,1.3,0.14
7.35,9.6,2.0,0.14,7.4,9.64,1.3,0.14,7.39,9.6,1.4,0.13
7.37,9.53,2.4,0.14,7.39,9.6,1.4,0.13,7.35,9.6,2.0,0.14
7.27,8.68,2.3,0.13,7.35,9.6,2.0,0.14,7.37,9.53,2.4,0.14
7.26,8.61,2.5,0.1,7.37,9.53,2.4,0.14,7.27,8.68,2.3,0.13
7.26,7.71,2.1,0.11,7.27,8.68,2.3,0.13,7.26,8.61,2.5,0.1
7.1,7.66,1.9,0.15,7.26,8.61,2.5,0.1,7.26,7.71,2.1,0.11
7.27,8.07,1.7,0.16,7.26,7.71,2.1,0.11,7.1,7.66,1.9,0.15
7.21,7.26,2.3,0.14,7.1,7.66,1.9,0.15,7.27,8.07,1.7,0.16
7.51,7.27,1.6,0.13,7.27,8.07,1.7,0.16,7.21,7.26,2.3,0.14
7.4,6.68,1.7,0.13,7.21,7.26,2.3,0.14,7.51,7.27,1.6,0.13
7.39,7.01,1.6,0.18,7.51,7.27,1.6,0.13,7.4,6.68,1.7,0.13
7.44,6.66,1.6,0.18,7.4,6.68,1.7,0.13,7.39,7.01,1.6,0.18
7.38,6.75,1.3,0.19,7.39,7.01,1.6,0.18,7.44,6.66,1.6,0.18
7.46,7.25,1.8,0.19,7.44,6.66,1.6,0.18,7.38,6.75,1.3,0.19
7.48,7.53,2.0,0.17,7.38,6.75,1.3,0.19,7.46,7.25,1.8,0.19
7.48,7.8,2.0,0.2,7.46,7.25,1.8,0.19,7.48,7.53,2.0,0.17
7.37,7.6,2.1,0.17,7.48,7.53,2.0,0.17,7.48,7.8,2.0,0.2
7.41,7.83,3.2,0.14,7.48,7.8,2.0,0.2,7.37,7.6,2.1,0.17
7.48,8.17,4.1,0.14,7.37,7.6,2.1,0.17,7.41,7.83,3.2,0.14
7.4,7.88,6.8,0.22,7.41,7.83,3.2,0.14,7.48,8.17,4.1,0.14
7.42,7.97,4.0,0.2,7.48,8.17,4.1,0.14,7.4,7.88,6.8,0.22
7.51,7.9,3.5,0.17,7.4,7.88,6.8,0.22,7.42,7.97,4.0,0.2
7.4,7.79,4.7,0.15,7.42,7.97,4.0,0.2,7.51,7.9,3.5,0.17
7.38,7.76,4.9,0.15,7.51,7.9,3.5,0.17,7.4,7.79,4.7,0.15
7.33,7.34,5.4,0.17,7.4,7.79,4.7,0.15,7.38,7.76,4.9,0.15
7.43,7.98,3.0,0.17,7.38,7.76,4.9,0.15,7.33,7.34,5.4,0.17
7.45,6.87,3.1,0.17,7.33,7.34,5.4,0.17,7.43,7.98,3.0,0.17
7.34,8.02,3.6,0.21,7.43,7.98,3.0,0.17,7.45,6.87,3.1,0.17
7.67,8.48,2.7,0.09,7.45,6.87,3.1,0.17,7.34,8.02,3.6,0.21
7.67,8.63,2.7,0.13,7.34,8.02,3.6,0.21,7.67,8.48,2.7,0.09
7.65,8.88,2.9,0.2,7.67,8.48,2.7,0.09,7.67,8.63,2.7,0.13
7.71,8.68,2.2,0.19,7.67,8.63,2.7,0.13,7.65,8.88,2.9,0.2
7.76,8.57,2.0,0.18,7.65,8.88,2.9,0.2,7.71,8.68,2.2,0.19
7.72,8.32,2.4,0.18,7.71,8.68,2.2,0.19,7.76,8.57,2.0,0.18
7.6,8.81,2.3,0.18,7.76,8.57,2.0,0.18,7.72,8.32,2.4,0.18
7.63,8.8,2.1,0.18,7.72,8.32,2.4,0.18,7.6,8.81,2.3,0.18
7.58,8.43,2.3,0.17,7.6,8.81,2.3,0.18,7.63,8.8,2.1,0.18
7.57,8.74,2.3,0.15,7.63,8.8,2.1,0.18,7.58,8.43,2.3,0.17
7.56,9.07,1.9,0.16,7.58,8.43,2.3,0.17,7.57,8.74,2.3,0.15
7.64,9.46,1.8,0.15,7.57,8.74,2.3,0.15,7.56,9.07,1.9,0.16
7.67,9.42,2.1,0.14,7.56,9.07,1.9,0.16,7.64,9.46,1.8,0.15
7.62,10.1,1.8,0.23,7.64,9.46,1.8,0.15,7.67,9.42,2.1,0.14
7.7,10.2,1.6,0.19,7.67,9.42,2.1,0.14,7.62,10.1,1.8,0.23
7.62,10.0,1.7,0.19,7.62,10.1,1.8,0.23,7.7,10.2,1.6,0.19
7.58,9.69,1.9,0.19,7.7,10.2,1.6,0.19,7.62,10.0,1.7,0.19
7.47,9.59,2.0,0.24,7.62,10.0,1.7,0.19,7.58,9.69,1.9,0.19
7.12,10.2,2.3,0.22,7.58,9.69,1.9,0.19,7.47,9.59,2.0,0.24
7.24,10.7,2.0,0.21,7.47,9.59,2.0,0.24,7.12,10.2,2.3,0.22
7.26,10.6,2.1,0.23,7.12,10.2,2.3,0.22,7.24,10.7,2.0,0.21
7.39,10.4,2.0,0.17,7.24,10.7,2.0,0.21,7.26,10.6,2.1,0.23
7.47,10.7,1.9,0.17,7.26,10.6,2.1,0.23,7.39,10.4,2.0,0.17
7.33,10.2,2.3,0.21,7.39,10.4,2.0,0.17,7.47,10.7,1.9,0.17
7.35,9.26,2.0,0.23,7.47,10.7,1.9,0.17,7.33,10.2,2.3,0.21
7.24,9.15,1.7,0.21,7.33,10.2,2.3,0.21,7.35,9.26,2.0,0.23
7.26,9.4,1.6,0.24,7.35,9.26,2.0,0.23,7.24,9.15,1.7,0.21
7.19,9.2,1.9,0.26,7.24,9.15,1.7,0.21,7.26,9.4,1.6,0.24
7.19,8.91,1.9,0.24,7.26,9.4,1.6,0.24,7.19,9.2,1.9,0.26
7.25,8.62,1.9,0.19,7.19,9.2,1.9,0.26,7.19,8.91,1.9,0.24
7.2,8.1,2.5,0.16,7.19,8.91,1.9,0.24,7.25,8.62,1.9,0.19
7.08,8.05,2.4,0.11,7.25,8.62,1.9,0.19,7.2,8.1,2.5,0.16
7.15,8.26,1.9,0.14,7.2,8.1,2.5,0.16,7.08,8.05,2.4,0.11
7.17,7.96,1.9,0.14,7.08,8.05,2.4,0.11,7.15,8.26,1.9,0.14
7.2,8.07,2.0,0.1,7.15,8.26,1.9,0.14,7.17,7.96,1.9,0.14
7.24,8.33,1.7,0.12,7.17,7.96,1.9,0.14,7.2,8.07,2.0,0.1
7.09,8.12,2.5,0.15,7.2,8.07,2.0,0.1,7.24,8.33,1.7,0.12
7.12,8.0,1.7,0.12,7.24,8.33,1.7,0.12,7.09,8.12,2.5,0.15
6.9,7.86,2.9,0.21,7.09,8.12,2.5,0.15,7.12,8.0,1.7,0.12
6.87,7.49,2.9,0.27,7.12,8.0,1.7,0.12,6.9,7.86,2.9,0.21
7.780041666666657,8.798375000000002,2.258055555555553,0.1964375876577839,6.9,7.86,2.9,0.21,6.87,7.49,2.9,0.27
7.780041666666657,8.798375000000002,2.258055555555553,0.1964375876577839,6.87,7.49,2.9,0.27,7.780041666666657,8.798375000000002,2.258055555555553,0.1964375876577839
7.81,7.51,2.9,0.23,7.780041666666657,8.798375000000002,2.258055555555553,0.1964375876577839,7.780041666666657,8.798375000000002,2.258055555555553,0.1964375876577839
7.66,6.57,2.7,0.16,7.780041666666657,8.798375000000002,2.258055555555553,0.1964375876577839,7.81,7.51,2.9,0.23
7.49,6.87,2.1,0.13,7.81,7.51,2.9,0.23,7.66,6.57,2.7,0.16
7.41,7.27,3.3,0.18,7.66,6.57,2.7,0.16,7.49,6.87,2.1,0.13
7.31,7.37,2.4,0.21,7.49,6.87,2.1,0.13,7.41,7.27,3.3,0.18
7.26,7.81,1.9,0.19,7.41,7.27,3.3,0.18,7.31,7.37,2.4,0.21
7.19,7.85,1.6,0.18,7.31,7.37,2.4,0.21,7.26,7.81,1.9,0.19
7.1,7.91,1.4,0.18,7.26,7.81,1.9,0.19,7.19,7.85,1.6,0.18
6.91,7.86,1.6,0.23,7.19,7.85,1.6,0.18,7.1,7.91,1.4,0.18
6.8,7.9,2.1,0.21,7.1,7.91,1.4,0.18,6.91,7.86,1.6,0.23
6.63,7.39,1.8,0.2,6.91,7.86,1.6,0.23,6.8,7.9,2.1,0.21
6.99,8.12,2.9,0.19,6.8,7.9,2.1,0.21,6.63,7.39,1.8,0.2
7.22,8.59,1.7,0.18,6.63,7.39,1.8,0.2,6.99,8.12,2.9,0.19
7.65,8.81,1.3,0.16,6.99,8.12,2.9,0.19,7.22,8.59,1.7,0.18
8.0,9.0,1.0,0.28,7.22,8.59,1.7,0.18,7.65,8.81,1.3,0.16
7.38,8.89,1.4,0.21,7.65,8.81,1.3,0.16,8.0,9.0,1.0,0.28
7.39,8.82,1.3,0.15,8.0,9.0,1.0,0.28,7.38,8.89,1.4,0.21
7.49,9.17,1.6,0.11,7.38,8.89,1.4,0.21,7.39,8.82,1.3,0.15
7.48,9.16,1.7,0.13,7.39,8.82,1.3,0.15,7.49,9.17,1.6,0.11
7.26,8.82,1.7,0.15,7.49,9.17,1.6,0.11,7.48,9.16,1.7,0.13
7.45,9.11,1.4,0.21,7.48,9.16,1.7,0.13,7.26,8.82,1.7,0.15
7.51,9.25,1.3,0.19,7.26,8.82,1.7,0.15,7.45,9.11,1.4,0.21
7.5,9.49,1.3,0.16,7.45,9.11,1.4,0.21,7.51,9.25,1.3,0.19
7.780041666666657,8.798375000000002,2.258055555555553,0.1964375876577839,7.51,9.25,1.3,0.19,7.5,9.49,1.3,0.16
7.41,9.07,1.6,0.18,7.5,9.49,1.3,0.16,7.780041666666657,8.798375000000002,2.258055555555553,0.1964375876577839
7.51,9.3,1.5,0.17,7.780041666666657,8.798375000000002,2.258055555555553,0.1964375876577839,7.41,9.07,1.6,0.18
7.37,9.19,1.6,0.16,7.41,9.07,1.6,0.18,7.51,9.3,1.5,0.17
7.51,9.22,1.7,0.19,7.51,9.3,1.5,0.17,7.37,9.19,1.6,0.16
7.46,8.99,1.6,0.48,7.37,9.19,1.6,0.16,7.51,9.22,1.7,0.19
7.36,9.12,1.7,0.18,7.51,9.22,1.7,0.19,7.46,8.99,1.6,0.48
7.33,9.38,1.6,0.19,7.46,8.99,1.6,0.48,7.36,9.12,1.7,0.18
7.53,9.72,1.6,0.2,7.36,9.12,1.7,0.18,7.33,9.38,1.6,0.19
7.39,9.59,1.7,0.21,7.33,9.38,1.6,0.19,7.53,9.72,1.6,0.2
7.8,8.3,2.5,0.41,7.53,9.72,1.6,0.2,7.39,9.59,1.7,0.21
7.82,8.55,2.2,0.28,7.39,9.59,1.7,0.21,7.8,8.3,2.5,0.41
7.81,9.75,1.1,0.19,7.8,8.3,2.5,0.41,7.82,8.55,2.2,0.28
8.06,8.1,2.0,0.38,7.82,8.55,2.2,0.28,7.81,9.75,1.1,0.19
7.85,8.55,2.1,0.26,7.81,9.75,1.1,0.19,8.06,8.1,2.0,0.38
7.780041666666657,8.798375000000002,2.258055555555553,0.1964375876577839,8.06,8.1,2.0,0.38,7.85,8.55,2.1,0.26
7.65,8.15,2.0,0.21,7.85,8.55,2.1,0.26,7.780041666666657,8.798375000000002,2.258055555555553,0.1964375876577839
7.97,7.35,1.9,0.17,7.780041666666657,8.798375000000002,2.258055555555553,0.1964375876577839,7.65,8.15,2.0,0.21
7.85,7.55,2.2,0.19,7.65,8.15,2.0,0.21,7.97,7.35,1.9,0.17
7.91,7.55,2.2,0.18,7.97,7.35,1.9,0.17,7.85,7.55,2.2,0.19
7.93,7.0,2.2,0.4,7.85,7.55,2.2,0.19,7.91,7.55,2.2,0.18
7.86,7.25,2.3,0.2,7.91,7.55,2.2,0.18,7.93,7.0,2.2,0.4
7.780041666666657,8.798375000000002,2.258055555555553,0.1964375876577839,7.93,7.0,2.2,0.4,7.86,7.25,2.3,0.2
8.69,11.7,2.5,0.06,7.86,7.25,2.3,0.2,7.780041666666657,8.798375000000002,2.258055555555553,0.1964375876577839
7.45,8.0,1.9,0.16,7.780041666666657,8.798375000000002,2.258055555555553,0.1964375876577839,8.69,11.7,2.5,0.06
7.780041666666657,8.798375000000002,2.258055555555553,0.1964375876577839,8.69,11.7,2.5,0.06,7.45,8.0,1.9,0.16
7.87,7.6,2.7,0.12,7.45,8.0,1.9,0.16,7.780041666666657,8.798375000000002,2.258055555555553,0.1964375876577839
7.81,8.4,2.9,0.1,7.780041666666657,8.798375000000002,2.258055555555553,0.1964375876577839,7.87,7.6,2.7,0.12
7.98,8.2,2.7,0.19,7.87,7.6,2.7,0.12,7.81,8.4,2.9,0.1
7.780041666666657,8.798375000000002,2.258055555555553,0.1964375876577839,7.81,8.4,2.9,0.1,7.98,8.2,2.7,0.19
8.0,8.25,2.1,0.08,7.98,8.2,2.7,0.19,7.780041666666657,8.798375000000002,2.258055555555553,0.1964375876577839
7.95,7.2,2.3,0.1,7.780041666666657,8.798375000000002,2.258055555555553,0.1964375876577839,8.0,8.25,2.1,0.08
7.780041666666657,8.798375000000002,2.258055555555553,0.1964375876577839,8.0,8.25,2.1,0.08,7.95,7.2,2.3,0.1
7.780041666666657,8.798375000000002,2.258055555555553,0.1964375876577839,7.95,7.2,2.3,0.1,7.780041666666657,8.798375000000002,2.258055555555553,0.1964375876577839
7.780041666666657,8.798375000000002,2.258055555555553,0.1964375876577839,7.780041666666657,8.798375000000002,2.258055555555553,0.1964375876577839,7.780041666666657,8.798375000000002,2.258055555555553,0.1964375876577839
7.780041666666657,8.798375000000002,2.258055555555553,0.1964375876577839,7.780041666666657,8.798375000000002,2.258055555555553,0.1964375876577839,7.780041666666657,8.798375000000002,2.258055555555553,0.1964375876577839
7.780041666666657,8.798375000000002,2.258055555555553,0.1964375876577839,7.780041666666657,8.798375000000002,2.258055555555553,0.1964375876577839,7.780041666666657,8.798375000000002,2.258055555555553,0.1964375876577839
7.780041666666657,8.798375000000002,2.258055555555553,0.1964375876577839,7.780041666666657,8.798375000000002,2.258055555555553,0.1964375876577839,7.780041666666657,8.798375000000002,2.258055555555553,0.1964375876577839
7.780041666666657,8.798375000000002,2.258055555555553,0.1964375876577839,7.780041666666657,8.798375000000002,2.258055555555553,0.1964375876577839,7.780041666666657,8.798375000000002,2.258055555555553,0.1964375876577839
7.780041666666657,8.798375000000002,2.258055555555553,0.1964375876577839,7.780041666666657,8.798375000000002,2.258055555555553,0.1964375876577839,7.780041666666657,8.798375000000002,2.258055555555553,0.1964375876577839
7.780041666666657,8.798375000000002,2.258055555555553,0.1964375876577839,7.780041666666657,8.798375000000002,2.258055555555553,0.1964375876577839,7.780041666666657,8.798375000000002,2.258055555555553,0.1964375876577839
7.780041666666657,8.798375000000002,2.258055555555553,0.1964375876577839,7.780041666666657,8.798375000000002,2.258055555555553,0.1964375876577839,7.780041666666657,8.798375000000002,2.258055555555553,0.1964375876577839
7.780041666666657,8.798375000000002,2.258055555555553,0.1964375876577839,7.780041666666657,8.798375000000002,2.258055555555553,0.1964375876577839,7.780041666666657,8.798375000000002,2.258055555555553,0.1964375876577839
8.07,8.35,1.7,0.16,7.780041666666657,8.798375000000002,2.258055555555553,0.1964375876577839,7.780041666666657,8.798375000000002,2.258055555555553,0.1964375876577839
7.780041666666657,8.798375000000002,2.258055555555553,0.1964375876577839,7.780041666666657,8.798375000000002,2.258055555555553,0.1964375876577839,8.07,8.35,1.7,0.16
7.98,8.6,2.0,0.19,8.07,8.35,1.7,0.16,7.780041666666657,8.798375000000002,2.258055555555553,0.1964375876577839
8.05,8.7,2.0,0.14,7.780041666666657,8.798375000000002,2.258055555555553,0.1964375876577839,7.98,8.6,2.0,0.19
8.07,8.3,1.6,0.11,7.98,8.6,2.0,0.19,8.05,8.7,2.0,0.14
7.780041666666657,8.798375000000002,2.258055555555553,0.1964375876577839,8.05,8.7,2.0,0.14,8.07,8.3,1.6,0.11
7.780041666666657,8.798375000000002,2.258055555555553,0.1964375876577839,8.07,8.3,1.6,0.11,7.780041666666657,8.798375000000002,2.258055555555553,0.1964375876577839
7.7,8.3,1.9,0.12,7.780041666666657,8.798375000000002,2.258055555555553,0.1964375876577839,7.780041666666657,8.798375000000002,2.258055555555553,0.1964375876577839
7.93,8.4,2.0,0.23,7.780041666666657,8.798375000000002,2.258055555555553,0.1964375876577839,7.7,8.3,1.9,0.12
7.780041666666657,8.798375000000002,2.258055555555553,0.1964375876577839,7.7,8.3,1.9,0.12,7.93,8.4,2.0,0.23
8.16,9.45,1.6,0.23,7.93,8.4,2.0,0.23,7.780041666666657,8.798375000000002,2.258055555555553,0.1964375876577839
8.05,9.5,2.0,0.14,7.780041666666657,8.798375000000002,2.258055555555553,0.1964375876577839,8.16,9.45,1.6,0.23
7.780041666666657,8.798375000000002,2.258055555555553,0.1964375876577839,8.16,9.45,1.6,0.23,8.05,9.5,2.0,0.14
8.11,9.25,2.0,0.23,8.05,9.5,2.0,0.14,7.780041666666657,8.798375000000002,2.258055555555553,0.1964375876577839
7.780041666666657,8.798375000000002,2.258055555555553,0.1964375876577839,7.780041666666657,8.798375000000002,2.258055555555553,0.1964375876577839,8.11,9.25,2.0,0.23
7.780041666666657,8.798375000000002,2.258055555555553,0.1964375876577839,8.11,9.25,2.0,0.23,7.780041666666657,8.798375000000002,2.258055555555553,0.1964375876577839
8.1,10.4,1.7,0.22,7.780041666666657,8.798375000000002,2.258055555555553,0.1964375876577839,7.780041666666657,8.798375000000002,2.258055555555553,0.1964375876577839
7.780041666666657,8.798375000000002,2.258055555555553,0.1964375876577839,7.780041666666657,8.798375000000002,2.258055555555553,0.1964375876577839,8.1,10.4,1.7,0.22
7.780041666666657,8.798375000000002,2.258055555555553,0.1964375876577839,8.1,10.4,1.7,0.22,7.780041666666657,8.798375000000002,2.258055555555553,0.1964375876577839
7.74,9.03,1.6,0.18,7.780041666666657,8.798375000000002,2.258055555555553,0.1964375876577839,7.780041666666657,8.798375000000002,2.258055555555553,0.1964375876577839
8.04,9.03,2.0,0.27,7.780041666666657,8.798375000000002,2.258055555555553,0.1964375876577839,7.74,9.03,1.6,0.18
7.780041666666657,8.798375000000002,2.258055555555553,0.1964375876577839,7.74,9.03,1.6,0.18,8.04,9.03,2.0,0.27
7.93,9.05,2.1,0.23,8.04,9.03,2.0,0.27,7.780041666666657,8.798375000000002,2.258055555555553,0.1964375876577839
7.89,9.16,1.9,0.24,7.780041666666657,8.798375000000002,2.258055555555553,0.1964375876577839,7.93,9.05,2.1,0.23
7.88,9.16,2.4,0.28,7.93,9.05,2.1,0.23,7.89,9.16,1.9,0.24
8.08,9.31,2.1,0.23,7.89,9.16,1.9,0.24,7.88,9.16,2.4,0.28
8.05,8.86,2.1,0.22,7.88,9.16,2.4,0.28,8.08,9.31,2.1,0.23
8.08,8.68,2.3,0.21,8.08,9.31,2.1,0.23,8.05,8.86,2.1,0.22
7.9,8.3,2.1,0.2,8.05,8.86,2.1,0.22,8.08,8.68,2.3,0.21
7.92,7.8,2.6,0.2,8.08,8.68,2.3,0.21,7.9,8.3,2.1,0.2
7.95,7.7,2.3,0.22,7.9,8.3,2.1,0.2,7.92,7.8,2.6,0.2
7.89,7.95,2.1,0.19,7.92,7.8,2.6,0.2,7.95,7.7,2.3,0.22
7.780041666666657,8.798375000000002,2.258055555555553,0.1964375876577839,7.95,7.7,2.3,0.22,7.89,7.95,2.1,0.19
7.78,7.26,2.7,0.22,7.89,7.95,2.1,0.19,7.780041666666657,8.798375000000002,2.258055555555553,0.1964375876577839
7.780041666666657,8.798375000000002,2.258055555555553,0.1964375876577839,7.780041666666657,8.798375000000002,2.258055555555553,0.1964375876577839,7.78,7.26,2.7,0.22
7.76,7.25,3.3,0.28,7.78,7.26,2.7,0.22,7.780041666666657,8.798375000000002,2.258055555555553,0.1964375876577839
7.780041666666657,8.798375000000002,2.258055555555553,0.1964375876577839,7.780041666666657,8.798375000000002,2.258055555555553,0.1964375876577839,7.76,7.25,3.3,0.28
7.780041666666657,8.798375000000002,2.258055555555553,0.1964375876577839,7.76,7.25,3.3,0.28,7.780041666666657,8.798375000000002,2.258055555555553,0.1964375876577839
7.780041666666657,8.798375000000002,2.258055555555553,0.1964375876577839,7.780041666666657,8.798375000000002,2.258055555555553,0.1964375876577839,7.780041666666657,8.798375000000002,2.258055555555553,0.1964375876577839
7.780041666666657,8.798375000000002,2.258055555555553,0.1964375876577839,7.780041666666657,8.798375000000002,2.258055555555553,0.1964375876577839,7.780041666666657,8.798375000000002,2.258055555555553,0.1964375876577839
7.780041666666657,8.798375000000002,2.258055555555553,0.1964375876577839,7.780041666666657,8.798375000000002,2.258055555555553,0.1964375876577839,7.780041666666657,8.798375000000002,2.258055555555553,0.1964375876577839
7.780041666666657,8.798375000000002,2.258055555555553,0.1964375876577839,7.780041666666657,8.798375000000002,2.258055555555553,0.1964375876577839,7.780041666666657,8.798375000000002,2.258055555555553,0.1964375876577839
7.88,7.78,3.5,0.32,7.780041666666657,8.798375000000002,2.258055555555553,0.1964375876577839,7.780041666666657,8.798375000000002,2.258055555555553,0.1964375876577839
7.69,7.54,3.3,0.14,7.780041666666657,8.798375000000002,2.258055555555553,0.1964375876577839,7.88,7.78,3.5,0.32
7.780041666666657,8.798375000000002,2.258055555555553,0.1964375876577839,7.88,7.78,3.5,0.32,7.69,7.54,3.3,0.14
7.780041666666657,8.798375000000002,2.258055555555553,0.1964375876577839,7.69,7.54,3.3,0.14,7.780041666666657,8.798375000000002,2.258055555555553,0.1964375876577839
7.780041666666657,8.798375000000002,2.258055555555553,0.1964375876577839,7.780041666666657,8.798375000000002,2.258055555555553,0.1964375876577839,7.780041666666657,8.798375000000002,2.258055555555553,0.1964375876577839
7.7,7.77,2.3,0.14,7.780041666666657,8.798375000000002,2.258055555555553,0.1964375876577839,7.780041666666657,8.798375000000002,2.258055555555553,0.1964375876577839
7.780041666666657,8.798375000000002,2.258055555555553,0.1964375876577839,7.780041666666657,8.798375000000002,2.258055555555553,0.1964375876577839,7.7,7.77,2.3,0.14
7.87,8.43,1.9,0.12,7.7,7.77,2.3,0.14,7.780041666666657,8.798375000000002,2.258055555555553,0.1964375876577839
7.780041666666657,8.798375000000002,2.258055555555553,0.1964375876577839,7.780041666666657,8.798375000000002,2.258055555555553,0.1964375876577839,7.87,8.43,1.9,0.12
7.780041666666657,8.798375000000002,2.258055555555553,0.1964375876577839,7.87,8.43,1.9,0.12,7.780041666666657,8.798375000000002,2.258055555555553,0.1964375876577839
7.780041666666657,8.798375000000002,2.258055555555553,0.1964375876577839,7.780041666666657,8.798375000000002,2.258055555555553,0.1964375876577839,7.780041666666657,8.798375000000002,2.258055555555553,0.1964375876577839
7.780041666666657,8.798375000000002,2.258055555555553,0.1964375876577839,7.780041666666657,8.798375000000002,2.258055555555553,0.1964375876577839,7.780041666666657,8.798375000000002,2.258055555555553,0.1964375876577839
7.780041666666657,8.798375000000002,2.258055555555553,0.1964375876577839,7.780041666666657,8.798375000000002,2.258055555555553,0.1964375876577839,7.780041666666657,8.798375000000002,2.258055555555553,0.1964375876577839
7.69,9.4,1.6,0.16,7.780041666666657,8.798375000000002,2.258055555555553,0.1964375876577839,7.780041666666657,8.798375000000002,2.258055555555553,0.1964375876577839
7.66,9.67,1.2,0.21,7.780041666666657,8.798375000000002,2.258055555555553,0.1964375876577839,7.69,9.4,1.6,0.16
7.6,9.64,1.4,0.2,7.69,9.4,1.6,0.16,7.66,9.67,1.2,0.21
7.780041666666657,8.798375000000002,2.258055555555553,0.1964375876577839,7.66,9.67,1.2,0.21,7.6,9.64,1.4,0.2
7.780041666666657,8.798375000000002,2.258055555555553,0.1964375876577839,7.6,9.64,1.4,0.2,7.780041666666657,8.798375000000002,2.258055555555553,0.1964375876577839
7.780041666666657,8.798375000000002,2.258055555555553,0.1964375876577839,7.780041666666657,8.798375000000002,2.258055555555553,0.1964375876577839,7.780041666666657,8.798375000000002,2.258055555555553,0.1964375876577839
7.780041666666657,8.798375000000002,2.258055555555553,0.1964375876577839,7.780041666666657,8.798375000000002,2.258055555555553,0.1964375876577839,7.780041666666657,8.798375000000002,2.258055555555553,0.1964375876577839
7.47,10.2,2.0,0.21,7.780041666666657,8.798375000000002,2.258055555555553,0.1964375876577839,7.780041666666657,8.798375000000002,2.258055555555553,0.1964375876577839
7.57,10.5,2.0,0.15,7.780041666666657,8.798375000000002,2.258055555555553,0.1964375876577839,7.47,10.2,2.0,0.21
