7.373453536754504,7.799348127600557,2.1795264623955406,0.2064164305949008,8.02,8.49,3.5,0.18,8.02,7.86,3.7,0.11
8.11,7.59,3.4,0.07,8.02,7.86,3.7,0.11,7.373453536754504,7.799348127600557,2.1795264623955406,0.2064164305949008
8.1,7.52,3.4,0.1,7.373453536754504,7.799348127600557,2.1795264623955406,0.2064164305949008,8.11,7.59,3.4,0.07
8.15,9.11,3.5,0.18,8.11,7.59,3.4,0.07,8.1,7.52,3.4,0.1
8.23,9.11,2.9,0.21,8.1,7.52,3.4,0.1,8.15,9.11,3.5,0.18
8.3,9.18,3.0,0.25,8.15,9.11,3.5,0.18,8.23,9.11,2.9,0.21
8.23,9.05,3.0,0.28,8.23,9.11,2.9,0.21,8.3,9.18,3.0,0.25
8.13,8.92,2.8,0.25,8.3,9.18,3.0,0.25,8.23,9.05,3.0,0.28
7.73,9.0,2.9,0.25,8.23,9.05,3.0,0.28,8.13,8.92,2.8,0.25
8.1,8.78,2.9,0.24,8.13,8.92,2.8,0.25,7.73,9.0,2.9,0.25
7.7,8.15,2.2,0.23,7.73,9.0,2.9,0.25,8.1,8.78,2.9,0.24
7.7,10.4,2.2,1.7,8.1,8.78,2.9,0.24,7.7,8.15,2.2,0.23
7.72,10.1,1.3,0.22,7.7,8.15,2.2,0.23,7.7,10.4,2.2,1.7
7.65,9.67,0.3,0.13,7.7,10.4,2.2,1.7,7.72,10.1,1.3,0.22
7.65,9.67,0.3,0.13,7.72,10.1,1.3,0.22,7.65,9.67,0.3,0.13
7.64,8.15,2.2,0.19,7.65,9.67,0.3,0.13,7.65,9.67,0.3,0.13
7.61,8.13,2.2,0.21,7.65,9.67,0.3,0.13,7.64,8.15,2.2,0.19
8.11,8.52,2.5,0.31,7.64,8.15,2.2,0.19,7.61,8.13,2.2,0.21
8.1,9.28,3.5,0.22,7.61,8.13,2.2,0.21,8.11,8.52,2.5,0.31
8.28,8.25,1.2,0.19,8.11,8.52,2.5,0.31,8.1,9.28,3.5,0.22
7.3,9.78,3.7,0.89,8.1,9.28,3.5,0.22,8.28,8.25,1.2,0.19
7.61,6.88,2.4,0.25,8.28,8.25,1.2,0.19,7.3,9.78,3.7,0.89
7.75,6.58,2.3,0.28,7.3,9.78,3.7,0.89,7.61,6.88,2.4,0.25
7.55,6.35,2.5,0.23,7.61,6.88,2.4,0.25,7.75,6.58,2.3,0.28
7.3,6.22,2.3,0.21,7.75,6.58,2.3,0.28,7.55,6.35,2.5,0.23
7.373453536754504,7.799348127600557,2.1795264623955406,0.2064164305949008,7.55,6.35,2.5,0.23,7.3,6.22,2.3,0.21
7.373453536754504,7.799348127600557,2.1795264623955406,0.2064164305949008,7.3,6.22,2.3,0.21,7.373453536754504,7.799348127600557,2.1795264623955406,0.2064164305949008
7.373453536754504,7.799348127600557,2.1795264623955406,0.2064164305949008,7.373453536754504,7.799348127600557,2.1795264623955406,0.2064164305949008,7.373453536754504,7.799348127600557,2.1795264623955406,0.2064164305949008
7.3,6.82,2.1,0.19,7.373453536754504,7.799348127600557,2.1795264623955406,0.2064164305949008,7.373453536754504,7.799348127600557,2.1795264623955406,0.2064164305949008
7.15,6.5,1.9,0.17,7.373453536754504,7.799348127600557,2.1795264623955406,0.2064164305949008,7.3,6.82,2.1,0.19
7.25,6.35,1.9,0.16,7.3,6.82,2.1,0.19,7.15,6.5,1.9,0.17
7.3,6.35,2.0,0.15,7.15,6.5,1.9,0.17,7.25,6.35,1.9,0.16
7.15,6.35,1.8,0.16,7.25,6.35,1.9,0.16,7.3,6.35,2.0,0.15
7.95,8.11,1.9,0.18,7.3,6.35,2.0,0.15,7.15,6.35,1.8,0.16
8.11,7.54,1.1,0.13,7.15,6.35,1.8,0.16,7.95,8.11,1.9,0.18
7.11,6.45,1.8,0.13,7.95,8.11,1.9,0.18,8.11,7.54,1.1,0.13
7.373453536754504,7.799348127600557,2.1795264623955406,0.2064164305949008,8.11,7.54,1.1,0.13,7.11,6.45,1.8,0.13
7.35,6.75,1.3,0.18,7.11,6.45,1.8,0.13,7.373453536754504,7.799348127600557,2.1795264623955406,0.2064164305949008
7.25,7.11,1.2,0.18,7.373453536754504,7.799348127600557,2.1795264623955406,0.2064164305949008,7.35,6.75,1.3,0.18
7.3,6.75,1.7,0.12,7.35,6.75,1.3,0.18,7.25,7.11,1.2,0.18
7.49,7.72,1.5,0.16,7.25,7.11,1.2,0.18,7.3,6.75,1.7,0.12
7.25,6.45,1.6,0.13,7.3,6.75,1.7,0.12,7.49,7.72,1.5,0.16
7.15,6.15,1.3,0.12,7.49,7.72,1.5,0.16,7.25,6.45,1.6,0.13
7.3,6.25,1.1,0.11,7.25,6.45,1.6,0.13,7.15,6.15,1.3,0.12
7.16,6.06,1.0,0.11,7.15,6.15,1.3,0.12,7.3,6.25,1.1,0.11
7.14,6.08,1.3,0.12,7.3,6.25,1.1,0.11,7.16,6.06,1.0,0.11
8.01,10.3,5.2,0.16,7.16,6.06,1.0,0.11,7.14,6.08,1.3,0.12
8.31,9.91,2.8,0.2,7.14,6.08,1.3,0.12,8.01,10.3,5.2,0.16
8.47,9.76,2.7,0.2,8.01,10.3,5.2,0.16,8.31,9.91,2.8,0.2
8.49,9.96,5.2,0.2,8.31,9.91,2.8,0.2,8.47,9.76,2.7,0.2
7.58,9.78,3.0,0.12,8.47,9.76,2.7,0.2,8.49,9.96,5.2,0.2
7.67,9.66,3.1,0.09,8.49,9.96,5.2,0.2,7.58,9.78,3.0,0.12
6.62,6.98,0.4,0.1,7.58,9.78,3.0,0.12,7.67,9.66,3.1,0.09
6.61,14.8,0.4,0.14,7.67,9.66,3.1,0.09,6.62,6.98,0.4,0.1
7.27,7.4,0.2,0.07,6.62,6.98,0.4,0.1,6.61,14.8,0.4,0.14
7.27,7.4,0.2,0.07,6.61,14.8,0.4,0.14,7.27,7.4,0.2,0.07
7.373453536754504,7.799348127600557,2.1795264623955406,0.2064164305949008,7.27,7.4,0.2,0.07,7.27,7.4,0.2,0.07
8.03,9.33,5.9,0.21,7.27,7.4,0.2,0.07,7.373453536754504,7.799348127600557,2.1795264623955406,0.2064164305949008
7.27,8.62,5.1,0.43,7.373453536754504,7.799348127600557,2.1795264623955406,0.2064164305949008,8.03,9.33,5.9,0.21
7.39,8.93,4.5,0.32,8.03,9.33,5.9,0.21,7.27,8.62,5.1,0.43
6.76,8.88,3.7,0.1,7.27,8.62,5.1,0.43,7.39,8.93,4.5,0.32
7.94,8.9,3.7,0.08,7.39,8.93,4.5,0.32,6.76,8.88,3.7,0.1
6.9,9.03,3.5,0.32,6.76,8.88,3.7,0.1,7.94,8.9,3.7,0.08
6.18,9.04,2.4,0.16,7.94,8.9,3.7,0.08,6.9,9.03,3.5,0.32
6.21,9.67,2.1,0.28,6.9,9.03,3.5,0.32,6.18,9.04,2.4,0.16
6.42,9.49,0.1,0.99,6.18,9.04,2.4,0.16,6.21,9.67,2.1,0.28
6.23,8.99,2.3,0.23,6.21,9.67,2.1,0.28,6.42,9.49,0.1,0.99
7.5,8.5,1.9,0.23,6.42,9.49,0.1,0.99,6.23,8.99,2.3,0.23
7.64,6.89,1.7,0.13,6.23,8.99,2.3,0.23,7.5,8.5,1.9,0.23
7.69,9.08,2.4,0.21,7.5,8.5,1.9,0.23,7.64,6.89,1.7,0.13
7.78,9.29,2.9,0.22,7.64,6.89,1.7,0.13,7.69,9.08,2.4,0.21
7.72,9.83,3.1,0.19,7.69,9.08,2.4,0.21,7.78,9.29,2.9,0.22
7.68,9.32,3.1,0.19,7.78,9.29,2.9,0.22,7.72,9.83,3.1,0.19
7.69,9.48,3.0,0.21,7.72,9.83,3.1,0.19,7.68,9.32,3.1,0.19
7.84,9.4,3.2,0.22,7.68,9.32,3.1,0.19,7.69,9.48,3.0,0.21
8.14,6.04,2.2,0.11,7.69,9.48,3.0,0.21,7.84,9.4,3.2,0.22
8.25,6.45,0.2,0.03,7.84,9.4,3.2,0.22,8.14,6.04,2.2,0.11
8.21,6.18,2.3,0.02,8.14,6.04,2.2,0.11,8.25,6.45,0.2,0.03
8.1,6.18,2.6,0.12,8.25,6.45,0.2,0.03,8.21,6.18,2.3,0.02
8.37,6.24,2.6,0.06,8.21,6.18,2.3,0.02,8.1,6.18,2.6,0.12
7.99,5.81,2.6,0.03,8.1,6.18,2.6,0.12,8.37,6.24,2.6,0.06
7.373453536754504,7.799348127600557,2.1795264623955406,0.2064164305949008,8.37,6.24,2.6,0.06,7.99,5.81,2.6,0.03
7.31,6.72,2.9,1.17,7.99,5.81,2.6,0.03,7.373453536754504,7.799348127600557,2.1795264623955406,0.2064164305949008
6.88,6.77,3.0,0.29,7.373453536754504,7.799348127600557,2.1795264623955406,0.2064164305949008,7.31,6.72,2.9,1.17
6.97,6.86,2.7,0.19,7.31,6.72,2.9,1.17,6.88,6.77,3.0,0.29
6.99,6.88,2.7,0.16,6.88,6.77,3.0,0.29,6.97,6.86,2.7,0.19
7.0,7.07,2.2,0.11,6.97,6.86,2.7,0.19,6.99,6.88,2.7,0.16
7.07,7.4,2.5,0.14,6.99,6.88,2.7,0.16,7.0,7.07,2.2,0.11
7.0,7.4,2.9,0.16,7.0,7.07,2.2,0.11,7.07,7.4,2.5,0.14
7.01,7.45,2.8,0.17,7.07,7.4,2.5,0.14,7.0,7.4,2.9,0.16
7.14,7.32,2.8,0.16,7.0,7.4,2.9,0.16,7.01,7.45,2.8,0.17
7.19,7.44,3.0,0.16,7.01,7.45,2.8,0.17,7.14,7.32,2.8,0.16
7.35,7.43,2.8,0.14,7.14,7.32,2.8,0.16,7.19,7.44,3.0,0.16
7.18,7.05,2.9,0.15,7.19,7.44,3.0,0.16,7.35,7.43,2.8,0.14
7.14,7.02,2.8,0.15,7.35,7.43,2.8,0.14,7.18,7.05,2.9,0.15
7.17,7.05,3.0,0.14,7.18,7.05,2.9,0.15,7.14,7.02,2.8,0.15
7.14,6.98,2.9,0.14,7.14,7.02,2.8,0.15,7.17,7.05,3.0,0.14
7.16,6.99,3.0,0.15,7.17,7.05,3.0,0.14,7.14,6.98,2.9,0.14
7.1,7.27,2.9,0.16,7.14,6.98,2.9,0.14,7.16,6.99,3.0,0.15
7.18,7.12,2.3,0.11,7.16,6.99,3.0,0.15,7.1,7.27,2.9,0.16
7.05,7.04,2.5,0.13,7.1,7.27,2.9,0.16,7.18,7.12,2.3,0.11
7.05,7.03,2.5,0.13,7.18,7.12,2.3,0.11,7.05,7.04,2.5,0.13
7.2,6.98,2.5,0.14,7.05,7.04,2.5,0.13,7.05,7.03,2.5,0.13
7.19,7.05,2.4,0.14,7.05,7.03,2.5,0.13,7.2,6.98,2.5,0.14
7.19,7.35,2.5,0.15,7.2,6.98,2.5,0.14,7.19,7.05,2.4,0.14
7.19,7.2,2.8,0.16,7.19,7.05,2.4,0.14,7.19,7.35,2.5,0.15
7.19,7.15,2.8,0.16,7.19,7.35,2.5,0.15,7.19,7.2,2.8,0.16
7.19,7.08,2.8,0.16,7.19,7.2,2.8,0.16,7.19,7.15,2.8,0.16
7.19,7.05,2.8,0.16,7.19,7.15,2.8,0.16,7.19,7.08,2.8,0.16
7.22,7.08,2.8,0.16,7.19,7.08,2.8,0.16,7.19,7.05,2.8,0.16
7.1,7.11,2.5,0.17,7.19,7.05,2.8,0.16,7.22,7.08,2.8,0.16
7.13,7.03,2.6,0.16,7.22,7.08,2.8,0.16,7.1,7.11,2.5,0.17
7.1,7.06,2.6,0.15,7.1,7.11,2.5,0.17,7.13,7.03,2.6,0.16
7.1,6.93,2.9,0.17,7.13,7.03,2.6,0.16,7.1,7.06,2.6,0.15
7.19,7.03,2.3,0.17,7.1,7.06,2.6,0.15,7.1,6.93,2.9,0.17
7.13,7.07,2.3,0.16,7.1,6.93,2.9,0.17,7.19,7.03,2.3,0.17
7.08,6.99,2.4,0.14,7.19,7.03,2.3,0.17,7.13,7.07,2.3,0.16
8.12,7.32,2.5,0.11,7.13,7.07,2.3,0.16,7.08,6.99,2.4,0.14
8.02,7.41,2.7,0.12,7.08,6.99,2.4,0.14,8.12,7.32,2.5,0.11
7.373453536754504,7.799348127600557,2.1795264623955406,0.2064164305949008,8.12,7.32,2.5,0.11,8.02,7.41,2.7,0.12
7.64,6.43,2.3,0.11,8.02,7.41,2.7,0.12,7.373453536754504,7.799348127600557,2.1795264623955406,0.2064164305949008
7.65,6.42,2.3,0.11,7.373453536754504,7.799348127600557,2.1795264623955406,0.2064164305949008,7.64,6.43,2.3,0.11
7.81,7.77,2.2,0.19,7.64,6.43,2.3,0.11,7.65,6.42,2.3,0.11
7.39,7.64,2.5,0.19,7.65,6.42,2.3,0.11,7.81,7.77,2.2,0.19
7.19,7.55,2.5,0.19,7.81,7.77,2.2,0.19,7.39,7.64,2.5,0.19
7.27,7.59,2.4,0.19,7.39,7.64,2.5,0.19,7.19,7.55,2.5,0.19
7.28,7.57,2.2,0.17,7.19,7.55,2.5,0.19,7.27,7.59,2.4,0.19
7.32,7.54,2.2,0.17,7.27,7.59,2.4,0.19,7.28,7.57,2.2,0.17
7.35,6.9,2.4,0.16,7.28,7.57,2.2,0.17,7.32,7.54,2.2,0.17
7.28,6.96,2.3,0.16,7.32,7.54,2.2,0.17,7.35,6.9,2.4,0.16
7.29,6.93,2.4,0.16,7.35,6.9,2.4,0.16,7.28,6.96,2.3,0.16
7.26,7.03,2.6,0.16,7.28,6.96,2.3,0.16,7.29,6.93,2.4,0.16
7.24,6.96,2.8,0.17,7.29,6.93,2.4,0.16,7.26,7.03,2.6,0.16
7.15,6.92,2.8,0.18,7.26,7.03,2.6,0.16,7.24,6.96,2.8,0.17
7.13,6.95,3.0,0.17,7.24,6.96,2.8,0.17,7.15,6.92,2.8,0.18
7.13,6.91,2.8,0.17,7.15,6.92,2.8,0.18,7.13,6.95,3.0,0.17
7.11,6.86,3.0,0.18,7.13,6.95,3.0,0.17,7.13,6.91,2.8,0.17
7.19,6.94,3.2,0.19,7.13,6.91,2.8,0.17,7.11,6.86,3.0,0.18
7.22,6.94,3.0,0.19,7.11,6.86,3.0,0.18,7.19,6.94,3.2,0.19
7.23,6.69,3.0,0.2,7.19,6.94,3.2,0.19,7.22,6.94,3.0,0.19
7.24,6.66,3.0,0.2,7.22,6.94,3.0,0.19,7.23,6.69,3.0,0.2
7.23,6.84,2.8,0.2,7.23,6.69,3.0,0.2,7.24,6.66,3.0,0.2
7.24,6.81,2.8,0.19,7.24,6.66,3.0,0.2,7.23,6.84,2.8,0.2
7.26,6.91,3.0,0.2,7.23,6.84,2.8,0.2,7.24,6.81,2.8,0.19
7.28,6.87,2.9,0.19,7.24,6.81,2.8,0.19,7.26,6.91,3.0,0.2
7.24,6.89,2.9,0.2,7.26,6.91,3.0,0.2,7.28,6.87,2.9,0.19
7.55,7.72,3.0,0.25,7.28,6.87,2.9,0.19,7.24,6.89,2.9,0.2
7.5,7.84,3.0,0.25,7.24,6.89,2.9,0.2,7.55,7.72,3.0,0.25
7.5,7.79,3.0,0.24,7.55,7.72,3.0,0.25,7.5,7.84,3.0,0.25
7.5,7.79,2.9,0.22,7.5,7.84,3.0,0.25,7.5,7.79,3.0,0.24
7.48,7.78,2.9,0.22,7.5,7.79,3.0,0.24,7.5,7.79,2.9,0.22
7.47,7.78,2.8,0.2,7.5,7.79,2.9,0.22,7.48,7.78,2.9,0.22
7.5,7.81,2.8,0.22,7.48,7.78,2.9,0.22,7.47,7.78,2.8,0.2
7.5,7.83,3.1,0.2,7.47,7.78,2.8,0.2,7.5,7.81,2.8,0.22
7.373453536754504,7.799348127600557,2.1795264623955406,0.2064164305949008,7.5,7.81,2.8,0.22,7.5,7.83,3.1,0.2
7.48,7.84,2.9,0.22,7.5,7.83,3.1,0.2,7.373453536754504,7.799348127600557,2.1795264623955406,0.2064164305949008
7.38,9.59,2.7,0.22,7.373453536754504,7.799348127600557,2.1795264623955406,0.2064164305949008,7.48,7.84,2.9,0.22
7.33,9.43,2.9,0.22,7.48,7.84,2.9,0.22,7.38,9.59,2.7,0.22
7.31,9.41,2.9,0.23,7.38,9.59,2.7,0.22,7.33,9.43,2.9,0.22
7.31,9.42,3.0,0.23,7.33,9.43,2.9,0.22,7.31,9.41,2.9,0.23
7.58,7.92,3.0,0.22,7.31,9.41,2.9,0.23,7.31,9.42,3.0,0.23
7.56,7.37,2.9,0.23,7.31,9.42,3.0,0.23,7.58,7.92,3.0,0.22
7.74,6.75,2.5,0.22,7.58,7.92,3.0,0.22,7.56,7.37,2.9,0.23
7.74,6.89,2.8,0.2,7.56,7.37,2.9,0.23,7.74,6.75,2.5,0.22
7.45,6.83,2.5,0.17,7.74,6.75,2.5,0.22,7.74,6.89,2.8,0.2
7.59,6.91,2.9,0.21,7.74,6.89,2.8,0.2,7.45,6.83,2.5,0.17
7.53,6.89,2.9,0.22,7.45,6.83,2.5,0.17,7.59,6.91,2.9,0.21
7.5,6.88,2.9,0.22,7.59,6.91,2.9,0.21,7.53,6.89,2.9,0.22
7.49,6.9,3.1,0.22,7.53,6.89,2.9,0.22,7.5,6.88,2.9,0.22
7.5,6.88,3.1,0.2064164305949008,7.5,6.88,2.9,0.22,7.49,6.9,3.1,0.22
7.5,6.83,2.7,0.2,7.49,6.9,3.1,0.22,7.5,6.88,3.1,0.2064164305949008
7.5,6.9,3.1,0.23,7.5,6.88,3.1,0.2064164305949008,7.5,6.83,2.7,0.2
7.51,6.97,3.1,0.23,7.5,6.83,2.7,0.2,7.5,6.9,3.1,0.23
7.5,6.91,3.2,0.23,7.5,6.9,3.1,0.23,7.51,6.97,3.1,0.23
7.5,6.9,3.1,0.23,7.51,6.97,3.1,0.23,7.5,6.91,3.2,0.23
7.52,6.9,3.2,0.23,7.5,6.91,3.2,0.23,7.5,6.9,3.1,0.23
7.51,6.9,3.1,0.23,7.5,6.9,3.1,0.23,7.52,6.9,3.2,0.23
7.51,6.9,3.1,0.22,7.52,6.9,3.2,0.23,7.51,6.9,3.1,0.23
7.5,6.9,3.0,0.23,7.51,6.9,3.1,0.23,7.51,6.9,3.1,0.22
7.51,6.9,3.0,0.23,7.51,6.9,3.1,0.22,7.5,6.9,3.0,0.23
7.51,6.95,3.2,0.21,7.5,6.9,3.0,0.23,7.51,6.9,3.0,0.23
7.61,6.9,3.1,0.23,7.51,6.9,3.0,0.23,7.51,6.95,3.2,0.21
7.19,6.89,3.1,0.23,7.51,6.95,3.2,0.21,7.61,6.9,3.1,0.23
7.48,6.86,3.3,0.24,7.61,6.9,3.1,0.23,7.19,6.89,3.1,0.23
7.72,7.66,3.1,0.21,7.19,6.89,3.1,0.23,7.48,6.86,3.3,0.24
7.73,6.61,3.1,0.21,7.48,6.86,3.3,0.24,7.72,7.66,3.1,0.21
7.47,6.62,3.2,0.23,7.72,7.66,3.1,0.21,7.73,6.61,3.1,0.21
7.56,6.58,3.2,0.24,7.73,6.61,3.1,0.21,7.47,6.62,3.2,0.23
7.61,6.66,3.2,0.23,7.47,6.62,3.2,0.23,7.56,6.58,3.2,0.24
7.59,6.7,3.2,0.23,7.56,6.58,3.2,0.24,7.61,6.66,3.2,0.23
6.64,7.12,3.2,0.22,7.61,6.66,3.2,0.23,7.59,6.7,3.2,0.23
6.56,7.03,1.4,0.21,7.59,6.7,3.2,0.23,6.64,7.12,3.2,0.22
7.29,7.01,3.2,0.21,6.64,7.12,3.2,0.22,6.56,7.03,1.4,0.21
7.25,6.97,3.2,0.22,6.56,7.03,1.4,0.21,7.29,7.01,3.2,0.21
7.22,6.97,3.2,0.21,7.29,7.01,3.2,0.21,7.25,6.97,3.2,0.22
7.2,6.93,3.1,0.22,7.25,6.97,3.2,0.22,7.22,6.97,3.2,0.21
7.19,6.9,3.2,0.22,7.22,6.97,3.2,0.21,7.2,6.93,3.1,0.22
7.1,6.95,3.2,0.2,7.2,6.93,3.1,0.22,7.19,6.9,3.2,0.22
7.19,6.94,3.1,0.22,7.19,6.9,3.2,0.22,7.1,6.95,3.2,0.2
8.01,7.56,3.2,0.23,7.1,6.95,3.2,0.2,7.19,6.94,3.1,0.22
7.91,7.55,3.3,0.25,7.19,6.94,3.1,0.22,8.01,7.56,3.2,0.23
7.91,7.36,3.3,0.24,8.01,7.56,3.2,0.23,7.91,7.55,3.3,0.25
7.9,7.28,3.4,0.23,7.91,7.55,3.3,0.25,7.91,7.36,3.3,0.24
7.9,7.01,2.5,0.22,7.91,7.36,3.3,0.24,7.9,7.28,3.4,0.23
7.55,8.55,2.8,0.15,7.9,7.28,3.4,0.23,7.9,7.01,2.5,0.22
7.64,8.17,3.0,0.16,7.9,7.01,2.5,0.22,7.55,8.55,2.8,0.15
7.61,8.84,2.8,0.16,7.55,8.55,2.8,0.15,7.64,8.17,3.0,0.16
7.57,8.73,2.9,0.15,7.64,8.17,3.0,0.16,7.61,8.84,2.8,0.16
7.62,8.48,2.8,0.17,7.61,8.84,2.8,0.16,7.57,8.73,2.9,0.15
7.6,8.74,3.0,0.18,7.57,8.73,2.9,0.15,7.62,8.48,2.8,0.17
7.55,10.9,3.0,0.31,7.62,8.48,2.8,0.17,7.6,8.74,3.0,0.18
7.49,11.4,3.0,0.19,7.6,8.74,3.0,0.18,7.55,10.9,3.0,0.31
7.373453536754504,7.799348127600557,2.1795264623955406,0.2064164305949008,7.55,10.9,3.0,0.31,7.49,11.4,3.0,0.19
7.54,10.4,3.0,0.19,7.49,11.4,3.0,0.19,7.373453536754504,7.799348127600557,2.1795264623955406,0.2064164305949008
7.56,10.4,2.9,0.17,7.373453536754504,7.799348127600557,2.1795264623955406,0.2064164305949008,7.54,10.4,3.0,0.19
7.1,10.2,2.9,0.15,7.54,10.4,3.0,0.19,7.56,10.4,2.9,0.17
6.6,9.07,3.0,0.17,7.56,10.4,2.9,0.17,7.1,10.2,2.9,0.15
6.97,8.67,2.9,0.18,7.1,10.2,2.9,0.15,6.6,9.07,3.0,0.17
7.32,7.97,3.1,0.22,6.6,9.07,3.0,0.17,6.97,8.67,2.9,0.18
7.63,8.17,2.8,0.21,6.97,8.67,2.9,0.18,7.32,7.97,3.1,0.22
7.68,8.19,2.9,0.2,7.32,7.97,3.1,0.22,7.63,8.17,2.8,0.21
7.42,7.14,2.5,0.21,7.63,8.17,2.8,0.21,7.68,8.19,2.9,0.2
7.5,6.95,2.7,0.17,7.68,8.19,2.9,0.2,7.42,7.14,2.5,0.21
7.04,7.6,2.0,0.21,7.42,7.14,2.5,0.21,7.5,6.95,2.7,0.17
7.1,7.57,1.4,0.21,7.5,6.95,2.7,0.17,7.04,7.6,2.0,0.21
7.06,7.05,1.3,0.2,7.04,7.6,2.0,0.21,7.1,7.57,1.4,0.21
6.99,7.06,1.3,0.2,7.1,7.57,1.4,0.21,7.06,7.05,1.3,0.2
7.09,7.22,1.3,0.2,7.06,7.05,1.3,0.2,6.99,7.06,1.3,0.2
7.02,7.35,1.4,0.21,6.99,7.06,1.3,0.2,7.09,7.22,1.3,0.2
7.06,7.01,1.4,0.2,7.09,7.22,1.3,0.2,7.02,7.35,1.4,0.21
7.07,7.02,1.7,0.2,7.02,7.35,1.4,0.21,7.06,7.01,1.4,0.2
7.13,7.05,1.5,0.2,7.06,7.01,1.4,0.2,7.07,7.02,1.7,0.2
7.12,7.13,1.6,0.2,7.07,7.02,1.7,0.2,7.13,7.05,1.5,0.2
7.12,7.1,1.8,0.2,7.13,7.05,1.5,0.2,7.12,7.13,1.6,0.2
7.12,7.29,1.7,0.2,7.12,7.13,1.6,0.2,7.12,7.1,1.8,0.2
7.14,7.1,1.9,0.21,7.12,7.1,1.8,0.2,7.12,7.29,1.7,0.2
7.14,7.57,1.7,0.2,7.12,7.29,1.7,0.2,7.14,7.1,1.9,0.21
7.2,7.04,1.9,0.2,7.14,7.1,1.9,0.21,7.14,7.57,1.7,0.2
7.29,7.08,1.9,0.2,7.14,7.57,1.7,0.2,7.2,7.04,1.9,0.2
7.28,7.08,1.8,0.2,7.2,7.04,1.9,0.2,7.29,7.08,1.9,0.2
7.33,7.08,1.8,0.2,7.29,7.08,1.9,0.2,7.28,7.08,1.8,0.2
7.34,7.03,1.8,0.19,7.28,7.08,1.8,0.2,7.33,7.08,1.8,0.2
7.33,7.15,1.8,0.19,7.33,7.08,1.8,0.2,7.34,7.03,1.8,0.19
7.36,7.0,1.9,0.2,7.34,7.03,1.8,0.19,7.33,7.15,1.8,0.19
7.37,7.05,2.0,0.21,7.33,7.15,1.8,0.19,7.36,7.0,1.9,0.2
7.44,7.11,2.0,0.2,7.36,7.0,1.9,0.2,7.37,7.05,2.0,0.21
7.35,7.02,2.2,0.21,7.37,7.05,2.0,0.21,7.44,7.11,2.0,0.2
7.42,7.57,2.0,0.2,7.44,7.11,2.0,0.2,7.35,7.02,2.2,0.21
7.33,7.22,1.9,0.2,7.35,7.02,2.2,0.21,7.42,7.57,2.0,0.2
7.31,7.03,1.9,0.2,7.42,7.57,2.0,0.2,7.33,7.22,1.9,0.2
7.46,7.04,1.8,0.2,7.33,7.22,1.9,0.2,7.31,7.03,1.9,0.2
7.51,7.44,1.9,0.22,7.31,7.03,1.9,0.2,7.46,7.04,1.8,0.2
7.49,7.07,2.0,0.2,7.46,7.04,1.8,0.2,7.51,7.44,1.9,0.22
7.51,7.02,2.0,0.2,7.51,7.44,1.9,0.22,7.49,7.07,2.0,0.2
7.47,7.05,2.0,0.22,7.49,7.07,2.0,0.2,7.51,7.02,2.0,0.2
7.42,7.02,2.0,0.22,7.51,7.02,2.0,0.2,7.47,7.05,2.0,0.22
7.32,7.03,2.0,0.19,7.47,7.05,2.0,0.22,7.42,7.02,2.0,0.22
7.41,6.91,1.9,0.2,7.42,7.02,2.0,0.22,7.32,7.03,2.0,0.19
7.3,6.97,1.9,0.19,7.32,7.03,2.0,0.19,7.41,6.91,1.9,0.2
7.38,6.93,1.9,0.2,7.41,6.91,1.9,0.2,7.3,6.97,1.9,0.19
7.39,6.89,1.9,0.19,7.3,6.97,1.9,0.19,7.38,6.93,1.9,0.2
7.41,6.82,2.0,0.19,7.38,6.93,1.9,0.2,7.39,6.89,1.9,0.19
7.4,6.82,1.9,0.22,7.39,6.89,1.9,0.19,7.41,6.82,2.0,0.19
7.35,6.89,1.8,0.2,7.41,6.82,2.0,0.19,7.4,6.82,1.9,0.22
7.31,7.01,1.9,0.21,7.4,6.82,1.9,0.22,7.35,6.89,1.8,0.2
7.31,6.99,2.0,0.23,7.35,6.89,1.8,0.2,7.31,7.01,1.9,0.21
7.28,6.9,1.8,0.22,7.31,7.01,1.9,0.21,7.31,6.99,2.0,0.23
7.17,6.98,1.9,0.23,7.31,6.99,2.0,0.23,7.28,6.9,1.8,0.22
7.24,6.99,2.0,0.22,7.28,6.9,1.8,0.22,7.17,6.98,1.9,0.23
7.21,7.02,1.9,0.21,7.17,6.98,1.9,0.23,7.24,6.99,2.0,0.22
7.29,7.03,2.1,0.22,7.24,6.99,2.0,0.22,7.21,7.02,1.9,0.21
7.27,6.97,1.9,0.2,7.21,7.02,1.9,0.21,7.29,7.03,2.1,0.22
7.31,6.96,1.8,0.23,7.29,7.03,2.1,0.22,7.27,6.97,1.9,0.2
7.24,6.94,2.0,0.18,7.27,6.97,1.9,0.2,7.31,6.96,1.8,0.23
7.2,7.01,1.8,0.19,7.31,6.96,1.8,0.23,7.24,6.94,2.0,0.18
7.18,6.97,1.7,0.22,7.24,6.94,2.0,0.18,7.2,7.01,1.8,0.19
7.47,6.9,1.8,0.21,7.2,7.01,1.8,0.19,7.18,6.97,1.7,0.22
7.22,7.01,1.9,0.2,7.18,6.97,1.7,0.22,7.47,6.9,1.8,0.21
7.41,7.01,1.9,0.17,7.47,6.9,1.8,0.21,7.22,7.01,1.9,0.2
7.31,6.94,1.8,0.17,7.22,7.01,1.9,0.2,7.41,7.01,1.9,0.17
7.38,6.95,1.7,0.19,7.41,7.01,1.9,0.17,7.31,6.94,1.8,0.17
7.25,6.89,1.8,0.19,7.31,6.94,1.8,0.17,7.38,6.95,1.7,0.19
7.26,6.99,1.7,0.19,7.38,6.95,1.7,0.19,7.25,6.89,1.8,0.19
7.32,6.86,1.8,0.2,7.25,6.89,1.8,0.19,7.26,6.99,1.7,0.19
7.33,6.95,1.9,0.19,7.26,6.99,1.7,0.19,7.32,6.86,1.8,0.2
7.28,6.95,1.8,0.2,7.32,6.86,1.8,0.2,7.33,6.95,1.9,0.19
7.06,6.97,2.2,0.2,7.33,6.95,1.9,0.19,7.28,6.95,1.8,0.2
7.12,6.96,1.6,0.23,7.28,6.95,1.8,0.2,7.06,6.97,2.2,0.2
7.06,6.97,1.6,0.25,7.06,6.97,2.2,0.2,7.12,6.96,1.6,0.23
7.05,6.84,1.7,0.24,7.12,6.96,1.6,0.23,7.06,6.97,1.6,0.25
7.22,6.86,1.7,0.25,7.06,6.97,1.6,0.25,7.05,6.84,1.7,0.24
7.19,6.98,1.6,0.27,7.05,6.84,1.7,0.24,7.22,6.86,1.7,0.25
7.27,6.88,1.6,0.23,7.22,6.86,1.7,0.25,7.19,6.98,1.6,0.27
7.3,6.95,1.7,0.3,7.19,6.98,1.6,0.27,7.27,6.88,1.6,0.23
7.22,6.95,1.8,0.28,7.27,6.88,1.6,0.23,7.3,6.95,1.7,0.3
7.16,6.69,1.7,0.25,7.3,6.95,1.7,0.3,7.22,6.95,1.8,0.28
7.27,6.97,1.7,0.31,7.22,6.95,1.8,0.28,7.16,6.69,1.7,0.25
7.27,6.96,1.7,0.28,7.16,6.69,1.7,0.25,7.27,6.97,1.7,0.31
7.32,7.01,1.7,0.3,7.27,6.97,1.7,0.31,7.27,6.96,1.7,0.28
7.29,7.01,1.8,0.31,7.27,6.96,1.7,0.28,7.32,7.01,1.7,0.3
7.25,6.99,1.7,0.31,7.32,7.01,1.7,0.3,7.29,7.01,1.8,0.31
7.35,6.98,1.6,0.3,7.29,7.01,1.8,0.31,7.25,6.99,1.7,0.31
7.35,6.96,1.7,0.31,7.25,6.99,1.7,0.31,7.35,6.98,1.6,0.3
7.24,6.94,1.8,0.28,7.35,6.98,1.6,0.3,7.35,6.96,1.7,0.31
7.31,7.01,1.7,0.28,7.35,6.96,1.7,0.31,7.24,6.94,1.8,0.28
7.3,7.0,1.6,0.31,7.24,6.94,1.8,0.28,7.31,7.01,1.7,0.28
7.33,6.97,1.8,0.28,7.31,7.01,1.7,0.28,7.3,7.0,1.6,0.31
7.31,6.94,1.5,0.31,7.3,7.0,1.6,0.31,7.33,6.97,1.8,0.28
7.29,6.96,1.8,0.3,7.33,6.97,1.8,0.28,7.31,6.94,1.5,0.31
7.35,6.99,1.6,0.28,7.31,6.94,1.5,0.31,7.29,6.96,1.8,0.3
7.373453536754504,7.799348127600557,2.1795264623955406,0.2064164305949008,7.29,6.96,1.8,0.3,7.35,6.99,1.6,0.28
7.32,6.91,1.7,0.29,7.35,6.99,1.6,0.28,7.373453536754504,7.799348127600557,2.1795264623955406,0.2064164305949008
7.33,6.94,1.8,0.31,7.373453536754504,7.799348127600557,2.1795264623955406,0.2064164305949008,7.32,6.91,1.7,0.29
7.33,6.95,1.8,0.3,7.32,6.91,1.7,0.29,7.33,6.94,1.8,0.31
7.32,6.95,1.6,0.32,7.33,6.94,1.8,0.31,7.33,6.95,1.8,0.3
7.32,6.95,1.8,0.32,7.33,6.95,1.8,0.3,7.32,6.95,1.6,0.32
7.26,6.95,1.7,0.31,7.32,6.95,1.6,0.32,7.32,6.95,1.8,0.32
7.34,6.94,1.6,0.28,7.32,6.95,1.8,0.32,7.26,6.95,1.7,0.31
7.33,6.96,1.7,0.31,7.26,6.95,1.7,0.31,7.34,6.94,1.6,0.28
7.34,6.95,1.7,0.32,7.34,6.94,1.6,0.28,7.33,6.96,1.7,0.31
7.35,6.95,1.7,0.31,7.33,6.96,1.7,0.31,7.34,6.95,1.7,0.32
7.28,6.96,1.7,0.32,7.34,6.95,1.7,0.32,7.35,6.95,1.7,0.31
7.23,6.97,1.6,0.33,7.35,6.95,1.7,0.31,7.28,6.96,1.7,0.32
7.33,6.94,2.0,0.27,7.28,6.96,1.7,0.32,7.23,6.97,1.6,0.33
7.12,6.84,1.6,0.3,7.23,6.97,1.6,0.33,7.33,6.94,2.0,0.27
7.64,6.86,1.7,0.31,7.33,6.94,2.0,0.27,7.12,6.84,1.6,0.3
7.45,6.57,1.5,0.31,7.12,6.84,1.6,0.3,7.64,6.86,1.7,0.31
7.62,6.42,1.6,0.3,7.64,6.86,1.7,0.31,7.45,6.57,1.5,0.31
8.23,6.22,1.7,0.33,7.45,6.57,1.5,0.31,7.62,6.42,1.6,0.3
7.28,6.98,1.8,0.3,7.62,6.42,1.6,0.3,8.23,6.22,1.7,0.33
7.3,6.96,1.7,0.32,8.23,6.22,1.7,0.33,7.28,6.98,1.8,0.3
7.32,6.96,1.8,0.27,7.28,6.98,1.8,0.3,7.3,6.96,1.7,0.32
7.19,6.96,1.7,0.31,7.3,6.96,1.7,0.32,7.32,6.96,1.8,0.27
7.33,6.95,1.7,0.3,7.32,6.96,1.8,0.27,7.19,6.96,1.7,0.31
7.32,7.01,1.8,0.31,7.19,6.96,1.7,0.31,7.33,6.95,1.7,0.3
7.18,7.01,1.8,0.31,7.33,6.95,1.7,0.3,7.32,7.01,1.8,0.31
7.22,6.94,2.0,0.28,7.32,7.01,1.8,0.31,7.18,7.01,1.8,0.31
8.46,6.71,1.9,0.44,7.18,7.01,1.8,0.31,7.22,6.94,2.0,0.28
8.55,6.65,2.1,0.46,7.22,6.94,2.0,0.28,8.46,6.71,1.9,0.44
7.44,7.05,2.0,0.38,8.46,6.71,1.9,0.44,8.55,6.65,2.1,0.46
8.15,6.53,1.8,0.73,8.55,6.65,2.1,0.46,7.44,7.05,2.0,0.38
7.75,6.13,1.7,0.4,7.44,7.05,2.0,0.38,8.15,6.53,1.8,0.73
7.97,7.03,1.8,0.42,8.15,6.53,1.8,0.73,7.75,6.13,1.7,0.4
7.83,7.05,1.8,0.33,7.75,6.13,1.7,0.4,7.97,7.03,1.8,0.42
7.88,6.78,1.7,0.48,7.97,7.03,1.8,0.42,7.83,7.05,1.8,0.33
7.72,6.98,1.6,0.44,7.83,7.05,1.8,0.33,7.88,6.78,1.7,0.48
7.6,6.96,1.8,0.44,7.88,6.78,1.7,0.48,7.72,6.98,1.6,0.44
7.48,6.98,1.8,0.41,7.72,6.98,1.6,0.44,7.6,6.96,1.8,0.44
7.45,6.95,1.9,0.35,7.6,6.96,1.8,0.44,7.48,6.98,1.8,0.41
7.49,6.93,1.7,0.34,7.48,6.98,1.8,0.41,7.45,6.95,1.9,0.35
7.48,6.95,1.8,0.32,7.45,6.95,1.9,0.35,7.49,6.93,1.7,0.34
7.53,6.94,1.7,0.31,7.49,6.93,1.7,0.34,7.48,6.95,1.8,0.32
7.3,6.96,1.7,0.32,7.48,6.95,1.8,0.32,7.53,6.94,1.7,0.31
7.23,6.97,1.8,0.32,7.53,6.94,1.7,0.31,7.3,6.96,1.7,0.32
7.19,6.98,1.8,0.33,7.3,6.96,1.7,0.32,7.23,6.97,1.8,0.32
7.15,7.01,1.9,0.32,7.23,6.97,1.8,0.32,7.19,6.98,1.8,0.33
7.373453536754504,7.799348127600557,2.1795264623955406,0.2064164305949008,7.19,6.98,1.8,0.33,7.15,7.01,1.9,0.32
7.11,7.01,1.9,0.32,7.15,7.01,1.9,0.32,7.373453536754504,7.799348127600557,2.1795264623955406,0.2064164305949008
7.11,7.01,1.9,0.32,7.373453536754504,7.799348127600557,2.1795264623955406,0.2064164305949008,7.11,7.01,1.9,0.32
7.32,7.01,1.8,0.29,7.11,7.01,1.9,0.32,7.11,7.01,1.9,0.32
7.27,6.96,1.6,0.32,7.11,7.01,1.9,0.32,7.32,7.01,1.8,0.29
7.47,7.0,1.8,0.34,7.32,7.01,1.8,0.29,7.27,6.96,1.6,0.32
7.43,6.96,1.7,0.31,7.27,6.96,1.6,0.32,7.47,7.0,1.8,0.34
7.34,6.93,1.8,0.3,7.47,7.0,1.8,0.34,7.43,6.96,1.7,0.31
7.51,6.84,1.7,0.31,7.43,6.96,1.7,0.31,7.34,6.93,1.8,0.3
7.42,6.88,1.8,0.31,7.34,6.93,1.8,0.3,7.51,6.84,1.7,0.31
7.4,6.85,1.8,0.31,7.51,6.84,1.7,0.31,7.42,6.88,1.8,0.31
7.42,6.92,1.7,0.32,7.42,6.88,1.8,0.31,7.4,6.85,1.8,0.31
7.33,6.84,1.8,0.32,7.4,6.85,1.8,0.31,7.42,6.92,1.7,0.32
7.41,6.94,1.7,0.31,7.42,6.92,1.7,0.32,7.33,6.84,1.8,0.32
7.29,6.97,1.8,0.32,7.33,6.84,1.8,0.32,7.41,6.94,1.7,0.31
7.32,7.02,1.9,0.33,7.41,6.94,1.7,0.31,7.29,6.97,1.8,0.32
7.17,6.96,1.7,0.31,7.29,6.97,1.8,0.32,7.32,7.02,1.9,0.33
7.13,6.97,1.7,0.31,7.32,7.02,1.9,0.33,7.17,6.96,1.7,0.31
7.12,6.98,1.6,0.31,7.17,6.96,1.7,0.31,7.13,6.97,1.7,0.31
7.34,6.94,1.7,0.28,7.13,6.97,1.7,0.31,7.12,6.98,1.6,0.31
7.27,6.96,1.7,0.3,7.12,6.98,1.6,0.31,7.34,6.94,1.7,0.28
7.74,7.2,1.7,0.29,7.34,6.94,1.7,0.28,7.27,6.96,1.7,0.3
7.49,7.93,1.7,0.4,7.27,6.96,1.7,0.3,7.74,7.2,1.7,0.29
7.76,7.11,1.6,0.4,7.74,7.2,1.7,0.29,7.49,7.93,1.7,0.4
7.83,7.05,1.7,0.31,7.49,7.93,1.7,0.4,7.76,7.11,1.6,0.4
7.85,8.06,1.8,0.3,7.76,7.11,1.6,0.4,7.83,7.05,1.7,0.31
7.83,7.35,1.8,0.31,7.83,7.05,1.7,0.31,7.85,8.06,1.8,0.3
7.61,7.05,1.8,0.28,7.85,8.06,1.8,0.3,7.83,7.35,1.8,0.31
7.19,6.96,1.7,0.31,7.83,7.35,1.8,0.31,7.61,7.05,1.8,0.28
7.01,7.46,1.8,0.29,7.61,7.05,1.8,0.28,7.19,6.96,1.7,0.31
7.7,7.01,1.8,0.3,7.19,6.96,1.7,0.31,7.01,7.46,1.8,0.29
7.42,7.03,1.8,0.31,7.01,7.46,1.8,0.29,7.7,7.01,1.8,0.3
7.58,6.94,1.8,0.3,7.7,7.01,1.8,0.3,7.42,7.03,1.8,0.31
7.37,7.45,1.7,0.28,7.42,7.03,1.8,0.31,7.58,6.94,1.8,0.3
7.48,7.15,1.8,0.29,7.58,6.94,1.8,0.3,7.37,7.45,1.7,0.28
7.28,7.19,1.7,0.31,7.37,7.45,1.7,0.28,7.48,7.15,1.8,0.29
7.48,7.16,1.8,0.31,7.48,7.15,1.8,0.29,7.28,7.19,1.7,0.31
7.27,7.1,1.8,0.31,7.28,7.19,1.7,0.31,7.48,7.16,1.8,0.31
7.18,7.32,1.7,0.32,7.48,7.16,1.8,0.31,7.27,7.1,1.8,0.31
7.17,7.05,1.8,0.31,7.27,7.1,1.8,0.31,7.18,7.32,1.7,0.32
8.12,7.48,1.6,0.32,7.18,7.32,1.7,0.32,7.17,7.05,1.8,0.31
7.02,6.07,2.1,0.32,7.17,7.05,1.8,0.31,8.12,7.48,1.6,0.32
8.06,7.02,1.8,0.32,8.12,7.48,1.6,0.32,7.02,6.07,2.1,0.32
7.57,6.33,1.7,0.31,7.02,6.07,2.1,0.32,8.06,7.02,1.8,0.32
7.55,6.43,1.8,0.3,8.06,7.02,1.8,0.32,7.57,6.33,1.7,0.31
7.48,6.94,1.8,0.32,7.57,6.33,1.7,0.31,7.55,6.43,1.8,0.3
7.31,6.86,1.8,0.32,7.55,6.43,1.8,0.3,7.48,6.94,1.8,0.32
7.22,7.04,1.9,0.29,7.48,6.94,1.8,0.32,7.31,6.86,1.8,0.32
7.16,6.94,1.8,0.31,7.31,6.86,1.8,0.32,7.22,7.04,1.9,0.29
7.85,7.7,1.7,0.3,7.22,7.04,1.9,0.29,7.16,6.94,1.8,0.31
6.68,6.08,1.6,0.31,7.16,6.94,1.8,0.31,7.85,7.7,1.7,0.3
7.71,6.53,1.0,0.28,7.85,7.7,1.7,0.3,6.68,6.08,1.6,0.31
7.5,7.38,1.2,0.21,6.68,6.08,1.6,0.31,7.71,6.53,1.0,0.28
7.38,7.75,1.4,0.25,7.71,6.53,1.0,0.28,7.5,7.38,1.2,0.21
7.24,7.35,1.6,0.29,7.5,7.38,1.2,0.21,7.38,7.75,1.4,0.25
7.58,6.74,1.1,0.28,7.38,7.75,1.4,0.25,7.24,7.35,1.6,0.29
7.37,7.05,1.6,0.28,7.24,7.35,1.6,0.29,7.58,6.74,1.1,0.28
7.99,10.1,1.5,0.28,7.58,6.74,1.1,0.28,7.37,7.05,1.6,0.28
7.89,9.21,1.5,0.27,7.37,7.05,1.6,0.28,7.99,10.1,1.5,0.28
7.8,7.67,1.5,0.27,7.99,10.1,1.5,0.28,7.89,9.21,1.5,0.27
7.79,10.9,1.5,0.41,7.89,9.21,1.5,0.27,7.8,7.67,1.5,0.27
7.74,10.9,1.6,0.29,7.8,7.67,1.5,0.27,7.79,10.9,1.5,0.41
7.44,11.1,1.4,0.28,7.79,10.9,1.5,0.41,7.74,10.9,1.6,0.29
7.44,11.1,1.5,0.28,7.74,10.9,1.6,0.29,7.44,11.1,1.4,0.28
7.27,11.1,1.5,0.27,7.44,11.1,1.4,0.28,7.44,11.1,1.5,0.28
7.58,10.5,1.4,0.11,7.44,11.1,1.5,0.28,7.27,11.1,1.5,0.27
7.5,10.8,1.4,0.13,7.27,11.1,1.5,0.27,7.58,10.5,1.4,0.11
7.49,10.3,1.2,0.1,7.58,10.5,1.4,0.11,7.5,10.8,1.4,0.13
7.38,11.2,1.1,0.16,7.5,10.8,1.4,0.13,7.49,10.3,1.2,0.1
7.38,11.1,1.1,0.16,7.49,10.3,1.2,0.1,7.38,11.2,1.1,0.16
7.05,10.2,0.1,0.15,7.38,11.2,1.1,0.16,7.38,11.1,1.1,0.16
7.17,9.63,0.8,0.13,7.38,11.1,1.1,0.16,7.05,10.2,0.1,0.15
7.04,9.61,1.2,0.09,7.05,10.2,0.1,0.15,7.17,9.63,0.8,0.13
7.03,9.33,1.0,0.08,7.17,9.63,0.8,0.13,7.04,9.61,1.2,0.09
7.373453536754504,7.799348127600557,2.1795264623955406,0.2064164305949008,7.04,9.61,1.2,0.09,7.03,9.33,1.0,0.08
7.24,11.2,2.1795264623955406,0.08,7.03,9.33,1.0,0.08,7.373453536754504,7.799348127600557,2.1795264623955406,0.2064164305949008
7.3,10.2,1.7,0.1,7.373453536754504,7.799348127600557,2.1795264623955406,0.2064164305949008,7.24,11.2,2.1795264623955406,0.08
6.82,9.05,1.3,0.2,7.24,11.2,2.1795264623955406,0.08,7.3,10.2,1.7,0.1
7.18,7.26,1.7,0.22,7.3,10.2,1.7,0.1,6.82,9.05,1.3,0.2
7.06,6.72,1.1,0.08,6.82,9.05,1.3,0.2,7.18,7.26,1.7,0.22
7.05,9.77,0.9,0.32,7.18,7.26,1.7,0.22,7.06,6.72,1.1,0.08
6.96,7.25,0.8,0.38,7.06,6.72,1.1,0.08,7.05,9.77,0.9,0.32
6.72,11.4,1.7,0.34,7.05,9.77,0.9,0.32,6.96,7.25,0.8,0.38
6.83,6.97,2.6,0.05,6.96,7.25,0.8,0.38,6.72,11.4,1.7,0.34
7.38,7.03,1.9,0.02,6.72,11.4,1.7,0.34,6.83,6.97,2.6,0.05
7.36,6.94,1.6,0.32,6.83,6.97,2.6,0.05,7.38,7.03,1.9,0.02
7.15,7.93,1.6,0.32,7.38,7.03,1.9,0.02,7.36,6.94,1.6,0.32
7.46,20.0,1.7,0.32,7.36,6.94,1.6,0.32,7.15,7.93,1.6,0.32
7.4,7.73,1.7,0.34,7.15,7.93,1.6,0.32,7.46,20.0,1.7,0.32
7.27,7.03,1.8,0.31,7.46,20.0,1.7,0.32,7.4,7.73,1.7,0.34
7.24,6.76,1.7,0.32,7.4,7.73,1.7,0.34,7.27,7.03,1.8,0.31
7.2,7.12,1.8,0.33,7.27,7.03,1.8,0.31,7.24,6.76,1.7,0.32
7.22,6.97,1.8,0.33,7.24,6.76,1.7,0.32,7.2,7.12,1.8,0.33
7.22,7.06,1.8,0.32,7.2,7.12,1.8,0.33,7.22,6.97,1.8,0.33
7.31,6.96,1.7,0.33,7.22,6.97,1.8,0.33,7.22,7.06,1.8,0.32
7.27,6.94,1.7,0.32,7.22,7.06,1.8,0.32,7.31,6.96,1.7,0.33
6.89,6.92,1.8,0.32,7.31,6.96,1.7,0.33,7.27,6.94,1.7,0.32
6.88,8.11,1.7,0.33,7.27,6.94,1.7,0.32,6.89,6.92,1.8,0.32
6.6,7.87,1.7,0.33,6.89,6.92,1.8,0.32,6.88,8.11,1.7,0.33
6.51,7.83,1.7,0.33,6.88,8.11,1.7,0.33,6.6,7.87,1.7,0.33
6.52,7.19,1.9,0.33,6.6,7.87,1.7,0.33,6.51,7.83,1.7,0.33
7.27,6.93,1.8,0.32,6.51,7.83,1.7,0.33,6.52,7.19,1.9,0.33
7.64,7.04,1.6,0.29,6.52,7.19,1.9,0.33,7.27,6.93,1.8,0.32
7.98,8.45,1.8,0.32,7.27,6.93,1.8,0.32,7.64,7.04,1.6,0.29
7.21,8.45,1.8,0.35,7.64,7.04,1.6,0.29,7.98,8.45,1.8,0.32
7.71,7.89,1.7,0.34,7.98,8.45,1.8,0.32,7.21,8.45,1.8,0.35
7.35,8.73,1.8,0.32,7.21,8.45,1.8,0.35,7.71,7.89,1.7,0.34
7.26,9.05,1.7,0.33,7.71,7.89,1.7,0.34,7.35,8.73,1.8,0.32
7.09,9.57,1.8,0.32,7.35,8.73,1.8,0.32,7.26,9.05,1.7,0.33
7.3,9.61,1.8,0.32,7.26,9.05,1.7,0.33,7.09,9.57,1.8,0.32
7.6,9.3,1.5,0.31,7.09,9.57,1.8,0.32,7.3,9.61,1.8,0.32
7.79,7.92,1.5,0.22,7.3,9.61,1.8,0.32,7.6,9.3,1.5,0.31
7.66,9.93,1.2,0.26,7.6,9.3,1.5,0.31,7.79,7.92,1.5,0.22
7.66,10.7,1.0,0.26,7.79,7.92,1.5,0.22,7.66,9.93,1.2,0.26
7.72,10.5,1.0,0.28,7.66,9.93,1.2,0.26,7.66,10.7,1.0,0.26
7.78,9.82,0.9,0.26,7.66,10.7,1.0,0.26,7.72,10.5,1.0,0.28
7.78,9.85,0.9,0.02,7.72,10.5,1.0,0.28,7.78,9.82,0.9,0.26
7.87,8.47,1.2,0.02,7.78,9.82,0.9,0.26,7.78,9.85,0.9,0.02
7.53,8.8,1.1,0.02,7.78,9.85,0.9,0.02,7.87,8.47,1.2,0.02
7.68,8.91,1.3,0.2064164305949008,7.87,8.47,1.2,0.02,7.53,8.8,1.1,0.02
7.87,8.85,1.6,0.46,7.53,8.8,1.1,0.02,7.68,8.91,1.3,0.2064164305949008
7.9,8.91,1.7,0.2064164305949008,7.68,8.91,1.3,0.2064164305949008,7.87,8.85,1.6,0.46
7.74,8.11,1.8,0.2064164305949008,7.87,8.85,1.6,0.46,7.9,8.91,1.7,0.2064164305949008
7.71,8.03,2.0,0.2064164305949008,7.9,8.91,1.7,0.2064164305949008,7.74,8.11,1.8,0.2064164305949008
7.55,7.58,2.2,0.2064164305949008,7.74,8.11,1.8,0.2064164305949008,7.71,8.03,2.0,0.2064164305949008
7.4,7.65,2.5,0.2064164305949008,7.71,8.03,2.0,0.2064164305949008,7.55,7.58,2.2,0.2064164305949008
7.39,8.34,2.4,0.02,7.55,7.58,2.2,0.2064164305949008,7.4,7.65,2.5,0.2064164305949008
7.89,8.6,2.4,0.2064164305949008,7.4,7.65,2.5,0.2064164305949008,7.39,8.34,2.4,0.02
7.64,7.63,2.5,0.01,7.39,8.34,2.4,0.02,7.89,8.6,2.4,0.2064164305949008
7.17,6.4,3.4,0.2064164305949008,7.89,8.6,2.4,0.2064164305949008,7.64,7.63,2.5,0.01
7.01,5.14,3.3,0.09,7.64,7.63,2.5,0.01,7.17,6.4,3.4,0.2064164305949008
7.41,7.41,3.1,0.06,7.17,6.4,3.4,0.2064164305949008,7.01,5.14,3.3,0.09
7.46,7.44,4.4,0.05,7.01,5.14,3.3,0.09,7.41,7.41,3.1,0.06
7.21,7.34,5.4,0.05,7.41,7.41,3.1,0.06,7.46,7.44,4.4,0.05
7.42,7.4,2.8,0.03,7.46,7.44,4.4,0.05,7.21,7.34,5.4,0.05
7.38,7.45,2.8,0.04,7.21,7.34,5.4,0.05,7.42,7.4,2.8,0.03
7.5,7.49,2.2,0.04,7.42,7.4,2.8,0.03,7.38,7.45,2.8,0.04
7.21,6.88,3.8,0.18,7.38,7.45,2.8,0.04,7.5,7.49,2.2,0.04
7.16,6.99,5.6,0.26,7.5,7.49,2.2,0.04,7.21,6.88,3.8,0.18
7.36,7.4,4.5,0.19,7.21,6.88,3.8,0.18,7.16,6.99,5.6,0.26
7.45,7.47,3.5,0.19,7.16,6.99,5.6,0.26,7.36,7.4,4.5,0.19
7.28,7.05,4.9,0.18,7.36,7.4,4.5,0.19,7.45,7.47,3.5,0.19
6.88,7.2,0.3,0.06,7.45,7.47,3.5,0.19,7.28,7.05,4.9,0.18
6.93,7.32,3.7,0.09,7.28,7.05,4.9,0.18,6.88,7.2,0.3,0.06
6.88,7.25,3.4,0.07,6.88,7.2,0.3,0.06,6.93,7.32,3.7,0.09
6.91,7.26,3.2,0.02,6.93,7.32,3.7,0.09,6.88,7.25,3.4,0.07
7.22,7.31,2.9,0.02,6.88,7.25,3.4,0.07,6.91,7.26,3.2,0.02
7.32,7.32,2.8,0.06,6.91,7.26,3.2,0.02,7.22,7.31,2.9,0.02
7.38,7.39,2.2,0.07,7.22,7.31,2.9,0.02,7.32,7.32,2.8,0.06
7.44,7.39,2.5,0.05,7.32,7.32,2.8,0.06,7.38,7.39,2.2,0.07
7.08,8.01,3.2,0.11,7.38,7.39,2.2,0.07,7.44,7.39,2.5,0.05
7.19,7.73,2.1,0.03,7.44,7.39,2.5,0.05,7.08,8.01,3.2,0.11
7.24,7.72,1.5,0.03,7.08,8.01,3.2,0.11,7.19,7.73,2.1,0.03
6.91,7.47,1.6,0.03,7.19,7.73,2.1,0.03,7.24,7.72,1.5,0.03
6.79,8.22,2.0,0.03,7.24,7.72,1.5,0.03,6.91,7.47,1.6,0.03
7.05,8.38,1.6,0.04,6.91,7.47,1.6,0.03,6.79,8.22,2.0,0.03
7.13,8.54,1.4,0.03,6.79,8.22,2.0,0.03,7.05,8.38,1.6,0.04
6.5,8.89,3.3,0.07,7.05,8.38,1.6,0.04,7.13,8.54,1.4,0.03
6.7,9.2,0.8,0.04,7.13,8.54,1.4,0.03,6.5,8.89,3.3,0.07
6.97,9.61,1.6,0.13,6.5,8.89,3.3,0.07,6.7,9.2,0.8,0.04
6.91,8.87,1.6,0.03,6.7,9.2,0.8,0.04,6.97,9.61,1.6,0.13
7.89,9.22,2.0,0.04,6.97,9.61,1.6,0.13,6.91,8.87,1.6,0.03
7.57,9.67,2.6,0.06,6.91,8.87,1.6,0.03,7.89,9.22,2.0,0.04
7.93,10.5,1.8,0.06,7.89,9.22,2.0,0.04,7.57,9.67,2.6,0.06
8.29,10.8,1.7,0.02,7.57,9.67,2.6,0.06,7.93,10.5,1.8,0.06
8.01,9.69,1.7,0.04,7.93,10.5,1.8,0.06,8.29,10.8,1.7,0.02
8.15,10.4,1.5,0.04,8.29,10.8,1.7,0.02,8.01,9.69,1.7,0.04
8.22,10.4,1.5,0.04,8.01,9.69,1.7,0.04,8.15,10.4,1.5,0.04
8.05,9.37,1.5,0.06,8.15,10.4,1.5,0.04,8.22,10.4,1.5,0.04
8.01,8.72,1.8,0.06,8.22,10.4,1.5,0.04,8.05,9.37,1.5,0.06
7.9,9.71,1.9,0.08,8.05,9.37,1.5,0.06,8.01,8.72,1.8,0.06
7.83,9.92,2.0,0.07,8.01,8.72,1.8,0.06,7.9,9.71,1.9,0.08
7.84,9.42,1.6,0.05,7.9,9.71,1.9,0.08,7.83,9.92,2.0,0.07
7.6,8.82,1.4,0.04,7.83,9.92,2.0,0.07,7.84,9.42,1.6,0.05
7.85,9.21,5.2,0.05,7.84,9.42,1.6,0.05,7.6,8.82,1.4,0.04
7.81,9.0,1.9,0.08,7.6,8.82,1.4,0.04,7.85,9.21,5.2,0.05
7.59,8.36,3.1,0.05,7.85,9.21,5.2,0.05,7.81,9.0,1.9,0.08
7.7,8.08,1.2,0.07,7.81,9.0,1.9,0.08,7.59,8.36,3.1,0.05
7.47,6.6,2.6,0.12,7.59,8.36,3.1,0.05,7.7,8.08,1.2,0.07
7.3,6.33,1.6,0.11,7.7,8.08,1.2,0.07,7.47,6.6,2.6,0.12
7.5,7.27,1.8,0.16,7.47,6.6,2.6,0.12,7.3,6.33,1.6,0.11
7.14,7.4,3.7,0.12,7.3,6.33,1.6,0.11,7.5,7.27,1.8,0.16
6.9,7.22,1.7,0.07,7.5,7.27,1.8,0.16,7.14,7.4,3.7,0.12
7.42,7.76,1.4,0.02,7.14,7.4,3.7,0.12,6.9,7.22,1.7,0.07
7.5,7.76,1.2,0.02,6.9,7.22,1.7,0.07,7.42,7.76,1.4,0.02
7.21,7.02,1.9,0.07,7.42,7.76,1.4,0.02,7.5,7.76,1.2,0.02
7.04,6.91,1.9,0.03,7.5,7.76,1.2,0.02,7.21,7.02,1.9,0.07
6.75,6.88,2.2,0.09,7.21,7.02,1.9,0.07,7.04,6.91,1.9,0.03
6.95,6.85,2.5,0.11,7.04,6.91,1.9,0.03,6.75,6.88,2.2,0.09
6.75,6.59,2.4,0.11,6.75,6.88,2.2,0.09,6.95,6.85,2.5,0.11
6.88,6.67,3.4,0.11,6.95,6.85,2.5,0.11,6.75,6.59,2.4,0.11
6.81,6.66,4.9,0.1,6.75,6.59,2.4,0.11,6.88,6.67,3.4,0.11
6.97,6.82,4.3,0.13,6.88,6.67,3.4,0.11,6.81,6.66,4.9,0.1
6.53,6.6,3.2,0.16,6.81,6.66,4.9,0.1,6.97,6.82,4.3,0.13
6.65,5.98,2.9,0.11,6.97,6.82,4.3,0.13,6.53,6.6,3.2,0.16
6.78,6.77,3.0,0.11,6.53,6.6,3.2,0.16,6.65,5.98,2.9,0.11
6.71,6.95,3.0,0.15,6.65,5.98,2.9,0.11,6.78,6.77,3.0,0.11
6.73,7.06,4.2,0.14,6.78,6.77,3.0,0.11,6.71,6.95,3.0,0.15
6.65,6.71,4.7,0.16,6.71,6.95,3.0,0.15,6.73,7.06,4.2,0.14
6.59,6.16,2.9,0.15,6.73,7.06,4.2,0.14,6.65,6.71,4.7,0.16
6.75,6.86,2.3,0.15,6.65,6.71,4.7,0.16,6.59,6.16,2.9,0.15
6.63,6.62,3.9,0.17,6.59,6.16,2.9,0.15,6.75,6.86,2.3,0.15
6.85,6.82,2.1,0.14,6.75,6.86,2.3,0.15,6.63,6.62,3.9,0.17
6.97,7.5,2.0,0.12,6.63,6.62,3.9,0.17,6.85,6.82,2.1,0.14
6.85,7.65,2.6,0.22,6.85,6.82,2.1,0.14,6.97,7.5,2.0,0.12
7.55,8.4,1.8,0.16,6.97,7.5,2.0,0.12,6.85,7.65,2.6,0.22
7.73,8.3,1.9,0.04,6.85,7.65,2.6,0.22,7.55,8.4,1.8,0.16
7.53,7.84,2.0,0.04,7.55,8.4,1.8,0.16,7.73,8.3,1.9,0.04
7.34,8.06,2.7,0.14,7.73,8.3,1.9,0.04,7.53,7.84,2.0,0.04
7.41,8.57,2.1,0.03,7.53,7.84,2.0,0.04,7.34,8.06,2.7,0.14
7.64,8.83,1.1,0.07,7.34,8.06,2.7,0.14,7.41,8.57,2.1,0.03
7.76,8.84,1.1,0.09,7.41,8.57,2.1,0.03,7.64,8.83,1.1,0.07
7.75,8.94,1.1,0.03,7.64,8.83,1.1,0.07,7.76,8.84,1.1,0.09
7.86,9.68,1.0,0.06,7.76,8.84,1.1,0.09,7.75,8.94,1.1,0.03
8.11,10.4,0.8,0.09,7.75,8.94,1.1,0.03,7.86,9.68,1.0,0.06
8.19,10.3,0.8,0.08,7.86,9.68,1.0,0.06,8.11,10.4,0.8,0.09
8.17,10.2,0.8,0.07,8.11,10.4,0.8,0.09,8.19,10.3,0.8,0.08
7.9,9.51,0.8,0.13,8.19,10.3,0.8,0.08,8.17,10.2,0.8,0.07
7.95,9.95,1.1,0.2,8.17,10.2,0.8,0.07,7.9,9.51,0.8,0.13
7.98,9.91,1.1,0.15,7.9,9.51,0.8,0.13,7.95,9.95,1.1,0.2
7.86,9.35,1.0,0.07,7.95,9.95,1.1,0.2,7.98,9.91,1.1,0.15
7.86,9.75,0.9,0.08,7.98,9.91,1.1,0.15,7.86,9.35,1.0,0.07
7.9,9.76,1.0,0.05,7.86,9.35,1.0,0.07,7.86,9.75,0.9,0.08
7.82,9.43,1.0,0.08,7.86,9.75,0.9,0.08,7.9,9.76,1.0,0.05
7.25,8.9,1.1,0.09,7.9,9.76,1.0,0.05,7.82,9.43,1.0,0.08
6.61,8.63,1.0,0.06,7.82,9.43,1.0,0.08,7.25,8.9,1.1,0.09
6.5,8.91,1.1,0.08,7.25,8.9,1.1,0.09,6.61,8.63,1.0,0.06
6.38,8.58,1.3,0.12,6.61,8.63,1.0,0.06,6.5,8.91,1.1,0.08
6.3,8.02,1.6,0.04,6.5,8.91,1.1,0.08,6.38,8.58,1.3,0.12
7.7,8.51,2.0,0.09,6.38,8.58,1.3,0.12,6.3,8.02,1.6,0.04
7.84,8.44,1.6,0.16,6.3,8.02,1.6,0.04,7.7,8.51,2.0,0.09
7.91,8.8,1.7,0.06,7.7,8.51,2.0,0.09,7.84,8.44,1.6,0.16
7.65,8.03,1.7,0.11,7.84,8.44,1.6,0.16,7.91,8.8,1.7,0.06
7.3,8.06,1.7,0.11,7.91,8.8,1.7,0.06,7.65,8.03,1.7,0.11
6.63,7.19,1.8,0.21,7.65,8.03,1.7,0.11,7.3,8.06,1.7,0.11
6.37,6.95,2.9,0.18,7.3,8.06,1.7,0.11,6.63,7.19,1.8,0.21
7.44,6.57,4.3,0.26,6.63,7.19,1.8,0.21,6.37,6.95,2.9,0.18
7.65,6.87,2.8,0.24,6.37,6.95,2.9,0.18,7.44,6.57,4.3,0.26
7.16,6.49,3.3,0.25,7.44,6.57,4.3,0.26,7.65,6.87,2.8,0.24
6.88,6.65,2.5,0.3,7.65,6.87,2.8,0.24,7.16,6.49,3.3,0.25
7.06,7.07,2.1,0.29,7.16,6.49,3.3,0.25,6.88,6.65,2.5,0.3
6.96,6.58,2.8,0.27,6.88,6.65,2.5,0.3,7.06,7.07,2.1,0.29
7.09,6.91,2.1,0.22,7.06,7.07,2.1,0.29,6.96,6.58,2.8,0.27
7.13,7.53,1.6,0.13,6.96,6.58,2.8,0.27,7.09,6.91,2.1,0.22
7.25,7.42,2.4,0.11,7.09,6.91,2.1,0.22,7.13,7.53,1.6,0.13
7.23,7.11,3.3,0.11,7.13,7.53,1.6,0.13,7.25,7.42,2.4,0.11
7.01,6.92,3.4,0.24,7.25,7.42,2.4,0.11,7.23,7.11,3.3,0.11
7.05,7.35,2.3,0.18,7.23,7.11,3.3,0.11,7.01,6.92,3.4,0.24
7.19,6.89,1.3,0.07,7.01,6.92,3.4,0.24,7.05,7.35,2.3,0.18
7.08,7.62,2.2,0.09,7.05,7.35,2.3,0.18,7.19,6.89,1.3,0.07
7.33,7.79,2.0,0.1,7.19,6.89,1.3,0.07,7.08,7.62,2.2,0.09
6.97,6.55,2.5,0.14,7.08,7.62,2.2,0.09,7.33,7.79,2.0,0.1
7.21,7.7,3.1,0.22,7.33,7.79,2.0,0.1,6.97,6.55,2.5,0.14
7.28,8.37,1.7,0.13,6.97,6.55,2.5,0.14,7.21,7.7,3.1,0.22
7.05,8.18,3.6,0.04,7.21,7.7,3.1,0.22,7.28,8.37,1.7,0.13
6.95,8.17,2.5,0.04,7.28,8.37,1.7,0.13,7.05,8.18,3.6,0.04
7.2,8.52,1.4,0.06,7.05,8.18,3.6,0.04,6.95,8.17,2.5,0.04
7.4,9.02,1.6,0.03,6.95,8.17,2.5,0.04,7.2,8.52,1.4,0.06
7.51,9.09,1.4,0.04,7.2,8.52,1.4,0.06,7.4,9.02,1.6,0.03
7.52,9.1,1.3,0.06,7.4,9.02,1.6,0.03,7.51,9.09,1.4,0.04
7.67,8.99,1.2,0.08,7.51,9.09,1.4,0.04,7.52,9.1,1.3,0.06
7.73,7.62,1.8,0.05,7.52,9.1,1.3,0.06,7.67,8.99,1.2,0.08
7.19,6.8,2.2,0.12,7.67,8.99,1.2,0.08,7.73,7.62,1.8,0.05
7.28,8.18,2.0,0.14,7.73,7.62,1.8,0.05,7.19,6.8,2.2,0.12
7.53,8.9,1.9,0.11,7.19,6.8,2.2,0.12,7.28,8.18,2.0,0.14
7.77,9.37,1.9,0.19,7.28,8.18,2.0,0.14,7.53,8.9,1.9,0.11
7.75,9.51,1.1,0.25,7.53,8.9,1.9,0.11,7.77,9.37,1.9,0.19
7.67,9.55,0.9,0.28,7.77,9.37,1.9,0.19,7.75,9.51,1.1,0.25
7.78,9.74,1.0,0.11,7.75,9.51,1.1,0.25,7.67,9.55,0.9,0.28
7.36,9.41,1.2,0.05,7.67,9.55,0.9,0.28,7.78,9.74,1.0,0.11
7.38,8.41,2.9,0.08,7.78,9.74,1.0,0.11,7.36,9.41,1.2,0.05
7.09,7.08,1.6,0.12,7.36,9.41,1.2,0.05,7.38,8.41,2.9,0.08
7.1,8.47,1.9,0.14,7.38,8.41,2.9,0.08,7.09,7.08,1.6,0.12
6.96,8.83,2.1,0.25,7.09,7.08,1.6,0.12,7.1,8.47,1.9,0.14
7.29,9.91,1.3,0.21,7.1,8.47,1.9,0.14,6.96,8.83,2.1,0.25
7.35,9.93,1.1,0.19,6.96,8.83,2.1,0.25,7.29,9.91,1.3,0.21
7.28,9.81,1.2,0.18,7.29,9.91,1.3,0.21,7.35,9.93,1.1,0.19
7.1,9.75,1.2,0.17,7.35,9.93,1.1,0.19,7.28,9.81,1.2,0.18
6.89,9.23,1.3,0.23,7.28,9.81,1.2,0.18,7.1,9.75,1.2,0.17
6.77,9.22,1.3,0.26,7.1,9.75,1.2,0.17,6.89,9.23,1.3,0.23
6.47,8.53,3.5,0.27,6.89,9.23,1.3,0.23,6.77,9.22,1.3,0.26
6.59,8.78,5.0,0.2,6.77,9.22,1.3,0.26,6.47,8.53,3.5,0.27
6.75,8.57,5.2,0.16,6.47,8.53,3.5,0.27,6.59,8.78,5.0,0.2
6.5,8.6,5.7,0.07,6.59,8.78,5.0,0.2,6.75,8.57,5.2,0.16
6.28,7.05,6.7,0.16,6.75,8.57,5.2,0.16,6.5,8.6,5.7,0.07
6.52,6.4,6.7,0.12,6.5,8.6,5.7,0.07,6.28,7.05,6.7,0.16
6.38,8.1,5.5,0.12,6.28,7.05,6.7,0.16,6.52,6.4,6.7,0.12
6.65,8.04,3.9,0.1,6.52,6.4,6.7,0.12,6.38,8.1,5.5,0.12
6.16,8.41,3.1,0.1,6.38,8.1,5.5,0.12,6.65,8.04,3.9,0.1
7.2,7.73,3.1,0.09,6.65,8.04,3.9,0.1,6.16,8.41,3.1,0.1
6.86,7.97,1.3,0.21,6.16,8.41,3.1,0.1,7.2,7.73,3.1,0.09
6.68,7.15,2.2,0.21,7.2,7.73,3.1,0.09,6.86,7.97,1.3,0.21
6.33,6.82,3.0,0.19,6.86,7.97,1.3,0.21,6.68,7.15,2.2,0.21
7.373453536754504,7.799348127600557,2.1795264623955406,0.2064164305949008,6.68,7.15,2.2,0.21,6.33,6.82,3.0,0.19
7.373453536754504,7.799348127600557,2.1795264623955406,0.2064164305949008,6.33,6.82,3.0,0.19,7.373453536754504,7.799348127600557,2.1795264623955406,0.2064164305949008
6.75,7.07,3.1,0.22,7.373453536754504,7.799348127600557,2.1795264623955406,0.2064164305949008,7.373453536754504,7.799348127600557,2.1795264623955406,0.2064164305949008
7.35,7.32,2.9,0.16,7.373453536754504,7.799348127600557,2.1795264623955406,0.2064164305949008,6.75,7.07,3.1,0.22
7.69,7.4,3.2,0.09,6.75,7.07,3.1,0.22,7.35,7.32,2.9,0.16
7.45,6.6,3.7,0.11,7.35,7.32,2.9,0.16,7.69,7.4,3.2,0.09
7.22,6.37,4.4,0.21,7.69,7.4,3.2,0.09,7.45,6.6,3.7,0.11
7.27,5.98,2.6,0.15,7.45,6.6,3.7,0.11,7.22,6.37,4.4,0.21
7.26,4.58,2.5,0.18,7.22,6.37,4.4,0.21,7.27,5.98,2.6,0.15
7.16,3.91,1.7,0.17,7.27,5.98,2.6,0.15,7.26,4.58,2.5,0.18
7.52,6.32,1.1,0.19,7.26,4.58,2.5,0.18,7.16,3.91,1.7,0.17
7.42,6.55,2.3,0.2,7.16,3.91,1.7,0.17,7.52,6.32,1.1,0.19
7.38,6.4,1.6,0.17,7.52,6.32,1.1,0.19,7.42,6.55,2.3,0.2
7.58,7.69,1.2,0.24,7.42,6.55,2.3,0.2,7.38,6.4,1.6,0.17
7.66,7.93,0.9,0.26,7.38,6.4,1.6,0.17,7.58,7.69,1.2,0.24
7.78,8.38,0.9,0.34,7.58,7.69,1.2,0.24,7.66,7.93,0.9,0.26
7.72,8.31,0.8,0.33,7.66,7.93,0.9,0.26,7.78,8.38,0.9,0.34
7.47,7.68,0.9,0.31,7.78,8.38,0.9,0.34,7.72,8.31,0.8,0.33
7.53,8.04,1.2,0.26,7.72,8.31,0.8,0.33,7.47,7.68,0.9,0.31
7.49,8.39,1.1,0.22,7.47,7.68,0.9,0.31,7.53,8.04,1.2,0.26
7.52,8.67,0.7,0.28,7.53,8.04,1.2,0.26,7.49,8.39,1.1,0.22
7.59,8.87,1.8,0.27,7.49,8.39,1.1,0.22,7.52,8.67,0.7,0.28
7.56,8.77,1.9,0.15,7.52,8.67,0.7,0.28,7.59,8.87,1.8,0.27
7.69,9.85,1.7,0.15,7.59,8.87,1.8,0.27,7.56,8.77,1.9,0.15
7.66,10.0,1.6,0.27,7.56,8.77,1.9,0.15,7.69,9.85,1.7,0.15
7.373453536754504,7.799348127600557,2.1795264623955406,0.2064164305949008,7.69,9.85,1.7,0.15,7.66,10.0,1.6,0.27
7.83,9.26,1.3,0.19,7.66,10.0,1.6,0.27,7.373453536754504,7.799348127600557,2.1795264623955406,0.2064164305949008
7.82,9.3,1.3,0.14,7.373453536754504,7.799348127600557,2.1795264623955406,0.2064164305949008,7.83,9.26,1.3,0.19
7.68,8.83,1.3,0.15,7.83,9.26,1.3,0.19,7.82,9.3,1.3,0.14
7.54,8.51,1.8,0.15,7.82,9.3,1.3,0.14,7.68,8.83,1.3,0.15
7.55,9.06,1.8,0.18,7.68,8.83,1.3,0.15,7.54,8.51,1.8,0.15
7.71,9.74,1.6,0.14,7.54,8.51,1.8,0.15,7.55,9.06,1.8,0.18
7.85,9.67,1.4,0.12,7.55,9.06,1.8,0.18,7.71,9.74,1.6,0.14
7.83,9.47,1.3,0.11,7.71,9.74,1.6,0.14,7.85,9.67,1.4,0.12
7.79,9.9,1.3,0.13,7.85,9.67,1.4,0.12,7.83,9.47,1.3,0.11
7.8,9.29,1.0,0.13,7.83,9.47,1.3,0.11,7.79,9.9,1.3,0.13
7.63,8.83,0.5,0.08,7.79,9.9,1.3,0.13,7.8,9.29,1.0,0.13
7.65,7.97,0.6,0.13,7.8,9.29,1.0,0.13,7.63,8.83,0.5,0.08
7.75,9.12,0.7,0.09,7.63,8.83,0.5,0.08,7.65,7.97,0.6,0.13
7.52,8.16,1.4,0.12,7.65,7.97,0.6,0.13,7.75,9.12,0.7,0.09
7.373453536754504,7.799348127600557,2.1795264623955406,0.2064164305949008,7.75,9.12,0.7,0.09,7.52,8.16,1.4,0.12
7.69,8.53,1.3,0.1,7.52,8.16,1.4,0.12,7.373453536754504,7.799348127600557,2.1795264623955406,0.2064164305949008
7.73,8.57,1.1,0.12,7.373453536754504,7.799348127600557,2.1795264623955406,0.2064164305949008,7.69,8.53,1.3,0.1
7.71,8.6,1.2,0.12,7.69,8.53,1.3,0.1,7.73,8.57,1.1,0.12
7.83,8.95,1.0,0.13,7.73,8.57,1.1,0.12,7.71,8.6,1.2,0.12
7.84,8.65,0.8,0.09,7.71,8.6,1.2,0.12,7.83,8.95,1.0,0.13
7.69,8.16,0.7,0.08,7.83,8.95,1.0,0.13,7.84,8.65,0.8,0.09
7.373453536754504,7.799348127600557,2.1795264623955406,0.2064164305949008,7.84,8.65,0.8,0.09,7.69,8.16,0.7,0.08
7.6,7.86,1.0,0.06,7.69,8.16,0.7,0.08,7.373453536754504,7.799348127600557,2.1795264623955406,0.2064164305949008
7.8,8.5,0.9,0.06,7.373453536754504,7.799348127600557,2.1795264623955406,0.2064164305949008,7.6,7.86,1.0,0.06
7.373453536754504,7.799348127600557,2.1795264623955406,0.2064164305949008,7.6,7.86,1.0,0.06,7.8,8.5,0.9,0.06
7.34,6.85,2.1,0.06,7.8,8.5,0.9,0.06,7.373453536754504,7.799348127600557,2.1795264623955406,0.2064164305949008
7.35,6.6,2.2,0.1,7.373453536754504,7.799348127600557,2.1795264623955406,0.2064164305949008,7.34,6.85,2.1,0.06
7.29,6.15,1.8,0.11,7.34,6.85,2.1,0.06,7.35,6.6,2.2,0.1
7.373453536754504,7.799348127600557,2.1795264623955406,0.2064164305949008,7.35,6.6,2.2,0.1,7.29,6.15,1.8,0.11
7.32,5.72,0.2,0.12,7.29,6.15,1.8,0.11,7.373453536754504,7.799348127600557,2.1795264623955406,0.2064164305949008
7.46,6.77,0.2,0.13,7.373453536754504,7.799348127600557,2.1795264623955406,0.2064164305949008,7.32,5.72,0.2,0.12
7.373453536754504,7.799348127600557,2.1795264623955406,0.2064164305949008,7.32,5.72,0.2,0.12,7.46,6.77,0.2,0.13
7.373453536754504,7.799348127600557,2.1795264623955406,0.2064164305949008,7.46,6.77,0.2,0.13,7.373453536754504,7.799348127600557,2.1795264623955406,0.2064164305949008
7.373453536754504,7.799348127600557,2.1795264623955406,0.2064164305949008,7.373453536754504,7.799348127600557,2.1795264623955406,0.2064164305949008,7.373453536754504,7.799348127600557,2.1795264623955406,0.2064164305949008
7.373453536754504,7.799348127600557,2.1795264623955406,0.2064164305949008,7.373453536754504,7.799348127600557,2.1795264623955406,0.2064164305949008,7.373453536754504,7.799348127600557,2.1795264623955406,0.2064164305949008
7.373453536754504,7.799348127600557,2.1795264623955406,0.2064164305949008,7.373453536754504,7.799348127600557,2.1795264623955406,0.2064164305949008,7.373453536754504,7.799348127600557,2.1795264623955406,0.2064164305949008
7.373453536754504,7.799348127600557,2.1795264623955406,0.2064164305949008,7.373453536754504,7.799348127600557,2.1795264623955406,0.2064164305949008,7.373453536754504,7.799348127600557,2.1795264623955406,0.2064164305949008
7.373453536754504,7.799348127600557,2.1795264623955406,0.2064164305949008,7.373453536754504,7.799348127600557,2.1795264623955406,0.2064164305949008,7.373453536754504,7.799348127600557,2.1795264623955406,0.2064164305949008
7.373453536754504,7.799348127600557,2.1795264623955406,0.2064164305949008,7.373453536754504,7.799348127600557,2.1795264623955406,0.2064164305949008,7.373453536754504,7.799348127600557,2.1795264623955406,0.2064164305949008
7.373453536754504,7.799348127600557,2.1795264623955406,0.2064164305949008,7.373453536754504,7.799348127600557,2.1795264623955406,0.2064164305949008,7.373453536754504,7.799348127600557,2.1795264623955406,0.2064164305949008
7.373453536754504,7.799348127600557,2.1795264623955406,0.2064164305949008,7.373453536754504,7.799348127600557,2.1795264623955406,0.2064164305949008,7.373453536754504,7.799348127600557,2.1795264623955406,0.2064164305949008
7.373453536754504,7.799348127600557,2.1795264623955406,0.2064164305949008,7.373453536754504,7.799348127600557,2.1795264623955406,0.2064164305949008,7.373453536754504,7.799348127600557,2.1795264623955406,0.2064164305949008
6.99,6.34,3.6,0.22,7.373453536754504,7.799348127600557,2.1795264623955406,0.2064164305949008,7.373453536754504,7.799348127600557,2.1795264623955406,0.2064164305949008
7.373453536754504,7.799348127600557,2.1795264623955406,0.2064164305949008,7.373453536754504,7.799348127600557,2.1795264623955406,0.2064164305949008,6.99,6.34,3.6,0.22
7.57,8.76,0.7,0.13,6.99,6.34,3.6,0.22,7.373453536754504,7.799348127600557,2.1795264623955406,0.2064164305949008
7.61,9.14,0.8,0.16,7.373453536754504,7.799348127600557,2.1795264623955406,0.2064164305949008,7.57,8.76,0.7,0.13
7.55,9.23,1.0,0.25,7.57,8.76,0.7,0.13,7.61,9.14,0.8,0.16
7.373453536754504,7.799348127600557,2.1795264623955406,0.2064164305949008,7.61,9.14,0.8,0.16,7.55,9.23,1.0,0.25
7.373453536754504,7.799348127600557,2.1795264623955406,0.2064164305949008,7.55,9.23,1.0,0.25,7.373453536754504,7.799348127600557,2.1795264623955406,0.2064164305949008
7.66,9.93,0.9,0.25,7.373453536754504,7.799348127600557,2.1795264623955406,0.2064164305949008,7.373453536754504,7.799348127600557,2.1795264623955406,0.2064164305949008
7.7,10.1,0.6,0.23,7.373453536754504,7.799348127600557,2.1795264623955406,0.2064164305949008,7.66,9.93,0.9,0.25
7.373453536754504,7.799348127600557,2.1795264623955406,0.2064164305949008,7.66,9.93,0.9,0.25,7.7,10.1,0.6,0.23
7.86,11.1,2.1,0.35,7.7,10.1,0.6,0.23,7.373453536754504,7.799348127600557,2.1795264623955406,0.2064164305949008
7.75,10.7,2.4,0.36,7.373453536754504,7.799348127600557,2.1795264623955406,0.2064164305949008,7.86,11.1,2.1,0.35
7.373453536754504,7.799348127600557,2.1795264623955406,0.2064164305949008,7.86,11.1,2.1,0.35,7.75,10.7,2.4,0.36
7.65,10.5,2.1,0.35,7.75,10.7,2.4,0.36,7.373453536754504,7.799348127600557,2.1795264623955406,0.2064164305949008
7.373453536754504,7.799348127600557,2.1795264623955406,0.2064164305949008,7.373453536754504,7.799348127600557,2.1795264623955406,0.2064164305949008,7.65,10.5,2.1,0.35
7.373453536754504,7.799348127600557,2.1795264623955406,0.2064164305949008,7.65,10.5,2.1,0.35,7.373453536754504,7.799348127600557,2.1795264623955406,0.2064164305949008
7.84,11.0,3.6,0.14,7.373453536754504,7.799348127600557,2.1795264623955406,0.2064164305949008,7.373453536754504,7.799348127600557,2.1795264623955406,0.2064164305949008
7.373453536754504,7.799348127600557,2.1795264623955406,0.2064164305949008,7.373453536754504,7.799348127600557,2.1795264623955406,0.2064164305949008,7.84,11.0,3.6,0.14
7.373453536754504,7.799348127600557,2.1795264623955406,0.2064164305949008,7.84,11.0,3.6,0.14,7.373453536754504,7.799348127600557,2.1795264623955406,0.2064164305949008
7.67,10.1,3.6,0.23,7.373453536754504,7.799348127600557,2.1795264623955406,0.2064164305949008,7.373453536754504,7.799348127600557,2.1795264623955406,0.2064164305949008
7.58,10.0,3.5,0.18,7.373453536754504,7.799348127600557,2.1795264623955406,0.2064164305949008,7.67,10.1,3.6,0.23
7.373453536754504,7.799348127600557,2.1795264623955406,0.2064164305949008,7.67,10.1,3.6,0.23,7.58,10.0,3.5,0.18
7.45,9.32,3.6,0.57,7.58,10.0,3.5,0.18,7.373453536754504,7.799348127600557,2.1795264623955406,0.2064164305949008
7.3,8.72,4.2,0.2064164305949008,7.373453536754504,7.799348127600557,2.1795264623955406,0.2064164305949008,7.45,9.32,3.6,0.57
7.34,8.94,3.8,0.2064164305949008,7.45,9.32,3.6,0.57,7.3,8.72,4.2,0.2064164305949008
7.42,9.3,3.6,0.8,7.3,8.72,4.2,0.2064164305949008,7.34,8.94,3.8,0.2064164305949008
7.51,9.49,3.7,0.84,7.34,8.94,3.8,0.2064164305949008,7.42,9.3,3.6,0.8
7.36,9.09,4.2,0.2064164305949008,7.42,9.3,3.6,0.8,7.51,9.49,3.7,0.84
7.03,7.72,4.9,0.2064164305949008,7.51,9.49,3.7,0.84,7.36,9.09,4.2,0.2064164305949008
6.95,7.71,5.3,1.47,7.36,9.09,4.2,0.2064164305949008,7.03,7.72,4.9,0.2064164305949008
6.99,7.67,2.1795264623955406,0.2064164305949008,7.03,7.72,4.9,0.2064164305949008,6.95,7.71,5.3,1.47
7.03,7.88,2.1795264623955406,0.2064164305949008,6.95,7.71,5.3,1.47,6.99,7.67,2.1795264623955406,0.2064164305949008
7.373453536754504,7.799348127600557,2.1795264623955406,0.2064164305949008,6.99,7.67,2.1795264623955406,0.2064164305949008,7.03,7.88,2.1795264623955406,0.2064164305949008
7.22,8.47,4.9,0.51,7.03,7.88,2.1795264623955406,0.2064164305949008,7.373453536754504,7.799348127600557,2.1795264623955406,0.2064164305949008
7.373453536754504,7.799348127600557,2.1795264623955406,0.2064164305949008,7.373453536754504,7.799348127600557,2.1795264623955406,0.2064164305949008,7.22,8.47,4.9,0.51
6.95,7.7,3.3,0.05,7.22,8.47,4.9,0.51,7.373453536754504,7.799348127600557,2.1795264623955406,0.2064164305949008
7.373453536754504,7.799348127600557,2.1795264623955406,0.2064164305949008,7.373453536754504,7.799348127600557,2.1795264623955406,0.2064164305949008,6.95,7.7,3.3,0.05
7.373453536754504,7.799348127600557,2.1795264623955406,0.2064164305949008,6.95,7.7,3.3,0.05,7.373453536754504,7.799348127600557,2.1795264623955406,0.2064164305949008
7.373453536754504,7.799348127600557,2.1795264623955406,0.2064164305949008,7.373453536754504,7.799348127600557,2.1795264623955406,0.2064164305949008,7.373453536754504,7.799348127600557,2.1795264623955406,0.2064164305949008
7.373453536754504,7.799348127600557,2.1795264623955406,0.2064164305949008,7.373453536754504,7.799348127600557,2.1795264623955406,0.2064164305949008,7.373453536754504,7.799348127600557,2.1795264623955406,0.2064164305949008
7.373453536754504,7.799348127600557,2.1795264623955406,0.2064164305949008,7.373453536754504,7.799348127600557,2.1795264623955406,0.2064164305949008,7.373453536754504,7.799348127600557,2.1795264623955406,0.2064164305949008
7.373453536754504,7.799348127600557,2.1795264623955406,0.2064164305949008,7.373453536754504,7.799348127600557,2.1795264623955406,0.2064164305949008,7.373453536754504,7.799348127600557,2.1795264623955406,0.2064164305949008
6.81,7.69,5.8,0.11,7.373453536754504,7.799348127600557,2.1795264623955406,0.2064164305949008,7.373453536754504,7.799348127600557,2.1795264623955406,0.2064164305949008
6.68,7.88,2.9,0.16,7.373453536754504,7.799348127600557,2.1795264623955406,0.2064164305949008,6.81,7.69,5.8,0.11
7.373453536754504,7.799348127600557,2.1795264623955406,0.2064164305949008,6.81,7.69,5.8,0.11,6.68,7.88,2.9,0.16
7.373453536754504,7.799348127600557,2.1795264623955406,0.2064164305949008,6.68,7.88,2.9,0.16,7.373453536754504,7.799348127600557,2.1795264623955406,0.2064164305949008
7.373453536754504,7.799348127600557,2.1795264623955406,0.2064164305949008,7.373453536754504,7.799348127600557,2.1795264623955406,0.2064164305949008,7.373453536754504,7.799348127600557,2.1795264623955406,0.2064164305949008
6.6,7.13,1.7,0.16,7.373453536754504,7.799348127600557,2.1795264623955406,0.2064164305949008,7.373453536754504,7.799348127600557,2.1795264623955406,0.2064164305949008
7.373453536754504,7.799348127600557,2.1795264623955406,0.2064164305949008,7.373453536754504,7.799348127600557,2.1795264623955406,0.2064164305949008,6.6,7.13,1.7,0.16
6.47,8.08,3.5,0.18,6.6,7.13,1.7,0.16,7.373453536754504,7.799348127600557,2.1795264623955406,0.2064164305949008
7.373453536754504,7.799348127600557,2.1795264623955406,0.2064164305949008,7.373453536754504,7.799348127600557,2.1795264623955406,0.2064164305949008,6.47,8.08,3.5,0.18
7.373453536754504,7.799348127600557,2.1795264623955406,0.2064164305949008,6.47,8.08,3.5,0.18,7.373453536754504,7.799348127600557,2.1795264623955406,0.2064164305949008
7.373453536754504,7.799348127600557,2.1795264623955406,0.2064164305949008,7.373453536754504,7.799348127600557,2.1795264623955406,0.2064164305949008,7.373453536754504,7.799348127600557,2.1795264623955406,0.2064164305949008
7.373453536754504,7.799348127600557,2.1795264623955406,0.2064164305949008,7.373453536754504,7.799348127600557,2.1795264623955406,0.2064164305949008,7.373453536754504,7.799348127600557,2.1795264623955406,0.2064164305949008
7.373453536754504,7.799348127600557,2.1795264623955406,0.2064164305949008,7.373453536754504,7.799348127600557,2.1795264623955406,0.2064164305949008,7.373453536754504,7.799348127600557,2.1795264623955406,0.2064164305949008
6.74,8.27,1.5,0.11,7.373453536754504,7.799348127600557,2.1795264623955406,0.2064164305949008,7.373453536754504,7.799348127600557,2.1795264623955406,0.2064164305949008
6.97,9.31,1.3,0.12,7.373453536754504,7.799348127600557,2.1795264623955406,0.2064164305949008,6.74,8.27,1.5,0.11
6.87,8.85,1.5,0.12,6.74,8.27,1.5,0.11,6.97,9.31,1.3,0.12
7.373453536754504,7.799348127600557,2.1795264623955406,0.2064164305949008,6.97,9.31,1.3,0.12,6.87,8.85,1.5,0.12
7.373453536754504,7.799348127600557,2.1795264623955406,0.2064164305949008,6.87,8.85,1.5,0.12,7.373453536754504,7.799348127600557,2.1795264623955406,0.2064164305949008
7.373453536754504,7.799348127600557,2.1795264623955406,0.2064164305949008,7.373453536754504,7.799348127600557,2.1795264623955406,0.2064164305949008,7.373453536754504,7.799348127600557,2.1795264623955406,0.2064164305949008
7.373453536754504,7.799348127600557,2.1795264623955406,0.2064164305949008,7.373453536754504,7.799348127600557,2.1795264623955406,0.2064164305949008,7.373453536754504,7.799348127600557,2.1795264623955406,0.2064164305949008
7.39,10.4,1.5,0.15,7.373453536754504,7.799348127600557,2.1795264623955406,0.2064164305949008,7.373453536754504,7.799348127600557,2.1795264623955406,0.2064164305949008
7.97,9.97,1.3,0.14,7.373453536754504,7.799348127600557,2.1795264623955406,0.2064164305949008,7.39,10.4,1.5,0.15
