8.79,1.88,71.5,23.8,8.67,5.5,83.3,22.7,7.5,0.2,65.1,12.7,7.817811023622042,3.95143112701252,59.89288025889955,13.00212598425198
8.72,0.2,170.0,28.6,7.5,0.2,65.1,12.7,7.817811023622042,3.95143112701252,59.89288025889955,13.00212598425198,8.31,0.2,108.0,13.3
8.87,0.2,136.0,21.6,7.817811023622042,3.95143112701252,59.89288025889955,13.00212598425198,8.31,0.2,108.0,13.3,8.36,0.2,96.3,21.3
8.57,0.13,160.0,21.7,8.31,0.2,108.0,13.3,8.36,0.2,96.3,21.3,8.69,0.43,103.0,26.4
8.35,3.95143112701252,133.0,17.0,8.36,0.2,96.3,21.3,8.69,0.43,103.0,26.4,8.79,1.88,71.5,23.8
8.43,0.01,239.9,22.6,8.69,0.43,103.0,26.4,8.79,1.88,71.5,23.8,8.72,0.2,170.0,28.6
8.35,0.04,239.0,20.6,8.79,1.88,71.5,23.8,8.72,0.2,170.0,28.6,8.87,0.2,136.0,21.6
8.45,0.17,175.0,23.0,8.72,0.2,170.0,28.6,8.87,0.2,136.0,21.6,8.57,0.13,160.0,21.7
8.36,0.1,216.0,27.1,8.87,0.2,136.0,21.6,8.57,0.13,160.0,21.7,8.35,3.95143112701252,133.0,17.0
8.44,0.01,252.0,32.8,8.57,0.13,160.0,21.7,8.35,3.95143112701252,133.0,17.0,8.43,0.01,239.9,22.6
7.817811023622042,3.95143112701252,59.89288025889955,13.00212598425198,8.35,3.95143112701252,133.0,17.0,8.43,0.01,239.9,22.6,8.35,0.04,239.0,20.6
8.19,0.09,159.5,16.7,8.43,0.01,239.9,22.6,8.35,0.04,239.0,20.6,8.45,0.17,175.0,23.0
8.22,0.01,169.0,18.5,8.35,0.04,239.0,20.6,8.45,0.17,175.0,23.0,8.36,0.1,216.0,27.1
8.29,3.95143112701252,169.0,20.8,8.45,0.17,175.0,23.0,8.36,0.1,216.0,27.1,8.44,0.01,252.0,32.8
8.31,0.21,82.5,14.7,8.36,0.1,216.0,27.1,8.44,0.01,252.0,32.8,7.817811023622042,3.95143112701252,59.89288025889955,13.00212598425198
8.37,3.95143112701252,126.1,17.9,8.44,0.01,252.0,32.8,7.817811023622042,3.95143112701252,59.89288025889955,13.00212598425198,8.19,0.09,159.5,16.7
8.43,0.01,98.8,15.7,7.817811023622042,3.95143112701252,59.89288025889955,13.00212598425198,8.19,0.09,159.5,16.7,8.22,0.01,169.0,18.5
8.42,0.05,97.9,18.5,8.19,0.09,159.5,16.7,8.22,0.01,169.0,18.5,8.29,3.95143112701252,169.0,20.8
8.49,0.01,131.1,14.8,8.22,0.01,169.0,18.5,8.29,3.95143112701252,169.0,20.8,8.31,0.21,82.5,14.7
8.53,0.01,126.9,20.2,8.29,3.95143112701252,169.0,20.8,8.31,0.21,82.5,14.7,8.37,3.95143112701252,126.1,17.9
8.47,0.04,112.4,19.6,8.31,0.21,82.5,14.7,8.37,3.95143112701252,126.1,17.9,8.43,0.01,98.8,15.7
7.817811023622042,3.95143112701252,59.89288025889955,13.00212598425198,8.37,3.95143112701252,126.1,17.9,8.43,0.01,98.8,15.7,8.42,0.05,97.9,18.5
7.817811023622042,3.95143112701252,59.89288025889955,13.00212598425198,8.43,0.01,98.8,15.7,8.42,0.05,97.9,18.5,8.49,0.01,131.1,14.8
7.817811023622042,3.95143112701252,59.89288025889955,13.00212598425198,8.42,0.05,97.9,18.5,8.49,0.01,131.1,14.8,8.53,0.01,126.9,20.2
8.44,0.26,70.8,11.4,8.49,0.01,131.1,14.8,8.53,0.01,126.9,20.2,8.47,0.04,112.4,19.6
8.45,0.06,81.4,16.5,8.53,0.01,126.9,20.2,8.47,0.04,112.4,19.6,7.817811023622042,3.95143112701252,59.89288025889955,13.00212598425198
8.47,0.1,89.3,10.1,8.47,0.04,112.4,19.6,7.817811023622042,3.95143112701252,59.89288025889955,13.00212598425198,7.817811023622042,3.95143112701252,59.89288025889955,13.00212598425198
8.37,0.62,68.0,13.2,7.817811023622042,3.95143112701252,59.89288025889955,13.00212598425198,7.817811023622042,3.95143112701252,59.89288025889955,13.00212598425198,7.817811023622042,3.95143112701252,59.89288025889955,13.00212598425198
8.44,0.5,68.3,12.9,7.817811023622042,3.95143112701252,59.89288025889955,13.00212598425198,7.817811023622042,3.95143112701252,59.89288025889955,13.00212598425198,8.44,0.26,70.8,11.4
8.4,0.57,62.9,14.2,7.817811023622042,3.95143112701252,59.89288025889955,13.00212598425198,8.44,0.26,70.8,11.4,8.45,0.06,81.4,16.5
7.49,3.95143112701252,69.4,14.7,8.44,0.26,70.8,11.4,8.45,0.06,81.4,16.5,8.47,0.1,89.3,10.1
7.34,3.95143112701252,76.9,15.0,8.45,0.06,81.4,16.5,8.47,0.1,89.3,10.1,8.37,0.62,68.0,13.2
7.817811023622042,3.95143112701252,59.89288025889955,13.00212598425198,8.47,0.1,89.3,10.1,8.37,0.62,68.0,13.2,8.44,0.5,68.3,12.9
7.44,3.95143112701252,90.5,14.6,8.37,0.62,68.0,13.2,8.44,0.5,68.3,12.9,8.4,0.57,62.9,14.2
7.63,0.01,83.5,14.5,8.44,0.5,68.3,12.9,8.4,0.57,62.9,14.2,7.49,3.95143112701252,69.4,14.7
7.8,0.04,83.5,15.2,8.4,0.57,62.9,14.2,7.49,3.95143112701252,69.4,14.7,7.34,3.95143112701252,76.9,15.0
7.71,3.95143112701252,158.0,20.2,7.49,3.95143112701252,69.4,14.7,7.34,3.95143112701252,76.9,15.0,7.817811023622042,3.95143112701252,59.89288025889955,13.00212598425198
7.9,3.95143112701252,172.8,35.9,7.34,3.95143112701252,76.9,15.0,7.817811023622042,3.95143112701252,59.89288025889955,13.00212598425198,7.44,3.95143112701252,90.5,14.6
7.68,0.04,175.0,23.4,7.817811023622042,3.95143112701252,59.89288025889955,13.00212598425198,7.44,3.95143112701252,90.5,14.6,7.63,0.01,83.5,14.5
7.87,3.95143112701252,156.0,16.4,7.44,3.95143112701252,90.5,14.6,7.63,0.01,83.5,14.5,7.8,0.04,83.5,15.2
7.98,0.06,160.0,16.1,7.63,0.01,83.5,14.5,7.8,0.04,83.5,15.2,7.71,3.95143112701252,158.0,20.2
7.73,0.03,222.0,19.6,7.8,0.04,83.5,15.2,7.71,3.95143112701252,158.0,20.2,7.9,3.95143112701252,172.8,35.9
7.63,0.15,223.2,15.2,7.71,3.95143112701252,158.0,20.2,7.9,3.95143112701252,172.8,35.9,7.68,0.04,175.0,23.4
7.73,0.06,173.9,19.8,7.9,3.95143112701252,172.8,35.9,7.68,0.04,175.0,23.4,7.87,3.95143112701252,156.0,16.4
7.77,0.61,170.0,14.7,7.68,0.04,175.0,23.4,7.87,3.95143112701252,156.0,16.4,7.98,0.06,160.0,16.1
7.76,0.59,118.0,20.6,7.87,3.95143112701252,156.0,16.4,7.98,0.06,160.0,16.1,7.73,0.03,222.0,19.6
7.96,2.73,54.5,21.4,7.98,0.06,160.0,16.1,7.73,0.03,222.0,19.6,7.63,0.15,223.2,15.2
7.81,1.99,102.9,18.5,7.73,0.03,222.0,19.6,7.63,0.15,223.2,15.2,7.73,0.06,173.9,19.8
7.86,1.08,98.0,24.3,7.63,0.15,223.2,15.2,7.73,0.06,173.9,19.8,7.77,0.61,170.0,14.7
7.86,3.78,109.0,28.1,7.73,0.06,173.9,19.8,7.77,0.61,170.0,14.7,7.76,0.59,118.0,20.6
8.0,1.11,71.8,28.5,7.77,0.61,170.0,14.7,7.76,0.59,118.0,20.6,7.96,2.73,54.5,21.4
8.07,1.08,104.0,16.6,7.76,0.59,118.0,20.6,7.96,2.73,54.5,21.4,7.81,1.99,102.9,18.5
7.817811023622042,3.95143112701252,59.89288025889955,13.00212598425198,7.96,2.73,54.5,21.4,7.81,1.99,102.9,18.5,7.86,1.08,98.0,24.3
7.9,0.97,171.0,25.5,7.81,1.99,102.9,18.5,7.86,1.08,98.0,24.3,7.86,3.78,109.0,28.1
8.08,1.12,88.5,23.3,7.86,1.08,98.0,24.3,7.86,3.78,109.0,28.1,8.0,1.11,71.8,28.5
8.08,1.41,129.0,22.9,7.86,3.78,109.0,28.1,8.0,1.11,71.8,28.5,8.07,1.08,104.0,16.6
8.13,3.95143112701252,200.5,17.4,8.0,1.11,71.8,28.5,8.07,1.08,104.0,16.6,7.817811023622042,3.95143112701252,59.89288025889955,13.00212598425198
8.09,3.95143112701252,301.0,17.0,8.07,1.08,104.0,16.6,7.817811023622042,3.95143112701252,59.89288025889955,13.00212598425198,7.9,0.97,171.0,25.5
8.06,3.95143112701252,313.0,15.1,7.817811023622042,3.95143112701252,59.89288025889955,13.00212598425198,7.9,0.97,171.0,25.5,8.08,1.12,88.5,23.3
8.12,3.95143112701252,320.0,15.6,7.9,0.97,171.0,25.5,8.08,1.12,88.5,23.3,8.08,1.41,129.0,22.9
7.817811023622042,3.95143112701252,59.89288025889955,13.00212598425198,8.08,1.12,88.5,23.3,8.08,1.41,129.0,22.9,8.13,3.95143112701252,200.5,17.4
7.817811023622042,3.95143112701252,59.89288025889955,13.00212598425198,8.08,1.41,129.0,22.9,8.13,3.95143112701252,200.5,17.4,8.09,3.95143112701252,301.0,17.0
7.817811023622042,3.95143112701252,59.89288025889955,13.00212598425198,8.13,3.95143112701252,200.5,17.4,8.09,3.95143112701252,301.0,17.0,8.06,3.95143112701252,313.0,15.1
7.817811023622042,3.95143112701252,59.89288025889955,13.00212598425198,8.09,3.95143112701252,301.0,17.0,8.06,3.95143112701252,313.0,15.1,8.12,3.95143112701252,320.0,15.6
7.817811023622042,3.95143112701252,59.89288025889955,13.00212598425198,8.06,3.95143112701252,313.0,15.1,8.12,3.95143112701252,320.0,15.6,7.817811023622042,3.95143112701252,59.89288025889955,13.00212598425198
7.817811023622042,3.95143112701252,59.89288025889955,13.00212598425198,8.12,3.95143112701252,320.0,15.6,7.817811023622042,3.95143112701252,59.89288025889955,13.00212598425198,7.817811023622042,3.95143112701252,59.89288025889955,13.00212598425198
7.817811023622042,3.95143112701252,59.89288025889955,13.00212598425198,7.817811023622042,3.95143112701252,59.89288025889955,13.00212598425198,7.817811023622042,3.95143112701252,59.89288025889955,13.00212598425198,7.817811023622042,3.95143112701252,59.89288025889955,13.00212598425198
7.817811023622042,3.95143112701252,59.89288025889955,13.00212598425198,7.817811023622042,3.95143112701252,59.89288025889955,13.00212598425198,7.817811023622042,3.95143112701252,59.89288025889955,13.00212598425198,7.817811023622042,3.95143112701252,59.89288025889955,13.00212598425198
8.28,3.95143112701252,163.0,18.8,7.817811023622042,3.95143112701252,59.89288025889955,13.00212598425198,7.817811023622042,3.95143112701252,59.89288025889955,13.00212598425198,7.817811023622042,3.95143112701252,59.89288025889955,13.00212598425198
8.25,0.02,108.0,19.0,7.817811023622042,3.95143112701252,59.89288025889955,13.00212598425198,7.817811023622042,3.95143112701252,59.89288025889955,13.00212598425198,7.817811023622042,3.95143112701252,59.89288025889955,13.00212598425198
8.34,3.95143112701252,102.0,24.0,7.817811023622042,3.95143112701252,59.89288025889955,13.00212598425198,7.817811023622042,3.95143112701252,59.89288025889955,13.00212598425198,7.817811023622042,3.95143112701252,59.89288025889955,13.00212598425198
8.18,3.95143112701252,156.0,14.6,7.817811023622042,3.95143112701252,59.89288025889955,13.00212598425198,7.817811023622042,3.95143112701252,59.89288025889955,13.00212598425198,7.817811023622042,3.95143112701252,59.89288025889955,13.00212598425198
8.17,0.01,150.0,11.8,7.817811023622042,3.95143112701252,59.89288025889955,13.00212598425198,7.817811023622042,3.95143112701252,59.89288025889955,13.00212598425198,8.28,3.95143112701252,163.0,18.8
8.16,3.95143112701252,90.3,14.3,7.817811023622042,3.95143112701252,59.89288025889955,13.00212598425198,8.28,3.95143112701252,163.0,18.8,8.25,0.02,108.0,19.0
8.25,3.95143112701252,124.0,12.8,8.28,3.95143112701252,163.0,18.8,8.25,0.02,108.0,19.0,8.34,3.95143112701252,102.0,24.0
8.27,3.95143112701252,121.0,9.2,8.25,0.02,108.0,19.0,8.34,3.95143112701252,102.0,24.0,8.18,3.95143112701252,156.0,14.6
7.817811023622042,3.95143112701252,59.89288025889955,13.00212598425198,8.34,3.95143112701252,102.0,24.0,8.18,3.95143112701252,156.0,14.6,8.17,0.01,150.0,11.8
8.4,3.95143112701252,168.0,8.87,8.18,3.95143112701252,156.0,14.6,8.17,0.01,150.0,11.8,8.16,3.95143112701252,90.3,14.3
8.3,3.95143112701252,116.0,7.14,8.17,0.01,150.0,11.8,8.16,3.95143112701252,90.3,14.3,8.25,3.95143112701252,124.0,12.8
8.34,0.05,88.1,13.2,8.16,3.95143112701252,90.3,14.3,8.25,3.95143112701252,124.0,12.8,8.27,3.95143112701252,121.0,9.2
8.4,3.95143112701252,68.3,15.8,8.25,3.95143112701252,124.0,12.8,8.27,3.95143112701252,121.0,9.2,7.817811023622042,3.95143112701252,59.89288025889955,13.00212598425198
8.33,0.42,61.8,12.8,8.27,3.95143112701252,121.0,9.2,7.817811023622042,3.95143112701252,59.89288025889955,13.00212598425198,8.4,3.95143112701252,168.0,8.87
8.33,0.42,61.9,12.8,7.817811023622042,3.95143112701252,59.89288025889955,13.00212598425198,8.4,3.95143112701252,168.0,8.87,8.3,3.95143112701252,116.0,7.14
8.55,3.95143112701252,121.0,9.64,8.4,3.95143112701252,168.0,8.87,8.3,3.95143112701252,116.0,7.14,8.34,0.05,88.1,13.2
8.52,0.26,65.7,8.73,8.3,3.95143112701252,116.0,7.14,8.34,0.05,88.1,13.2,8.4,3.95143112701252,68.3,15.8
8.71,0.11,61.9,7.92,8.34,0.05,88.1,13.2,8.4,3.95143112701252,68.3,15.8,8.33,0.42,61.8,12.8
8.74,1.21,65.4,5.54,8.4,3.95143112701252,68.3,15.8,8.33,0.42,61.8,12.8,8.33,0.42,61.9,12.8
8.94,0.17,57.3,0.76,8.33,0.42,61.8,12.8,8.33,0.42,61.9,12.8,8.55,3.95143112701252,121.0,9.64
8.99,3.95143112701252,58.5,12.6,8.33,0.42,61.9,12.8,8.55,3.95143112701252,121.0,9.64,8.52,0.26,65.7,8.73
9.02,3.95143112701252,86.0,6.64,8.55,3.95143112701252,121.0,9.64,8.52,0.26,65.7,8.73,8.71,0.11,61.9,7.92
9.06,0.12,112.5,19.4,8.52,0.26,65.7,8.73,8.71,0.11,61.9,7.92,8.74,1.21,65.4,5.54
8.83,3.95143112701252,94.0,17.9,8.71,0.11,61.9,7.92,8.74,1.21,65.4,5.54,8.94,0.17,57.3,0.76
8.92,3.95143112701252,126.0,14.3,8.74,1.21,65.4,5.54,8.94,0.17,57.3,0.76,8.99,3.95143112701252,58.5,12.6
8.95,3.95143112701252,96.8,14.4,8.94,0.17,57.3,0.76,8.99,3.95143112701252,58.5,12.6,9.02,3.95143112701252,86.0,6.64
8.97,0.48,157.5,19.7,8.99,3.95143112701252,58.5,12.6,9.02,3.95143112701252,86.0,6.64,9.06,0.12,112.5,19.4
8.76,1.46,180.0,14.0,9.02,3.95143112701252,86.0,6.64,9.06,0.12,112.5,19.4,8.83,3.95143112701252,94.0,17.9
7.79,1.52,209.0,19.3,9.06,0.12,112.5,19.4,8.83,3.95143112701252,94.0,17.9,8.92,3.95143112701252,126.0,14.3
7.68,0.53,149.5,27.4,8.83,3.95143112701252,94.0,17.9,8.92,3.95143112701252,126.0,14.3,8.95,3.95143112701252,96.8,14.4
7.82,0.18,152.0,32.8,8.92,3.95143112701252,126.0,14.3,8.95,3.95143112701252,96.8,14.4,8.97,0.48,157.5,19.7
7.82,3.95143112701252,71.4,21.1,8.95,3.95143112701252,96.8,14.4,8.97,0.48,157.5,19.7,8.76,1.46,180.0,14.0
7.95,0.79,87.0,28.2,8.97,0.48,157.5,19.7,8.76,1.46,180.0,14.0,7.79,1.52,209.0,19.3
7.55,3.95143112701252,78.4,18.7,8.76,1.46,180.0,14.0,7.79,1.52,209.0,19.3,7.68,0.53,149.5,27.4
7.61,0.42,74.7,18.7,7.79,1.52,209.0,19.3,7.68,0.53,149.5,27.4,7.82,0.18,152.0,32.8
7.54,1.16,57.3,20.2,7.68,0.53,149.5,27.4,7.82,0.18,152.0,32.8,7.82,3.95143112701252,71.4,21.1
7.89,1.95,62.5,20.0,7.82,0.18,152.0,32.8,7.82,3.95143112701252,71.4,21.1,7.95,0.79,87.0,28.2
7.66,0.33,72.8,22.4,7.82,3.95143112701252,71.4,21.1,7.95,0.79,87.0,28.2,7.55,3.95143112701252,78.4,18.7
7.49,3.95143112701252,70.6,22.4,7.95,0.79,87.0,28.2,7.55,3.95143112701252,78.4,18.7,7.61,0.42,74.7,18.7
7.6,0.79,122.0,10.4,7.55,3.95143112701252,78.4,18.7,7.61,0.42,74.7,18.7,7.54,1.16,57.3,20.2
7.61,0.05,101.0,9.34,7.61,0.42,74.7,18.7,7.54,1.16,57.3,20.2,7.89,1.95,62.5,20.0
7.6,3.95143112701252,110.0,8.01,7.54,1.16,57.3,20.2,7.89,1.95,62.5,20.0,7.66,0.33,72.8,22.4
7.39,3.95143112701252,196.0,7.51,7.89,1.95,62.5,20.0,7.66,0.33,72.8,22.4,7.49,3.95143112701252,70.6,22.4
7.41,3.95143112701252,77.4,15.0,7.66,0.33,72.8,22.4,7.49,3.95143112701252,70.6,22.4,7.6,0.79,122.0,10.4
7.817811023622042,3.95143112701252,59.89288025889955,13.00212598425198,7.49,3.95143112701252,70.6,22.4,7.6,0.79,122.0,10.4,7.61,0.05,101.0,9.34
7.817811023622042,3.95143112701252,59.89288025889955,13.00212598425198,7.6,0.79,122.0,10.4,7.61,0.05,101.0,9.34,7.6,3.95143112701252,110.0,8.01
7.817811023622042,3.95143112701252,59.89288025889955,13.00212598425198,7.61,0.05,101.0,9.34,7.6,3.95143112701252,110.0,8.01,7.39,3.95143112701252,196.0,7.51
7.817811023622042,3.95143112701252,59.89288025889955,13.00212598425198,7.6,3.95143112701252,110.0,8.01,7.39,3.95143112701252,196.0,7.51,7.41,3.95143112701252,77.4,15.0
7.41,3.95143112701252,98.0,13.2,7.39,3.95143112701252,196.0,7.51,7.41,3.95143112701252,77.4,15.0,7.817811023622042,3.95143112701252,59.89288025889955,13.00212598425198
7.51,0.19,70.4,10.4,7.41,3.95143112701252,77.4,15.0,7.817811023622042,3.95143112701252,59.89288025889955,13.00212598425198,7.817811023622042,3.95143112701252,59.89288025889955,13.00212598425198
7.48,0.41,195.0,10.2,7.817811023622042,3.95143112701252,59.89288025889955,13.00212598425198,7.817811023622042,3.95143112701252,59.89288025889955,13.00212598425198,7.817811023622042,3.95143112701252,59.89288025889955,13.00212598425198
7.52,3.95143112701252,111.2,10.2,7.817811023622042,3.95143112701252,59.89288025889955,13.00212598425198,7.817811023622042,3.95143112701252,59.89288025889955,13.00212598425198,7.817811023622042,3.95143112701252,59.89288025889955,13.00212598425198
7.7,3.95143112701252,127.0,17.5,7.817811023622042,3.95143112701252,59.89288025889955,13.00212598425198,7.817811023622042,3.95143112701252,59.89288025889955,13.00212598425198,7.41,3.95143112701252,98.0,13.2
7.66,1.08,102.0,21.5,7.817811023622042,3.95143112701252,59.89288025889955,13.00212598425198,7.41,3.95143112701252,98.0,13.2,7.51,0.19,70.4,10.4
7.56,0.49,173.0,20.1,7.41,3.95143112701252,98.0,13.2,7.51,0.19,70.4,10.4,7.48,0.41,195.0,10.2
7.63,1.85,113.0,16.1,7.51,0.19,70.4,10.4,7.48,0.41,195.0,10.2,7.52,3.95143112701252,111.2,10.2
7.6,0.55,161.0,15.0,7.48,0.41,195.0,10.2,7.52,3.95143112701252,111.2,10.2,7.7,3.95143112701252,127.0,17.5
7.56,0.03,124.0,10.6,7.52,3.95143112701252,111.2,10.2,7.7,3.95143112701252,127.0,17.5,7.66,1.08,102.0,21.5
7.65,3.95143112701252,90.0,12.4,7.7,3.95143112701252,127.0,17.5,7.66,1.08,102.0,21.5,7.56,0.49,173.0,20.1
7.79,0.05,80.4,13.9,7.66,1.08,102.0,21.5,7.56,0.49,173.0,20.1,7.63,1.85,113.0,16.1
7.73,0.13,172.0,16.6,7.56,0.49,173.0,20.1,7.63,1.85,113.0,16.1,7.6,0.55,161.0,15.0
7.64,3.95143112701252,191.4,12.1,7.63,1.85,113.0,16.1,7.6,0.55,161.0,15.0,7.56,0.03,124.0,10.6
7.8,3.95143112701252,167.0,14.3,7.6,0.55,161.0,15.0,7.56,0.03,124.0,10.6,7.65,3.95143112701252,90.0,12.4
7.76,0.12,125.0,9.44,7.56,0.03,124.0,10.6,7.65,3.95143112701252,90.0,12.4,7.79,0.05,80.4,13.9
7.68,3.95143112701252,96.6,15.9,7.65,3.95143112701252,90.0,12.4,7.79,0.05,80.4,13.9,7.73,0.13,172.0,16.6
7.64,3.95143112701252,65.5,9.81,7.79,0.05,80.4,13.9,7.73,0.13,172.0,16.6,7.64,3.95143112701252,191.4,12.1
7.65,0.01,67.0,12.3,7.73,0.13,172.0,16.6,7.64,3.95143112701252,191.4,12.1,7.8,3.95143112701252,167.0,14.3
7.74,3.95143112701252,58.0,20.6,7.64,3.95143112701252,191.4,12.1,7.8,3.95143112701252,167.0,14.3,7.76,0.12,125.0,9.44
7.83,3.95143112701252,80.7,9.04,7.8,3.95143112701252,167.0,14.3,7.76,0.12,125.0,9.44,7.68,3.95143112701252,96.6,15.9
7.72,0.2,113.0,8.59,7.76,0.12,125.0,9.44,7.68,3.95143112701252,96.6,15.9,7.64,3.95143112701252,65.5,9.81
7.89,3.95143112701252,64.0,8.56,7.68,3.95143112701252,96.6,15.9,7.64,3.95143112701252,65.5,9.81,7.65,0.01,67.0,12.3
7.87,3.95143112701252,68.4,11.9,7.64,3.95143112701252,65.5,9.81,7.65,0.01,67.0,12.3,7.74,3.95143112701252,58.0,20.6
7.72,3.95143112701252,100.0,17.6,7.65,0.01,67.0,12.3,7.74,3.95143112701252,58.0,20.6,7.83,3.95143112701252,80.7,9.04
7.63,0.13,96.5,15.9,7.74,3.95143112701252,58.0,20.6,7.83,3.95143112701252,80.7,9.04,7.72,0.2,113.0,8.59
7.77,3.95143112701252,112.3,9.22,7.83,3.95143112701252,80.7,9.04,7.72,0.2,113.0,8.59,7.89,3.95143112701252,64.0,8.56
7.7,3.95143112701252,114.0,17.1,7.72,0.2,113.0,8.59,7.89,3.95143112701252,64.0,8.56,7.87,3.95143112701252,68.4,11.9
7.72,3.95143112701252,137.0,15.7,7.89,3.95143112701252,64.0,8.56,7.87,3.95143112701252,68.4,11.9,7.72,3.95143112701252,100.0,17.6
8.16,3.95143112701252,135.0,10.3,7.87,3.95143112701252,68.4,11.9,7.72,3.95143112701252,100.0,17.6,7.63,0.13,96.5,15.9
8.02,3.95143112701252,97.0,14.0,7.72,3.95143112701252,100.0,17.6,7.63,0.13,96.5,15.9,7.77,3.95143112701252,112.3,9.22
8.15,0.68,142.0,22.1,7.63,0.13,96.5,15.9,7.77,3.95143112701252,112.3,9.22,7.7,3.95143112701252,114.0,17.1
8.16,0.86,99.5,25.5,7.77,3.95143112701252,112.3,9.22,7.7,3.95143112701252,114.0,17.1,7.72,3.95143112701252,137.0,15.7
8.15,0.58,124.0,20.2,7.7,3.95143112701252,114.0,17.1,7.72,3.95143112701252,137.0,15.7,8.16,3.95143112701252,135.0,10.3
7.817811023622042,3.95143112701252,59.89288025889955,13.00212598425198,7.72,3.95143112701252,137.0,15.7,8.16,3.95143112701252,135.0,10.3,8.02,3.95143112701252,97.0,14.0
7.99,3.95143112701252,85.7,26.5,8.16,3.95143112701252,135.0,10.3,8.02,3.95143112701252,97.0,14.0,8.15,0.68,142.0,22.1
8.2,0.1,85.7,21.7,8.02,3.95143112701252,97.0,14.0,8.15,0.68,142.0,22.1,8.16,0.86,99.5,25.5
8.09,0.77,85.7,24.5,8.15,0.68,142.0,22.1,8.16,0.86,99.5,25.5,8.15,0.58,124.0,20.2
7.94,0.2,133.0,25.5,8.16,0.86,99.5,25.5,8.15,0.58,124.0,20.2,7.817811023622042,3.95143112701252,59.89288025889955,13.00212598425198
7.92,0.38,162.0,24.3,8.15,0.58,124.0,20.2,7.817811023622042,3.95143112701252,59.89288025889955,13.00212598425198,7.99,3.95143112701252,85.7,26.5
7.75,3.95143112701252,135.0,23.3,7.817811023622042,3.95143112701252,59.89288025889955,13.00212598425198,7.99,3.95143112701252,85.7,26.5,8.2,0.1,85.7,21.7
7.72,3.95143112701252,71.1,23.7,7.99,3.95143112701252,85.7,26.5,8.2,0.1,85.7,21.7,8.09,0.77,85.7,24.5
7.72,3.95143112701252,80.6,30.4,8.2,0.1,85.7,21.7,8.09,0.77,85.7,24.5,7.94,0.2,133.0,25.5
7.71,3.95143112701252,73.8,18.9,8.09,0.77,85.7,24.5,7.94,0.2,133.0,25.5,7.92,0.38,162.0,24.3
7.65,3.95143112701252,82.4,17.1,7.94,0.2,133.0,25.5,7.92,0.38,162.0,24.3,7.75,3.95143112701252,135.0,23.3
7.56,3.95143112701252,88.4,11.5,7.92,0.38,162.0,24.3,7.75,3.95143112701252,135.0,23.3,7.72,3.95143112701252,71.1,23.7
7.53,3.95143112701252,102.0,19.6,7.75,3.95143112701252,135.0,23.3,7.72,3.95143112701252,71.1,23.7,7.72,3.95143112701252,80.6,30.4
7.5,0.02,120.0,14.6,7.72,3.95143112701252,71.1,23.7,7.72,3.95143112701252,80.6,30.4,7.71,3.95143112701252,73.8,18.9
7.71,3.95143112701252,176.0,10.7,7.72,3.95143112701252,80.6,30.4,7.71,3.95143112701252,73.8,18.9,7.65,3.95143112701252,82.4,17.1
7.817811023622042,3.95143112701252,59.89288025889955,13.00212598425198,7.71,3.95143112701252,73.8,18.9,7.65,3.95143112701252,82.4,17.1,7.56,3.95143112701252,88.4,11.5
7.817811023622042,3.95143112701252,59.89288025889955,13.00212598425198,7.65,3.95143112701252,82.4,17.1,7.56,3.95143112701252,88.4,11.5,7.53,3.95143112701252,102.0,19.6
7.817811023622042,3.95143112701252,59.89288025889955,13.00212598425198,7.56,3.95143112701252,88.4,11.5,7.53,3.95143112701252,102.0,19.6,7.5,0.02,120.0,14.6
7.817811023622042,3.95143112701252,59.89288025889955,13.00212598425198,7.53,3.95143112701252,102.0,19.6,7.5,0.02,120.0,14.6,7.71,3.95143112701252,176.0,10.7
7.817811023622042,3.95143112701252,59.89288025889955,13.00212598425198,7.5,0.02,120.0,14.6,7.71,3.95143112701252,176.0,10.7,7.817811023622042,3.95143112701252,59.89288025889955,13.00212598425198
7.817811023622042,3.95143112701252,59.89288025889955,13.00212598425198,7.71,3.95143112701252,176.0,10.7,7.817811023622042,3.95143112701252,59.89288025889955,13.00212598425198,7.817811023622042,3.95143112701252,59.89288025889955,13.00212598425198
7.817811023622042,3.95143112701252,59.89288025889955,13.00212598425198,7.817811023622042,3.95143112701252,59.89288025889955,13.00212598425198,7.817811023622042,3.95143112701252,59.89288025889955,13.00212598425198,7.817811023622042,3.95143112701252,59.89288025889955,13.00212598425198
7.817811023622042,3.95143112701252,59.89288025889955,13.00212598425198,7.817811023622042,3.95143112701252,59.89288025889955,13.00212598425198,7.817811023622042,3.95143112701252,59.89288025889955,13.00212598425198,7.817811023622042,3.95143112701252,59.89288025889955,13.00212598425198
7.74,0.05,97.3,19.7,7.817811023622042,3.95143112701252,59.89288025889955,13.00212598425198,7.817811023622042,3.95143112701252,59.89288025889955,13.00212598425198,7.817811023622042,3.95143112701252,59.89288025889955,13.00212598425198
7.78,0.14,120.0,25.9,7.817811023622042,3.95143112701252,59.89288025889955,13.00212598425198,7.817811023622042,3.95143112701252,59.89288025889955,13.00212598425198,7.817811023622042,3.95143112701252,59.89288025889955,13.00212598425198
7.77,3.95143112701252,87.1,14.1,7.817811023622042,3.95143112701252,59.89288025889955,13.00212598425198,7.817811023622042,3.95143112701252,59.89288025889955,13.00212598425198,7.817811023622042,3.95143112701252,59.89288025889955,13.00212598425198
7.83,3.95143112701252,124.0,22.9,7.817811023622042,3.95143112701252,59.89288025889955,13.00212598425198,7.817811023622042,3.95143112701252,59.89288025889955,13.00212598425198,7.817811023622042,3.95143112701252,59.89288025889955,13.00212598425198
7.85,3.95143112701252,97.5,19.9,7.817811023622042,3.95143112701252,59.89288025889955,13.00212598425198,7.817811023622042,3.95143112701252,59.89288025889955,13.00212598425198,7.74,0.05,97.3,19.7
7.86,3.95143112701252,124.0,16.5,7.817811023622042,3.95143112701252,59.89288025889955,13.00212598425198,7.74,0.05,97.3,19.7,7.78,0.14,120.0,25.9
7.72,3.95143112701252,172.0,9.81,7.74,0.05,97.3,19.7,7.78,0.14,120.0,25.9,7.77,3.95143112701252,87.1,14.1
7.73,3.95143112701252,156.0,9.79,7.78,0.14,120.0,25.9,7.77,3.95143112701252,87.1,14.1,7.83,3.95143112701252,124.0,22.9
6.71,3.95143112701252,86.2,15.2,7.77,3.95143112701252,87.1,14.1,7.83,3.95143112701252,124.0,22.9,7.85,3.95143112701252,97.5,19.9
7.48,1.14,60.1,18.3,7.83,3.95143112701252,124.0,22.9,7.85,3.95143112701252,97.5,19.9,7.86,3.95143112701252,124.0,16.5
7.97,3.95143112701252,58.0,8.69,7.85,3.95143112701252,97.5,19.9,7.86,3.95143112701252,124.0,16.5,7.72,3.95143112701252,172.0,9.81
7.81,3.95143112701252,73.0,16.9,7.86,3.95143112701252,124.0,16.5,7.72,3.95143112701252,172.0,9.81,7.73,3.95143112701252,156.0,9.79
7.87,3.95143112701252,85.3,12.3,7.72,3.95143112701252,172.0,9.81,7.73,3.95143112701252,156.0,9.79,6.71,3.95143112701252,86.2,15.2
7.94,0.04,72.7,10.3,7.73,3.95143112701252,156.0,9.79,6.71,3.95143112701252,86.2,15.2,7.48,1.14,60.1,18.3
7.93,0.3,84.0,10.2,6.71,3.95143112701252,86.2,15.2,7.48,1.14,60.1,18.3,7.97,3.95143112701252,58.0,8.69
8.01,3.95143112701252,126.0,11.5,7.48,1.14,60.1,18.3,7.97,3.95143112701252,58.0,8.69,7.81,3.95143112701252,73.0,16.9
7.88,0.18,85.6,12.8,7.97,3.95143112701252,58.0,8.69,7.81,3.95143112701252,73.0,16.9,7.87,3.95143112701252,85.3,12.3
8.01,0.09,82.0,8.13,7.81,3.95143112701252,73.0,16.9,7.87,3.95143112701252,85.3,12.3,7.94,0.04,72.7,10.3
7.93,1.47,25.4,9.78,7.87,3.95143112701252,85.3,12.3,7.94,0.04,72.7,10.3,7.93,0.3,84.0,10.2
7.89,1.58,15.1,10.9,7.94,0.04,72.7,10.3,7.93,0.3,84.0,10.2,8.01,3.95143112701252,126.0,11.5
7.72,1.5,19.6,8.31,7.93,0.3,84.0,10.2,8.01,3.95143112701252,126.0,11.5,7.88,0.18,85.6,12.8
7.92,0.2,36.0,19.0,8.01,3.95143112701252,126.0,11.5,7.88,0.18,85.6,12.8,8.01,0.09,82.0,8.13
8.06,0.12,46.0,21.2,7.88,0.18,85.6,12.8,8.01,0.09,82.0,8.13,7.93,1.47,25.4,9.78
8.11,0.24,67.1,25.1,8.01,0.09,82.0,8.13,7.93,1.47,25.4,9.78,7.89,1.58,15.1,10.9
8.19,1.02,60.7,24.6,7.93,1.47,25.4,9.78,7.89,1.58,15.1,10.9,7.72,1.5,19.6,8.31
8.2,0.32,84.5,21.9,7.89,1.58,15.1,10.9,7.72,1.5,19.6,8.31,7.92,0.2,36.0,19.0
8.15,1.38,74.3,24.9,7.72,1.5,19.6,8.31,7.92,0.2,36.0,19.0,8.06,0.12,46.0,21.2
8.09,0.2,116.0,26.8,7.92,0.2,36.0,19.0,8.06,0.12,46.0,21.2,8.11,0.24,67.1,25.1
8.27,1.16,103.0,25.8,8.06,0.12,46.0,21.2,8.11,0.24,67.1,25.1,8.19,1.02,60.7,24.6
8.04,0.32,87.6,23.9,8.11,0.24,67.1,25.1,8.19,1.02,60.7,24.6,8.2,0.32,84.5,21.9
8.3,1.65,122.0,17.2,8.19,1.02,60.7,24.6,8.2,0.32,84.5,21.9,8.15,1.38,74.3,24.9
8.27,1.01,162.0,24.1,8.2,0.32,84.5,21.9,8.15,1.38,74.3,24.9,8.09,0.2,116.0,26.8
8.27,1.11,108.0,24.8,8.15,1.38,74.3,24.9,8.09,0.2,116.0,26.8,8.27,1.16,103.0,25.8
8.37,2.7,73.0,30.1,8.09,0.2,116.0,26.8,8.27,1.16,103.0,25.8,8.04,0.32,87.6,23.9
8.31,3.23,55.4,29.0,8.27,1.16,103.0,25.8,8.04,0.32,87.6,23.9,8.3,1.65,122.0,17.2
7.817811023622042,3.95143112701252,59.89288025889955,13.00212598425198,8.04,0.32,87.6,23.9,8.3,1.65,122.0,17.2,8.27,1.01,162.0,24.1
8.08,2.19,64.8,25.2,8.3,1.65,122.0,17.2,8.27,1.01,162.0,24.1,8.27,1.11,108.0,24.8
7.43,0.45,111.0,27.7,8.27,1.01,162.0,24.1,8.27,1.11,108.0,24.8,8.37,2.7,73.0,30.1
7.08,0.02,172.0,28.3,8.27,1.11,108.0,24.8,8.37,2.7,73.0,30.1,8.31,3.23,55.4,29.0
7.3,3.95143112701252,148.0,24.5,8.37,2.7,73.0,30.1,8.31,3.23,55.4,29.0,7.817811023622042,3.95143112701252,59.89288025889955,13.00212598425198
7.5,3.95143112701252,206.0,23.8,8.31,3.23,55.4,29.0,7.817811023622042,3.95143112701252,59.89288025889955,13.00212598425198,8.08,2.19,64.8,25.2
7.47,3.95143112701252,194.0,19.8,7.817811023622042,3.95143112701252,59.89288025889955,13.00212598425198,8.08,2.19,64.8,25.2,7.43,0.45,111.0,27.7
7.39,3.95143112701252,137.0,24.1,8.08,2.19,64.8,25.2,7.43,0.45,111.0,27.7,7.08,0.02,172.0,28.3
7.47,0.02,179.0,16.7,7.43,0.45,111.0,27.7,7.08,0.02,172.0,28.3,7.3,3.95143112701252,148.0,24.5
7.49,0.01,192.0,19.9,7.08,0.02,172.0,28.3,7.3,3.95143112701252,148.0,24.5,7.5,3.95143112701252,206.0,23.8
7.53,0.01,160.0,21.4,7.3,3.95143112701252,148.0,24.5,7.5,3.95143112701252,206.0,23.8,7.47,3.95143112701252,194.0,19.8
7.64,0.08,83.0,28.2,7.5,3.95143112701252,206.0,23.8,7.47,3.95143112701252,194.0,19.8,7.39,3.95143112701252,137.0,24.1
7.63,0.01,103.0,24.1,7.47,3.95143112701252,194.0,19.8,7.39,3.95143112701252,137.0,24.1,7.47,0.02,179.0,16.7
7.66,0.01,120.0,18.4,7.39,3.95143112701252,137.0,24.1,7.47,0.02,179.0,16.7,7.49,0.01,192.0,19.9
7.59,0.01,99.8,11.5,7.47,0.02,179.0,16.7,7.49,0.01,192.0,19.9,7.53,0.01,160.0,21.4
7.66,0.08,74.1,22.1,7.49,0.01,192.0,19.9,7.53,0.01,160.0,21.4,7.64,0.08,83.0,28.2
7.63,0.09,77.1,26.2,7.53,0.01,160.0,21.4,7.64,0.08,83.0,28.2,7.63,0.01,103.0,24.1
7.67,0.07,78.2,19.5,7.64,0.08,83.0,28.2,7.63,0.01,103.0,24.1,7.66,0.01,120.0,18.4
7.76,0.05,48.1,20.7,7.63,0.01,103.0,24.1,7.66,0.01,120.0,18.4,7.59,0.01,99.8,11.5
7.64,0.02,69.1,21.4,7.66,0.01,120.0,18.4,7.59,0.01,99.8,11.5,7.66,0.08,74.1,22.1
7.72,0.13,58.7,29.7,7.59,0.01,99.8,11.5,7.66,0.08,74.1,22.1,7.63,0.09,77.1,26.2
7.7,0.07,54.5,20.8,7.66,0.08,74.1,22.1,7.63,0.09,77.1,26.2,7.67,0.07,78.2,19.5
7.57,0.02,67.0,5.5,7.63,0.09,77.1,26.2,7.67,0.07,78.2,19.5,7.76,0.05,48.1,20.7
7.66,0.01,130.2,14.1,7.67,0.07,78.2,19.5,7.76,0.05,48.1,20.7,7.64,0.02,69.1,21.4
7.68,0.05,170.0,13.4,7.76,0.05,48.1,20.7,7.64,0.02,69.1,21.4,7.72,0.13,58.7,29.7
7.817811023622042,3.95143112701252,59.89288025889955,13.00212598425198,7.64,0.02,69.1,21.4,7.72,0.13,58.7,29.7,7.7,0.07,54.5,20.8
7.817811023622042,3.95143112701252,59.89288025889955,13.00212598425198,7.72,0.13,58.7,29.7,7.7,0.07,54.5,20.8,7.57,0.02,67.0,5.5
7.817811023622042,3.95143112701252,59.89288025889955,13.00212598425198,7.7,0.07,54.5,20.8,7.57,0.02,67.0,5.5,7.66,0.01,130.2,14.1
7.817811023622042,3.95143112701252,59.89288025889955,13.00212598425198,7.57,0.02,67.0,5.5,7.66,0.01,130.2,14.1,7.68,0.05,170.0,13.4
7.64,0.1,67.1,20.1,7.66,0.01,130.2,14.1,7.68,0.05,170.0,13.4,7.817811023622042,3.95143112701252,59.89288025889955,13.00212598425198
7.68,0.43,68.9,23.0,7.68,0.05,170.0,13.4,7.817811023622042,3.95143112701252,59.89288025889955,13.00212598425198,7.817811023622042,3.95143112701252,59.89288025889955,13.00212598425198
7.69,0.36,86.5,22.0,7.817811023622042,3.95143112701252,59.89288025889955,13.00212598425198,7.817811023622042,3.95143112701252,59.89288025889955,13.00212598425198,7.817811023622042,3.95143112701252,59.89288025889955,13.00212598425198
7.68,0.46,58.9,23.8,7.817811023622042,3.95143112701252,59.89288025889955,13.00212598425198,7.817811023622042,3.95143112701252,59.89288025889955,13.00212598425198,7.817811023622042,3.95143112701252,59.89288025889955,13.00212598425198
7.72,0.15,88.0,27.3,7.817811023622042,3.95143112701252,59.89288025889955,13.00212598425198,7.817811023622042,3.95143112701252,59.89288025889955,13.00212598425198,7.64,0.1,67.1,20.1
7.55,0.24,88.0,21.0,7.817811023622042,3.95143112701252,59.89288025889955,13.00212598425198,7.64,0.1,67.1,20.1,7.68,0.43,68.9,23.0
7.66,0.63,83.7,14.3,7.64,0.1,67.1,20.1,7.68,0.43,68.9,23.0,7.69,0.36,86.5,22.0
7.64,0.1,98.1,15.5,7.68,0.43,68.9,23.0,7.69,0.36,86.5,22.0,7.68,0.46,58.9,23.8
7.7,0.28,94.8,20.4,7.69,0.36,86.5,22.0,7.68,0.46,58.9,23.8,7.72,0.15,88.0,27.3
7.77,0.38,142.8,19.4,7.68,0.46,58.9,23.8,7.72,0.15,88.0,27.3,7.55,0.24,88.0,21.0
7.71,0.11,139.5,16.1,7.72,0.15,88.0,27.3,7.55,0.24,88.0,21.0,7.66,0.63,83.7,14.3
7.72,0.05,111.8,15.3,7.55,0.24,88.0,21.0,7.66,0.63,83.7,14.3,7.64,0.1,98.1,15.5
7.8,0.18,158.5,10.8,7.66,0.63,83.7,14.3,7.64,0.1,98.1,15.5,7.7,0.28,94.8,20.4
7.817811023622042,3.95143112701252,59.89288025889955,13.00212598425198,7.64,0.1,98.1,15.5,7.7,0.28,94.8,20.4,7.77,0.38,142.8,19.4
7.817811023622042,3.95143112701252,59.89288025889955,13.00212598425198,7.7,0.28,94.8,20.4,7.77,0.38,142.8,19.4,7.71,0.11,139.5,16.1
7.817811023622042,3.95143112701252,59.89288025889955,13.00212598425198,7.77,0.38,142.8,19.4,7.71,0.11,139.5,16.1,7.72,0.05,111.8,15.3
7.95,0.13,124.5,9.4,7.71,0.11,139.5,16.1,7.72,0.05,111.8,15.3,7.8,0.18,158.5,10.8
8.23,0.18,98.6,10.4,7.72,0.05,111.8,15.3,7.8,0.18,158.5,10.8,7.817811023622042,3.95143112701252,59.89288025889955,13.00212598425198
7.95,0.08,99.6,15.2,7.8,0.18,158.5,10.8,7.817811023622042,3.95143112701252,59.89288025889955,13.00212598425198,7.817811023622042,3.95143112701252,59.89288025889955,13.00212598425198
7.9,0.22,57.4,15.9,7.817811023622042,3.95143112701252,59.89288025889955,13.00212598425198,7.817811023622042,3.95143112701252,59.89288025889955,13.00212598425198,7.817811023622042,3.95143112701252,59.89288025889955,13.00212598425198
7.89,0.37,60.5,13.2,7.817811023622042,3.95143112701252,59.89288025889955,13.00212598425198,7.817811023622042,3.95143112701252,59.89288025889955,13.00212598425198,7.95,0.13,124.5,9.4
7.82,3.01,55.5,10.8,7.817811023622042,3.95143112701252,59.89288025889955,13.00212598425198,7.95,0.13,124.5,9.4,8.23,0.18,98.6,10.4
7.82,3.66,42.0,14.2,7.95,0.13,124.5,9.4,8.23,0.18,98.6,10.4,7.95,0.08,99.6,15.2
8.05,5.05,40.7,15.4,8.23,0.18,98.6,10.4,7.95,0.08,99.6,15.2,7.9,0.22,57.4,15.9
7.89,1.67,57.0,11.1,7.95,0.08,99.6,15.2,7.9,0.22,57.4,15.9,7.89,0.37,60.5,13.2
7.96,0.97,112.3,16.7,7.9,0.22,57.4,15.9,7.89,0.37,60.5,13.2,7.82,3.01,55.5,10.8
7.82,0.01,105.9,11.4,7.89,0.37,60.5,13.2,7.82,3.01,55.5,10.8,7.82,3.66,42.0,14.2
7.73,1.55,111.0,13.6,7.82,3.01,55.5,10.8,7.82,3.66,42.0,14.2,8.05,5.05,40.7,15.4
7.81,0.14,77.9,7.9,7.82,3.66,42.0,14.2,8.05,5.05,40.7,15.4,7.89,1.67,57.0,11.1
7.64,0.01,115.2,9.02,8.05,5.05,40.7,15.4,7.89,1.67,57.0,11.1,7.96,0.97,112.3,16.7
7.61,0.03,210.0,8.8,7.89,1.67,57.0,11.1,7.96,0.97,112.3,16.7,7.82,0.01,105.9,11.4
7.67,0.01,241.0,9.04,7.96,0.97,112.3,16.7,7.82,0.01,105.9,11.4,7.73,1.55,111.0,13.6
7.43,0.01,212.5,7.26,7.82,0.01,105.9,11.4,7.73,1.55,111.0,13.6,7.81,0.14,77.9,7.9
7.817811023622042,3.95143112701252,59.89288025889955,13.00212598425198,7.73,1.55,111.0,13.6,7.81,0.14,77.9,7.9,7.64,0.01,115.2,9.02
7.817811023622042,3.95143112701252,59.89288025889955,13.00212598425198,7.81,0.14,77.9,7.9,7.64,0.01,115.2,9.02,7.61,0.03,210.0,8.8
7.817811023622042,3.95143112701252,59.89288025889955,13.00212598425198,7.64,0.01,115.2,9.02,7.61,0.03,210.0,8.8,7.67,0.01,241.0,9.04
7.817811023622042,3.95143112701252,59.89288025889955,13.00212598425198,7.61,0.03,210.0,8.8,7.67,0.01,241.0,9.04,7.43,0.01,212.5,7.26
7.52,0.06,65.0,17.4,7.67,0.01,241.0,9.04,7.43,0.01,212.5,7.26,7.817811023622042,3.95143112701252,59.89288025889955,13.00212598425198
7.73,0.22,76.2,23.3,7.43,0.01,212.5,7.26,7.817811023622042,3.95143112701252,59.89288025889955,13.00212598425198,7.817811023622042,3.95143112701252,59.89288025889955,13.00212598425198
7.74,0.02,50.9,8.91,7.817811023622042,3.95143112701252,59.89288025889955,13.00212598425198,7.817811023622042,3.95143112701252,59.89288025889955,13.00212598425198,7.817811023622042,3.95143112701252,59.89288025889955,13.00212598425198
7.81,0.05,45.6,11.9,7.817811023622042,3.95143112701252,59.89288025889955,13.00212598425198,7.817811023622042,3.95143112701252,59.89288025889955,13.00212598425198,7.817811023622042,3.95143112701252,59.89288025889955,13.00212598425198
7.89,4.67,42.7,10.9,7.817811023622042,3.95143112701252,59.89288025889955,13.00212598425198,7.817811023622042,3.95143112701252,59.89288025889955,13.00212598425198,7.52,0.06,65.0,17.4
7.87,2.64,62.5,16.3,7.817811023622042,3.95143112701252,59.89288025889955,13.00212598425198,7.52,0.06,65.0,17.4,7.73,0.22,76.2,23.3
7.84,0.77,112.8,11.0,7.52,0.06,65.0,17.4,7.73,0.22,76.2,23.3,7.74,0.02,50.9,8.91
7.817811023622042,3.95143112701252,59.89288025889955,13.00212598425198,7.73,0.22,76.2,23.3,7.74,0.02,50.9,8.91,7.81,0.05,45.6,11.9
7.817811023622042,3.95143112701252,59.89288025889955,13.00212598425198,7.74,0.02,50.9,8.91,7.81,0.05,45.6,11.9,7.89,4.67,42.7,10.9
7.817811023622042,3.95143112701252,59.89288025889955,13.00212598425198,7.81,0.05,45.6,11.9,7.89,4.67,42.7,10.9,7.87,2.64,62.5,16.3
7.817811023622042,3.95143112701252,59.89288025889955,13.00212598425198,7.89,4.67,42.7,10.9,7.87,2.64,62.5,16.3,7.84,0.77,112.8,11.0
7.817811023622042,3.95143112701252,59.89288025889955,13.00212598425198,7.87,2.64,62.5,16.3,7.84,0.77,112.8,11.0,7.817811023622042,3.95143112701252,59.89288025889955,13.00212598425198
7.817811023622042,3.95143112701252,59.89288025889955,13.00212598425198,7.84,0.77,112.8,11.0,7.817811023622042,3.95143112701252,59.89288025889955,13.00212598425198,7.817811023622042,3.95143112701252,59.89288025889955,13.00212598425198
7.817811023622042,3.95143112701252,59.89288025889955,13.00212598425198,7.817811023622042,3.95143112701252,59.89288025889955,13.00212598425198,7.817811023622042,3.95143112701252,59.89288025889955,13.00212598425198,7.817811023622042,3.95143112701252,59.89288025889955,13.00212598425198
7.817811023622042,3.95143112701252,59.89288025889955,13.00212598425198,7.817811023622042,3.95143112701252,59.89288025889955,13.00212598425198,7.817811023622042,3.95143112701252,59.89288025889955,13.00212598425198,7.817811023622042,3.95143112701252,59.89288025889955,13.00212598425198
7.817811023622042,3.95143112701252,59.89288025889955,13.00212598425198,7.817811023622042,3.95143112701252,59.89288025889955,13.00212598425198,7.817811023622042,3.95143112701252,59.89288025889955,13.00212598425198,7.817811023622042,3.95143112701252,59.89288025889955,13.00212598425198
7.53,0.02,44.5,2.64,7.817811023622042,3.95143112701252,59.89288025889955,13.00212598425198,7.817811023622042,3.95143112701252,59.89288025889955,13.00212598425198,7.817811023622042,3.95143112701252,59.89288025889955,13.00212598425198
7.64,1.63,35.2,13.5,7.817811023622042,3.95143112701252,59.89288025889955,13.00212598425198,7.817811023622042,3.95143112701252,59.89288025889955,13.00212598425198,7.817811023622042,3.95143112701252,59.89288025889955,13.00212598425198
7.6,1.91,35.4,7.93,7.817811023622042,3.95143112701252,59.89288025889955,13.00212598425198,7.817811023622042,3.95143112701252,59.89288025889955,13.00212598425198,7.817811023622042,3.95143112701252,59.89288025889955,13.00212598425198
7.66,1.01,39.7,11.5,7.817811023622042,3.95143112701252,59.89288025889955,13.00212598425198,7.817811023622042,3.95143112701252,59.89288025889955,13.00212598425198,7.817811023622042,3.95143112701252,59.89288025889955,13.00212598425198
7.72,0.52,36.7,14.0,7.817811023622042,3.95143112701252,59.89288025889955,13.00212598425198,7.817811023622042,3.95143112701252,59.89288025889955,13.00212598425198,7.53,0.02,44.5,2.64
7.81,0.78,37.2,14.1,7.817811023622042,3.95143112701252,59.89288025889955,13.00212598425198,7.53,0.02,44.5,2.64,7.64,1.63,35.2,13.5
7.89,2.16,44.5,10.3,7.53,0.02,44.5,2.64,7.64,1.63,35.2,13.5,7.6,1.91,35.4,7.93
7.92,2.63,53.2,10.4,7.64,1.63,35.2,13.5,7.6,1.91,35.4,7.93,7.66,1.01,39.7,11.5
7.91,2.03,44.2,11.8,7.6,1.91,35.4,7.93,7.66,1.01,39.7,11.5,7.72,0.52,36.7,14.0
8.08,5.09,40.4,6.43,7.66,1.01,39.7,11.5,7.72,0.52,36.7,14.0,7.81,0.78,37.2,14.1
8.3,5.0,61.8,8.7,7.72,0.52,36.7,14.0,7.81,0.78,37.2,14.1,7.89,2.16,44.5,10.3
8.18,4.36,48.2,21.0,7.81,0.78,37.2,14.1,7.89,2.16,44.5,10.3,7.92,2.63,53.2,10.4
8.04,3.33,52.5,30.0,7.89,2.16,44.5,10.3,7.92,2.63,53.2,10.4,7.91,2.03,44.2,11.8
8.03,4.09,46.0,38.8,7.92,2.63,53.2,10.4,7.91,2.03,44.2,11.8,8.08,5.09,40.4,6.43
8.02,3.16,38.5,24.7,7.91,2.03,44.2,11.8,8.08,5.09,40.4,6.43,8.3,5.0,61.8,8.7
8.0,3.59,62.1,21.3,8.08,5.09,40.4,6.43,8.3,5.0,61.8,8.7,8.18,4.36,48.2,21.0
7.817811023622042,3.95143112701252,59.89288025889955,13.00212598425198,8.3,5.0,61.8,8.7,8.18,4.36,48.2,21.0,8.04,3.33,52.5,30.0
8.06,3.06,41.9,26.6,8.18,4.36,48.2,21.0,8.04,3.33,52.5,30.0,8.03,4.09,46.0,38.8
8.17,5.56,35.9,31.8,8.04,3.33,52.5,30.0,8.03,4.09,46.0,38.8,8.02,3.16,38.5,24.7
8.08,4.59,32.5,30.0,8.03,4.09,46.0,38.8,8.02,3.16,38.5,24.7,8.0,3.59,62.1,21.3
7.96,1.87,32.8,37.6,8.02,3.16,38.5,24.7,8.0,3.59,62.1,21.3,7.817811023622042,3.95143112701252,59.89288025889955,13.00212598425198
7.94,1.87,43.7,43.9,8.0,3.59,62.1,21.3,7.817811023622042,3.95143112701252,59.89288025889955,13.00212598425198,8.06,3.06,41.9,26.6
7.96,1.65,52.1,45.7,7.817811023622042,3.95143112701252,59.89288025889955,13.00212598425198,8.06,3.06,41.9,26.6,8.17,5.56,35.9,31.8
7.98,1.41,48.1,42.0,8.06,3.06,41.9,26.6,8.17,5.56,35.9,31.8,8.08,4.59,32.5,30.0
7.89,0.64,54.2,23.8,8.17,5.56,35.9,31.8,8.08,4.59,32.5,30.0,7.96,1.87,32.8,37.6
7.84,1.16,51.5,27.1,8.08,4.59,32.5,30.0,7.96,1.87,32.8,37.6,7.94,1.87,43.7,43.9
7.817811023622042,3.95143112701252,59.89288025889955,13.00212598425198,7.96,1.87,32.8,37.6,7.94,1.87,43.7,43.9,7.96,1.65,52.1,45.7
7.817811023622042,3.95143112701252,59.89288025889955,13.00212598425198,7.94,1.87,43.7,43.9,7.96,1.65,52.1,45.7,7.98,1.41,48.1,42.0
7.817811023622042,3.95143112701252,59.89288025889955,13.00212598425198,7.96,1.65,52.1,45.7,7.98,1.41,48.1,42.0,7.89,0.64,54.2,23.8
7.817811023622042,3.95143112701252,59.89288025889955,13.00212598425198,7.98,1.41,48.1,42.0,7.89,0.64,54.2,23.8,7.84,1.16,51.5,27.1
7.817811023622042,3.95143112701252,59.89288025889955,13.00212598425198,7.89,0.64,54.2,23.8,7.84,1.16,51.5,27.1,7.817811023622042,3.95143112701252,59.89288025889955,13.00212598425198
7.817811023622042,3.95143112701252,59.89288025889955,13.00212598425198,7.84,1.16,51.5,27.1,7.817811023622042,3.95143112701252,59.89288025889955,13.00212598425198,7.817811023622042,3.95143112701252,59.89288025889955,13.00212598425198
7.97,3.51,37.6,11.5,7.817811023622042,3.95143112701252,59.89288025889955,13.00212598425198,7.817811023622042,3.95143112701252,59.89288025889955,13.00212598425198,7.817811023622042,3.95143112701252,59.89288025889955,13.00212598425198
7.91,3.79,47.5,30.7,7.817811023622042,3.95143112701252,59.89288025889955,13.00212598425198,7.817811023622042,3.95143112701252,59.89288025889955,13.00212598425198,7.817811023622042,3.95143112701252,59.89288025889955,13.00212598425198
7.82,1.67,46.2,34.7,7.817811023622042,3.95143112701252,59.89288025889955,13.00212598425198,7.817811023622042,3.95143112701252,59.89288025889955,13.00212598425198,7.817811023622042,3.95143112701252,59.89288025889955,13.00212598425198
7.76,1.39,32.7,27.6,7.817811023622042,3.95143112701252,59.89288025889955,13.00212598425198,7.817811023622042,3.95143112701252,59.89288025889955,13.00212598425198,7.817811023622042,3.95143112701252,59.89288025889955,13.00212598425198
7.79,1.42,49.6,27.8,7.817811023622042,3.95143112701252,59.89288025889955,13.00212598425198,7.817811023622042,3.95143112701252,59.89288025889955,13.00212598425198,7.97,3.51,37.6,11.5
7.7,0.73,36.7,28.6,7.817811023622042,3.95143112701252,59.89288025889955,13.00212598425198,7.97,3.51,37.6,11.5,7.91,3.79,47.5,30.7
7.68,0.43,47.7,29.2,7.97,3.51,37.6,11.5,7.91,3.79,47.5,30.7,7.82,1.67,46.2,34.7
7.71,0.87,33.1,32.5,7.91,3.79,47.5,30.7,7.82,1.67,46.2,34.7,7.76,1.39,32.7,27.6
7.69,0.3,23.8,27.2,7.82,1.67,46.2,34.7,7.76,1.39,32.7,27.6,7.79,1.42,49.6,27.8
7.7,0.29,25.4,25.0,7.76,1.39,32.7,27.6,7.79,1.42,49.6,27.8,7.7,0.73,36.7,28.6
7.98,1.36,29.7,15.3,7.79,1.42,49.6,27.8,7.7,0.73,36.7,28.6,7.68,0.43,47.7,29.2
7.817811023622042,3.95143112701252,59.89288025889955,13.00212598425198,7.7,0.73,36.7,28.6,7.68,0.43,47.7,29.2,7.71,0.87,33.1,32.5
7.817811023622042,3.95143112701252,59.89288025889955,13.00212598425198,7.68,0.43,47.7,29.2,7.71,0.87,33.1,32.5,7.69,0.3,23.8,27.2
7.817811023622042,3.95143112701252,59.89288025889955,13.00212598425198,7.71,0.87,33.1,32.5,7.69,0.3,23.8,27.2,7.7,0.29,25.4,25.0
7.817811023622042,3.95143112701252,59.89288025889955,13.00212598425198,7.69,0.3,23.8,27.2,7.7,0.29,25.4,25.0,7.98,1.36,29.7,15.3
7.817811023622042,3.95143112701252,59.89288025889955,13.00212598425198,7.7,0.29,25.4,25.0,7.98,1.36,29.7,15.3,7.817811023622042,3.95143112701252,59.89288025889955,13.00212598425198
7.817811023622042,3.95143112701252,59.89288025889955,13.00212598425198,7.98,1.36,29.7,15.3,7.817811023622042,3.95143112701252,59.89288025889955,13.00212598425198,7.817811023622042,3.95143112701252,59.89288025889955,13.00212598425198
7.03,0.32,118.3,15.5,7.817811023622042,3.95143112701252,59.89288025889955,13.00212598425198,7.817811023622042,3.95143112701252,59.89288025889955,13.00212598425198,7.817811023622042,3.95143112701252,59.89288025889955,13.00212598425198
7.18,0.04,87.9,22.4,7.817811023622042,3.95143112701252,59.89288025889955,13.00212598425198,7.817811023622042,3.95143112701252,59.89288025889955,13.00212598425198,7.817811023622042,3.95143112701252,59.89288025889955,13.00212598425198
7.14,0.18,42.3,11.8,7.817811023622042,3.95143112701252,59.89288025889955,13.00212598425198,7.817811023622042,3.95143112701252,59.89288025889955,13.00212598425198,7.817811023622042,3.95143112701252,59.89288025889955,13.00212598425198
7.29,0.39,30.7,5.54,7.817811023622042,3.95143112701252,59.89288025889955,13.00212598425198,7.817811023622042,3.95143112701252,59.89288025889955,13.00212598425198,7.817811023622042,3.95143112701252,59.89288025889955,13.00212598425198
7.18,0.07,46.9,11.0,7.817811023622042,3.95143112701252,59.89288025889955,13.00212598425198,7.817811023622042,3.95143112701252,59.89288025889955,13.00212598425198,7.03,0.32,118.3,15.5
7.29,0.3,32.1,12.0,7.817811023622042,3.95143112701252,59.89288025889955,13.00212598425198,7.03,0.32,118.3,15.5,7.18,0.04,87.9,22.4
7.45,0.63,30.0,17.7,7.03,0.32,118.3,15.5,7.18,0.04,87.9,22.4,7.14,0.18,42.3,11.8
7.48,1.69,30.0,17.7,7.18,0.04,87.9,22.4,7.14,0.18,42.3,11.8,7.29,0.39,30.7,5.54
7.61,2.48,21.9,20.7,7.14,0.18,42.3,11.8,7.29,0.39,30.7,5.54,7.18,0.07,46.9,11.0
7.67,2.25,22.5,25.4,7.29,0.39,30.7,5.54,7.18,0.07,46.9,11.0,7.29,0.3,32.1,12.0
7.69,1.52,42.2,26.1,7.18,0.07,46.9,11.0,7.29,0.3,32.1,12.0,7.45,0.63,30.0,17.7
7.71,1.71,57.4,24.7,7.29,0.3,32.1,12.0,7.45,0.63,30.0,17.7,7.48,1.69,30.0,17.7
7.79,2.16,62.9,15.1,7.45,0.63,30.0,17.7,7.48,1.69,30.0,17.7,7.61,2.48,21.9,20.7
7.817811023622042,3.95143112701252,59.89288025889955,13.00212598425198,7.48,1.69,30.0,17.7,7.61,2.48,21.9,20.7,7.67,2.25,22.5,25.4
7.77,0.31,73.1,16.8,7.61,2.48,21.9,20.7,7.67,2.25,22.5,25.4,7.69,1.52,42.2,26.1
7.82,0.83,65.6,16.7,7.67,2.25,22.5,25.4,7.69,1.52,42.2,26.1,7.71,1.71,57.4,24.7
7.817811023622042,3.95143112701252,59.89288025889955,13.00212598425198,7.69,1.52,42.2,26.1,7.71,1.71,57.4,24.7,7.79,2.16,62.9,15.1
7.817811023622042,3.95143112701252,59.89288025889955,13.00212598425198,7.71,1.71,57.4,24.7,7.79,2.16,62.9,15.1,7.817811023622042,3.95143112701252,59.89288025889955,13.00212598425198
7.817811023622042,3.95143112701252,59.89288025889955,13.00212598425198,7.79,2.16,62.9,15.1,7.817811023622042,3.95143112701252,59.89288025889955,13.00212598425198,7.77,0.31,73.1,16.8
7.817811023622042,3.95143112701252,59.89288025889955,13.00212598425198,7.817811023622042,3.95143112701252,59.89288025889955,13.00212598425198,7.77,0.31,73.1,16.8,7.82,0.83,65.6,16.7
7.817811023622042,3.95143112701252,59.89288025889955,13.00212598425198,7.77,0.31,73.1,16.8,7.82,0.83,65.6,16.7,7.817811023622042,3.95143112701252,59.89288025889955,13.00212598425198
7.72,4.2,41.7,22.0,7.82,0.83,65.6,16.7,7.817811023622042,3.95143112701252,59.89288025889955,13.00212598425198,7.817811023622042,3.95143112701252,59.89288025889955,13.00212598425198
7.78,3.43,30.6,18.5,7.817811023622042,3.95143112701252,59.89288025889955,13.00212598425198,7.817811023622042,3.95143112701252,59.89288025889955,13.00212598425198,7.817811023622042,3.95143112701252,59.89288025889955,13.00212598425198
7.74,3.15,30.0,18.2,7.817811023622042,3.95143112701252,59.89288025889955,13.00212598425198,7.817811023622042,3.95143112701252,59.89288025889955,13.00212598425198,7.817811023622042,3.95143112701252,59.89288025889955,13.00212598425198
7.9,2.74,29.8,18.9,7.817811023622042,3.95143112701252,59.89288025889955,13.00212598425198,7.817811023622042,3.95143112701252,59.89288025889955,13.00212598425198,7.817811023622042,3.95143112701252,59.89288025889955,13.00212598425198
7.89,3.23,33.6,18.8,7.817811023622042,3.95143112701252,59.89288025889955,13.00212598425198,7.817811023622042,3.95143112701252,59.89288025889955,13.00212598425198,7.72,4.2,41.7,22.0
8.0,9.01,36.8,27.1,7.817811023622042,3.95143112701252,59.89288025889955,13.00212598425198,7.72,4.2,41.7,22.0,7.78,3.43,30.6,18.5
8.05,6.46,22.1,60.7,7.72,4.2,41.7,22.0,7.78,3.43,30.6,18.5,7.74,3.15,30.0,18.2
8.02,8.57,30.1,56.8,7.78,3.43,30.6,18.5,7.74,3.15,30.0,18.2,7.9,2.74,29.8,18.9
7.98,5.24,41.1,28.0,7.74,3.15,30.0,18.2,7.9,2.74,29.8,18.9,7.89,3.23,33.6,18.8
7.89,2.87,42.0,18.4,7.9,2.74,29.8,18.9,7.89,3.23,33.6,18.8,8.0,9.01,36.8,27.1
7.93,3.38,46.1,14.9,7.89,3.23,33.6,18.8,8.0,9.01,36.8,27.1,8.05,6.46,22.1,60.7
7.83,0.55,49.2,15.5,8.0,9.01,36.8,27.1,8.05,6.46,22.1,60.7,8.02,8.57,30.1,56.8
7.81,0.06,57.8,21.3,8.05,6.46,22.1,60.7,8.02,8.57,30.1,56.8,7.98,5.24,41.1,28.0
7.817811023622042,3.95143112701252,59.89288025889955,13.00212598425198,8.02,8.57,30.1,56.8,7.98,5.24,41.1,28.0,7.89,2.87,42.0,18.4
7.817811023622042,3.95143112701252,59.89288025889955,13.00212598425198,7.98,5.24,41.1,28.0,7.89,2.87,42.0,18.4,7.93,3.38,46.1,14.9
7.93,3.49,37.3,11.7,7.89,2.87,42.0,18.4,7.93,3.38,46.1,14.9,7.83,0.55,49.2,15.5
7.88,3.97,59.89288025889955,15.4,7.93,3.38,46.1,14.9,7.83,0.55,49.2,15.5,7.81,0.06,57.8,21.3
7.817811023622042,3.95143112701252,59.89288025889955,13.00212598425198,7.83,0.55,49.2,15.5,7.81,0.06,57.8,21.3,7.817811023622042,3.95143112701252,59.89288025889955,13.00212598425198
7.78,1.99,33.3,12.7,7.81,0.06,57.8,21.3,7.817811023622042,3.95143112701252,59.89288025889955,13.00212598425198,7.817811023622042,3.95143112701252,59.89288025889955,13.00212598425198
7.94,2.78,45.3,18.6,7.817811023622042,3.95143112701252,59.89288025889955,13.00212598425198,7.817811023622042,3.95143112701252,59.89288025889955,13.00212598425198,7.93,3.49,37.3,11.7
7.92,2.29,51.0,14.4,7.817811023622042,3.95143112701252,59.89288025889955,13.00212598425198,7.93,3.49,37.3,11.7,7.88,3.97,59.89288025889955,15.4
8.01,2.89,35.5,13.2,7.93,3.49,37.3,11.7,7.88,3.97,59.89288025889955,15.4,7.817811023622042,3.95143112701252,59.89288025889955,13.00212598425198
8.01,2.45,55.0,17.0,7.88,3.97,59.89288025889955,15.4,7.817811023622042,3.95143112701252,59.89288025889955,13.00212598425198,7.78,1.99,33.3,12.7
7.95,3.41,37.9,10.8,7.817811023622042,3.95143112701252,59.89288025889955,13.00212598425198,7.78,1.99,33.3,12.7,7.94,2.78,45.3,18.6
7.9,0.51,59.89288025889955,7.95,7.78,1.99,33.3,12.7,7.94,2.78,45.3,18.6,7.92,2.29,51.0,14.4
7.817811023622042,3.95143112701252,59.89288025889955,13.00212598425198,7.94,2.78,45.3,18.6,7.92,2.29,51.0,14.4,8.01,2.89,35.5,13.2
7.89,1.53,36.7,19.5,7.92,2.29,51.0,14.4,8.01,2.89,35.5,13.2,8.01,2.45,55.0,17.0
8.03,1.64,32.2,8.93,8.01,2.89,35.5,13.2,8.01,2.45,55.0,17.0,7.95,3.41,37.9,10.8
8.03,3.57,39.3,4.55,8.01,2.45,55.0,17.0,7.95,3.41,37.9,10.8,7.9,0.51,59.89288025889955,7.95
7.95,2.54,41.6,6.04,7.95,3.41,37.9,10.8,7.9,0.51,59.89288025889955,7.95,7.817811023622042,3.95143112701252,59.89288025889955,13.00212598425198
7.64,0.15,22.2,6.52,7.9,0.51,59.89288025889955,7.95,7.817811023622042,3.95143112701252,59.89288025889955,13.00212598425198,7.89,1.53,36.7,19.5
7.78,1.7,29.5,21.5,7.817811023622042,3.95143112701252,59.89288025889955,13.00212598425198,7.89,1.53,36.7,19.5,8.03,1.64,32.2,8.93
7.81,2.02,27.1,5.39,7.89,1.53,36.7,19.5,8.03,1.64,32.2,8.93,8.03,3.57,39.3,4.55
7.71,1.1,27.3,7.08,8.03,1.64,32.2,8.93,8.03,3.57,39.3,4.55,7.95,2.54,41.6,6.04
7.69,0.44,21.5,1.83,8.03,3.57,39.3,4.55,7.95,2.54,41.6,6.04,7.64,0.15,22.2,6.52
7.69,0.25,27.0,3.79,7.95,2.54,41.6,6.04,7.64,0.15,22.2,6.52,7.78,1.7,29.5,21.5
7.77,1.12,33.3,4.64,7.64,0.15,22.2,6.52,7.78,1.7,29.5,21.5,7.81,2.02,27.1,5.39
7.88,4.42,15.8,4.37,7.78,1.7,29.5,21.5,7.81,2.02,27.1,5.39,7.71,1.1,27.3,7.08
7.85,1.19,25.0,4.11,7.81,2.02,27.1,5.39,7.71,1.1,27.3,7.08,7.69,0.44,21.5,1.83
7.87,2.19,35.7,3.77,7.71,1.1,27.3,7.08,7.69,0.44,21.5,1.83,7.69,0.25,27.0,3.79
7.85,1.43,42.8,5.96,7.69,0.44,21.5,1.83,7.69,0.25,27.0,3.79,7.77,1.12,33.3,4.64
7.97,2.91,35.5,7.06,7.69,0.25,27.0,3.79,7.77,1.12,33.3,4.64,7.88,4.42,15.8,4.37
8.11,4.66,40.2,9.14,7.77,1.12,33.3,4.64,7.88,4.42,15.8,4.37,7.85,1.19,25.0,4.11
8.23,5.27,30.5,12.1,7.88,4.42,15.8,4.37,7.85,1.19,25.0,4.11,7.87,2.19,35.7,3.77
8.18,4.68,18.7,11.2,7.85,1.19,25.0,4.11,7.87,2.19,35.7,3.77,7.85,1.43,42.8,5.96
8.25,5.03,26.5,11.6,7.87,2.19,35.7,3.77,7.85,1.43,42.8,5.96,7.97,2.91,35.5,7.06
8.41,6.35,35.1,13.2,7.85,1.43,42.8,5.96,7.97,2.91,35.5,7.06,8.11,4.66,40.2,9.14
8.44,6.46,35.1,12.1,7.97,2.91,35.5,7.06,8.11,4.66,40.2,9.14,8.23,5.27,30.5,12.1
8.53,8.2,31.7,11.3,8.11,4.66,40.2,9.14,8.23,5.27,30.5,12.1,8.18,4.68,18.7,11.2
8.69,8.97,48.7,15.7,8.23,5.27,30.5,12.1,8.18,4.68,18.7,11.2,8.25,5.03,26.5,11.6
8.75,8.47,51.2,17.8,8.18,4.68,18.7,11.2,8.25,5.03,26.5,11.6,8.41,6.35,35.1,13.2
8.69,7.75,54.1,18.5,8.25,5.03,26.5,11.6,8.41,6.35,35.1,13.2,8.44,6.46,35.1,12.1
8.68,8.43,31.4,19.8,8.41,6.35,35.1,13.2,8.44,6.46,35.1,12.1,8.53,8.2,31.7,11.3
8.72,9.16,46.3,19.0,8.44,6.46,35.1,12.1,8.53,8.2,31.7,11.3,8.69,8.97,48.7,15.7
8.67,8.01,45.9,20.6,8.53,8.2,31.7,11.3,8.69,8.97,48.7,15.7,8.75,8.47,51.2,17.8
8.6,8.63,36.4,19.2,8.69,8.97,48.7,15.7,8.75,8.47,51.2,17.8,8.69,7.75,54.1,18.5
8.61,8.47,30.7,19.9,8.75,8.47,51.2,17.8,8.69,7.75,54.1,18.5,8.68,8.43,31.4,19.8
8.41,9.15,28.6,17.7,8.69,7.75,54.1,18.5,8.68,8.43,31.4,19.8,8.72,9.16,46.3,19.0
8.25,8.1,28.3,19.0,8.68,8.43,31.4,19.8,8.72,9.16,46.3,19.0,8.67,8.01,45.9,20.6
8.14,7.39,37.3,18.1,8.72,9.16,46.3,19.0,8.67,8.01,45.9,20.6,8.6,8.63,36.4,19.2
8.03,6.93,28.3,26.0,8.67,8.01,45.9,20.6,8.6,8.63,36.4,19.2,8.61,8.47,30.7,19.9
7.95,5.14,29.4,23.7,8.6,8.63,36.4,19.2,8.61,8.47,30.7,19.9,8.41,9.15,28.6,17.7
7.93,4.31,42.1,23.5,8.61,8.47,30.7,19.9,8.41,9.15,28.6,17.7,8.25,8.1,28.3,19.0
7.85,3.0,55.4,21.5,8.41,9.15,28.6,17.7,8.25,8.1,28.3,19.0,8.14,7.39,37.3,18.1
7.73,3.85,50.1,15.6,8.25,8.1,28.3,19.0,8.14,7.39,37.3,18.1,8.03,6.93,28.3,26.0
7.71,4.36,49.8,12.3,8.14,7.39,37.3,18.1,8.03,6.93,28.3,26.0,7.95,5.14,29.4,23.7
7.817811023622042,3.95143112701252,59.89288025889955,13.00212598425198,8.03,6.93,28.3,26.0,7.95,5.14,29.4,23.7,7.93,4.31,42.1,23.5
7.46,1.86,53.9,11.5,7.95,5.14,29.4,23.7,7.93,4.31,42.1,23.5,7.85,3.0,55.4,21.5
7.45,2.1,55.0,7.46,7.93,4.31,42.1,23.5,7.85,3.0,55.4,21.5,7.73,3.85,50.1,15.6
7.4,1.51,27.0,9.79,7.85,3.0,55.4,21.5,7.73,3.85,50.1,15.6,7.71,4.36,49.8,12.3
7.37,1.08,36.7,7.34,7.73,3.85,50.1,15.6,7.71,4.36,49.8,12.3,7.817811023622042,3.95143112701252,59.89288025889955,13.00212598425198
7.42,1.68,55.3,6.41,7.71,4.36,49.8,12.3,7.817811023622042,3.95143112701252,59.89288025889955,13.00212598425198,7.46,1.86,53.9,11.5
7.42,1.16,77.9,8.02,7.817811023622042,3.95143112701252,59.89288025889955,13.00212598425198,7.46,1.86,53.9,11.5,7.45,2.1,55.0,7.46
7.33,0.92,63.5,7.64,7.46,1.86,53.9,11.5,7.45,2.1,55.0,7.46,7.4,1.51,27.0,9.79
7.37,0.86,65.9,9.33,7.45,2.1,55.0,7.46,7.4,1.51,27.0,9.79,7.37,1.08,36.7,7.34
7.35,2.98,69.3,9.05,7.4,1.51,27.0,9.79,7.37,1.08,36.7,7.34,7.42,1.68,55.3,6.41
7.817811023622042,3.95143112701252,59.89288025889955,13.00212598425198,7.37,1.08,36.7,7.34,7.42,1.68,55.3,6.41,7.42,1.16,77.9,8.02
7.817811023622042,3.95143112701252,59.89288025889955,13.00212598425198,7.42,1.68,55.3,6.41,7.42,1.16,77.9,8.02,7.33,0.92,63.5,7.64
7.38,2.1,64.5,8.2,7.42,1.16,77.9,8.02,7.33,0.92,63.5,7.64,7.37,0.86,65.9,9.33
7.18,1.04,58.3,7.54,7.33,0.92,63.5,7.64,7.37,0.86,65.9,9.33,7.35,2.98,69.3,9.05
7.06,1.0,52.9,3.31,7.37,0.86,65.9,9.33,7.35,2.98,69.3,9.05,7.817811023622042,3.95143112701252,59.89288025889955,13.00212598425198
7.16,2.03,53.9,1.62,7.35,2.98,69.3,9.05,7.817811023622042,3.95143112701252,59.89288025889955,13.00212598425198,7.817811023622042,3.95143112701252,59.89288025889955,13.00212598425198
7.14,1.4,82.0,1.76,7.817811023622042,3.95143112701252,59.89288025889955,13.00212598425198,7.817811023622042,3.95143112701252,59.89288025889955,13.00212598425198,7.38,2.1,64.5,8.2
7.11,1.44,59.4,1.68,7.817811023622042,3.95143112701252,59.89288025889955,13.00212598425198,7.38,2.1,64.5,8.2,7.18,1.04,58.3,7.54
7.19,1.09,87.3,0.97,7.38,2.1,64.5,8.2,7.18,1.04,58.3,7.54,7.06,1.0,52.9,3.31
7.11,0.65,20.1,0.87,7.18,1.04,58.3,7.54,7.06,1.0,52.9,3.31,7.16,2.03,53.9,1.62
7.19,0.97,22.2,3.31,7.06,1.0,52.9,3.31,7.16,2.03,53.9,1.62,7.14,1.4,82.0,1.76
7.09,0.32,27.5,3.31,7.16,2.03,53.9,1.62,7.14,1.4,82.0,1.76,7.11,1.44,59.4,1.68
7.15,0.35,22.1,2.46,7.14,1.4,82.0,1.76,7.11,1.44,59.4,1.68,7.19,1.09,87.3,0.97
7.24,0.38,30.0,5.79,7.11,1.44,59.4,1.68,7.19,1.09,87.3,0.97,7.11,0.65,20.1,0.87
7.29,0.49,27.6,2.97,7.19,1.09,87.3,0.97,7.11,0.65,20.1,0.87,7.19,0.97,22.2,3.31
7.4,1.49,34.6,4.85,7.11,0.65,20.1,0.87,7.19,0.97,22.2,3.31,7.09,0.32,27.5,3.31
7.54,3.48,25.7,4.97,7.19,0.97,22.2,3.31,7.09,0.32,27.5,3.31,7.15,0.35,22.1,2.46
7.59,3.82,23.0,4.56,7.09,0.32,27.5,3.31,7.15,0.35,22.1,2.46,7.24,0.38,30.0,5.79
7.78,4.17,29.7,8.22,7.15,0.35,22.1,2.46,7.24,0.38,30.0,5.79,7.29,0.49,27.6,2.97
7.83,3.42,59.89288025889955,8.17,7.24,0.38,30.0,5.79,7.29,0.49,27.6,2.97,7.4,1.49,34.6,4.85
8.02,2.95,19.4,14.1,7.29,0.49,27.6,2.97,7.4,1.49,34.6,4.85,7.54,3.48,25.7,4.97
7.99,2.56,23.4,15.9,7.4,1.49,34.6,4.85,7.54,3.48,25.7,4.97,7.59,3.82,23.0,4.56
7.9,1.91,24.6,18.0,7.54,3.48,25.7,4.97,7.59,3.82,23.0,4.56,7.78,4.17,29.7,8.22
8.07,2.7,30.6,30.1,7.59,3.82,23.0,4.56,7.78,4.17,29.7,8.22,7.83,3.42,59.89288025889955,8.17
8.07,2.72,31.7,16.9,7.78,4.17,29.7,8.22,7.83,3.42,59.89288025889955,8.17,8.02,2.95,19.4,14.1
8.07,2.73,21.9,16.6,7.83,3.42,59.89288025889955,8.17,8.02,2.95,19.4,14.1,7.99,2.56,23.4,15.9
8.0,3.2,11.0,12.6,8.02,2.95,19.4,14.1,7.99,2.56,23.4,15.9,7.9,1.91,24.6,18.0
7.9,2.62,9.8,16.3,7.99,2.56,23.4,15.9,7.9,1.91,24.6,18.0,8.07,2.7,30.6,30.1
7.96,5.78,15.7,11.8,7.9,1.91,24.6,18.0,8.07,2.7,30.6,30.1,8.07,2.72,31.7,16.9
7.68,6.19,12.0,19.3,8.07,2.7,30.6,30.1,8.07,2.72,31.7,16.9,8.07,2.73,21.9,16.6
7.55,5.64,13.1,17.6,8.07,2.72,31.7,16.9,8.07,2.73,21.9,16.6,8.0,3.2,11.0,12.6
7.68,6.03,15.3,20.4,8.07,2.73,21.9,16.6,8.0,3.2,11.0,12.6,7.9,2.62,9.8,16.3
7.71,7.49,33.8,21.0,8.0,3.2,11.0,12.6,7.9,2.62,9.8,16.3,7.96,5.78,15.7,11.8
7.59,5.33,45.5,16.5,7.9,2.62,9.8,16.3,7.96,5.78,15.7,11.8,7.68,6.19,12.0,19.3
7.85,9.56,44.7,12.8,7.96,5.78,15.7,11.8,7.68,6.19,12.0,19.3,7.55,5.64,13.1,17.6
7.71,4.92,22.3,4.49,7.68,6.19,12.0,19.3,7.55,5.64,13.1,17.6,7.68,6.03,15.3,20.4
7.68,7.75,8.7,12.2,7.55,5.64,13.1,17.6,7.68,6.03,15.3,20.4,7.71,7.49,33.8,21.0
7.71,5.42,18.2,16.5,7.68,6.03,15.3,20.4,7.71,7.49,33.8,21.0,7.59,5.33,45.5,16.5
7.82,5.34,25.7,17.7,7.71,7.49,33.8,21.0,7.59,5.33,45.5,16.5,7.85,9.56,44.7,12.8
7.61,0.74,39.4,11.9,7.59,5.33,45.5,16.5,7.85,9.56,44.7,12.8,7.71,4.92,22.3,4.49
7.817811023622042,3.95143112701252,59.89288025889955,13.00212598425198,7.85,9.56,44.7,12.8,7.71,4.92,22.3,4.49,7.68,7.75,8.7,12.2
7.817811023622042,3.95143112701252,59.89288025889955,13.00212598425198,7.71,4.92,22.3,4.49,7.68,7.75,8.7,12.2,7.71,5.42,18.2,16.5
7.817811023622042,3.95143112701252,59.89288025889955,13.00212598425198,7.68,7.75,8.7,12.2,7.71,5.42,18.2,16.5,7.82,5.34,25.7,17.7
7.817811023622042,3.95143112701252,59.89288025889955,13.00212598425198,7.71,5.42,18.2,16.5,7.82,5.34,25.7,17.7,7.61,0.74,39.4,11.9
7.62,4.75,18.4,13.5,7.82,5.34,25.7,17.7,7.61,0.74,39.4,11.9,7.817811023622042,3.95143112701252,59.89288025889955,13.00212598425198
7.68,5.55,14.6,14.8,7.61,0.74,39.4,11.9,7.817811023622042,3.95143112701252,59.89288025889955,13.00212598425198,7.817811023622042,3.95143112701252,59.89288025889955,13.00212598425198
7.67,3.55,14.7,13.9,7.817811023622042,3.95143112701252,59.89288025889955,13.00212598425198,7.817811023622042,3.95143112701252,59.89288025889955,13.00212598425198,7.817811023622042,3.95143112701252,59.89288025889955,13.00212598425198
7.58,1.49,25.3,15.0,7.817811023622042,3.95143112701252,59.89288025889955,13.00212598425198,7.817811023622042,3.95143112701252,59.89288025889955,13.00212598425198,7.817811023622042,3.95143112701252,59.89288025889955,13.00212598425198
7.5,3.17,13.1,10.3,7.817811023622042,3.95143112701252,59.89288025889955,13.00212598425198,7.817811023622042,3.95143112701252,59.89288025889955,13.00212598425198,7.62,4.75,18.4,13.5
7.5,3.46,7.3,9.51,7.817811023622042,3.95143112701252,59.89288025889955,13.00212598425198,7.62,4.75,18.4,13.5,7.68,5.55,14.6,14.8
7.44,2.54,8.1,8.92,7.62,4.75,18.4,13.5,7.68,5.55,14.6,14.8,7.67,3.55,14.7,13.9
7.47,2.77,7.3,6.83,7.68,5.55,14.6,14.8,7.67,3.55,14.7,13.9,7.58,1.49,25.3,15.0
7.53,1.6,6.8,5.89,7.67,3.55,14.7,13.9,7.58,1.49,25.3,15.0,7.5,3.17,13.1,10.3
7.46,1.08,5.5,4.79,7.58,1.49,25.3,15.0,7.5,3.17,13.1,10.3,7.5,3.46,7.3,9.51
7.45,1.61,11.7,3.88,7.5,3.17,13.1,10.3,7.5,3.46,7.3,9.51,7.44,2.54,8.1,8.92
7.46,2.15,25.0,3.73,7.5,3.46,7.3,9.51,7.44,2.54,8.1,8.92,7.47,2.77,7.3,6.83
7.76,5.9,3.7,1.67,7.44,2.54,8.1,8.92,7.47,2.77,7.3,6.83,7.53,1.6,6.8,5.89
7.817811023622042,3.95143112701252,59.89288025889955,13.00212598425198,7.47,2.77,7.3,6.83,7.53,1.6,6.8,5.89,7.46,1.08,5.5,4.79
7.6,9.45,12.0,0.42,7.53,1.6,6.8,5.89,7.46,1.08,5.5,4.79,7.45,1.61,11.7,3.88
7.64,9.53,12.5,0.42,7.46,1.08,5.5,4.79,7.45,1.61,11.7,3.88,7.46,2.15,25.0,3.73
7.68,3.6,52.6,0.33,7.45,1.61,11.7,3.88,7.46,2.15,25.0,3.73,7.76,5.9,3.7,1.67
7.8,5.56,29.4,0.2,7.46,2.15,25.0,3.73,7.76,5.9,3.7,1.67,7.817811023622042,3.95143112701252,59.89288025889955,13.00212598425198
7.81,4.78,20.0,0.21,7.76,5.9,3.7,1.67,7.817811023622042,3.95143112701252,59.89288025889955,13.00212598425198,7.6,9.45,12.0,0.42
7.71,3.5,31.6,0.28,7.817811023622042,3.95143112701252,59.89288025889955,13.00212598425198,7.6,9.45,12.0,0.42,7.64,9.53,12.5,0.42
7.85,5.14,13.8,0.41,7.6,9.45,12.0,0.42,7.64,9.53,12.5,0.42,7.68,3.6,52.6,0.33
7.87,6.79,5.5,1.89,7.64,9.53,12.5,0.42,7.68,3.6,52.6,0.33,7.8,5.56,29.4,0.2
7.78,4.14,20.1,3.71,7.68,3.6,52.6,0.33,7.8,5.56,29.4,0.2,7.81,4.78,20.0,0.21
7.76,3.65,7.6,4.86,7.8,5.56,29.4,0.2,7.81,4.78,20.0,0.21,7.71,3.5,31.6,0.28
8.05,4.99,6.6,6.79,7.81,4.78,20.0,0.21,7.71,3.5,31.6,0.28,7.85,5.14,13.8,0.41
7.97,4.01,10.4,6.68,7.71,3.5,31.6,0.28,7.85,5.14,13.8,0.41,7.87,6.79,5.5,1.89
7.91,6.81,6.3,5.99,7.85,5.14,13.8,0.41,7.87,6.79,5.5,1.89,7.78,4.14,20.1,3.71
8.09,6.24,9.8,7.78,7.87,6.79,5.5,1.89,7.78,4.14,20.1,3.71,7.76,3.65,7.6,4.86
8.02,5.46,8.5,9.29,7.78,4.14,20.1,3.71,7.76,3.65,7.6,4.86,8.05,4.99,6.6,6.79
8.26,7.62,10.7,10.4,7.76,3.65,7.6,4.86,8.05,4.99,6.6,6.79,7.97,4.01,10.4,6.68
8.2,9.2,17.0,2.7,8.05,4.99,6.6,6.79,7.97,4.01,10.4,6.68,7.91,6.81,6.3,5.99
8.07,9.27,16.2,13.3,7.97,4.01,10.4,6.68,7.91,6.81,6.3,5.99,8.09,6.24,9.8,7.78
8.06,11.0,10.1,17.0,7.91,6.81,6.3,5.99,8.09,6.24,9.8,7.78,8.02,5.46,8.5,9.29
7.87,11.8,11.5,11.2,8.09,6.24,9.8,7.78,8.02,5.46,8.5,9.29,8.26,7.62,10.7,10.4
7.7,12.5,9.2,9.84,8.02,5.46,8.5,9.29,8.26,7.62,10.7,10.4,8.2,9.2,17.0,2.7
7.74,11.4,9.5,16.1,8.26,7.62,10.7,10.4,8.2,9.2,17.0,2.7,8.07,9.27,16.2,13.3
7.59,9.81,6.7,13.8,8.2,9.2,17.0,2.7,8.07,9.27,16.2,13.3,8.06,11.0,10.1,17.0
7.61,10.5,10.7,13.4,8.07,9.27,16.2,13.3,8.06,11.0,10.1,17.0,7.87,11.8,11.5,11.2
7.58,11.1,14.0,15.6,8.06,11.0,10.1,17.0,7.87,11.8,11.5,11.2,7.7,12.5,9.2,9.84
7.5,10.1,9.2,18.3,7.87,11.8,11.5,11.2,7.7,12.5,9.2,9.84,7.74,11.4,9.5,16.1
7.5,9.97,4.6,14.3,7.7,12.5,9.2,9.84,7.74,11.4,9.5,16.1,7.59,9.81,6.7,13.8
7.54,10.6,4.7,12.0,7.74,11.4,9.5,16.1,7.59,9.81,6.7,13.8,7.61,10.5,10.7,13.4
7.54,11.5,4.2,15.3,7.59,9.81,6.7,13.8,7.61,10.5,10.7,13.4,7.58,11.1,14.0,15.6
7.52,11.0,7.5,16.1,7.61,10.5,10.7,13.4,7.58,11.1,14.0,15.6,7.5,10.1,9.2,18.3
7.58,8.72,15.1,19.6,7.58,11.1,14.0,15.6,7.5,10.1,9.2,18.3,7.5,9.97,4.6,14.3
7.87,8.61,11.3,20.1,7.5,10.1,9.2,18.3,7.5,9.97,4.6,14.3,7.54,10.6,4.7,12.0
7.84,7.65,14.0,16.3,7.5,9.97,4.6,14.3,7.54,10.6,4.7,12.0,7.54,11.5,4.2,15.3
8.15,11.2,9.4,15.2,7.54,10.6,4.7,12.0,7.54,11.5,4.2,15.3,7.52,11.0,7.5,16.1
7.817811023622042,3.95143112701252,59.89288025889955,13.00212598425198,7.54,11.5,4.2,15.3,7.52,11.0,7.5,16.1,7.58,8.72,15.1,19.6
7.817811023622042,3.95143112701252,59.89288025889955,13.00212598425198,7.52,11.0,7.5,16.1,7.58,8.72,15.1,19.6,7.87,8.61,11.3,20.1
8.14,12.2,16.9,6.31,7.58,8.72,15.1,19.6,7.87,8.61,11.3,20.1,7.84,7.65,14.0,16.3
7.64,6.75,17.9,7.72,7.87,8.61,11.3,20.1,7.84,7.65,14.0,16.3,8.15,11.2,9.4,15.2
7.49,4.9,5.8,9.17,7.84,7.65,14.0,16.3,8.15,11.2,9.4,15.2,7.817811023622042,3.95143112701252,59.89288025889955,13.00212598425198
7.44,4.14,6.2,7.83,8.15,11.2,9.4,15.2,7.817811023622042,3.95143112701252,59.89288025889955,13.00212598425198,7.817811023622042,3.95143112701252,59.89288025889955,13.00212598425198
7.49,3.12,17.3,6.84,7.817811023622042,3.95143112701252,59.89288025889955,13.00212598425198,7.817811023622042,3.95143112701252,59.89288025889955,13.00212598425198,8.14,12.2,16.9,6.31
7.49,3.29,56.2,9.67,7.817811023622042,3.95143112701252,59.89288025889955,13.00212598425198,8.14,12.2,16.9,6.31,7.64,6.75,17.9,7.72
7.6,3.66,57.5,6.11,8.14,12.2,16.9,6.31,7.64,6.75,17.9,7.72,7.49,4.9,5.8,9.17
7.65,3.63,16.1,5.28,7.64,6.75,17.9,7.72,7.49,4.9,5.8,9.17,7.44,4.14,6.2,7.83
7.57,2.97,8.1,3.41,7.49,4.9,5.8,9.17,7.44,4.14,6.2,7.83,7.49,3.12,17.3,6.84
7.54,2.04,11.7,2.89,7.44,4.14,6.2,7.83,7.49,3.12,17.3,6.84,7.49,3.29,56.2,9.67
7.58,6.6,15.0,1.9,7.49,3.12,17.3,6.84,7.49,3.29,56.2,9.67,7.6,3.66,57.5,6.11
7.63,5.18,16.0,1.16,7.49,3.29,56.2,9.67,7.6,3.66,57.5,6.11,7.65,3.63,16.1,5.28
7.65,4.21,11.4,1.48,7.6,3.66,57.5,6.11,7.65,3.63,16.1,5.28,7.57,2.97,8.1,3.41
7.57,3.26,14.7,1.54,7.65,3.63,16.1,5.28,7.57,2.97,8.1,3.41,7.54,2.04,11.7,2.89
7.26,1.0,15.2,1.92,7.57,2.97,8.1,3.41,7.54,2.04,11.7,2.89,7.58,6.6,15.0,1.9
7.58,4.02,14.8,1.44,7.54,2.04,11.7,2.89,7.58,6.6,15.0,1.9,7.63,5.18,16.0,1.16
7.77,3.91,13.6,0.4,7.58,6.6,15.0,1.9,7.63,5.18,16.0,1.16,7.65,4.21,11.4,1.48
7.77,3.23,16.6,5.56,7.63,5.18,16.0,1.16,7.65,4.21,11.4,1.48,7.57,3.26,14.7,1.54
7.72,2.91,12.8,2.32,7.65,4.21,11.4,1.48,7.57,3.26,14.7,1.54,7.26,1.0,15.2,1.92
7.34,4.06,14.4,0.19,7.57,3.26,14.7,1.54,7.26,1.0,15.2,1.92,7.58,4.02,14.8,1.44
7.71,4.95,17.2,0.49,7.26,1.0,15.2,1.92,7.58,4.02,14.8,1.44,7.77,3.91,13.6,0.4
7.89,3.26,23.0,0.78,7.58,4.02,14.8,1.44,7.77,3.91,13.6,0.4,7.77,3.23,16.6,5.56
7.65,1.84,23.8,0.81,7.77,3.91,13.6,0.4,7.77,3.23,16.6,5.56,7.72,2.91,12.8,2.32
7.69,4.33,23.9,2.32,7.77,3.23,16.6,5.56,7.72,2.91,12.8,2.32,7.34,4.06,14.4,0.19
7.47,1.53,17.8,2.43,7.72,2.91,12.8,2.32,7.34,4.06,14.4,0.19,7.71,4.95,17.2,0.49
7.67,2.85,16.4,2.81,7.34,4.06,14.4,0.19,7.71,4.95,17.2,0.49,7.89,3.26,23.0,0.78
7.74,2.95,28.9,3.02,7.71,4.95,17.2,0.49,7.89,3.26,23.0,0.78,7.65,1.84,23.8,0.81
8.05,6.14,24.3,3.89,7.89,3.26,23.0,0.78,7.65,1.84,23.8,0.81,7.69,4.33,23.9,2.32
7.76,4.64,24.7,5.41,7.65,1.84,23.8,0.81,7.69,4.33,23.9,2.32,7.47,1.53,17.8,2.43
7.75,7.88,33.0,5.21,7.69,4.33,23.9,2.32,7.47,1.53,17.8,2.43,7.67,2.85,16.4,2.81
8.06,10.2,24.2,4.85,7.47,1.53,17.8,2.43,7.67,2.85,16.4,2.81,7.74,2.95,28.9,3.02
7.99,10.7,26.7,6.77,7.67,2.85,16.4,2.81,7.74,2.95,28.9,3.02,8.05,6.14,24.3,3.89
7.92,11.3,27.7,7.61,7.74,2.95,28.9,3.02,8.05,6.14,24.3,3.89,7.76,4.64,24.7,5.41
8.48,9.1,28.5,9.11,8.05,6.14,24.3,3.89,7.76,4.64,24.7,5.41,7.75,7.88,33.0,5.21
8.66,9.03,37.6,9.09,7.76,4.64,24.7,5.41,7.75,7.88,33.0,5.21,8.06,10.2,24.2,4.85
7.97,9.14,39.3,10.5,7.75,7.88,33.0,5.21,8.06,10.2,24.2,4.85,7.99,10.7,26.7,6.77
7.87,10.6,40.3,11.28,8.06,10.2,24.2,4.85,7.99,10.7,26.7,6.77,7.92,11.3,27.7,7.61
7.91,10.5,37.0,11.2,7.99,10.7,26.7,6.77,7.92,11.3,27.7,7.61,8.48,9.1,28.5,9.11
7.89,11.8,38.4,9.65,7.92,11.3,27.7,7.61,8.48,9.1,28.5,9.11,8.66,9.03,37.6,9.09
7.85,11.1,40.9,10.4,8.48,9.1,28.5,9.11,8.66,9.03,37.6,9.09,7.97,9.14,39.3,10.5
7.72,11.3,16.2,9.3,8.66,9.03,37.6,9.09,7.97,9.14,39.3,10.5,7.87,10.6,40.3,11.28
7.74,11.7,11.4,9.92,7.97,9.14,39.3,10.5,7.87,10.6,40.3,11.28,7.91,10.5,37.0,11.2
7.76,13.1,8.7,9.89,7.87,10.6,40.3,11.28,7.91,10.5,37.0,11.2,7.89,11.8,38.4,9.65
7.74,13.0,18.4,9.59,7.91,10.5,37.0,11.2,7.89,11.8,38.4,9.65,7.85,11.1,40.9,10.4
7.67,13.2,24.4,8.61,7.89,11.8,38.4,9.65,7.85,11.1,40.9,10.4,7.72,11.3,16.2,9.3
7.68,15.2,27.2,13.44,7.85,11.1,40.9,10.4,7.72,11.3,16.2,9.3,7.74,11.7,11.4,9.92
7.77,17.7,31.1,12.1,7.72,11.3,16.2,9.3,7.74,11.7,11.4,9.92,7.76,13.1,8.7,9.89
7.95,13.3,37.1,12.56,7.74,11.7,11.4,9.92,7.76,13.1,8.7,9.89,7.74,13.0,18.4,9.59
7.76,13.8,41.1,9.67,7.76,13.1,8.7,9.89,7.74,13.0,18.4,9.59,7.67,13.2,24.4,8.61
7.52,6.6,45.1,10.9,7.74,13.0,18.4,9.59,7.67,13.2,24.4,8.61,7.68,15.2,27.2,13.44
7.5,6.7,38.6,13.86,7.67,13.2,24.4,8.61,7.68,15.2,27.2,13.44,7.77,17.7,31.1,12.1
7.817811023622042,3.95143112701252,59.89288025889955,13.00212598425198,7.68,15.2,27.2,13.44,7.77,17.7,31.1,12.1,7.95,13.3,37.1,12.56
7.47,4.99,28.7,6.85,7.77,17.7,31.1,12.1,7.95,13.3,37.1,12.56,7.76,13.8,41.1,9.67
7.32,3.42,25.9,4.75,7.95,13.3,37.1,12.56,7.76,13.8,41.1,9.67,7.52,6.6,45.1,10.9
7.19,1.06,15.2,5.24,7.76,13.8,41.1,9.67,7.52,6.6,45.1,10.9,7.5,6.7,38.6,13.86
6.68,2.04,10.1,3.88,7.52,6.6,45.1,10.9,7.5,6.7,38.6,13.86,7.817811023622042,3.95143112701252,59.89288025889955,13.00212598425198
7.47,3.45,6.5,2.54,7.5,6.7,38.6,13.86,7.817811023622042,3.95143112701252,59.89288025889955,13.00212598425198,7.47,4.99,28.7,6.85
7.69,2.98,8.7,4.51,7.817811023622042,3.95143112701252,59.89288025889955,13.00212598425198,7.47,4.99,28.7,6.85,7.32,3.42,25.9,4.75
7.58,2.26,8.6,3.03,7.47,4.99,28.7,6.85,7.32,3.42,25.9,4.75,7.19,1.06,15.2,5.24
7.7,5.08,7.8,1.28,7.32,3.42,25.9,4.75,7.19,1.06,15.2,5.24,6.68,2.04,10.1,3.88
7.5,5.12,7.8,0.72,7.19,1.06,15.2,5.24,6.68,2.04,10.1,3.88,7.47,3.45,6.5,2.54
7.47,7.08,7.4,0.61,6.68,2.04,10.1,3.88,7.47,3.45,6.5,2.54,7.69,2.98,8.7,4.51
7.58,7.76,7.6,0.91,7.47,3.45,6.5,2.54,7.69,2.98,8.7,4.51,7.58,2.26,8.6,3.03
7.39,4.55,14.5,6.16,7.69,2.98,8.7,4.51,7.58,2.26,8.6,3.03,7.7,5.08,7.8,1.28
7.67,5.32,16.3,1.74,7.58,2.26,8.6,3.03,7.7,5.08,7.8,1.28,7.5,5.12,7.8,0.72
7.26,5.23,10.9,1.99,7.7,5.08,7.8,1.28,7.5,5.12,7.8,0.72,7.47,7.08,7.4,0.61
7.817811023622042,3.95143112701252,59.89288025889955,13.00212598425198,7.5,5.12,7.8,0.72,7.47,7.08,7.4,0.61,7.58,7.76,7.6,0.91
7.817811023622042,3.95143112701252,59.89288025889955,13.00212598425198,7.47,7.08,7.4,0.61,7.58,7.76,7.6,0.91,7.39,4.55,14.5,6.16
7.817811023622042,3.95143112701252,59.89288025889955,13.00212598425198,7.58,7.76,7.6,0.91,7.39,4.55,14.5,6.16,7.67,5.32,16.3,1.74
7.82,1.8,11.2,3.67,7.39,4.55,14.5,6.16,7.67,5.32,16.3,1.74,7.26,5.23,10.9,1.99
7.817811023622042,3.95143112701252,59.89288025889955,13.00212598425198,7.67,5.32,16.3,1.74,7.26,5.23,10.9,1.99,7.817811023622042,3.95143112701252,59.89288025889955,13.00212598425198
7.817811023622042,3.95143112701252,59.89288025889955,13.00212598425198,7.26,5.23,10.9,1.99,7.817811023622042,3.95143112701252,59.89288025889955,13.00212598425198,7.817811023622042,3.95143112701252,59.89288025889955,13.00212598425198
7.817811023622042,3.95143112701252,59.89288025889955,13.00212598425198,7.817811023622042,3.95143112701252,59.89288025889955,13.00212598425198,7.817811023622042,3.95143112701252,59.89288025889955,13.00212598425198,7.817811023622042,3.95143112701252,59.89288025889955,13.00212598425198
8.43,7.02,16.4,0.34,7.817811023622042,3.95143112701252,59.89288025889955,13.00212598425198,7.817811023622042,3.95143112701252,59.89288025889955,13.00212598425198,7.82,1.8,11.2,3.67
6.82,5.44,7.5,1.43,7.817811023622042,3.95143112701252,59.89288025889955,13.00212598425198,7.82,1.8,11.2,3.67,7.817811023622042,3.95143112701252,59.89288025889955,13.00212598425198
6.39,3.93,7.0,2.65,7.82,1.8,11.2,3.67,7.817811023622042,3.95143112701252,59.89288025889955,13.00212598425198,7.817811023622042,3.95143112701252,59.89288025889955,13.00212598425198
7.88,6.91,6.6,1.71,7.817811023622042,3.95143112701252,59.89288025889955,13.00212598425198,7.817811023622042,3.95143112701252,59.89288025889955,13.00212598425198,7.817811023622042,3.95143112701252,59.89288025889955,13.00212598425198
7.27,5.5,4.3,0.98,7.817811023622042,3.95143112701252,59.89288025889955,13.00212598425198,7.817811023622042,3.95143112701252,59.89288025889955,13.00212598425198,8.43,7.02,16.4,0.34
7.82,6.38,7.5,2.57,7.817811023622042,3.95143112701252,59.89288025889955,13.00212598425198,8.43,7.02,16.4,0.34,6.82,5.44,7.5,1.43
7.77,6.3,4.5,2.05,8.43,7.02,16.4,0.34,6.82,5.44,7.5,1.43,6.39,3.93,7.0,2.65
7.88,6.75,10.2,1.11,6.82,5.44,7.5,1.43,6.39,3.93,7.0,2.65,7.88,6.91,6.6,1.71
7.88,7.25,4.7,4.27,6.39,3.93,7.0,2.65,7.88,6.91,6.6,1.71,7.27,5.5,4.3,0.98
7.76,6.25,11.7,7.6,7.88,6.91,6.6,1.71,7.27,5.5,4.3,0.98,7.82,6.38,7.5,2.57
7.71,5.78,29.2,8.29,7.27,5.5,4.3,0.98,7.82,6.38,7.5,2.57,7.77,6.3,4.5,2.05
7.74,6.27,13.5,8.7,7.82,6.38,7.5,2.57,7.77,6.3,4.5,2.05,7.88,6.75,10.2,1.11
7.85,8.24,8.8,7.97,7.77,6.3,4.5,2.05,7.88,6.75,10.2,1.11,7.88,7.25,4.7,4.27
7.88,8.86,10.4,11.4,7.88,6.75,10.2,1.11,7.88,7.25,4.7,4.27,7.76,6.25,11.7,7.6
7.86,9.37,11.7,12.07,7.88,7.25,4.7,4.27,7.76,6.25,11.7,7.6,7.71,5.78,29.2,8.29
7.9,9.3,19.8,13.2,7.76,6.25,11.7,7.6,7.71,5.78,29.2,8.29,7.74,6.27,13.5,8.7
7.85,9.81,25.6,11.49,7.71,5.78,29.2,8.29,7.74,6.27,13.5,8.7,7.85,8.24,8.8,7.97
7.87,11.2,25.3,10.7,7.74,6.27,13.5,8.7,7.85,8.24,8.8,7.97,7.88,8.86,10.4,11.4
7.76,11.7,15.5,4.55,7.85,8.24,8.8,7.97,7.88,8.86,10.4,11.4,7.86,9.37,11.7,12.07
7.83,13.3,11.9,8.84,7.88,8.86,10.4,11.4,7.86,9.37,11.7,12.07,7.9,9.3,19.8,13.2
7.78,13.0,21.3,14.24,7.86,9.37,11.7,12.07,7.9,9.3,19.8,13.2,7.85,9.81,25.6,11.49
7.72,11.2,16.2,16.3,7.9,9.3,19.8,13.2,7.85,9.81,25.6,11.49,7.87,11.2,25.3,10.7
7.7,6.14,26.5,14.1,7.85,9.81,25.6,11.49,7.87,11.2,25.3,10.7,7.76,11.7,15.5,4.55
7.27,2.87,31.5,13.68,7.87,11.2,25.3,10.7,7.76,11.7,15.5,4.55,7.83,13.3,11.9,8.84
7.8,13.4,36.8,16.3,7.76,11.7,15.5,4.55,7.83,13.3,11.9,8.84,7.78,13.0,21.3,14.24
7.817811023622042,3.95143112701252,59.89288025889955,13.00212598425198,7.83,13.3,11.9,8.84,7.78,13.0,21.3,14.24,7.72,11.2,16.2,16.3
7.817811023622042,3.95143112701252,59.89288025889955,13.00212598425198,7.78,13.0,21.3,14.24,7.72,11.2,16.2,16.3,7.7,6.14,26.5,14.1
7.817811023622042,3.95143112701252,59.89288025889955,13.00212598425198,7.72,11.2,16.2,16.3,7.7,6.14,26.5,14.1,7.27,2.87,31.5,13.68
7.817811023622042,3.95143112701252,59.89288025889955,13.00212598425198,7.7,6.14,26.5,14.1,7.27,2.87,31.5,13.68,7.8,13.4,36.8,16.3
7.817811023622042,3.95143112701252,59.89288025889955,13.00212598425198,7.27,2.87,31.5,13.68,7.8,13.4,36.8,16.3,7.817811023622042,3.95143112701252,59.89288025889955,13.00212598425198
7.817811023622042,3.95143112701252,59.89288025889955,13.00212598425198,7.8,13.4,36.8,16.3,7.817811023622042,3.95143112701252,59.89288025889955,13.00212598425198,7.817811023622042,3.95143112701252,59.89288025889955,13.00212598425198
7.817811023622042,3.95143112701252,59.89288025889955,13.00212598425198,7.817811023622042,3.95143112701252,59.89288025889955,13.00212598425198,7.817811023622042,3.95143112701252,59.89288025889955,13.00212598425198,7.817811023622042,3.95143112701252,59.89288025889955,13.00212598425198
7.817811023622042,3.95143112701252,59.89288025889955,13.00212598425198,7.817811023622042,3.95143112701252,59.89288025889955,13.00212598425198,7.817811023622042,3.95143112701252,59.89288025889955,13.00212598425198,7.817811023622042,3.95143112701252,59.89288025889955,13.00212598425198
7.817811023622042,3.95143112701252,59.89288025889955,13.00212598425198,7.817811023622042,3.95143112701252,59.89288025889955,13.00212598425198,7.817811023622042,3.95143112701252,59.89288025889955,13.00212598425198,7.817811023622042,3.95143112701252,59.89288025889955,13.00212598425198
7.46,6.01,30.2,5.26,7.817811023622042,3.95143112701252,59.89288025889955,13.00212598425198,7.817811023622042,3.95143112701252,59.89288025889955,13.00212598425198,7.817811023622042,3.95143112701252,59.89288025889955,13.00212598425198
7.64,5.75,16.1,7.42,7.817811023622042,3.95143112701252,59.89288025889955,13.00212598425198,7.817811023622042,3.95143112701252,59.89288025889955,13.00212598425198,7.817811023622042,3.95143112701252,59.89288025889955,13.00212598425198
7.4,3.32,13.4,8.9,7.817811023622042,3.95143112701252,59.89288025889955,13.00212598425198,7.817811023622042,3.95143112701252,59.89288025889955,13.00212598425198,7.817811023622042,3.95143112701252,59.89288025889955,13.00212598425198
7.33,3.85,7.6,6.85,7.817811023622042,3.95143112701252,59.89288025889955,13.00212598425198,7.817811023622042,3.95143112701252,59.89288025889955,13.00212598425198,7.817811023622042,3.95143112701252,59.89288025889955,13.00212598425198
7.47,6.24,14.1,6.6,7.817811023622042,3.95143112701252,59.89288025889955,13.00212598425198,7.817811023622042,3.95143112701252,59.89288025889955,13.00212598425198,7.46,6.01,30.2,5.26
7.27,3.51,6.5,4.7,7.817811023622042,3.95143112701252,59.89288025889955,13.00212598425198,7.46,6.01,30.2,5.26,7.64,5.75,16.1,7.42
7.34,2.56,4.9,0.91,7.46,6.01,30.2,5.26,7.64,5.75,16.1,7.42,7.4,3.32,13.4,8.9
7.71,4.29,6.9,0.88,7.64,5.75,16.1,7.42,7.4,3.32,13.4,8.9,7.33,3.85,7.6,6.85
7.817811023622042,3.95143112701252,59.89288025889955,13.00212598425198,7.4,3.32,13.4,8.9,7.33,3.85,7.6,6.85,7.47,6.24,14.1,6.6
7.817811023622042,3.95143112701252,59.89288025889955,13.00212598425198,7.33,3.85,7.6,6.85,7.47,6.24,14.1,6.6,7.27,3.51,6.5,4.7
7.66,5.1,2.0,5.51,7.47,6.24,14.1,6.6,7.27,3.51,6.5,4.7,7.34,2.56,4.9,0.91
7.49,4.06,20.7,4.89,7.27,3.51,6.5,4.7,7.34,2.56,4.9,0.91,7.71,4.29,6.9,0.88
7.72,7.7,6.7,1.51,7.34,2.56,4.9,0.91,7.71,4.29,6.9,0.88,7.817811023622042,3.95143112701252,59.89288025889955,13.00212598425198
7.76,7.38,11.5,1.03,7.71,4.29,6.9,0.88,7.817811023622042,3.95143112701252,59.89288025889955,13.00212598425198,7.817811023622042,3.95143112701252,59.89288025889955,13.00212598425198
7.67,6.11,59.4,0.31,7.817811023622042,3.95143112701252,59.89288025889955,13.00212598425198,7.817811023622042,3.95143112701252,59.89288025889955,13.00212598425198,7.66,5.1,2.0,5.51
7.56,4.55,14.2,0.39,7.817811023622042,3.95143112701252,59.89288025889955,13.00212598425198,7.66,5.1,2.0,5.51,7.49,4.06,20.7,4.89
7.48,3.77,9.5,1.19,7.66,5.1,2.0,5.51,7.49,4.06,20.7,4.89,7.72,7.7,6.7,1.51
7.5,4.47,1.4,0.09,7.49,4.06,20.7,4.89,7.72,7.7,6.7,1.51,7.76,7.38,11.5,1.03
7.6,5.31,4.9,0.35,7.72,7.7,6.7,1.51,7.76,7.38,11.5,1.03,7.67,6.11,59.4,0.31
7.51,6.15,4.9,0.22,7.76,7.38,11.5,1.03,7.67,6.11,59.4,0.31,7.56,4.55,14.2,0.39
7.47,4.71,11.1,0.23,7.67,6.11,59.4,0.31,7.56,4.55,14.2,0.39,7.48,3.77,9.5,1.19
7.42,5.81,9.4,0.28,7.56,4.55,14.2,0.39,7.48,3.77,9.5,1.19,7.5,4.47,1.4,0.09
6.71,5.39,8.5,0.2,7.48,3.77,9.5,1.19,7.5,4.47,1.4,0.09,7.6,5.31,4.9,0.35
7.78,6.57,5.6,0.34,7.5,4.47,1.4,0.09,7.6,5.31,4.9,0.35,7.51,6.15,4.9,0.22
7.82,5.09,11.4,1.94,7.6,5.31,4.9,0.35,7.51,6.15,4.9,0.22,7.47,4.71,11.1,0.23
7.73,5.17,14.5,1.53,7.51,6.15,4.9,0.22,7.47,4.71,11.1,0.23,7.42,5.81,9.4,0.28
7.7,9.14,15.3,5.87,7.47,4.71,11.1,0.23,7.42,5.81,9.4,0.28,6.71,5.39,8.5,0.2
7.73,8.14,5.6,7.17,7.42,5.81,9.4,0.28,6.71,5.39,8.5,0.2,7.78,6.57,5.6,0.34
7.97,8.91,8.1,4.21,6.71,5.39,8.5,0.2,7.78,6.57,5.6,0.34,7.82,5.09,11.4,1.94
7.84,9.6,8.1,4.99,7.78,6.57,5.6,0.34,7.82,5.09,11.4,1.94,7.73,5.17,14.5,1.53
7.93,11.0,8.1,6.51,7.82,5.09,11.4,1.94,7.73,5.17,14.5,1.53,7.7,9.14,15.3,5.87
8.13,12.5,6.2,4.36,7.73,5.17,14.5,1.53,7.7,9.14,15.3,5.87,7.73,8.14,5.6,7.17
8.08,12.8,10.7,5.58,7.7,9.14,15.3,5.87,7.73,8.14,5.6,7.17,7.97,8.91,8.1,4.21
7.817811023622042,3.95143112701252,59.89288025889955,13.00212598425198,7.73,8.14,5.6,7.17,7.97,8.91,8.1,4.21,7.84,9.6,8.1,4.99
7.93,11.6,16.3,8.42,7.97,8.91,8.1,4.21,7.84,9.6,8.1,4.99,7.93,11.0,8.1,6.51
7.94,11.6,17.8,6.18,7.84,9.6,8.1,4.99,7.93,11.0,8.1,6.51,8.13,12.5,6.2,4.36
7.97,12.7,21.3,8.09,7.93,11.0,8.1,6.51,8.13,12.5,6.2,4.36,8.08,12.8,10.7,5.58
7.94,11.1,25.6,9.98,8.13,12.5,6.2,4.36,8.08,12.8,10.7,5.58,7.817811023622042,3.95143112701252,59.89288025889955,13.00212598425198
7.87,11.6,18.1,9.39,8.08,12.8,10.7,5.58,7.817811023622042,3.95143112701252,59.89288025889955,13.00212598425198,7.93,11.6,16.3,8.42
7.79,9.81,6.7,9.32,7.817811023622042,3.95143112701252,59.89288025889955,13.00212598425198,7.93,11.6,16.3,8.42,7.94,11.6,17.8,6.18
7.78,11.1,6.6,12.3,7.93,11.6,16.3,8.42,7.94,11.6,17.8,6.18,7.97,12.7,21.3,8.09
7.9,12.8,8.2,4.9,7.94,11.6,17.8,6.18,7.97,12.7,21.3,8.09,7.94,11.1,25.6,9.98
8.04,14.4,4.6,13.2,7.97,12.7,21.3,8.09,7.94,11.1,25.6,9.98,7.87,11.6,18.1,9.39
8.04,13.8,9.9,5.63,7.94,11.1,25.6,9.98,7.87,11.6,18.1,9.39,7.79,9.81,6.7,9.32
8.06,13.6,16.4,4.95,7.87,11.6,18.1,9.39,7.79,9.81,6.7,9.32,7.78,11.1,6.6,12.3
7.92,12.0,12.1,5.32,7.79,9.81,6.7,9.32,7.78,11.1,6.6,12.3,7.9,12.8,8.2,4.9
7.81,10.8,27.9,8.6,7.78,11.1,6.6,12.3,7.9,12.8,8.2,4.9,8.04,14.4,4.6,13.2
7.8,7.93,36.7,7.48,7.9,12.8,8.2,4.9,8.04,14.4,4.6,13.2,8.04,13.8,9.9,5.63
7.817811023622042,3.95143112701252,59.89288025889955,13.00212598425198,8.04,14.4,4.6,13.2,8.04,13.8,9.9,5.63,8.06,13.6,16.4,4.95
7.61,6.24,16.7,5.86,8.04,13.8,9.9,5.63,8.06,13.6,16.4,4.95,7.92,12.0,12.1,5.32
7.25,4.8,8.5,6.43,8.06,13.6,16.4,4.95,7.92,12.0,12.1,5.32,7.81,10.8,27.9,8.6
7.19,4.39,9.2,2.18,7.92,12.0,12.1,5.32,7.81,10.8,27.9,8.6,7.8,7.93,36.7,7.48
7.22,4.2,11.0,2.84,7.81,10.8,27.9,8.6,7.8,7.93,36.7,7.48,7.817811023622042,3.95143112701252,59.89288025889955,13.00212598425198
7.46,9.34,9.7,4.46,7.8,7.93,36.7,7.48,7.817811023622042,3.95143112701252,59.89288025889955,13.00212598425198,7.61,6.24,16.7,5.86
7.46,10.0,4.8,3.29,7.817811023622042,3.95143112701252,59.89288025889955,13.00212598425198,7.61,6.24,16.7,5.86,7.25,4.8,8.5,6.43
7.817811023622042,3.95143112701252,59.89288025889955,13.00212598425198,7.61,6.24,16.7,5.86,7.25,4.8,8.5,6.43,7.19,4.39,9.2,2.18
7.07,4.13,6.7,3.68,7.25,4.8,8.5,6.43,7.19,4.39,9.2,2.18,7.22,4.2,11.0,2.84
7.55,7.07,59.89288025889955,0.7,7.19,4.39,9.2,2.18,7.22,4.2,11.0,2.84,7.46,9.34,9.7,4.46
7.817811023622042,3.95143112701252,59.89288025889955,13.00212598425198,7.22,4.2,11.0,2.84,7.46,9.34,9.7,4.46,7.46,10.0,4.8,3.29
7.48,3.38,59.89288025889955,0.35,7.46,9.34,9.7,4.46,7.46,10.0,4.8,3.29,7.817811023622042,3.95143112701252,59.89288025889955,13.00212598425198
7.61,5.22,59.89288025889955,1.04,7.46,10.0,4.8,3.29,7.817811023622042,3.95143112701252,59.89288025889955,13.00212598425198,7.07,4.13,6.7,3.68
7.45,4.5,59.89288025889955,0.34,7.817811023622042,3.95143112701252,59.89288025889955,13.00212598425198,7.07,4.13,6.7,3.68,7.55,7.07,59.89288025889955,0.7
7.817811023622042,3.95143112701252,59.89288025889955,13.00212598425198,7.07,4.13,6.7,3.68,7.55,7.07,59.89288025889955,0.7,7.817811023622042,3.95143112701252,59.89288025889955,13.00212598425198
7.51,7.01,59.89288025889955,2.68,7.55,7.07,59.89288025889955,0.7,7.817811023622042,3.95143112701252,59.89288025889955,13.00212598425198,7.48,3.38,59.89288025889955,0.35
7.44,3.33,59.89288025889955,4.43,7.817811023622042,3.95143112701252,59.89288025889955,13.00212598425198,7.48,3.38,59.89288025889955,0.35,7.61,5.22,59.89288025889955,1.04
7.817811023622042,3.95143112701252,59.89288025889955,13.00212598425198,7.48,3.38,59.89288025889955,0.35,7.61,5.22,59.89288025889955,1.04,7.45,4.5,59.89288025889955,0.34
7.817811023622042,3.95143112701252,59.89288025889955,13.00212598425198,7.61,5.22,59.89288025889955,1.04,7.45,4.5,59.89288025889955,0.34,7.817811023622042,3.95143112701252,59.89288025889955,13.00212598425198
7.817811023622042,3.95143112701252,59.89288025889955,13.00212598425198,7.45,4.5,59.89288025889955,0.34,7.817811023622042,3.95143112701252,59.89288025889955,13.00212598425198,7.51,7.01,59.89288025889955,2.68
7.817811023622042,3.95143112701252,59.89288025889955,13.00212598425198,7.817811023622042,3.95143112701252,59.89288025889955,13.00212598425198,7.51,7.01,59.89288025889955,2.68,7.44,3.33,59.89288025889955,4.43
7.817811023622042,3.95143112701252,59.89288025889955,13.00212598425198,7.51,7.01,59.89288025889955,2.68,7.44,3.33,59.89288025889955,4.43,7.817811023622042,3.95143112701252,59.89288025889955,13.00212598425198
7.817811023622042,3.95143112701252,59.89288025889955,13.00212598425198,7.44,3.33,59.89288025889955,4.43,7.817811023622042,3.95143112701252,59.89288025889955,13.00212598425198,7.817811023622042,3.95143112701252,59.89288025889955,13.00212598425198
7.817811023622042,3.95143112701252,59.89288025889955,13.00212598425198,7.817811023622042,3.95143112701252,59.89288025889955,13.00212598425198,7.817811023622042,3.95143112701252,59.89288025889955,13.00212598425198,7.817811023622042,3.95143112701252,59.89288025889955,13.00212598425198
7.817811023622042,3.95143112701252,59.89288025889955,13.00212598425198,7.817811023622042,3.95143112701252,59.89288025889955,13.00212598425198,7.817811023622042,3.95143112701252,59.89288025889955,13.00212598425198,7.817811023622042,3.95143112701252,59.89288025889955,13.00212598425198
7.817811023622042,3.95143112701252,59.89288025889955,13.00212598425198,7.817811023622042,3.95143112701252,59.89288025889955,13.00212598425198,7.817811023622042,3.95143112701252,59.89288025889955,13.00212598425198,7.817811023622042,3.95143112701252,59.89288025889955,13.00212598425198
7.817811023622042,3.95143112701252,59.89288025889955,13.00212598425198,7.817811023622042,3.95143112701252,59.89288025889955,13.00212598425198,7.817811023622042,3.95143112701252,59.89288025889955,13.00212598425198,7.817811023622042,3.95143112701252,59.89288025889955,13.00212598425198
7.817811023622042,3.95143112701252,59.89288025889955,13.00212598425198,7.817811023622042,3.95143112701252,59.89288025889955,13.00212598425198,7.817811023622042,3.95143112701252,59.89288025889955,13.00212598425198,7.817811023622042,3.95143112701252,59.89288025889955,13.00212598425198
7.45,5.36,59.89288025889955,3.1,7.817811023622042,3.95143112701252,59.89288025889955,13.00212598425198,7.817811023622042,3.95143112701252,59.89288025889955,13.00212598425198,7.817811023622042,3.95143112701252,59.89288025889955,13.00212598425198
7.817811023622042,3.95143112701252,59.89288025889955,13.00212598425198,7.817811023622042,3.95143112701252,59.89288025889955,13.00212598425198,7.817811023622042,3.95143112701252,59.89288025889955,13.00212598425198,7.817811023622042,3.95143112701252,59.89288025889955,13.00212598425198
7.61,6.05,59.89288025889955,2.7,7.817811023622042,3.95143112701252,59.89288025889955,13.00212598425198,7.817811023622042,3.95143112701252,59.89288025889955,13.00212598425198,7.817811023622042,3.95143112701252,59.89288025889955,13.00212598425198
7.66,6.98,59.89288025889955,2.06,7.817811023622042,3.95143112701252,59.89288025889955,13.00212598425198,7.817811023622042,3.95143112701252,59.89288025889955,13.00212598425198,7.817811023622042,3.95143112701252,59.89288025889955,13.00212598425198
7.74,6.99,59.89288025889955,3.74,7.817811023622042,3.95143112701252,59.89288025889955,13.00212598425198,7.817811023622042,3.95143112701252,59.89288025889955,13.00212598425198,7.45,5.36,59.89288025889955,3.1
7.817811023622042,3.95143112701252,59.89288025889955,13.00212598425198,7.817811023622042,3.95143112701252,59.89288025889955,13.00212598425198,7.45,5.36,59.89288025889955,3.1,7.817811023622042,3.95143112701252,59.89288025889955,13.00212598425198
7.817811023622042,3.95143112701252,59.89288025889955,13.00212598425198,7.45,5.36,59.89288025889955,3.1,7.817811023622042,3.95143112701252,59.89288025889955,13.00212598425198,7.61,6.05,59.89288025889955,2.7
7.84,9.34,59.89288025889955,6.78,7.817811023622042,3.95143112701252,59.89288025889955,13.00212598425198,7.61,6.05,59.89288025889955,2.7,7.66,6.98,59.89288025889955,2.06
7.9,9.84,59.89288025889955,7.19,7.61,6.05,59.89288025889955,2.7,7.66,6.98,59.89288025889955,2.06,7.74,6.99,59.89288025889955,3.74
7.817811023622042,3.95143112701252,59.89288025889955,13.00212598425198,7.66,6.98,59.89288025889955,2.06,7.74,6.99,59.89288025889955,3.74,7.817811023622042,3.95143112701252,59.89288025889955,13.00212598425198
8.04,10.4,59.89288025889955,7.77,7.74,6.99,59.89288025889955,3.74,7.817811023622042,3.95143112701252,59.89288025889955,13.00212598425198,7.817811023622042,3.95143112701252,59.89288025889955,13.00212598425198
8.09,10.4,59.89288025889955,6.83,7.817811023622042,3.95143112701252,59.89288025889955,13.00212598425198,7.817811023622042,3.95143112701252,59.89288025889955,13.00212598425198,7.84,9.34,59.89288025889955,6.78
7.817811023622042,3.95143112701252,59.89288025889955,13.00212598425198,7.817811023622042,3.95143112701252,59.89288025889955,13.00212598425198,7.84,9.34,59.89288025889955,6.78,7.9,9.84,59.89288025889955,7.19
8.07,9.48,19.8,8.19,7.84,9.34,59.89288025889955,6.78,7.9,9.84,59.89288025889955,7.19,7.817811023622042,3.95143112701252,59.89288025889955,13.00212598425198
7.817811023622042,3.95143112701252,59.89288025889955,13.00212598425198,7.9,9.84,59.89288025889955,7.19,7.817811023622042,3.95143112701252,59.89288025889955,13.00212598425198,8.04,10.4,59.89288025889955,7.77
7.817811023622042,3.95143112701252,59.89288025889955,13.00212598425198,7.817811023622042,3.95143112701252,59.89288025889955,13.00212598425198,8.04,10.4,59.89288025889955,7.77,8.09,10.4,59.89288025889955,6.83
8.08,9.58,11.2,9.46,8.04,10.4,59.89288025889955,7.77,8.09,10.4,59.89288025889955,6.83,7.817811023622042,3.95143112701252,59.89288025889955,13.00212598425198
7.817811023622042,3.95143112701252,59.89288025889955,13.00212598425198,8.09,10.4,59.89288025889955,6.83,7.817811023622042,3.95143112701252,59.89288025889955,13.00212598425198,8.07,9.48,19.8,8.19
7.817811023622042,3.95143112701252,59.89288025889955,13.00212598425198,7.817811023622042,3.95143112701252,59.89288025889955,13.00212598425198,8.07,9.48,19.8,8.19,7.817811023622042,3.95143112701252,59.89288025889955,13.00212598425198
8.09,9.05,7.4,12.7,8.07,9.48,19.8,8.19,7.817811023622042,3.95143112701252,59.89288025889955,13.00212598425198,7.817811023622042,3.95143112701252,59.89288025889955,13.00212598425198
7.93,7.93,7.9,12.1,7.817811023622042,3.95143112701252,59.89288025889955,13.00212598425198,7.817811023622042,3.95143112701252,59.89288025889955,13.00212598425198,8.08,9.58,11.2,9.46
7.817811023622042,3.95143112701252,59.89288025889955,13.00212598425198,7.817811023622042,3.95143112701252,59.89288025889955,13.00212598425198,8.08,9.58,11.2,9.46,7.817811023622042,3.95143112701252,59.89288025889955,13.00212598425198
7.69,4.15,17.2,13.4,8.08,9.58,11.2,9.46,7.817811023622042,3.95143112701252,59.89288025889955,13.00212598425198,7.817811023622042,3.95143112701252,59.89288025889955,13.00212598425198
7.54,3.78,21.3,13.7,7.817811023622042,3.95143112701252,59.89288025889955,13.00212598425198,7.817811023622042,3.95143112701252,59.89288025889955,13.00212598425198,8.09,9.05,7.4,12.7
7.66,1.93,17.1,17.1,7.817811023622042,3.95143112701252,59.89288025889955,13.00212598425198,8.09,9.05,7.4,12.7,7.93,7.93,7.9,12.1
7.71,1.97,19.4,12.2,8.09,9.05,7.4,12.7,7.93,7.93,7.9,12.1,7.817811023622042,3.95143112701252,59.89288025889955,13.00212598425198
7.62,5.27,10.4,5.97,7.93,7.93,7.9,12.1,7.817811023622042,3.95143112701252,59.89288025889955,13.00212598425198,7.69,4.15,17.2,13.4
7.42,3.2,10.6,3.68,7.817811023622042,3.95143112701252,59.89288025889955,13.00212598425198,7.69,4.15,17.2,13.4,7.54,3.78,21.3,13.7
7.37,5.41,14.8,1.02,7.69,4.15,17.2,13.4,7.54,3.78,21.3,13.7,7.66,1.93,17.1,17.1
7.44,5.21,13.0,0.53,7.54,3.78,21.3,13.7,7.66,1.93,17.1,17.1,7.71,1.97,19.4,12.2
7.44,5.29,12.4,0.99,7.66,1.93,17.1,17.1,7.71,1.97,19.4,12.2,7.62,5.27,10.4,5.97
7.5,5.58,12.7,2.5,7.71,1.97,19.4,12.2,7.62,5.27,10.4,5.97,7.42,3.2,10.6,3.68
7.817811023622042,3.95143112701252,59.89288025889955,13.00212598425198,7.62,5.27,10.4,5.97,7.42,3.2,10.6,3.68,7.37,5.41,14.8,1.02
7.27,6.57,10.0,0.99,7.42,3.2,10.6,3.68,7.37,5.41,14.8,1.02,7.44,5.21,13.0,0.53
7.817811023622042,3.95143112701252,59.89288025889955,13.00212598425198,7.37,5.41,14.8,1.02,7.44,5.21,13.0,0.53,7.44,5.29,12.4,0.99
7.43,6.74,9.7,0.32,7.44,5.21,13.0,0.53,7.44,5.29,12.4,0.99,7.5,5.58,12.7,2.5
7.817811023622042,3.95143112701252,59.89288025889955,13.00212598425198,7.44,5.29,12.4,0.99,7.5,5.58,12.7,2.5,7.817811023622042,3.95143112701252,59.89288025889955,13.00212598425198
7.817811023622042,3.95143112701252,59.89288025889955,13.00212598425198,7.5,5.58,12.7,2.5,7.817811023622042,3.95143112701252,59.89288025889955,13.00212598425198,7.27,6.57,10.0,0.99
7.817811023622042,3.95143112701252,59.89288025889955,13.00212598425198,7.817811023622042,3.95143112701252,59.89288025889955,13.00212598425198,7.27,6.57,10.0,0.99,7.817811023622042,3.95143112701252,59.89288025889955,13.00212598425198
7.817811023622042,3.95143112701252,59.89288025889955,13.00212598425198,7.27,6.57,10.0,0.99,7.817811023622042,3.95143112701252,59.89288025889955,13.00212598425198,7.43,6.74,9.7,0.32
7.817811023622042,3.95143112701252,59.89288025889955,13.00212598425198,7.817811023622042,3.95143112701252,59.89288025889955,13.00212598425198,7.43,6.74,9.7,0.32,7.817811023622042,3.95143112701252,59.89288025889955,13.00212598425198
7.817811023622042,3.95143112701252,59.89288025889955,13.00212598425198,7.43,6.74,9.7,0.32,7.817811023622042,3.95143112701252,59.89288025889955,13.00212598425198,7.817811023622042,3.95143112701252,59.89288025889955,13.00212598425198
7.58,5.3,12.0,0.51,7.817811023622042,3.95143112701252,59.89288025889955,13.00212598425198,7.817811023622042,3.95143112701252,59.89288025889955,13.00212598425198,7.817811023622042,3.95143112701252,59.89288025889955,13.00212598425198
7.82,7.41,11.1,0.38,7.817811023622042,3.95143112701252,59.89288025889955,13.00212598425198,7.817811023622042,3.95143112701252,59.89288025889955,13.00212598425198,7.817811023622042,3.95143112701252,59.89288025889955,13.00212598425198
7.817811023622042,3.95143112701252,59.89288025889955,13.00212598425198,7.817811023622042,3.95143112701252,59.89288025889955,13.00212598425198,7.817811023622042,3.95143112701252,59.89288025889955,13.00212598425198,7.817811023622042,3.95143112701252,59.89288025889955,13.00212598425198
7.817811023622042,3.95143112701252,59.89288025889955,13.00212598425198,7.817811023622042,3.95143112701252,59.89288025889955,13.00212598425198,7.817811023622042,3.95143112701252,59.89288025889955,13.00212598425198,7.817811023622042,3.95143112701252,59.89288025889955,13.00212598425198
7.817811023622042,3.95143112701252,59.89288025889955,13.00212598425198,7.817811023622042,3.95143112701252,59.89288025889955,13.00212598425198,7.817811023622042,3.95143112701252,59.89288025889955,13.00212598425198,7.58,5.3,12.0,0.51
7.83,6.44,10.3,0.57,7.817811023622042,3.95143112701252,59.89288025889955,13.00212598425198,7.58,5.3,12.0,0.51,7.82,7.41,11.1,0.38
7.817811023622042,3.95143112701252,59.89288025889955,13.00212598425198,7.58,5.3,12.0,0.51,7.82,7.41,11.1,0.38,7.817811023622042,3.95143112701252,59.89288025889955,13.00212598425198
7.65,4.96,8.6,0.88,7.82,7.41,11.1,0.38,7.817811023622042,3.95143112701252,59.89288025889955,13.00212598425198,7.817811023622042,3.95143112701252,59.89288025889955,13.00212598425198
7.817811023622042,3.95143112701252,59.89288025889955,13.00212598425198,7.817811023622042,3.95143112701252,59.89288025889955,13.00212598425198,7.817811023622042,3.95143112701252,59.89288025889955,13.00212598425198,7.817811023622042,3.95143112701252,59.89288025889955,13.00212598425198
7.817811023622042,3.95143112701252,59.89288025889955,13.00212598425198,7.817811023622042,3.95143112701252,59.89288025889955,13.00212598425198,7.817811023622042,3.95143112701252,59.89288025889955,13.00212598425198,7.83,6.44,10.3,0.57
7.817811023622042,3.95143112701252,59.89288025889955,13.00212598425198,7.817811023622042,3.95143112701252,59.89288025889955,13.00212598425198,7.83,6.44,10.3,0.57,7.817811023622042,3.95143112701252,59.89288025889955,13.00212598425198
7.817811023622042,3.95143112701252,59.89288025889955,13.00212598425198,7.83,6.44,10.3,0.57,7.817811023622042,3.95143112701252,59.89288025889955,13.00212598425198,7.65,4.96,8.6,0.88
7.817811023622042,3.95143112701252,59.89288025889955,13.00212598425198,7.817811023622042,3.95143112701252,59.89288025889955,13.00212598425198,7.65,4.96,8.6,0.88,7.817811023622042,3.95143112701252,59.89288025889955,13.00212598425198
8.06,8.65,15.0,2.93,7.65,4.96,8.6,0.88,7.817811023622042,3.95143112701252,59.89288025889955,13.00212598425198,7.817811023622042,3.95143112701252,59.89288025889955,13.00212598425198
8.04,9.28,11.4,6.0,7.817811023622042,3.95143112701252,59.89288025889955,13.00212598425198,7.817811023622042,3.95143112701252,59.89288025889955,13.00212598425198,7.817811023622042,3.95143112701252,59.89288025889955,13.00212598425198
8.23,9.98,11.0,6.82,7.817811023622042,3.95143112701252,59.89288025889955,13.00212598425198,7.817811023622042,3.95143112701252,59.89288025889955,13.00212598425198,7.817811023622042,3.95143112701252,59.89288025889955,13.00212598425198
7.817811023622042,3.95143112701252,59.89288025889955,13.00212598425198,7.817811023622042,3.95143112701252,59.89288025889955,13.00212598425198,7.817811023622042,3.95143112701252,59.89288025889955,13.00212598425198,7.817811023622042,3.95143112701252,59.89288025889955,13.00212598425198
7.817811023622042,3.95143112701252,59.89288025889955,13.00212598425198,7.817811023622042,3.95143112701252,59.89288025889955,13.00212598425198,7.817811023622042,3.95143112701252,59.89288025889955,13.00212598425198,8.06,8.65,15.0,2.93
7.817811023622042,3.95143112701252,59.89288025889955,13.00212598425198,7.817811023622042,3.95143112701252,59.89288025889955,13.00212598425198,8.06,8.65,15.0,2.93,8.04,9.28,11.4,6.0
7.817811023622042,3.95143112701252,59.89288025889955,13.00212598425198,8.06,8.65,15.0,2.93,8.04,9.28,11.4,6.0,8.23,9.98,11.0,6.82
7.99,11.5,10.8,8.12,8.04,9.28,11.4,6.0,8.23,9.98,11.0,6.82,7.817811023622042,3.95143112701252,59.89288025889955,13.00212598425198
8.18,11.5,10.9,7.65,8.23,9.98,11.0,6.82,7.817811023622042,3.95143112701252,59.89288025889955,13.00212598425198,7.817811023622042,3.95143112701252,59.89288025889955,13.00212598425198
