8.61,11.3,1.1,0.03,8.73,11.2,0.8,0.02,8.18,10.8,0.7,0.02,7.600263157894737,8.51460361613351,1.2015277777777782,0.1254965034965034
8.72,10.9,1.0,0.04,8.18,10.8,0.7,0.02,7.600263157894737,8.51460361613351,1.2015277777777782,0.1254965034965034,7.13,9.51,1.1,0.02
7.78,8.04,1.1,0.02,7.600263157894737,8.51460361613351,1.2015277777777782,0.1254965034965034,7.13,9.51,1.1,0.02,7.16,10.2,1.0,0.02
7.46,8.22,0.8,0.03,7.13,9.51,1.1,0.02,7.16,10.2,1.0,0.02,7.95,10.1,1.3,0.02
8.08,9.29,1.0,0.03,7.16,10.2,1.0,0.02,7.95,10.1,1.3,0.02,8.61,11.3,1.1,0.03
7.44,7.64,1.0,0.06,7.95,10.1,1.3,0.02,8.61,11.3,1.1,0.03,8.72,10.9,1.0,0.04
7.17,9.3,1.3,0.2,8.61,11.3,1.1,0.03,8.72,10.9,1.0,0.04,7.78,8.04,1.1,0.02
7.56,9.17,1.3,0.03,8.72,10.9,1.0,0.04,7.78,8.04,1.1,0.02,7.46,8.22,0.8,0.03
7.25,8.86,1.4,0.26,7.78,8.04,1.1,0.02,7.46,8.22,0.8,0.03,8.08,9.29,1.0,0.03
7.41,8.66,1.9,0.08,7.46,8.22,0.8,0.03,8.08,9.29,1.0,0.03,7.44,7.64,1.0,0.06
7.41,8.07,2.2,0.09,8.08,9.29,1.0,0.03,7.44,7.64,1.0,0.06,7.17,9.3,1.3,0.2
7.34,7.93,2.0,0.15,7.44,7.64,1.0,0.06,7.17,9.3,1.3,0.2,7.56,9.17,1.3,0.03
7.28,8.38,1.9,0.06,7.17,9.3,1.3,0.2,7.56,9.17,1.3,0.03,7.25,8.86,1.4,0.26
7.22,8.11,1.7,0.11,7.56,9.17,1.3,0.03,7.25,8.86,1.4,0.26,7.41,8.66,1.9,0.08
7.21,8.39,1.2,0.08,7.25,8.86,1.4,0.26,7.41,8.66,1.9,0.08,7.41,8.07,2.2,0.09
7.55,7.51,1.0,0.05,7.41,8.66,1.9,0.08,7.41,8.07,2.2,0.09,7.34,7.93,2.0,0.15
7.52,7.12,1.4,0.06,7.41,8.07,2.2,0.09,7.34,7.93,2.0,0.15,7.28,8.38,1.9,0.06
7.86,7.45,1.4,0.03,7.34,7.93,2.0,0.15,7.28,8.38,1.9,0.06,7.22,8.11,1.7,0.11
7.38,6.29,1.9,0.03,7.28,8.38,1.9,0.06,7.22,8.11,1.7,0.11,7.21,8.39,1.2,0.08
6.92,6.0,1.4,0.19,7.22,8.11,1.7,0.11,7.21,8.39,1.2,0.08,7.55,7.51,1.0,0.05
7.61,6.2,0.9,0.03,7.21,8.39,1.2,0.08,7.55,7.51,1.0,0.05,7.52,7.12,1.4,0.06
7.600263157894737,8.51460361613351,1.2015277777777782,0.1254965034965034,7.55,7.51,1.0,0.05,7.52,7.12,1.4,0.06,7.86,7.45,1.4,0.03
7.600263157894737,8.51460361613351,1.2015277777777782,0.1254965034965034,7.52,7.12,1.4,0.06,7.86,7.45,1.4,0.03,7.38,6.29,1.9,0.03
7.600263157894737,8.51460361613351,1.2015277777777782,0.1254965034965034,7.86,7.45,1.4,0.03,7.38,6.29,1.9,0.03,6.92,6.0,1.4,0.19
8.0,7.72,1.1,0.04,7.38,6.29,1.9,0.03,6.92,6.0,1.4,0.19,7.61,6.2,0.9,0.03
7.97,7.42,1.2,0.03,6.92,6.0,1.4,0.19,7.61,6.2,0.9,0.03,7.600263157894737,8.51460361613351,1.2015277777777782,0.1254965034965034
7.86,7.41,1.4,0.19,7.61,6.2,0.9,0.03,7.600263157894737,8.51460361613351,1.2015277777777782,0.1254965034965034,7.600263157894737,8.51460361613351,1.2015277777777782,0.1254965034965034
7.73,7.2,1.5,0.06,7.600263157894737,8.51460361613351,1.2015277777777782,0.1254965034965034,7.600263157894737,8.51460361613351,1.2015277777777782,0.1254965034965034,7.600263157894737,8.51460361613351,1.2015277777777782,0.1254965034965034
7.95,7.14,1.4,0.05,7.600263157894737,8.51460361613351,1.2015277777777782,0.1254965034965034,7.600263157894737,8.51460361613351,1.2015277777777782,0.1254965034965034,8.0,7.72,1.1,0.04
7.74,7.31,1.3,0.12,7.600263157894737,8.51460361613351,1.2015277777777782,0.1254965034965034,8.0,7.72,1.1,0.04,7.97,7.42,1.2,0.03
7.27,7.68,0.9,0.07,8.0,7.72,1.1,0.04,7.97,7.42,1.2,0.03,7.86,7.41,1.4,0.19
8.31,7.78,1.2,0.04,7.97,7.42,1.2,0.03,7.86,7.41,1.4,0.19,7.73,7.2,1.5,0.06
7.600263157894737,8.51460361613351,1.2015277777777782,0.1254965034965034,7.86,7.41,1.4,0.19,7.73,7.2,1.5,0.06,7.95,7.14,1.4,0.05
7.36,8.27,1.1,0.18,7.73,7.2,1.5,0.06,7.95,7.14,1.4,0.05,7.74,7.31,1.3,0.12
7.25,8.01,1.1,0.04,7.95,7.14,1.4,0.05,7.74,7.31,1.3,0.12,7.27,7.68,0.9,0.07
7.38,7.75,1.4,0.07,7.74,7.31,1.3,0.12,7.27,7.68,0.9,0.07,8.31,7.78,1.2,0.04
7.49,8.06,1.4,0.08,7.27,7.68,0.9,0.07,8.31,7.78,1.2,0.04,7.600263157894737,8.51460361613351,1.2015277777777782,0.1254965034965034
7.59,8.07,1.2,0.04,8.31,7.78,1.2,0.04,7.600263157894737,8.51460361613351,1.2015277777777782,0.1254965034965034,7.36,8.27,1.1,0.18
7.45,8.11,1.2,0.04,7.600263157894737,8.51460361613351,1.2015277777777782,0.1254965034965034,7.36,8.27,1.1,0.18,7.25,8.01,1.1,0.04
7.29,7.44,2.2,0.1,7.36,8.27,1.1,0.18,7.25,8.01,1.1,0.04,7.38,7.75,1.4,0.07
7.47,8.9,1.1,0.04,7.25,8.01,1.1,0.04,7.38,7.75,1.4,0.07,7.49,8.06,1.4,0.08
7.71,9.1,0.7,0.04,7.38,7.75,1.4,0.07,7.49,8.06,1.4,0.08,7.59,8.07,1.2,0.04
8.54,9.17,1.3,0.05,7.49,8.06,1.4,0.08,7.59,8.07,1.2,0.04,7.45,8.11,1.2,0.04
8.59,9.52,0.9,0.04,7.59,8.07,1.2,0.04,7.45,8.11,1.2,0.04,7.29,7.44,2.2,0.1
8.46,9.34,0.7,0.05,7.45,8.11,1.2,0.04,7.29,7.44,2.2,0.1,7.47,8.9,1.1,0.04
8.54,9.65,1.1,0.05,7.29,7.44,2.2,0.1,7.47,8.9,1.1,0.04,7.71,9.1,0.7,0.04
8.39,10.8,1.5,0.06,7.47,8.9,1.1,0.04,7.71,9.1,0.7,0.04,8.54,9.17,1.3,0.05
8.23,11.0,1.4,0.05,7.71,9.1,0.7,0.04,8.54,9.17,1.3,0.05,8.59,9.52,0.9,0.04
8.25,11.1,1.4,0.04,8.54,9.17,1.3,0.05,8.59,9.52,0.9,0.04,8.46,9.34,0.7,0.05
8.11,10.9,1.5,0.12,8.59,9.52,0.9,0.04,8.46,9.34,0.7,0.05,8.54,9.65,1.1,0.05
8.06,10.6,1.4,0.03,8.46,9.34,0.7,0.05,8.54,9.65,1.1,0.05,8.39,10.8,1.5,0.06
8.06,11.0,1.1,0.05,8.54,9.65,1.1,0.05,8.39,10.8,1.5,0.06,8.23,11.0,1.4,0.05
7.600263157894737,8.51460361613351,1.2015277777777782,0.1254965034965034,8.39,10.8,1.5,0.06,8.23,11.0,1.4,0.05,8.25,11.1,1.4,0.04
7.74,10.8,2.1,0.15,8.23,11.0,1.4,0.05,8.25,11.1,1.4,0.04,8.11,10.9,1.5,0.12
7.78,10.6,1.4,0.09,8.25,11.1,1.4,0.04,8.11,10.9,1.5,0.12,8.06,10.6,1.4,0.03
7.93,10.1,1.4,0.05,8.11,10.9,1.5,0.12,8.06,10.6,1.4,0.03,8.06,11.0,1.1,0.05
7.92,9.71,0.7,0.22,8.06,10.6,1.4,0.03,8.06,11.0,1.1,0.05,7.600263157894737,8.51460361613351,1.2015277777777782,0.1254965034965034
7.98,9.16,1.4,0.12,8.06,11.0,1.1,0.05,7.600263157894737,8.51460361613351,1.2015277777777782,0.1254965034965034,7.74,10.8,2.1,0.15
7.73,8.6,1.2,0.06,7.600263157894737,8.51460361613351,1.2015277777777782,0.1254965034965034,7.74,10.8,2.1,0.15,7.78,10.6,1.4,0.09
7.64,9.13,1.5,0.05,7.74,10.8,2.1,0.15,7.78,10.6,1.4,0.09,7.93,10.1,1.4,0.05
7.64,9.13,1.5,0.05,7.78,10.6,1.4,0.09,7.93,10.1,1.4,0.05,7.92,9.71,0.7,0.22
7.65,8.96,1.4,0.04,7.93,10.1,1.4,0.05,7.92,9.71,0.7,0.22,7.98,9.16,1.4,0.12
7.42,8.43,1.6,0.04,7.92,9.71,0.7,0.22,7.98,9.16,1.4,0.12,7.73,8.6,1.2,0.06
7.24,7.69,1.4,0.03,7.98,9.16,1.4,0.12,7.73,8.6,1.2,0.06,7.64,9.13,1.5,0.05
7.07,7.17,1.9,0.01,7.73,8.6,1.2,0.06,7.64,9.13,1.5,0.05,7.64,9.13,1.5,0.05
7.05,8.09,1.9,0.02,7.64,9.13,1.5,0.05,7.64,9.13,1.5,0.05,7.65,8.96,1.4,0.04
6.93,7.78,2.3,0.01,7.64,9.13,1.5,0.05,7.65,8.96,1.4,0.04,7.42,8.43,1.6,0.04
6.86,8.96,2.3,0.01,7.65,8.96,1.4,0.04,7.42,8.43,1.6,0.04,7.24,7.69,1.4,0.03
7.0,8.04,1.2,0.01,7.42,8.43,1.6,0.04,7.24,7.69,1.4,0.03,7.07,7.17,1.9,0.01
6.87,7.77,2.8,0.02,7.24,7.69,1.4,0.03,7.07,7.17,1.9,0.01,7.05,8.09,1.9,0.02
6.83,7.49,1.8,0.02,7.07,7.17,1.9,0.01,7.05,8.09,1.9,0.02,6.93,7.78,2.3,0.01
7.02,7.81,1.2,0.12,7.05,8.09,1.9,0.02,6.93,7.78,2.3,0.01,6.86,8.96,2.3,0.01
6.86,7.7,1.2,0.12,6.93,7.78,2.3,0.01,6.86,8.96,2.3,0.01,7.0,8.04,1.2,0.01
7.12,7.48,1.2,0.08,6.86,8.96,2.3,0.01,7.0,8.04,1.2,0.01,6.87,7.77,2.8,0.02
7.05,7.4,1.1,0.08,7.0,8.04,1.2,0.01,6.87,7.77,2.8,0.02,6.83,7.49,1.8,0.02
7.4,7.3,0.8,0.12,6.87,7.77,2.8,0.02,6.83,7.49,1.8,0.02,7.02,7.81,1.2,0.12
7.46,7.49,0.9,0.06,6.83,7.49,1.8,0.02,7.02,7.81,1.2,0.12,6.86,7.7,1.2,0.12
7.3,6.88,0.8,0.01,7.02,7.81,1.2,0.12,6.86,7.7,1.2,0.12,7.12,7.48,1.2,0.08
7.44,6.66,0.4,0.01,6.86,7.7,1.2,0.12,7.12,7.48,1.2,0.08,7.05,7.4,1.1,0.08
7.11,6.57,0.5,0.02,7.12,7.48,1.2,0.08,7.05,7.4,1.1,0.08,7.4,7.3,0.8,0.12
7.05,6.32,0.8,0.01,7.05,7.4,1.1,0.08,7.4,7.3,0.8,0.12,7.46,7.49,0.9,0.06
7.1,6.66,0.8,0.01,7.4,7.3,0.8,0.12,7.46,7.49,0.9,0.06,7.3,6.88,0.8,0.01
7.33,6.58,0.6,0.02,7.46,7.49,0.9,0.06,7.3,6.88,0.8,0.01,7.44,6.66,0.4,0.01
7.73,6.41,0.5,0.01,7.3,6.88,0.8,0.01,7.44,6.66,0.4,0.01,7.11,6.57,0.5,0.02
7.18,6.01,0.5,0.01,7.44,6.66,0.4,0.01,7.11,6.57,0.5,0.02,7.05,6.32,0.8,0.01
7.07,6.88,1.3,0.01,7.11,6.57,0.5,0.02,7.05,6.32,0.8,0.01,7.1,6.66,0.8,0.01
7.11,6.32,1.1,0.01,7.05,6.32,0.8,0.01,7.1,6.66,0.8,0.01,7.33,6.58,0.6,0.02
7.5,6.94,0.9,0.01,7.1,6.66,0.8,0.01,7.33,6.58,0.6,0.02,7.73,6.41,0.5,0.01
7.33,7.06,0.7,0.01,7.33,6.58,0.6,0.02,7.73,6.41,0.5,0.01,7.18,6.01,0.5,0.01
7.3,7.4,1.3,0.01,7.73,6.41,0.5,0.01,7.18,6.01,0.5,0.01,7.07,6.88,1.3,0.01
6.99,8.25,1.3,0.01,7.18,6.01,0.5,0.01,7.07,6.88,1.3,0.01,7.11,6.32,1.1,0.01
7.36,7.94,1.2,0.01,7.07,6.88,1.3,0.01,7.11,6.32,1.1,0.01,7.5,6.94,0.9,0.01
7.59,7.63,0.9,0.06,7.11,6.32,1.1,0.01,7.5,6.94,0.9,0.01,7.33,7.06,0.7,0.01
8.26,9.78,0.9,0.08,7.5,6.94,0.9,0.01,7.33,7.06,0.7,0.01,7.3,7.4,1.3,0.01
8.25,9.41,0.9,0.09,7.33,7.06,0.7,0.01,7.3,7.4,1.3,0.01,6.99,8.25,1.3,0.01
7.79,9.43,1.2,0.1,7.3,7.4,1.3,0.01,6.99,8.25,1.3,0.01,7.36,7.94,1.2,0.01
7.8,8.99,1.2,0.08,6.99,8.25,1.3,0.01,7.36,7.94,1.2,0.01,7.59,7.63,0.9,0.06
8.06,9.39,1.0,0.08,7.36,7.94,1.2,0.01,7.59,7.63,0.9,0.06,8.26,9.78,0.9,0.08
8.34,9.59,1.2,0.09,7.59,7.63,0.9,0.06,8.26,9.78,0.9,0.08,8.25,9.41,0.9,0.09
8.1,9.24,2.0,0.04,8.26,9.78,0.9,0.08,8.25,9.41,0.9,0.09,7.79,9.43,1.2,0.1
8.67,10.9,1.4,0.03,8.25,9.41,0.9,0.09,7.79,9.43,1.2,0.1,7.8,8.99,1.2,0.08
8.04,10.5,1.7,0.03,7.79,9.43,1.2,0.1,7.8,8.99,1.2,0.08,8.06,9.39,1.0,0.08
8.0,11.1,1.8,0.05,7.8,8.99,1.2,0.08,8.06,9.39,1.0,0.08,8.34,9.59,1.2,0.09
8.1,9.9,1.6,0.01,8.06,9.39,1.0,0.08,8.34,9.59,1.2,0.09,8.1,9.24,2.0,0.04
7.98,10.3,1.5,0.01,8.34,9.59,1.2,0.09,8.1,9.24,2.0,0.04,8.67,10.9,1.4,0.03
7.86,9.76,1.2,0.02,8.1,9.24,2.0,0.04,8.67,10.9,1.4,0.03,8.04,10.5,1.7,0.03
7.49,9.6,0.8,0.06,8.67,10.9,1.4,0.03,8.04,10.5,1.7,0.03,8.0,11.1,1.8,0.05
7.75,8.84,1.3,0.14,8.04,10.5,1.7,0.03,8.0,11.1,1.8,0.05,8.1,9.9,1.6,0.01
7.79,8.22,1.1,0.05,8.0,11.1,1.8,0.05,8.1,9.9,1.6,0.01,7.98,10.3,1.5,0.01
7.89,8.68,1.1,0.02,8.1,9.9,1.6,0.01,7.98,10.3,1.5,0.01,7.86,9.76,1.2,0.02
7.58,8.25,0.9,0.01,7.98,10.3,1.5,0.01,7.86,9.76,1.2,0.02,7.49,9.6,0.8,0.06
7.6,8.01,1.1,0.01,7.86,9.76,1.2,0.02,7.49,9.6,0.8,0.06,7.75,8.84,1.3,0.14
7.65,7.74,1.1,0.01,7.49,9.6,0.8,0.06,7.75,8.84,1.3,0.14,7.79,8.22,1.1,0.05
7.65,6.99,1.6,0.01,7.75,8.84,1.3,0.14,7.79,8.22,1.1,0.05,7.89,8.68,1.1,0.02
7.85,7.94,1.0,0.01,7.79,8.22,1.1,0.05,7.89,8.68,1.1,0.02,7.58,8.25,0.9,0.01
7.600263157894737,8.51460361613351,1.2015277777777782,0.1254965034965034,7.89,8.68,1.1,0.02,7.58,8.25,0.9,0.01,7.6,8.01,1.1,0.01
7.59,7.0,1.1,0.01,7.58,8.25,0.9,0.01,7.6,8.01,1.1,0.01,7.65,7.74,1.1,0.01
7.53,6.41,1.5,0.01,7.6,8.01,1.1,0.01,7.65,7.74,1.1,0.01,7.65,6.99,1.6,0.01
7.89,7.63,1.0,0.01,7.65,7.74,1.1,0.01,7.65,6.99,1.6,0.01,7.85,7.94,1.0,0.01
7.67,6.81,1.1,0.06,7.65,6.99,1.6,0.01,7.85,7.94,1.0,0.01,7.600263157894737,8.51460361613351,1.2015277777777782,0.1254965034965034
7.15,7.24,1.2,0.01,7.85,7.94,1.0,0.01,7.600263157894737,8.51460361613351,1.2015277777777782,0.1254965034965034,7.59,7.0,1.1,0.01
7.25,7.57,1.0,0.03,7.600263157894737,8.51460361613351,1.2015277777777782,0.1254965034965034,7.59,7.0,1.1,0.01,7.53,6.41,1.5,0.01
7.67,7.05,0.9,0.08,7.59,7.0,1.1,0.01,7.53,6.41,1.5,0.01,7.89,7.63,1.0,0.01
7.47,7.5,0.8,0.02,7.53,6.41,1.5,0.01,7.89,7.63,1.0,0.01,7.67,6.81,1.1,0.06
7.72,7.03,0.6,0.02,7.89,7.63,1.0,0.01,7.67,6.81,1.1,0.06,7.15,7.24,1.2,0.01
8.01,6.85,0.7,0.02,7.67,6.81,1.1,0.06,7.15,7.24,1.2,0.01,7.25,7.57,1.0,0.03
7.38,6.55,1.1,0.03,7.15,7.24,1.2,0.01,7.25,7.57,1.0,0.03,7.67,7.05,0.9,0.08
7.54,6.6,1.1,0.01,7.25,7.57,1.0,0.03,7.67,7.05,0.9,0.08,7.47,7.5,0.8,0.02
7.9,6.6,1.2,0.01,7.67,7.05,0.9,0.08,7.47,7.5,0.8,0.02,7.72,7.03,0.6,0.02
8.19,6.84,1.2,0.03,7.47,7.5,0.8,0.02,7.72,7.03,0.6,0.02,8.01,6.85,0.7,0.02
7.74,7.12,1.2,0.04,7.72,7.03,0.6,0.02,8.01,6.85,0.7,0.02,7.38,6.55,1.1,0.03
7.95,7.71,1.2,0.1,8.01,6.85,0.7,0.02,7.38,6.55,1.1,0.03,7.54,6.6,1.1,0.01
7.78,8.0,1.4,0.1,7.38,6.55,1.1,0.03,7.54,6.6,1.1,0.01,7.9,6.6,1.2,0.01
7.78,8.36,1.5,0.09,7.54,6.6,1.1,0.01,7.9,6.6,1.2,0.01,8.19,6.84,1.2,0.03
7.61,8.51,1.4,0.06,7.9,6.6,1.2,0.01,8.19,6.84,1.2,0.03,7.74,7.12,1.2,0.04
7.68,8.3,1.2,0.02,8.19,6.84,1.2,0.03,7.74,7.12,1.2,0.04,7.95,7.71,1.2,0.1
7.79,7.8,0.7,0.09,7.74,7.12,1.2,0.04,7.95,7.71,1.2,0.1,7.78,8.0,1.4,0.1
7.39,6.92,0.7,0.04,7.95,7.71,1.2,0.1,7.78,8.0,1.4,0.1,7.78,8.36,1.5,0.09
7.2,7.26,0.8,0.04,7.78,8.0,1.4,0.1,7.78,8.36,1.5,0.09,7.61,8.51,1.4,0.06
7.14,7.79,0.8,0.02,7.78,8.36,1.5,0.09,7.61,8.51,1.4,0.06,7.68,8.3,1.2,0.02
7.78,7.76,1.0,0.01,7.61,8.51,1.4,0.06,7.68,8.3,1.2,0.02,7.79,7.8,0.7,0.09
8.23,8.22,0.9,0.01,7.68,8.3,1.2,0.02,7.79,7.8,0.7,0.09,7.39,6.92,0.7,0.04
8.63,9.06,0.9,0.01,7.79,7.8,0.7,0.09,7.39,6.92,0.7,0.04,7.2,7.26,0.8,0.04
8.35,8.35,0.9,0.01,7.39,6.92,0.7,0.04,7.2,7.26,0.8,0.04,7.14,7.79,0.8,0.02
8.09,7.94,0.8,0.01,7.2,7.26,0.8,0.04,7.14,7.79,0.8,0.02,7.78,7.76,1.0,0.01
7.58,7.78,1.4,0.11,7.14,7.79,0.8,0.02,7.78,7.76,1.0,0.01,8.23,8.22,0.9,0.01
7.89,9.68,1.3,0.01,7.78,7.76,1.0,0.01,8.23,8.22,0.9,0.01,8.63,9.06,0.9,0.01
8.29,10.5,1.2,0.01,8.23,8.22,0.9,0.01,8.63,9.06,0.9,0.01,8.35,8.35,0.9,0.01
8.45,11.2,1.2,0.02,8.63,9.06,0.9,0.01,8.35,8.35,0.9,0.01,8.09,7.94,0.8,0.01
8.87,11.6,1.0,0.02,8.35,8.35,0.9,0.01,8.09,7.94,0.8,0.01,7.58,7.78,1.4,0.11
7.600263157894737,8.51460361613351,1.2015277777777782,0.1254965034965034,8.09,7.94,0.8,0.01,7.58,7.78,1.4,0.11,7.89,9.68,1.3,0.01
8.38,11.0,0.9,0.05,7.58,7.78,1.4,0.11,7.89,9.68,1.3,0.01,8.29,10.5,1.2,0.01
8.5,12.2,1.2,0.06,7.89,9.68,1.3,0.01,8.29,10.5,1.2,0.01,8.45,11.2,1.2,0.02
8.28,11.2,1.4,0.04,8.29,10.5,1.2,0.01,8.45,11.2,1.2,0.02,8.87,11.6,1.0,0.02
7.79,10.4,0.9,0.21,8.45,11.2,1.2,0.02,8.87,11.6,1.0,0.02,7.600263157894737,8.51460361613351,1.2015277777777782,0.1254965034965034
8.33,11.3,0.6,0.02,8.87,11.6,1.0,0.02,7.600263157894737,8.51460361613351,1.2015277777777782,0.1254965034965034,8.38,11.0,0.9,0.05
8.39,10.9,0.8,0.01,7.600263157894737,8.51460361613351,1.2015277777777782,0.1254965034965034,8.38,11.0,0.9,0.05,8.5,12.2,1.2,0.06
7.98,9.02,1.1,0.06,8.38,11.0,0.9,0.05,8.5,12.2,1.2,0.06,8.28,11.2,1.4,0.04
7.42,8.38,1.4,0.1,8.5,12.2,1.2,0.06,8.28,11.2,1.4,0.04,7.79,10.4,0.9,0.21
7.49,8.23,1.0,0.01,8.28,11.2,1.4,0.04,7.79,10.4,0.9,0.21,8.33,11.3,0.6,0.02
7.02,9.03,0.8,0.12,7.79,10.4,0.9,0.21,8.33,11.3,0.6,0.02,8.39,10.9,0.8,0.01
7.41,9.0,0.7,0.06,8.33,11.3,0.6,0.02,8.39,10.9,0.8,0.01,7.98,9.02,1.1,0.06
7.49,9.09,0.7,0.02,8.39,10.9,0.8,0.01,7.98,9.02,1.1,0.06,7.42,8.38,1.4,0.1
7.42,7.99,1.1,0.01,7.98,9.02,1.1,0.06,7.42,8.38,1.4,0.1,7.49,8.23,1.0,0.01
7.35,8.35,1.1,0.01,7.42,8.38,1.4,0.1,7.49,8.23,1.0,0.01,7.02,9.03,0.8,0.12
7.76,9.56,0.8,0.01,7.49,8.23,1.0,0.01,7.02,9.03,0.8,0.12,7.41,9.0,0.7,0.06
8.21,9.34,1.1,0.01,7.02,9.03,0.8,0.12,7.41,9.0,0.7,0.06,7.49,9.09,0.7,0.02
7.42,7.14,1.6,0.01,7.41,9.0,0.7,0.06,7.49,9.09,0.7,0.02,7.42,7.99,1.1,0.01
7.36,7.01,1.4,0.04,7.49,9.09,0.7,0.02,7.42,7.99,1.1,0.01,7.35,8.35,1.1,0.01
7.84,7.48,1.4,0.01,7.42,7.99,1.1,0.01,7.35,8.35,1.1,0.01,7.76,9.56,0.8,0.01
7.56,7.42,1.5,0.12,7.35,8.35,1.1,0.01,7.76,9.56,0.8,0.01,8.21,9.34,1.1,0.01
7.84,7.87,1.2,0.04,7.76,9.56,0.8,0.01,8.21,9.34,1.1,0.01,7.42,7.14,1.6,0.01
8.05,7.62,1.4,0.1,8.21,9.34,1.1,0.01,7.42,7.14,1.6,0.01,7.36,7.01,1.4,0.04
7.27,6.45,2.3,0.12,7.42,7.14,1.6,0.01,7.36,7.01,1.4,0.04,7.84,7.48,1.4,0.01
7.2,6.35,1.1,0.11,7.36,7.01,1.4,0.04,7.84,7.48,1.4,0.01,7.56,7.42,1.5,0.12
7.41,6.77,0.6,0.09,7.84,7.48,1.4,0.01,7.56,7.42,1.5,0.12,7.84,7.87,1.2,0.04
7.28,6.58,1.0,0.13,7.56,7.42,1.5,0.12,7.84,7.87,1.2,0.04,8.05,7.62,1.4,0.1
7.79,7.27,0.7,0.09,7.84,7.87,1.2,0.04,8.05,7.62,1.4,0.1,7.27,6.45,2.3,0.12
8.34,7.28,0.7,0.07,8.05,7.62,1.4,0.1,7.27,6.45,2.3,0.12,7.2,6.35,1.1,0.11
7.81,6.69,1.1,0.13,7.27,6.45,2.3,0.12,7.2,6.35,1.1,0.11,7.41,6.77,0.6,0.09
8.15,7.59,0.9,0.14,7.2,6.35,1.1,0.11,7.41,6.77,0.6,0.09,7.28,6.58,1.0,0.13
8.08,7.91,0.9,0.12,7.41,6.77,0.6,0.09,7.28,6.58,1.0,0.13,7.79,7.27,0.7,0.09
7.95,7.97,1.1,0.08,7.28,6.58,1.0,0.13,7.79,7.27,0.7,0.09,8.34,7.28,0.7,0.07
7.82,7.19,1.3,0.12,7.79,7.27,0.7,0.09,8.34,7.28,0.7,0.07,7.81,6.69,1.1,0.13
7.75,6.48,1.6,0.16,8.34,7.28,0.7,0.07,7.81,6.69,1.1,0.13,8.15,7.59,0.9,0.14
7.83,7.28,1.5,0.09,7.81,6.69,1.1,0.13,8.15,7.59,0.9,0.14,8.08,7.91,0.9,0.12
7.97,8.01,1.3,0.05,8.15,7.59,0.9,0.14,8.08,7.91,0.9,0.12,7.95,7.97,1.1,0.08
8.33,8.81,1.2,0.07,8.08,7.91,0.9,0.12,7.95,7.97,1.1,0.08,7.82,7.19,1.3,0.12
8.59,9.58,0.9,0.07,7.95,7.97,1.1,0.08,7.82,7.19,1.3,0.12,7.75,6.48,1.6,0.16
8.23,8.24,1.0,0.12,7.82,7.19,1.3,0.12,7.75,6.48,1.6,0.16,7.83,7.28,1.5,0.09
8.03,7.64,1.2,0.09,7.75,6.48,1.6,0.16,7.83,7.28,1.5,0.09,7.97,8.01,1.3,0.05
7.66,7.76,1.2,0.13,7.83,7.28,1.5,0.09,7.97,8.01,1.3,0.05,8.33,8.81,1.2,0.07
7.48,8.18,1.2,0.13,7.97,8.01,1.3,0.05,8.33,8.81,1.2,0.07,8.59,9.58,0.9,0.07
7.89,8.3,1.0,0.14,8.33,8.81,1.2,0.07,8.59,9.58,0.9,0.07,8.23,8.24,1.0,0.12
7.88,7.84,0.9,0.2,8.59,9.58,0.9,0.07,8.23,8.24,1.0,0.12,8.03,7.64,1.2,0.09
8.13,9.01,1.0,0.25,8.23,8.24,1.0,0.12,8.03,7.64,1.2,0.09,7.66,7.76,1.2,0.13
8.22,8.56,1.0,0.22,8.03,7.64,1.2,0.09,7.66,7.76,1.2,0.13,7.48,8.18,1.2,0.13
8.08,8.67,0.8,0.2,7.66,7.76,1.2,0.13,7.48,8.18,1.2,0.13,7.89,8.3,1.0,0.14
8.32,9.41,0.8,0.05,7.48,8.18,1.2,0.13,7.89,8.3,1.0,0.14,7.88,7.84,0.9,0.2
8.24,9.9,0.9,0.17,7.89,8.3,1.0,0.14,7.88,7.84,0.9,0.2,8.13,9.01,1.0,0.25
7.94,9.44,1.0,0.1,7.88,7.84,0.9,0.2,8.13,9.01,1.0,0.25,8.22,8.56,1.0,0.22
7.59,8.33,1.3,0.17,8.13,9.01,1.0,0.25,8.22,8.56,1.0,0.22,8.08,8.67,0.8,0.2
7.97,8.37,1.3,0.23,8.22,8.56,1.0,0.22,8.08,8.67,0.8,0.2,8.32,9.41,0.8,0.05
8.37,10.1,1.2,0.11,8.08,8.67,0.8,0.2,8.32,9.41,0.8,0.05,8.24,9.9,0.9,0.17
8.8,10.9,1.2,0.09,8.32,9.41,0.8,0.05,8.24,9.9,0.9,0.17,7.94,9.44,1.0,0.1
8.46,9.73,1.2,0.15,8.24,9.9,0.9,0.17,7.94,9.44,1.0,0.1,7.59,8.33,1.3,0.17
8.38,10.6,1.2,0.11,7.94,9.44,1.0,0.1,7.59,8.33,1.3,0.17,7.97,8.37,1.3,0.23
8.22,10.8,1.1,0.09,7.59,8.33,1.3,0.17,7.97,8.37,1.3,0.23,8.37,10.1,1.2,0.11
7.600263157894737,8.51460361613351,1.2015277777777782,0.1254965034965034,7.97,8.37,1.3,0.23,8.37,10.1,1.2,0.11,8.8,10.9,1.2,0.09
8.2,11.0,1.3,0.08,8.37,10.1,1.2,0.11,8.8,10.9,1.2,0.09,8.46,9.73,1.2,0.15
7.98,10.6,1.4,0.04,8.8,10.9,1.2,0.09,8.46,9.73,1.2,0.15,8.38,10.6,1.2,0.11
7.59,9.32,1.8,0.15,8.46,9.73,1.2,0.15,8.38,10.6,1.2,0.11,8.22,10.8,1.1,0.09
8.3,9.9,1.6,0.11,8.38,10.6,1.2,0.11,8.22,10.8,1.1,0.09,7.600263157894737,8.51460361613351,1.2015277777777782,0.1254965034965034
8.02,8.18,1.4,0.08,8.22,10.8,1.1,0.09,7.600263157894737,8.51460361613351,1.2015277777777782,0.1254965034965034,8.2,11.0,1.3,0.08
7.97,6.8,1.6,0.15,7.600263157894737,8.51460361613351,1.2015277777777782,0.1254965034965034,8.2,11.0,1.3,0.08,7.98,10.6,1.4,0.04
8.21,7.01,0.9,0.15,8.2,11.0,1.3,0.08,7.98,10.6,1.4,0.04,7.59,9.32,1.8,0.15
8.41,7.86,0.8,0.16,7.98,10.6,1.4,0.04,7.59,9.32,1.8,0.15,8.3,9.9,1.6,0.11
8.52,7.62,0.7,0.1,7.59,9.32,1.8,0.15,8.3,9.9,1.6,0.11,8.02,8.18,1.4,0.08
8.38,7.48,1.4,0.12,8.3,9.9,1.6,0.11,8.02,8.18,1.4,0.08,7.97,6.8,1.6,0.15
8.48,8.22,1.6,0.15,8.02,8.18,1.4,0.08,7.97,6.8,1.6,0.15,8.21,7.01,0.9,0.15
7.88,8.24,1.7,0.04,7.97,6.8,1.6,0.15,8.21,7.01,0.9,0.15,8.41,7.86,0.8,0.16
7.21,6.86,2.1,0.12,8.21,7.01,0.9,0.15,8.41,7.86,0.8,0.16,8.52,7.62,0.7,0.1
7.37,7.7,1.1,0.03,8.41,7.86,0.8,0.16,8.52,7.62,0.7,0.1,8.38,7.48,1.4,0.12
7.48,8.22,1.1,0.04,8.52,7.62,0.7,0.1,8.38,7.48,1.4,0.12,8.48,8.22,1.6,0.15
7.11,6.55,1.9,0.11,8.38,7.48,1.4,0.12,8.48,8.22,1.6,0.15,7.88,8.24,1.7,0.04
7.48,7.39,0.9,0.03,8.48,8.22,1.6,0.15,7.88,8.24,1.7,0.04,7.21,6.86,2.1,0.12
7.13,7.18,2.0,0.05,7.88,8.24,1.7,0.04,7.21,6.86,2.1,0.12,7.37,7.7,1.1,0.03
7.35,7.74,0.9,0.07,7.21,6.86,2.1,0.12,7.37,7.7,1.1,0.03,7.48,8.22,1.1,0.04
7.49,8.08,0.7,0.05,7.37,7.7,1.1,0.03,7.48,8.22,1.1,0.04,7.11,6.55,1.9,0.11
7.79,7.45,0.7,0.12,7.48,8.22,1.1,0.04,7.11,6.55,1.9,0.11,7.48,7.39,0.9,0.03
7.62,7.01,1.1,0.22,7.11,6.55,1.9,0.11,7.48,7.39,0.9,0.03,7.13,7.18,2.0,0.05
7.73,7.41,0.9,0.26,7.48,7.39,0.9,0.03,7.13,7.18,2.0,0.05,7.35,7.74,0.9,0.07
7.98,7.09,1.1,0.08,7.13,7.18,2.0,0.05,7.35,7.74,0.9,0.07,7.49,8.08,0.7,0.05
8.04,6.55,1.8,0.11,7.35,7.74,0.9,0.07,7.49,8.08,0.7,0.05,7.79,7.45,0.7,0.12
7.9,6.39,1.7,0.13,7.49,8.08,0.7,0.05,7.79,7.45,0.7,0.12,7.62,7.01,1.1,0.22
7.56,6.95,1.4,0.14,7.79,7.45,0.7,0.12,7.62,7.01,1.1,0.22,7.73,7.41,0.9,0.26
7.82,6.76,1.3,0.12,7.62,7.01,1.1,0.22,7.73,7.41,0.9,0.26,7.98,7.09,1.1,0.08
7.96,6.97,0.8,0.16,7.73,7.41,0.9,0.26,7.98,7.09,1.1,0.08,8.04,6.55,1.8,0.11
7.75,6.45,1.1,0.17,7.98,7.09,1.1,0.08,8.04,6.55,1.8,0.11,7.9,6.39,1.7,0.13
8.19,7.64,0.6,0.17,8.04,6.55,1.8,0.11,7.9,6.39,1.7,0.13,7.56,6.95,1.4,0.14
8.39,8.13,1.6,0.09,7.9,6.39,1.7,0.13,7.56,6.95,1.4,0.14,7.82,6.76,1.3,0.12
8.21,7.83,1.2,0.12,7.56,6.95,1.4,0.14,7.82,6.76,1.3,0.12,7.96,6.97,0.8,0.16
8.17,8.8,0.8,0.11,7.82,6.76,1.3,0.12,7.96,6.97,0.8,0.16,7.75,6.45,1.1,0.17
8.07,9.08,0.9,0.09,7.96,6.97,0.8,0.16,7.75,6.45,1.1,0.17,8.19,7.64,0.6,0.17
7.86,8.5,1.2,0.06,7.75,6.45,1.1,0.17,8.19,7.64,0.6,0.17,8.39,8.13,1.6,0.09
7.91,7.33,1.4,0.11,8.19,7.64,0.6,0.17,8.39,8.13,1.6,0.09,8.21,7.83,1.2,0.12
7.76,7.71,1.8,0.13,8.39,8.13,1.6,0.09,8.21,7.83,1.2,0.12,8.17,8.8,0.8,0.11
7.4,6.98,1.9,0.17,8.21,7.83,1.2,0.12,8.17,8.8,0.8,0.11,8.07,9.08,0.9,0.09
7.57,8.19,1.0,0.07,8.17,8.8,0.8,0.11,8.07,9.08,0.9,0.09,7.86,8.5,1.2,0.06
7.68,8.65,0.8,0.24,8.07,9.08,0.9,0.09,7.86,8.5,1.2,0.06,7.91,7.33,1.4,0.11
8.03,8.68,0.9,0.15,7.86,8.5,1.2,0.06,7.91,7.33,1.4,0.11,7.76,7.71,1.8,0.13
8.2,9.96,0.9,0.1,7.91,7.33,1.4,0.11,7.76,7.71,1.8,0.13,7.4,6.98,1.9,0.17
8.4,8.57,0.9,0.08,7.76,7.71,1.8,0.13,7.4,6.98,1.9,0.17,7.57,8.19,1.0,0.07
8.48,8.47,0.8,0.07,7.4,6.98,1.9,0.17,7.57,8.19,1.0,0.07,7.68,8.65,0.8,0.24
8.16,8.52,1.0,0.13,7.57,8.19,1.0,0.07,7.68,8.65,0.8,0.24,8.03,8.68,0.9,0.15
7.92,8.77,0.9,0.14,7.68,8.65,0.8,0.24,8.03,8.68,0.9,0.15,8.2,9.96,0.9,0.1
8.15,11.0,1.0,0.09,8.03,8.68,0.9,0.15,8.2,9.96,0.9,0.1,8.4,8.57,0.9,0.08
8.54,11.0,1.2,0.1,8.2,9.96,0.9,0.1,8.4,8.57,0.9,0.08,8.48,8.47,0.8,0.07
7.84,10.3,1.5,0.14,8.4,8.57,0.9,0.08,8.48,8.47,0.8,0.07,8.16,8.52,1.0,0.13
7.47,9.86,1.6,0.14,8.48,8.47,0.8,0.07,8.16,8.52,1.0,0.13,7.92,8.77,0.9,0.14
7.55,9.52,1.9,0.12,8.16,8.52,1.0,0.13,7.92,8.77,0.9,0.14,8.15,11.0,1.0,0.09
7.95,9.3,1.3,0.07,7.92,8.77,0.9,0.14,8.15,11.0,1.0,0.09,8.54,11.0,1.2,0.1
7.42,7.88,0.9,0.11,8.15,11.0,1.0,0.09,8.54,11.0,1.2,0.1,7.84,10.3,1.5,0.14
7.35,8.42,1.1,0.09,8.54,11.0,1.2,0.1,7.84,10.3,1.5,0.14,7.47,9.86,1.6,0.14
7.31,8.92,1.5,0.24,7.84,10.3,1.5,0.14,7.47,9.86,1.6,0.14,7.55,9.52,1.9,0.12
7.27,8.76,1.5,0.05,7.47,9.86,1.6,0.14,7.55,9.52,1.9,0.12,7.95,9.3,1.3,0.07
7.21,8.72,1.3,0.03,7.55,9.52,1.9,0.12,7.95,9.3,1.3,0.07,7.42,7.88,0.9,0.11
7.49,8.48,1.2,0.02,7.95,9.3,1.3,0.07,7.42,7.88,0.9,0.11,7.35,8.42,1.1,0.09
7.68,8.51,1.0,0.1,7.42,7.88,0.9,0.11,7.35,8.42,1.1,0.09,7.31,8.92,1.5,0.24
7.54,8.37,1.3,0.08,7.35,8.42,1.1,0.09,7.31,8.92,1.5,0.24,7.27,8.76,1.5,0.05
7.38,7.44,1.3,0.04,7.31,8.92,1.5,0.24,7.27,8.76,1.5,0.05,7.21,8.72,1.3,0.03
7.52,7.48,1.1,0.16,7.27,8.76,1.5,0.05,7.21,8.72,1.3,0.03,7.49,8.48,1.2,0.02
7.44,8.01,0.9,0.11,7.21,8.72,1.3,0.03,7.49,8.48,1.2,0.02,7.68,8.51,1.0,0.1
7.84,7.94,0.8,0.18,7.49,8.48,1.2,0.02,7.68,8.51,1.0,0.1,7.54,8.37,1.3,0.08
7.82,8.3,1.3,0.15,7.68,8.51,1.0,0.1,7.54,8.37,1.3,0.08,7.38,7.44,1.3,0.04
7.81,8.63,1.6,0.37,7.54,8.37,1.3,0.08,7.38,7.44,1.3,0.04,7.52,7.48,1.1,0.16
7.94,9.29,0.7,0.18,7.38,7.44,1.3,0.04,7.52,7.48,1.1,0.16,7.44,8.01,0.9,0.11
7.71,7.6,0.7,0.05,7.52,7.48,1.1,0.16,7.44,8.01,0.9,0.11,7.84,7.94,0.8,0.18
7.42,7.04,0.9,0.05,7.44,8.01,0.9,0.11,7.84,7.94,0.8,0.18,7.82,8.3,1.3,0.15
7.59,7.81,0.5,0.04,7.84,7.94,0.8,0.18,7.82,8.3,1.3,0.15,7.81,8.63,1.6,0.37
7.29,6.43,1.2,0.19,7.82,8.3,1.3,0.15,7.81,8.63,1.6,0.37,7.94,9.29,0.7,0.18
7.88,6.45,1.1,0.12,7.81,8.63,1.6,0.37,7.94,9.29,0.7,0.18,7.71,7.6,0.7,0.05
7.7,6.77,0.7,0.14,7.94,9.29,0.7,0.18,7.71,7.6,0.7,0.05,7.42,7.04,0.9,0.05
7.72,7.14,0.5,0.07,7.71,7.6,0.7,0.05,7.42,7.04,0.9,0.05,7.59,7.81,0.5,0.04
7.79,7.73,0.8,0.08,7.42,7.04,0.9,0.05,7.59,7.81,0.5,0.04,7.29,6.43,1.2,0.19
7.38,8.36,1.5,0.21,7.59,7.81,0.5,0.04,7.29,6.43,1.2,0.19,7.88,6.45,1.1,0.12
7.72,7.73,0.9,0.2,7.29,6.43,1.2,0.19,7.88,6.45,1.1,0.12,7.7,6.77,0.7,0.14
7.93,7.3,1.1,0.18,7.88,6.45,1.1,0.12,7.7,6.77,0.7,0.14,7.72,7.14,0.5,0.07
8.02,7.33,1.5,0.2,7.7,6.77,0.7,0.14,7.72,7.14,0.5,0.07,7.79,7.73,0.8,0.08
8.01,7.29,1.6,0.13,7.72,7.14,0.5,0.07,7.79,7.73,0.8,0.08,7.38,8.36,1.5,0.21
8.06,7.55,1.7,0.15,7.79,7.73,0.8,0.08,7.38,8.36,1.5,0.21,7.72,7.73,0.9,0.2
7.63,7.24,1.8,0.21,7.38,8.36,1.5,0.21,7.72,7.73,0.9,0.2,7.93,7.3,1.1,0.18
7.65,7.17,1.3,0.15,7.72,7.73,0.9,0.2,7.93,7.3,1.1,0.18,8.02,7.33,1.5,0.2
7.82,7.73,1.1,0.17,7.93,7.3,1.1,0.18,8.02,7.33,1.5,0.2,8.01,7.29,1.6,0.13
7.95,7.8,1.3,0.18,8.02,7.33,1.5,0.2,8.01,7.29,1.6,0.13,8.06,7.55,1.7,0.15
8.21,9.29,1.1,0.18,8.01,7.29,1.6,0.13,8.06,7.55,1.7,0.15,7.63,7.24,1.8,0.21
7.54,7.11,1.1,0.2,8.06,7.55,1.7,0.15,7.63,7.24,1.8,0.21,7.65,7.17,1.3,0.15
7.74,7.54,1.2,0.22,7.63,7.24,1.8,0.21,7.65,7.17,1.3,0.15,7.82,7.73,1.1,0.17
7.58,8.4,1.1,0.19,7.65,7.17,1.3,0.15,7.82,7.73,1.1,0.17,7.95,7.8,1.3,0.18
7.76,8.82,0.8,0.22,7.82,7.73,1.1,0.17,7.95,7.8,1.3,0.18,8.21,9.29,1.1,0.18
7.9,9.83,1.0,0.23,7.95,7.8,1.3,0.18,8.21,9.29,1.1,0.18,7.54,7.11,1.1,0.2
7.87,10.5,1.1,0.23,8.21,9.29,1.1,0.18,7.54,7.11,1.1,0.2,7.74,7.54,1.2,0.22
8.3,10.4,0.9,0.18,7.54,7.11,1.1,0.2,7.74,7.54,1.2,0.22,7.58,8.4,1.1,0.19
7.98,9.88,0.8,0.17,7.74,7.54,1.2,0.22,7.58,8.4,1.1,0.19,7.76,8.82,0.8,0.22
7.84,10.5,1.2,0.14,7.58,8.4,1.1,0.19,7.76,8.82,0.8,0.22,7.9,9.83,1.0,0.23
7.73,9.78,1.1,0.1,7.76,8.82,0.8,0.22,7.9,9.83,1.0,0.23,7.87,10.5,1.1,0.23
7.600263157894737,8.51460361613351,1.2015277777777782,0.1254965034965034,7.9,9.83,1.0,0.23,7.87,10.5,1.1,0.23,8.3,10.4,0.9,0.18
7.88,11.1,1.0,0.13,7.87,10.5,1.1,0.23,8.3,10.4,0.9,0.18,7.98,9.88,0.8,0.17
7.7,9.0,1.1,0.13,8.3,10.4,0.9,0.18,7.98,9.88,0.8,0.17,7.84,10.5,1.2,0.14
7.86,10.7,1.0,0.18,7.98,9.88,0.8,0.17,7.84,10.5,1.2,0.14,7.73,9.78,1.1,0.1
7.99,9.9,1.0,0.19,7.84,10.5,1.2,0.14,7.73,9.78,1.1,0.1,7.600263157894737,8.51460361613351,1.2015277777777782,0.1254965034965034
7.48,8.98,1.3,0.23,7.73,9.78,1.1,0.1,7.600263157894737,8.51460361613351,1.2015277777777782,0.1254965034965034,7.88,11.1,1.0,0.13
7.42,8.76,0.9,0.18,7.600263157894737,8.51460361613351,1.2015277777777782,0.1254965034965034,7.88,11.1,1.0,0.13,7.7,9.0,1.1,0.13
7.71,10.0,0.8,0.17,7.88,11.1,1.0,0.13,7.7,9.0,1.1,0.13,7.86,10.7,1.0,0.18
8.02,11.2,0.8,0.2,7.7,9.0,1.1,0.13,7.86,10.7,1.0,0.18,7.99,9.9,1.0,0.19
8.34,9.73,0.8,0.15,7.86,10.7,1.0,0.18,7.99,9.9,1.0,0.19,7.48,8.98,1.3,0.23
7.84,8.48,0.8,0.15,7.99,9.9,1.0,0.19,7.48,8.98,1.3,0.23,7.42,8.76,0.9,0.18
7.73,9.56,0.5,0.16,7.48,8.98,1.3,0.23,7.42,8.76,0.9,0.18,7.71,10.0,0.8,0.17
7.86,9.2,0.6,0.13,7.42,8.76,0.9,0.18,7.71,10.0,0.8,0.17,8.02,11.2,0.8,0.2
7.96,8.6,0.8,0.12,7.71,10.0,0.8,0.17,8.02,11.2,0.8,0.2,8.34,9.73,0.8,0.15
7.99,8.28,1.0,0.16,8.02,11.2,0.8,0.2,8.34,9.73,0.8,0.15,7.84,8.48,0.8,0.15
7.52,7.8,0.7,0.23,8.34,9.73,0.8,0.15,7.84,8.48,0.8,0.15,7.73,9.56,0.5,0.16
7.44,7.76,1.4,0.22,7.84,8.48,0.8,0.15,7.73,9.56,0.5,0.16,7.86,9.2,0.6,0.13
7.32,7.46,1.7,0.33,7.73,9.56,0.5,0.16,7.86,9.2,0.6,0.13,7.96,8.6,0.8,0.12
7.53,7.69,1.6,0.32,7.86,9.2,0.6,0.13,7.96,8.6,0.8,0.12,7.99,8.28,1.0,0.16
7.54,7.38,2.3,0.21,7.96,8.6,0.8,0.12,7.99,8.28,1.0,0.16,7.52,7.8,0.7,0.23
7.55,7.73,1.4,0.23,7.99,8.28,1.0,0.16,7.52,7.8,0.7,0.23,7.44,7.76,1.4,0.22
7.4,7.22,1.1,0.21,7.52,7.8,0.7,0.23,7.44,7.76,1.4,0.22,7.32,7.46,1.7,0.33
7.27,7.28,0.8,0.23,7.44,7.76,1.4,0.22,7.32,7.46,1.7,0.33,7.53,7.69,1.6,0.32
7.11,7.32,0.8,0.23,7.32,7.46,1.7,0.33,7.53,7.69,1.6,0.32,7.54,7.38,2.3,0.21
7.28,7.28,1.0,0.25,7.53,7.69,1.6,0.32,7.54,7.38,2.3,0.21,7.55,7.73,1.4,0.23
7.22,7.04,2.2,0.27,7.54,7.38,2.3,0.21,7.55,7.73,1.4,0.23,7.4,7.22,1.1,0.21
7.4,7.34,0.9,0.23,7.55,7.73,1.4,0.23,7.4,7.22,1.1,0.21,7.27,7.28,0.8,0.23
7.25,7.25,1.0,0.22,7.4,7.22,1.1,0.21,7.27,7.28,0.8,0.23,7.11,7.32,0.8,0.23
7.48,7.65,1.5,0.13,7.27,7.28,0.8,0.23,7.11,7.32,0.8,0.23,7.28,7.28,1.0,0.25
7.67,8.25,1.9,0.08,7.11,7.32,0.8,0.23,7.28,7.28,1.0,0.25,7.22,7.04,2.2,0.27
7.35,7.52,1.2,0.06,7.28,7.28,1.0,0.25,7.22,7.04,2.2,0.27,7.4,7.34,0.9,0.23
7.2,7.16,1.0,0.08,7.22,7.04,2.2,0.27,7.4,7.34,0.9,0.23,7.25,7.25,1.0,0.22
7.39,6.61,1.0,0.11,7.4,7.34,0.9,0.23,7.25,7.25,1.0,0.22,7.48,7.65,1.5,0.13
7.8,7.01,0.9,0.1,7.25,7.25,1.0,0.22,7.48,7.65,1.5,0.13,7.67,8.25,1.9,0.08
7.71,6.97,0.6,0.13,7.48,7.65,1.5,0.13,7.67,8.25,1.9,0.08,7.35,7.52,1.2,0.06
7.78,7.05,0.7,0.18,7.67,8.25,1.9,0.08,7.35,7.52,1.2,0.06,7.2,7.16,1.0,0.08
7.54,6.57,0.5,0.18,7.35,7.52,1.2,0.06,7.2,7.16,1.0,0.08,7.39,6.61,1.0,0.11
7.66,7.69,0.8,0.15,7.2,7.16,1.0,0.08,7.39,6.61,1.0,0.11,7.8,7.01,0.9,0.1
7.93,7.98,0.6,0.06,7.39,6.61,1.0,0.11,7.8,7.01,0.9,0.1,7.71,6.97,0.6,0.13
7.75,7.26,0.6,0.12,7.8,7.01,0.9,0.1,7.71,6.97,0.6,0.13,7.78,7.05,0.7,0.18
7.6,8.2,0.9,0.12,7.71,6.97,0.6,0.13,7.78,7.05,0.7,0.18,7.54,6.57,0.5,0.18
8.38,8.91,0.8,0.19,7.78,7.05,0.7,0.18,7.54,6.57,0.5,0.18,7.66,7.69,0.8,0.15
8.07,8.68,0.8,0.15,7.54,6.57,0.5,0.18,7.66,7.69,0.8,0.15,7.93,7.98,0.6,0.06
8.75,9.52,0.8,0.17,7.66,7.69,0.8,0.15,7.93,7.98,0.6,0.06,7.75,7.26,0.6,0.12
8.76,9.44,0.6,0.22,7.93,7.98,0.6,0.06,7.75,7.26,0.6,0.12,7.6,8.2,0.9,0.12
8.9,10.3,0.7,0.24,7.75,7.26,0.6,0.12,7.6,8.2,0.9,0.12,8.38,8.91,0.8,0.19
7.600263157894737,8.51460361613351,1.2015277777777782,0.1254965034965034,7.6,8.2,0.9,0.12,8.38,8.91,0.8,0.19,8.07,8.68,0.8,0.15
7.95,9.3,0.7,0.1,8.38,8.91,0.8,0.19,8.07,8.68,0.8,0.15,8.75,9.52,0.8,0.17
7.31,8.8,0.9,0.11,8.07,8.68,0.8,0.15,8.75,9.52,0.8,0.17,8.76,9.44,0.6,0.22
7.36,9.0,0.9,0.15,8.75,9.52,0.8,0.17,8.76,9.44,0.6,0.22,8.9,10.3,0.7,0.24
7.71,9.48,0.8,0.15,8.76,9.44,0.6,0.22,8.9,10.3,0.7,0.24,7.600263157894737,8.51460361613351,1.2015277777777782,0.1254965034965034
6.88,9.64,0.7,0.32,8.9,10.3,0.7,0.24,7.600263157894737,8.51460361613351,1.2015277777777782,0.1254965034965034,7.95,9.3,0.7,0.1
7.0,9.66,1.0,0.27,7.600263157894737,8.51460361613351,1.2015277777777782,0.1254965034965034,7.95,9.3,0.7,0.1,7.31,8.8,0.9,0.11
6.9,10.3,0.3,0.29,7.95,9.3,0.7,0.1,7.31,8.8,0.9,0.11,7.36,9.0,0.9,0.15
6.83,11.4,0.4,0.22,7.31,8.8,0.9,0.11,7.36,9.0,0.9,0.15,7.71,9.48,0.8,0.15
6.92,11.5,0.5,0.44,7.36,9.0,0.9,0.15,7.71,9.48,0.8,0.15,6.88,9.64,0.7,0.32
6.79,9.99,0.6,0.37,7.71,9.48,0.8,0.15,6.88,9.64,0.7,0.32,7.0,9.66,1.0,0.27
7.65,10.1,0.6,0.1254965034965034,6.88,9.64,0.7,0.32,7.0,9.66,1.0,0.27,6.9,10.3,0.3,0.29
7.76,12.1,0.7,0.1254965034965034,7.0,9.66,1.0,0.27,6.9,10.3,0.3,0.29,6.83,11.4,0.4,0.22
7.56,10.3,0.7,0.21,6.9,10.3,0.3,0.29,6.83,11.4,0.4,0.22,6.92,11.5,0.5,0.44
7.58,10.7,0.9,0.13,6.83,11.4,0.4,0.22,6.92,11.5,0.5,0.44,6.79,9.99,0.6,0.37
7.82,11.2,0.5,0.12,6.92,11.5,0.5,0.44,6.79,9.99,0.6,0.37,7.65,10.1,0.6,0.1254965034965034
7.66,10.6,0.7,0.09,6.79,9.99,0.6,0.37,7.65,10.1,0.6,0.1254965034965034,7.76,12.1,0.7,0.1254965034965034
7.53,10.8,0.5,0.1,7.65,10.1,0.6,0.1254965034965034,7.76,12.1,0.7,0.1254965034965034,7.56,10.3,0.7,0.21
7.61,10.4,0.7,0.08,7.76,12.1,0.7,0.1254965034965034,7.56,10.3,0.7,0.21,7.58,10.7,0.9,0.13
7.66,10.2,0.7,0.1,7.56,10.3,0.7,0.21,7.58,10.7,0.9,0.13,7.82,11.2,0.5,0.12
7.63,10.4,0.6,0.13,7.58,10.7,0.9,0.13,7.82,11.2,0.5,0.12,7.66,10.6,0.7,0.09
7.58,9.9,0.8,0.09,7.82,11.2,0.5,0.12,7.66,10.6,0.7,0.09,7.53,10.8,0.5,0.1
7.62,9.82,0.7,0.08,7.66,10.6,0.7,0.09,7.53,10.8,0.5,0.1,7.61,10.4,0.7,0.08
7.61,9.4,0.7,0.07,7.53,10.8,0.5,0.1,7.61,10.4,0.7,0.08,7.66,10.2,0.7,0.1
7.69,8.79,1.0,0.08,7.61,10.4,0.7,0.08,7.66,10.2,0.7,0.1,7.63,10.4,0.6,0.13
7.41,8.22,1.1,0.13,7.66,10.2,0.7,0.1,7.63,10.4,0.6,0.13,7.58,9.9,0.8,0.09
7.34,8.09,1.0,0.17,7.63,10.4,0.6,0.13,7.58,9.9,0.8,0.09,7.62,9.82,0.7,0.08
7.48,8.23,0.7,0.07,7.58,9.9,0.8,0.09,7.62,9.82,0.7,0.08,7.61,9.4,0.7,0.07
7.58,8.47,0.6,0.08,7.62,9.82,0.7,0.08,7.61,9.4,0.7,0.07,7.69,8.79,1.0,0.08
7.68,8.04,0.6,0.1,7.61,9.4,0.7,0.07,7.69,8.79,1.0,0.08,7.41,8.22,1.1,0.13
7.42,7.45,0.9,0.27,7.69,8.79,1.0,0.08,7.41,8.22,1.1,0.13,7.34,8.09,1.0,0.17
7.36,7.2,0.8,0.18,7.41,8.22,1.1,0.13,7.34,8.09,1.0,0.17,7.48,8.23,0.7,0.07
6.98,7.65,1.0,0.27,7.34,8.09,1.0,0.17,7.48,8.23,0.7,0.07,7.58,8.47,0.6,0.08
6.95,7.95,1.1,0.08,7.48,8.23,0.7,0.07,7.58,8.47,0.6,0.08,7.68,8.04,0.6,0.1
7.5,8.06,0.8,0.07,7.58,8.47,0.6,0.08,7.68,8.04,0.6,0.1,7.42,7.45,0.9,0.27
7.42,7.63,1.2,0.08,7.68,8.04,0.6,0.1,7.42,7.45,0.9,0.27,7.36,7.2,0.8,0.18
7.41,7.71,1.3,0.09,7.42,7.45,0.9,0.27,7.36,7.2,0.8,0.18,6.98,7.65,1.0,0.27
7.51,7.65,0.6,0.07,7.36,7.2,0.8,0.18,6.98,7.65,1.0,0.27,6.95,7.95,1.1,0.08
7.34,7.46,0.4,0.05,6.98,7.65,1.0,0.27,6.95,7.95,1.1,0.08,7.5,8.06,0.8,0.07
7.45,7.25,0.6,0.14,6.95,7.95,1.1,0.08,7.5,8.06,0.8,0.07,7.42,7.63,1.2,0.08
7.65,7.92,0.6,0.14,7.5,8.06,0.8,0.07,7.42,7.63,1.2,0.08,7.41,7.71,1.3,0.09
7.42,7.84,0.9,0.12,7.42,7.63,1.2,0.08,7.41,7.71,1.3,0.09,7.51,7.65,0.6,0.07
7.5,8.07,1.1,0.15,7.41,7.71,1.3,0.09,7.51,7.65,0.6,0.07,7.34,7.46,0.4,0.05
7.52,8.08,0.9,0.25,7.51,7.65,0.6,0.07,7.34,7.46,0.4,0.05,7.45,7.25,0.6,0.14
7.53,8.2,0.6,0.21,7.34,7.46,0.4,0.05,7.45,7.25,0.6,0.14,7.65,7.92,0.6,0.14
7.64,8.72,0.8,0.18,7.45,7.25,0.6,0.14,7.65,7.92,0.6,0.14,7.42,7.84,0.9,0.12
7.72,9.06,0.8,0.11,7.65,7.92,0.6,0.14,7.42,7.84,0.9,0.12,7.5,8.07,1.1,0.15
7.56,9.55,0.9,0.11,7.42,7.84,0.9,0.12,7.5,8.07,1.1,0.15,7.52,8.08,0.9,0.25
7.8,9.3,1.1,0.1,7.5,8.07,1.1,0.15,7.52,8.08,0.9,0.25,7.53,8.2,0.6,0.21
8.04,8.84,1.7,0.09,7.52,8.08,0.9,0.25,7.53,8.2,0.6,0.21,7.64,8.72,0.8,0.18
7.79,8.68,1.3,0.21,7.53,8.2,0.6,0.21,7.64,8.72,0.8,0.18,7.72,9.06,0.8,0.11
7.86,9.19,1.3,0.21,7.64,8.72,0.8,0.18,7.72,9.06,0.8,0.11,7.56,9.55,0.9,0.11
7.99,9.0,1.2,0.21,7.72,9.06,0.8,0.11,7.56,9.55,0.9,0.11,7.8,9.3,1.1,0.1
8.14,9.09,1.3,0.22,7.56,9.55,0.9,0.11,7.8,9.3,1.1,0.1,8.04,8.84,1.7,0.09
8.3,9.26,1.1,0.18,7.8,9.3,1.1,0.1,8.04,8.84,1.7,0.09,7.79,8.68,1.3,0.21
8.18,9.19,1.4,0.19,8.04,8.84,1.7,0.09,7.79,8.68,1.3,0.21,7.86,9.19,1.3,0.21
8.06,9.71,1.1,0.18,7.79,8.68,1.3,0.21,7.86,9.19,1.3,0.21,7.99,9.0,1.2,0.21
8.35,10.5,0.9,0.21,7.86,9.19,1.3,0.21,7.99,9.0,1.2,0.21,8.14,9.09,1.3,0.22
8.5,10.6,0.4,0.16,7.99,9.0,1.2,0.21,8.14,9.09,1.3,0.22,8.3,9.26,1.1,0.18
8.45,10.8,0.7,0.24,8.14,9.09,1.3,0.22,8.3,9.26,1.1,0.18,8.18,9.19,1.4,0.19
7.85,11.7,1.2,0.14,8.3,9.26,1.1,0.18,8.18,9.19,1.4,0.19,8.06,9.71,1.1,0.18
7.98,11.4,1.2,0.5,8.18,9.19,1.4,0.19,8.06,9.71,1.1,0.18,8.35,10.5,0.9,0.21
7.62,10.5,1.6,0.28,8.06,9.71,1.1,0.18,8.35,10.5,0.9,0.21,8.5,10.6,0.4,0.16
7.87,11.2,1.2,0.35,8.35,10.5,0.9,0.21,8.5,10.6,0.4,0.16,8.45,10.8,0.7,0.24
8.03,11.3,1.0,0.17,8.5,10.6,0.4,0.16,8.45,10.8,0.7,0.24,7.85,11.7,1.2,0.14
7.94,11.1,1.1,0.14,8.45,10.8,0.7,0.24,7.85,11.7,1.2,0.14,7.98,11.4,1.2,0.5
8.01,11.3,1.0,0.23,7.85,11.7,1.2,0.14,7.98,11.4,1.2,0.5,7.62,10.5,1.6,0.28
8.03,11.0,0.3,0.17,7.98,11.4,1.2,0.5,7.62,10.5,1.6,0.28,7.87,11.2,1.2,0.35
7.87,10.6,0.7,0.14,7.62,10.5,1.6,0.28,7.87,11.2,1.2,0.35,8.03,11.3,1.0,0.17
7.72,10.2,0.9,0.11,7.87,11.2,1.2,0.35,8.03,11.3,1.0,0.17,7.94,11.1,1.1,0.14
7.79,10.3,0.4,0.09,8.03,11.3,1.0,0.17,7.94,11.1,1.1,0.14,8.01,11.3,1.0,0.23
7.66,9.73,0.5,0.13,7.94,11.1,1.1,0.14,8.01,11.3,1.0,0.23,8.03,11.0,0.3,0.17
7.47,8.84,0.8,0.14,8.01,11.3,1.0,0.23,8.03,11.0,0.3,0.17,7.87,10.6,0.7,0.14
7.53,8.62,0.9,0.24,8.03,11.0,0.3,0.17,7.87,10.6,0.7,0.14,7.72,10.2,0.9,0.11
7.600263157894737,8.51460361613351,1.2015277777777782,0.1254965034965034,7.87,10.6,0.7,0.14,7.72,10.2,0.9,0.11,7.79,10.3,0.4,0.09
7.89,10.0,1.2,0.13,7.72,10.2,0.9,0.11,7.79,10.3,0.4,0.09,7.66,9.73,0.5,0.13
7.63,8.51460361613351,1.0,0.1,7.79,10.3,0.4,0.09,7.66,9.73,0.5,0.13,7.47,8.84,0.8,0.14
7.35,8.51460361613351,0.9,0.09,7.66,9.73,0.5,0.13,7.47,8.84,0.8,0.14,7.53,8.62,0.9,0.24
7.13,6.3,1.0,0.1,7.47,8.84,0.8,0.14,7.53,8.62,0.9,0.24,7.600263157894737,8.51460361613351,1.2015277777777782,0.1254965034965034
7.01,6.24,1.0,0.11,7.53,8.62,0.9,0.24,7.600263157894737,8.51460361613351,1.2015277777777782,0.1254965034965034,7.89,10.0,1.2,0.13
7.13,7.93,0.7,0.11,7.600263157894737,8.51460361613351,1.2015277777777782,0.1254965034965034,7.89,10.0,1.2,0.13,7.63,8.51460361613351,1.0,0.1
7.11,7.28,0.8,0.17,7.89,10.0,1.2,0.13,7.63,8.51460361613351,1.0,0.1,7.35,8.51460361613351,0.9,0.09
7.17,6.71,1.4,0.23,7.63,8.51460361613351,1.0,0.1,7.35,8.51460361613351,0.9,0.09,7.13,6.3,1.0,0.1
7.23,8.04,0.7,0.17,7.35,8.51460361613351,0.9,0.09,7.13,6.3,1.0,0.1,7.01,6.24,1.0,0.11
7.34,8.03,0.9,0.1,7.13,6.3,1.0,0.1,7.01,6.24,1.0,0.11,7.13,7.93,0.7,0.11
7.16,7.39,0.8,0.08,7.01,6.24,1.0,0.11,7.13,7.93,0.7,0.11,7.11,7.28,0.8,0.17
7.38,8.12,2.0,0.05,7.13,7.93,0.7,0.11,7.11,7.28,0.8,0.17,7.17,6.71,1.4,0.23
7.5,8.33,0.5,0.06,7.11,7.28,0.8,0.17,7.17,6.71,1.4,0.23,7.23,8.04,0.7,0.17
7.08,7.55,1.3,0.07,7.17,6.71,1.4,0.23,7.23,8.04,0.7,0.17,7.34,8.03,0.9,0.1
7.31,7.51,0.4,0.07,7.23,8.04,0.7,0.17,7.34,8.03,0.9,0.1,7.16,7.39,0.8,0.08
7.5,7.71,0.4,0.04,7.34,8.03,0.9,0.1,7.16,7.39,0.8,0.08,7.38,8.12,2.0,0.05
7.54,7.81,0.4,0.13,7.16,7.39,0.8,0.08,7.38,8.12,2.0,0.05,7.5,8.33,0.5,0.06
7.67,8.14,1.2015277777777782,0.06,7.38,8.12,2.0,0.05,7.5,8.33,0.5,0.06,7.08,7.55,1.3,0.07
7.63,9.08,1.3,0.05,7.5,8.33,0.5,0.06,7.08,7.55,1.3,0.07,7.31,7.51,0.4,0.07
7.72,10.7,1.4,0.07,7.08,7.55,1.3,0.07,7.31,7.51,0.4,0.07,7.5,7.71,0.4,0.04
7.7,8.52,1.4,0.18,7.31,7.51,0.4,0.07,7.5,7.71,0.4,0.04,7.54,7.81,0.4,0.13
7.75,7.72,1.5,0.24,7.5,7.71,0.4,0.04,7.54,7.81,0.4,0.13,7.67,8.14,1.2015277777777782,0.06
7.81,8.23,1.5,0.18,7.54,7.81,0.4,0.13,7.67,8.14,1.2015277777777782,0.06,7.63,9.08,1.3,0.05
7.82,8.16,1.5,0.11,7.67,8.14,1.2015277777777782,0.06,7.63,9.08,1.3,0.05,7.72,10.7,1.4,0.07
8.1,8.53,1.5,0.1,7.63,9.08,1.3,0.05,7.72,10.7,1.4,0.07,7.7,8.52,1.4,0.18
7.82,8.82,1.2,0.11,7.72,10.7,1.4,0.07,7.7,8.52,1.4,0.18,7.75,7.72,1.5,0.24
7.88,8.44,1.3,0.1,7.7,8.52,1.4,0.18,7.75,7.72,1.5,0.24,7.81,8.23,1.5,0.18
7.87,8.3,0.8,0.14,7.75,7.72,1.5,0.24,7.81,8.23,1.5,0.18,7.82,8.16,1.5,0.11
7.91,8.87,0.3,0.21,7.81,8.23,1.5,0.18,7.82,8.16,1.5,0.11,8.1,8.53,1.5,0.1
7.88,9.17,0.5,0.14,7.82,8.16,1.5,0.11,8.1,8.53,1.5,0.1,7.82,8.82,1.2,0.11
7.81,9.9,0.7,0.13,8.1,8.53,1.5,0.1,7.82,8.82,1.2,0.11,7.88,8.44,1.3,0.1
7.37,10.2,1.5,0.14,7.82,8.82,1.2,0.11,7.88,8.44,1.3,0.1,7.87,8.3,0.8,0.14
7.0,9.92,1.9,0.14,7.88,8.44,1.3,0.1,7.87,8.3,0.8,0.14,7.91,8.87,0.3,0.21
7.29,11.2,1.4,0.18,7.87,8.3,0.8,0.14,7.91,8.87,0.3,0.21,7.88,9.17,0.5,0.14
7.29,12.0,1.3,0.16,7.91,8.87,0.3,0.21,7.88,9.17,0.5,0.14,7.81,9.9,0.7,0.13
7.5,11.1,1.3,0.14,7.88,9.17,0.5,0.14,7.81,9.9,0.7,0.13,7.37,10.2,1.5,0.14
7.52,10.7,1.3,0.16,7.81,9.9,0.7,0.13,7.37,10.2,1.5,0.14,7.0,9.92,1.9,0.14
6.94,10.6,1.3,0.15,7.37,10.2,1.5,0.14,7.0,9.92,1.9,0.14,7.29,11.2,1.4,0.18
7.27,11.1,1.2,0.13,7.0,9.92,1.9,0.14,7.29,11.2,1.4,0.18,7.29,12.0,1.3,0.16
7.39,11.0,1.1,0.13,7.29,11.2,1.4,0.18,7.29,12.0,1.3,0.16,7.5,11.1,1.3,0.14
7.51,10.7,1.3,0.1,7.29,12.0,1.3,0.16,7.5,11.1,1.3,0.14,7.52,10.7,1.3,0.16
7.54,10.3,1.4,0.08,7.5,11.1,1.3,0.14,7.52,10.7,1.3,0.16,6.94,10.6,1.3,0.15
7.42,9.56,1.4,0.11,7.52,10.7,1.3,0.16,6.94,10.6,1.3,0.15,7.27,11.1,1.2,0.13
7.43,10.8,1.2,0.14,6.94,10.6,1.3,0.15,7.27,11.1,1.2,0.13,7.39,11.0,1.1,0.13
7.44,10.6,1.3,0.14,7.27,11.1,1.2,0.13,7.39,11.0,1.1,0.13,7.51,10.7,1.3,0.1
7.2,9.58,1.3,0.13,7.39,11.0,1.1,0.13,7.51,10.7,1.3,0.1,7.54,10.3,1.4,0.08
7.93,10.3,1.4,0.14,7.51,10.7,1.3,0.1,7.54,10.3,1.4,0.08,7.42,9.56,1.4,0.11
7.52,8.93,1.4,0.13,7.54,10.3,1.4,0.08,7.42,9.56,1.4,0.11,7.43,10.8,1.2,0.14
7.21,8.4,1.5,0.14,7.42,9.56,1.4,0.11,7.43,10.8,1.2,0.14,7.44,10.6,1.3,0.14
7.05,8.11,2.1,0.16,7.43,10.8,1.2,0.14,7.44,10.6,1.3,0.14,7.2,9.58,1.3,0.13
7.01,8.43,2.3,0.15,7.44,10.6,1.3,0.14,7.2,9.58,1.3,0.13,7.93,10.3,1.4,0.14
6.93,9.4,1.3,0.15,7.2,9.58,1.3,0.13,7.93,10.3,1.4,0.14,7.52,8.93,1.4,0.13
7.06,8.86,1.4,0.13,7.93,10.3,1.4,0.14,7.52,8.93,1.4,0.13,7.21,8.4,1.5,0.14
7.27,9.18,2.0,0.13,7.52,8.93,1.4,0.13,7.21,8.4,1.5,0.14,7.05,8.11,2.1,0.16
7.04,9.84,2.1,0.16,7.21,8.4,1.5,0.14,7.05,8.11,2.1,0.16,7.01,8.43,2.3,0.15
7.03,8.52,2.3,0.17,7.05,8.11,2.1,0.16,7.01,8.43,2.3,0.15,6.93,9.4,1.3,0.15
6.99,7.22,1.6,0.17,7.01,8.43,2.3,0.15,6.93,9.4,1.3,0.15,7.06,8.86,1.4,0.13
7.09,7.57,1.1,0.11,6.93,9.4,1.3,0.15,7.06,8.86,1.4,0.13,7.27,9.18,2.0,0.13
7.07,7.35,1.2,0.1,7.06,8.86,1.4,0.13,7.27,9.18,2.0,0.13,7.04,9.84,2.1,0.16
7.22,7.56,1.0,0.09,7.27,9.18,2.0,0.13,7.04,9.84,2.1,0.16,7.03,8.52,2.3,0.17
7.12,7.82,0.9,0.1,7.04,9.84,2.1,0.16,7.03,8.52,2.3,0.17,6.99,7.22,1.6,0.17
7.28,7.87,0.6,0.12,7.03,8.52,2.3,0.17,6.99,7.22,1.6,0.17,7.09,7.57,1.1,0.11
7.29,7.32,0.8,0.1,6.99,7.22,1.6,0.17,7.09,7.57,1.1,0.11,7.07,7.35,1.2,0.1
7.25,7.59,0.7,0.16,7.09,7.57,1.1,0.11,7.07,7.35,1.2,0.1,7.22,7.56,1.0,0.09
7.79,7.67,0.7,0.23,7.07,7.35,1.2,0.1,7.22,7.56,1.0,0.09,7.12,7.82,0.9,0.1
7.76,7.86,0.8,0.15,7.22,7.56,1.0,0.09,7.12,7.82,0.9,0.1,7.28,7.87,0.6,0.12
7.67,7.86,0.8,0.1,7.12,7.82,0.9,0.1,7.28,7.87,0.6,0.12,7.29,7.32,0.8,0.1
7.63,7.11,0.8,0.16,7.28,7.87,0.6,0.12,7.29,7.32,0.8,0.1,7.25,7.59,0.7,0.16
7.6,7.12,0.9,0.33,7.29,7.32,0.8,0.1,7.25,7.59,0.7,0.16,7.79,7.67,0.7,0.23
7.55,6.76,0.8,0.23,7.25,7.59,0.7,0.16,7.79,7.67,0.7,0.23,7.76,7.86,0.8,0.15
7.49,6.95,1.1,0.22,7.79,7.67,0.7,0.23,7.76,7.86,0.8,0.15,7.67,7.86,0.8,0.1
7.58,7.83,1.1,0.15,7.76,7.86,0.8,0.15,7.67,7.86,0.8,0.1,7.63,7.11,0.8,0.16
7.67,8.82,0.8,0.13,7.67,7.86,0.8,0.1,7.63,7.11,0.8,0.16,7.6,7.12,0.9,0.33
7.93,8.65,0.9,0.15,7.63,7.11,0.8,0.16,7.6,7.12,0.9,0.33,7.55,6.76,0.8,0.23
8.03,7.9,0.8,0.13,7.6,7.12,0.9,0.33,7.55,6.76,0.8,0.23,7.49,6.95,1.1,0.22
7.9,7.94,1.3,0.09,7.55,6.76,0.8,0.23,7.49,6.95,1.1,0.22,7.58,7.83,1.1,0.15
7.77,7.83,1.4,0.12,7.49,6.95,1.1,0.22,7.58,7.83,1.1,0.15,7.67,8.82,0.8,0.13
7.76,8.04,1.1,0.15,7.58,7.83,1.1,0.15,7.67,8.82,0.8,0.13,7.93,8.65,0.9,0.15
7.94,8.16,1.3,0.05,7.67,8.82,0.8,0.13,7.93,8.65,0.9,0.15,8.03,7.9,0.8,0.13
7.72,8.71,1.1,0.04,7.93,8.65,0.9,0.15,8.03,7.9,0.8,0.13,7.9,7.94,1.3,0.09
7.92,9.34,1.2,0.04,8.03,7.9,0.8,0.13,7.9,7.94,1.3,0.09,7.77,7.83,1.4,0.12
8.08,9.87,1.2,0.04,7.9,7.94,1.3,0.09,7.77,7.83,1.4,0.12,7.76,8.04,1.1,0.15
7.43,9.89,1.5,0.17,7.77,7.83,1.4,0.12,7.76,8.04,1.1,0.15,7.94,8.16,1.3,0.05
7.7,10.2,1.4,0.13,7.76,8.04,1.1,0.15,7.94,8.16,1.3,0.05,7.72,8.71,1.1,0.04
7.93,8.88,1.3,0.12,7.94,8.16,1.3,0.05,7.72,8.71,1.1,0.04,7.92,9.34,1.2,0.04
8.32,9.25,1.2,0.12,7.72,8.71,1.1,0.04,7.92,9.34,1.2,0.04,8.08,9.87,1.2,0.04
8.32,8.94,1.1,0.07,7.92,9.34,1.2,0.04,8.08,9.87,1.2,0.04,7.43,9.89,1.5,0.17
7.72,8.96,1.3,0.11,8.08,9.87,1.2,0.04,7.43,9.89,1.5,0.17,7.7,10.2,1.4,0.13
7.79,9.93,1.3,0.1,7.43,9.89,1.5,0.17,7.7,10.2,1.4,0.13,7.93,8.88,1.3,0.12
8.12,10.1,1.1,0.13,7.7,10.2,1.4,0.13,7.93,8.88,1.3,0.12,8.32,9.25,1.2,0.12
7.95,9.1,1.0,0.17,7.93,8.88,1.3,0.12,8.32,9.25,1.2,0.12,8.32,8.94,1.1,0.07
8.0,10.4,1.1,0.15,8.32,9.25,1.2,0.12,8.32,8.94,1.1,0.07,7.72,8.96,1.3,0.11
8.33,11.2,1.2,0.15,8.32,8.94,1.1,0.07,7.72,8.96,1.3,0.11,7.79,9.93,1.3,0.1
8.05,10.9,1.2,0.15,7.72,8.96,1.3,0.11,7.79,9.93,1.3,0.1,8.12,10.1,1.1,0.13
7.67,10.1,1.3,0.11,7.79,9.93,1.3,0.1,8.12,10.1,1.1,0.13,7.95,9.1,1.0,0.17
6.73,10.4,1.3,0.1,8.12,10.1,1.1,0.13,7.95,9.1,1.0,0.17,8.0,10.4,1.1,0.15
6.42,11.9,1.1,0.06,7.95,9.1,1.0,0.17,8.0,10.4,1.1,0.15,8.33,11.2,1.2,0.15
6.72,11.3,1.4,0.17,8.0,10.4,1.1,0.15,8.33,11.2,1.2,0.15,8.05,10.9,1.2,0.15
6.67,11.0,1.3,0.21,8.33,11.2,1.2,0.15,8.05,10.9,1.2,0.15,7.67,10.1,1.3,0.11
6.77,11.3,1.2,0.19,8.05,10.9,1.2,0.15,7.67,10.1,1.3,0.11,6.73,10.4,1.3,0.1
6.72,11.8,1.2,0.15,7.67,10.1,1.3,0.11,6.73,10.4,1.3,0.1,6.42,11.9,1.1,0.06
6.7,11.9,1.3,0.14,6.73,10.4,1.3,0.1,6.42,11.9,1.1,0.06,6.72,11.3,1.4,0.17
6.62,10.6,1.9,0.19,6.42,11.9,1.1,0.06,6.72,11.3,1.4,0.17,6.67,11.0,1.3,0.21
6.58,11.2,2.0,0.17,6.72,11.3,1.4,0.17,6.67,11.0,1.3,0.21,6.77,11.3,1.2,0.19
6.52,8.02,1.5,0.26,6.67,11.0,1.3,0.21,6.77,11.3,1.2,0.19,6.72,11.8,1.2,0.15
6.61,7.92,1.3,0.2,6.77,11.3,1.2,0.19,6.72,11.8,1.2,0.15,6.7,11.9,1.3,0.14
6.61,8.13,0.9,0.17,6.72,11.8,1.2,0.15,6.7,11.9,1.3,0.14,6.62,10.6,1.9,0.19
6.7,7.98,1.6,0.18,6.7,11.9,1.3,0.14,6.62,10.6,1.9,0.19,6.58,11.2,2.0,0.17
6.45,7.86,1.4,0.16,6.62,10.6,1.9,0.19,6.58,11.2,2.0,0.17,6.52,8.02,1.5,0.26
6.2,7.62,1.3,0.16,6.58,11.2,2.0,0.17,6.52,8.02,1.5,0.26,6.61,7.92,1.3,0.2
6.52,7.69,1.4,0.14,6.52,8.02,1.5,0.26,6.61,7.92,1.3,0.2,6.61,8.13,0.9,0.17
6.23,7.07,1.9,0.13,6.61,7.92,1.3,0.2,6.61,8.13,0.9,0.17,6.7,7.98,1.6,0.18
6.32,7.53,0.9,0.13,6.61,8.13,0.9,0.17,6.7,7.98,1.6,0.18,6.45,7.86,1.4,0.16
6.23,7.89,1.7,0.16,6.7,7.98,1.6,0.18,6.45,7.86,1.4,0.16,6.2,7.62,1.3,0.16
6.18,7.61,1.4,0.14,6.45,7.86,1.4,0.16,6.2,7.62,1.3,0.16,6.52,7.69,1.4,0.14
6.26,7.6,1.7,0.14,6.2,7.62,1.3,0.16,6.52,7.69,1.4,0.14,6.23,7.07,1.9,0.13
6.27,7.84,1.4,0.11,6.52,7.69,1.4,0.14,6.23,7.07,1.9,0.13,6.32,7.53,0.9,0.13
6.44,8.48,1.2,0.09,6.23,7.07,1.9,0.13,6.32,7.53,0.9,0.13,6.23,7.89,1.7,0.16
6.62,8.91,0.8,0.18,6.32,7.53,0.9,0.13,6.23,7.89,1.7,0.16,6.18,7.61,1.4,0.14
6.63,8.78,1.4,0.03,6.23,7.89,1.7,0.16,6.18,7.61,1.4,0.14,6.26,7.6,1.7,0.14
6.49,7.22,1.3,0.13,6.18,7.61,1.4,0.14,6.26,7.6,1.7,0.14,6.27,7.84,1.4,0.11
6.44,7.68,1.4,0.1,6.26,7.6,1.7,0.14,6.27,7.84,1.4,0.11,6.44,8.48,1.2,0.09
7.28,7.99,1.9,0.17,6.27,7.84,1.4,0.11,6.44,8.48,1.2,0.09,6.62,8.91,0.8,0.18
8.45,8.34,1.6,0.16,6.44,8.48,1.2,0.09,6.62,8.91,0.8,0.18,6.63,8.78,1.4,0.03
8.45,7.76,1.7,0.25,6.62,8.91,0.8,0.18,6.63,8.78,1.4,0.03,6.49,7.22,1.3,0.13
8.25,8.76,1.7,0.27,6.63,8.78,1.4,0.03,6.49,7.22,1.3,0.13,6.44,7.68,1.4,0.1
7.65,8.01,1.3,0.22,6.49,7.22,1.3,0.13,6.44,7.68,1.4,0.1,7.28,7.99,1.9,0.17
7.5,9.63,1.1,0.41,6.44,7.68,1.4,0.1,7.28,7.99,1.9,0.17,8.45,8.34,1.6,0.16
7.53,8.39,1.2,0.45,7.28,7.99,1.9,0.17,8.45,8.34,1.6,0.16,8.45,7.76,1.7,0.25
7.4,8.21,1.0,0.32,8.45,8.34,1.6,0.16,8.45,7.76,1.7,0.25,8.25,8.76,1.7,0.27
7.88,8.71,1.0,0.33,8.45,7.76,1.7,0.25,8.25,8.76,1.7,0.27,7.65,8.01,1.3,0.22
7.79,8.35,1.1,0.08,8.25,8.76,1.7,0.27,7.65,8.01,1.3,0.22,7.5,9.63,1.1,0.41
7.73,8.74,1.1,0.12,7.65,8.01,1.3,0.22,7.5,9.63,1.1,0.41,7.53,8.39,1.2,0.45
7.53,8.51,1.2,0.09,7.5,9.63,1.1,0.41,7.53,8.39,1.2,0.45,7.4,8.21,1.0,0.32
7.52,9.57,1.5,0.09,7.53,8.39,1.2,0.45,7.4,8.21,1.0,0.32,7.88,8.71,1.0,0.33
7.85,9.25,1.4,0.17,7.4,8.21,1.0,0.32,7.88,8.71,1.0,0.33,7.79,8.35,1.1,0.08
7.92,8.68,1.4,0.24,7.88,8.71,1.0,0.33,7.79,8.35,1.1,0.08,7.73,8.74,1.1,0.12
7.84,8.79,1.2,0.21,7.79,8.35,1.1,0.08,7.73,8.74,1.1,0.12,7.53,8.51,1.2,0.09
7.81,9.48,1.0,0.17,7.73,8.74,1.1,0.12,7.53,8.51,1.2,0.09,7.52,9.57,1.5,0.09
7.65,10.3,0.8,0.26,7.53,8.51,1.2,0.09,7.52,9.57,1.5,0.09,7.85,9.25,1.4,0.17
7.47,10.2,0.8,0.3,7.52,9.57,1.5,0.09,7.85,9.25,1.4,0.17,7.92,8.68,1.4,0.24
7.39,11.1,0.7,0.23,7.85,9.25,1.4,0.17,7.92,8.68,1.4,0.24,7.84,8.79,1.2,0.21
7.72,10.3,0.8,0.28,7.92,8.68,1.4,0.24,7.84,8.79,1.2,0.21,7.81,9.48,1.0,0.17
7.74,11.2,1.0,0.35,7.84,8.79,1.2,0.21,7.81,9.48,1.0,0.17,7.65,10.3,0.8,0.26
7.94,10.8,0.7,0.26,7.81,9.48,1.0,0.17,7.65,10.3,0.8,0.26,7.47,10.2,0.8,0.3
8.03,11.9,1.0,0.24,7.65,10.3,0.8,0.26,7.47,10.2,0.8,0.3,7.39,11.1,0.7,0.23
8.09,11.9,1.0,0.17,7.47,10.2,0.8,0.3,7.39,11.1,0.7,0.23,7.72,10.3,0.8,0.28
8.18,11.9,1.1,0.19,7.39,11.1,0.7,0.23,7.72,10.3,0.8,0.28,7.74,11.2,1.0,0.35
8.01,11.8,1.4,0.11,7.72,10.3,0.8,0.28,7.74,11.2,1.0,0.35,7.94,10.8,0.7,0.26
7.77,12.1,1.5,0.13,7.74,11.2,1.0,0.35,7.94,10.8,0.7,0.26,8.03,11.9,1.0,0.24
7.47,13.5,1.1,0.19,7.94,10.8,0.7,0.26,8.03,11.9,1.0,0.24,8.09,11.9,1.0,0.17
7.18,12.4,1.1,0.2,8.03,11.9,1.0,0.24,8.09,11.9,1.0,0.17,8.18,11.9,1.1,0.19
7.19,8.28,1.2,0.19,8.09,11.9,1.0,0.17,8.18,11.9,1.1,0.19,8.01,11.8,1.4,0.11
6.71,7.94,1.1,0.13,8.18,11.9,1.1,0.19,8.01,11.8,1.4,0.11,7.77,12.1,1.5,0.13
6.58,8.27,0.8,0.11,8.01,11.8,1.4,0.11,7.77,12.1,1.5,0.13,7.47,13.5,1.1,0.19
6.74,8.62,1.0,0.26,7.77,12.1,1.5,0.13,7.47,13.5,1.1,0.19,7.18,12.4,1.1,0.2
7.03,8.29,1.3,0.18,7.47,13.5,1.1,0.19,7.18,12.4,1.1,0.2,7.19,8.28,1.2,0.19
6.78,7.44,2.2,0.22,7.18,12.4,1.1,0.2,7.19,8.28,1.2,0.19,6.71,7.94,1.1,0.13
6.85,7.32,2.1,0.08,7.19,8.28,1.2,0.19,6.71,7.94,1.1,0.13,6.58,8.27,0.8,0.11
6.81,7.03,2.4,0.15,6.71,7.94,1.1,0.13,6.58,8.27,0.8,0.11,6.74,8.62,1.0,0.26
7.0,7.31,3.1,0.14,6.58,8.27,0.8,0.11,6.74,8.62,1.0,0.26,7.03,8.29,1.3,0.18
7.03,7.4,1.4,0.17,6.74,8.62,1.0,0.26,7.03,8.29,1.3,0.18,6.78,7.44,2.2,0.22
7.22,7.7,0.7,0.18,7.03,8.29,1.3,0.18,6.78,7.44,2.2,0.22,6.85,7.32,2.1,0.08
7.24,7.96,0.6,0.11,6.78,7.44,2.2,0.22,6.85,7.32,2.1,0.08,6.81,7.03,2.4,0.15
7.51,8.06,1.1,0.26,6.85,7.32,2.1,0.08,6.81,7.03,2.4,0.15,7.0,7.31,3.1,0.14
7.47,7.89,0.9,0.13,6.81,7.03,2.4,0.15,7.0,7.31,3.1,0.14,7.03,7.4,1.4,0.17
7.49,7.83,0.4,0.24,7.0,7.31,3.1,0.14,7.03,7.4,1.4,0.17,7.22,7.7,0.7,0.18
6.94,8.31,1.1,0.46,7.03,7.4,1.4,0.17,7.22,7.7,0.7,0.18,7.24,7.96,0.6,0.11
7.07,7.72,0.4,0.16,7.22,7.7,0.7,0.18,7.24,7.96,0.6,0.11,7.51,8.06,1.1,0.26
7.3,7.2,1.3,0.1,7.24,7.96,0.6,0.11,7.51,8.06,1.1,0.26,7.47,7.89,0.9,0.13
7.17,7.59,0.8,0.17,7.51,8.06,1.1,0.26,7.47,7.89,0.9,0.13,7.49,7.83,0.4,0.24
6.88,7.61,0.8,0.13,7.47,7.89,0.9,0.13,7.49,7.83,0.4,0.24,6.94,8.31,1.1,0.46
7.04,7.7,1.2,0.05,7.49,7.83,0.4,0.24,6.94,8.31,1.1,0.46,7.07,7.72,0.4,0.16
7.16,7.66,1.4,0.05,6.94,8.31,1.1,0.46,7.07,7.72,0.4,0.16,7.3,7.2,1.3,0.1
6.34,7.49,1.5,0.1,7.07,7.72,0.4,0.16,7.3,7.2,1.3,0.1,7.17,7.59,0.8,0.17
6.56,8.02,0.7,0.12,7.3,7.2,1.3,0.1,7.17,7.59,0.8,0.17,6.88,7.61,0.8,0.13
7.0,7.75,1.0,0.3,7.17,7.59,0.8,0.17,6.88,7.61,0.8,0.13,7.04,7.7,1.2,0.05
7.03,8.62,1.1,0.17,6.88,7.61,0.8,0.13,7.04,7.7,1.2,0.05,7.16,7.66,1.4,0.05
7.14,9.25,1.1,0.19,7.04,7.7,1.2,0.05,7.16,7.66,1.4,0.05,6.34,7.49,1.5,0.1
7.19,9.08,0.9,0.19,7.16,7.66,1.4,0.05,6.34,7.49,1.5,0.1,6.56,8.02,0.7,0.12
7.14,7.16,0.2,0.14,6.34,7.49,1.5,0.1,6.56,8.02,0.7,0.12,7.0,7.75,1.0,0.3
8.04,10.0,0.9,0.28,6.56,8.02,0.7,0.12,7.0,7.75,1.0,0.3,7.03,8.62,1.1,0.17
7.67,8.41,0.5,0.21,7.0,7.75,1.0,0.3,7.03,8.62,1.1,0.17,7.14,9.25,1.1,0.19
7.61,7.9,0.5,0.12,7.03,8.62,1.1,0.17,7.14,9.25,1.1,0.19,7.19,9.08,0.9,0.19
7.77,7.88,1.7,0.16,7.14,9.25,1.1,0.19,7.19,9.08,0.9,0.19,7.14,7.16,0.2,0.14
7.71,7.97,1.2,0.22,7.19,9.08,0.9,0.19,7.14,7.16,0.2,0.14,8.04,10.0,0.9,0.28
7.54,7.72,0.5,0.19,7.14,7.16,0.2,0.14,8.04,10.0,0.9,0.28,7.67,8.41,0.5,0.21
7.49,7.95,0.9,0.22,8.04,10.0,0.9,0.28,7.67,8.41,0.5,0.21,7.61,7.9,0.5,0.12
7.5,8.55,1.2,0.12,7.67,8.41,0.5,0.21,7.61,7.9,0.5,0.12,7.77,7.88,1.7,0.16
7.83,8.11,1.4,0.26,7.61,7.9,0.5,0.12,7.77,7.88,1.7,0.16,7.71,7.97,1.2,0.22
8.14,8.55,1.4,0.16,7.77,7.88,1.7,0.16,7.71,7.97,1.2,0.22,7.54,7.72,0.5,0.19
8.26,8.0,2.3,0.13,7.71,7.97,1.2,0.22,7.54,7.72,0.5,0.19,7.49,7.95,0.9,0.22
8.25,8.2,1.8,0.08,7.54,7.72,0.5,0.19,7.49,7.95,0.9,0.22,7.5,8.55,1.2,0.12
8.2,8.03,1.6,0.16,7.49,7.95,0.9,0.22,7.5,8.55,1.2,0.12,7.83,8.11,1.4,0.26
8.08,8.17,1.2,0.14,7.5,8.55,1.2,0.12,7.83,8.11,1.4,0.26,8.14,8.55,1.4,0.16
8.22,8.42,0.9,0.18,7.83,8.11,1.4,0.26,8.14,8.55,1.4,0.16,8.26,8.0,2.3,0.13
8.44,8.67,0.9,0.19,8.14,8.55,1.4,0.16,8.26,8.0,2.3,0.13,8.25,8.2,1.8,0.08
8.13,8.78,0.9,0.21,8.26,8.0,2.3,0.13,8.25,8.2,1.8,0.08,8.2,8.03,1.6,0.16
8.01,8.84,1.6,0.15,8.25,8.2,1.8,0.08,8.2,8.03,1.6,0.16,8.08,8.17,1.2,0.14
7.5,9.65,1.4,0.16,8.2,8.03,1.6,0.16,8.08,8.17,1.2,0.14,8.22,8.42,0.9,0.18
6.78,8.71,1.7,0.14,8.08,8.17,1.2,0.14,8.22,8.42,0.9,0.18,8.44,8.67,0.9,0.19
6.75,8.31,1.4,0.18,8.22,8.42,0.9,0.18,8.44,8.67,0.9,0.19,8.13,8.78,0.9,0.21
6.71,8.29,1.7,0.18,8.44,8.67,0.9,0.19,8.13,8.78,0.9,0.21,8.01,8.84,1.6,0.15
6.67,8.11,1.7,0.11,8.13,8.78,0.9,0.21,8.01,8.84,1.6,0.15,7.5,9.65,1.4,0.16
6.64,8.37,1.7,0.11,8.01,8.84,1.6,0.15,7.5,9.65,1.4,0.16,6.78,8.71,1.7,0.14
6.65,8.04,1.4,0.21,7.5,9.65,1.4,0.16,6.78,8.71,1.7,0.14,6.75,8.31,1.4,0.18
6.65,7.99,1.3,0.15,6.78,8.71,1.7,0.14,6.75,8.31,1.4,0.18,6.71,8.29,1.7,0.18
6.67,7.71,1.0,0.43,6.75,8.31,1.4,0.18,6.71,8.29,1.7,0.18,6.67,8.11,1.7,0.11
6.7,8.0,1.4,0.1254965034965034,6.71,8.29,1.7,0.18,6.67,8.11,1.7,0.11,6.64,8.37,1.7,0.11
6.69,7.45,1.5,0.1254965034965034,6.67,8.11,1.7,0.11,6.64,8.37,1.7,0.11,6.65,8.04,1.4,0.21
6.7,8.65,1.1,0.1254965034965034,6.64,8.37,1.7,0.11,6.65,8.04,1.4,0.21,6.65,7.99,1.3,0.15
6.71,8.05,0.7,0.1254965034965034,6.65,8.04,1.4,0.21,6.65,7.99,1.3,0.15,6.67,7.71,1.0,0.43
6.7,7.88,0.6,0.11,6.65,7.99,1.3,0.15,6.67,7.71,1.0,0.43,6.7,8.0,1.4,0.1254965034965034
7.04,7.66,1.2,0.23,6.67,7.71,1.0,0.43,6.7,8.0,1.4,0.1254965034965034,6.69,7.45,1.5,0.1254965034965034
7.76,6.79,1.9,0.18,6.7,8.0,1.4,0.1254965034965034,6.69,7.45,1.5,0.1254965034965034,6.7,8.65,1.1,0.1254965034965034
7.78,6.86,1.9,0.22,6.69,7.45,1.5,0.1254965034965034,6.7,8.65,1.1,0.1254965034965034,6.71,8.05,0.7,0.1254965034965034
7.89,7.56,0.5,0.24,6.7,8.65,1.1,0.1254965034965034,6.71,8.05,0.7,0.1254965034965034,6.7,7.88,0.6,0.11
7.84,7.41,1.2,0.24,6.71,8.05,0.7,0.1254965034965034,6.7,7.88,0.6,0.11,7.04,7.66,1.2,0.23
7.600263157894737,8.51460361613351,1.2015277777777782,0.1254965034965034,6.7,7.88,0.6,0.11,7.04,7.66,1.2,0.23,7.76,6.79,1.9,0.18
7.600263157894737,8.51460361613351,1.2015277777777782,0.1254965034965034,7.04,7.66,1.2,0.23,7.76,6.79,1.9,0.18,7.78,6.86,1.9,0.22
6.97,8.51460361613351,1.2015277777777782,0.21,7.76,6.79,1.9,0.18,7.78,6.86,1.9,0.22,7.89,7.56,0.5,0.24
6.86,4.45,6.8,0.26,7.78,6.86,1.9,0.22,7.89,7.56,0.5,0.24,7.84,7.41,1.2,0.24
6.47,7.32,2.4,0.24,7.89,7.56,0.5,0.24,7.84,7.41,1.2,0.24,7.600263157894737,8.51460361613351,1.2015277777777782,0.1254965034965034
6.96,5.53,2.6,0.27,7.84,7.41,1.2,0.24,7.600263157894737,8.51460361613351,1.2015277777777782,0.1254965034965034,7.600263157894737,8.51460361613351,1.2015277777777782,0.1254965034965034
7.51,5.65,1.8,0.22,7.600263157894737,8.51460361613351,1.2015277777777782,0.1254965034965034,7.600263157894737,8.51460361613351,1.2015277777777782,0.1254965034965034,6.97,8.51460361613351,1.2015277777777782,0.21
7.33,5.04,2.0,0.21,7.600263157894737,8.51460361613351,1.2015277777777782,0.1254965034965034,6.97,8.51460361613351,1.2015277777777782,0.21,6.86,4.45,6.8,0.26
7.6,5.65,2.1,0.18,6.97,8.51460361613351,1.2015277777777782,0.21,6.86,4.45,6.8,0.26,6.47,7.32,2.4,0.24
7.55,5.83,2.1,0.18,6.86,4.45,6.8,0.26,6.47,7.32,2.4,0.24,6.96,5.53,2.6,0.27
7.55,6.72,2.1,0.19,6.47,7.32,2.4,0.24,6.96,5.53,2.6,0.27,7.51,5.65,1.8,0.22
7.6,6.52,2.0,0.2,6.96,5.53,2.6,0.27,7.51,5.65,1.8,0.22,7.33,5.04,2.0,0.21
7.72,6.62,2.7,0.19,7.51,5.65,1.8,0.22,7.33,5.04,2.0,0.21,7.6,5.65,2.1,0.18
8.07,6.95,2.0,0.19,7.33,5.04,2.0,0.21,7.6,5.65,2.1,0.18,7.55,5.83,2.1,0.18
7.76,6.47,1.5,0.2,7.6,5.65,2.1,0.18,7.55,5.83,2.1,0.18,7.55,6.72,2.1,0.19
7.68,6.85,1.3,0.2,7.55,5.83,2.1,0.18,7.55,6.72,2.1,0.19,7.6,6.52,2.0,0.2
8.01,6.85,1.3,0.21,7.55,6.72,2.1,0.19,7.6,6.52,2.0,0.2,7.72,6.62,2.7,0.19
7.79,6.45,1.1,0.2,7.6,6.52,2.0,0.2,7.72,6.62,2.7,0.19,8.07,6.95,2.0,0.19
7.75,6.53,1.6,0.33,7.72,6.62,2.7,0.19,8.07,6.95,2.0,0.19,7.76,6.47,1.5,0.2
8.02,7.7,1.4,0.21,8.07,6.95,2.0,0.19,7.76,6.47,1.5,0.2,7.68,6.85,1.3,0.2
7.67,7.81,2.1,0.19,7.76,6.47,1.5,0.2,7.68,6.85,1.3,0.2,8.01,6.85,1.3,0.21
7.57,7.17,2.6,0.22,7.68,6.85,1.3,0.2,8.01,6.85,1.3,0.21,7.79,6.45,1.1,0.2
7.9,7.58,1.6,0.09,8.01,6.85,1.3,0.21,7.79,6.45,1.1,0.2,7.75,6.53,1.6,0.33
8.14,10.3,1.2,0.28,7.79,6.45,1.1,0.2,7.75,6.53,1.6,0.33,8.02,7.7,1.4,0.21
8.39,10.5,1.1,0.06,7.75,6.53,1.6,0.33,8.02,7.7,1.4,0.21,7.67,7.81,2.1,0.19
7.600263157894737,8.51460361613351,1.2015277777777782,0.1254965034965034,8.02,7.7,1.4,0.21,7.67,7.81,2.1,0.19,7.57,7.17,2.6,0.22
7.88,9.61,2.0,0.09,7.67,7.81,2.1,0.19,7.57,7.17,2.6,0.22,7.9,7.58,1.6,0.09
7.58,9.69,1.6,0.1,7.57,7.17,2.6,0.22,7.9,7.58,1.6,0.09,8.14,10.3,1.2,0.28
7.83,9.57,1.6,0.06,7.9,7.58,1.6,0.09,8.14,10.3,1.2,0.28,8.39,10.5,1.1,0.06
7.67,8.75,1.3,0.07,8.14,10.3,1.2,0.28,8.39,10.5,1.1,0.06,7.600263157894737,8.51460361613351,1.2015277777777782,0.1254965034965034
7.73,9.37,1.1,0.07,8.39,10.5,1.1,0.06,7.600263157894737,8.51460361613351,1.2015277777777782,0.1254965034965034,7.88,9.61,2.0,0.09
8.04,9.73,2.0,0.06,7.600263157894737,8.51460361613351,1.2015277777777782,0.1254965034965034,7.88,9.61,2.0,0.09,7.58,9.69,1.6,0.1
7.77,7.46,1.8,0.06,7.88,9.61,2.0,0.09,7.58,9.69,1.6,0.1,7.83,9.57,1.6,0.06
7.82,8.81,1.5,0.06,7.58,9.69,1.6,0.1,7.83,9.57,1.6,0.06,7.67,8.75,1.3,0.07
8.17,9.74,1.6,0.06,7.83,9.57,1.6,0.06,7.67,8.75,1.3,0.07,7.73,9.37,1.1,0.07
7.45,8.28,1.7,0.14,7.67,8.75,1.3,0.07,7.73,9.37,1.1,0.07,8.04,9.73,2.0,0.06
7.44,8.03,1.4,0.08,7.73,9.37,1.1,0.07,8.04,9.73,2.0,0.06,7.77,7.46,1.8,0.06
7.35,7.25,1.7,0.12,8.04,9.73,2.0,0.06,7.77,7.46,1.8,0.06,7.82,8.81,1.5,0.06
7.32,7.16,1.7,0.08,7.77,7.46,1.8,0.06,7.82,8.81,1.5,0.06,8.17,9.74,1.6,0.06
7.35,7.07,1.6,0.09,7.82,8.81,1.5,0.06,8.17,9.74,1.6,0.06,7.45,8.28,1.7,0.14
7.600263157894737,8.51460361613351,1.2015277777777782,0.1254965034965034,8.17,9.74,1.6,0.06,7.45,8.28,1.7,0.14,7.44,8.03,1.4,0.08
7.35,6.51,1.0,0.05,7.45,8.28,1.7,0.14,7.44,8.03,1.4,0.08,7.35,7.25,1.7,0.12
7.29,7.47,1.2,0.07,7.44,8.03,1.4,0.08,7.35,7.25,1.7,0.12,7.32,7.16,1.7,0.08
7.25,6.2,1.5,0.1,7.35,7.25,1.7,0.12,7.32,7.16,1.7,0.08,7.35,7.07,1.6,0.09
7.69,7.56,1.5,0.07,7.32,7.16,1.7,0.08,7.35,7.07,1.6,0.09,7.600263157894737,8.51460361613351,1.2015277777777782,0.1254965034965034
7.69,7.39,1.2,0.04,7.35,7.07,1.6,0.09,7.600263157894737,8.51460361613351,1.2015277777777782,0.1254965034965034,7.35,6.51,1.0,0.05
7.39,6.04,1.6,0.06,7.600263157894737,8.51460361613351,1.2015277777777782,0.1254965034965034,7.35,6.51,1.0,0.05,7.29,7.47,1.2,0.07
7.600263157894737,8.51460361613351,1.2015277777777782,0.1254965034965034,7.35,6.51,1.0,0.05,7.29,7.47,1.2,0.07,7.25,6.2,1.5,0.1
7.4,6.37,2.7,0.04,7.29,7.47,1.2,0.07,7.25,6.2,1.5,0.1,7.69,7.56,1.5,0.07
7.67,7.0,1.1,0.03,7.25,6.2,1.5,0.1,7.69,7.56,1.5,0.07,7.69,7.39,1.2,0.04
7.600263157894737,8.51460361613351,1.2015277777777782,0.1254965034965034,7.69,7.56,1.5,0.07,7.69,7.39,1.2,0.04,7.39,6.04,1.6,0.06
7.42,5.55,1.7,0.03,7.69,7.39,1.2,0.04,7.39,6.04,1.6,0.06,7.600263157894737,8.51460361613351,1.2015277777777782,0.1254965034965034
7.42,6.04,0.8,0.03,7.39,6.04,1.6,0.06,7.600263157894737,8.51460361613351,1.2015277777777782,0.1254965034965034,7.4,6.37,2.7,0.04
7.36,6.66,1.6,0.03,7.600263157894737,8.51460361613351,1.2015277777777782,0.1254965034965034,7.4,6.37,2.7,0.04,7.67,7.0,1.1,0.03
7.600263157894737,8.51460361613351,1.2015277777777782,0.1254965034965034,7.4,6.37,2.7,0.04,7.67,7.0,1.1,0.03,7.600263157894737,8.51460361613351,1.2015277777777782,0.1254965034965034
7.37,7.28,1.2,0.1254965034965034,7.67,7.0,1.1,0.03,7.600263157894737,8.51460361613351,1.2015277777777782,0.1254965034965034,7.42,5.55,1.7,0.03
7.48,6.02,0.9,0.04,7.600263157894737,8.51460361613351,1.2015277777777782,0.1254965034965034,7.42,5.55,1.7,0.03,7.42,6.04,0.8,0.03
7.600263157894737,8.51460361613351,1.2015277777777782,0.1254965034965034,7.42,5.55,1.7,0.03,7.42,6.04,0.8,0.03,7.36,6.66,1.6,0.03
7.600263157894737,8.51460361613351,1.2015277777777782,0.1254965034965034,7.42,6.04,0.8,0.03,7.36,6.66,1.6,0.03,7.600263157894737,8.51460361613351,1.2015277777777782,0.1254965034965034
7.600263157894737,8.51460361613351,1.2015277777777782,0.1254965034965034,7.36,6.66,1.6,0.03,7.600263157894737,8.51460361613351,1.2015277777777782,0.1254965034965034,7.37,7.28,1.2,0.1254965034965034
7.600263157894737,8.51460361613351,1.2015277777777782,0.1254965034965034,7.600263157894737,8.51460361613351,1.2015277777777782,0.1254965034965034,7.37,7.28,1.2,0.1254965034965034,7.48,6.02,0.9,0.04
7.600263157894737,8.51460361613351,1.2015277777777782,0.1254965034965034,7.37,7.28,1.2,0.1254965034965034,7.48,6.02,0.9,0.04,7.600263157894737,8.51460361613351,1.2015277777777782,0.1254965034965034
7.600263157894737,8.51460361613351,1.2015277777777782,0.1254965034965034,7.48,6.02,0.9,0.04,7.600263157894737,8.51460361613351,1.2015277777777782,0.1254965034965034,7.600263157894737,8.51460361613351,1.2015277777777782,0.1254965034965034
7.600263157894737,8.51460361613351,1.2015277777777782,0.1254965034965034,7.600263157894737,8.51460361613351,1.2015277777777782,0.1254965034965034,7.600263157894737,8.51460361613351,1.2015277777777782,0.1254965034965034,7.600263157894737,8.51460361613351,1.2015277777777782,0.1254965034965034
7.600263157894737,8.51460361613351,1.2015277777777782,0.1254965034965034,7.600263157894737,8.51460361613351,1.2015277777777782,0.1254965034965034,7.600263157894737,8.51460361613351,1.2015277777777782,0.1254965034965034,7.600263157894737,8.51460361613351,1.2015277777777782,0.1254965034965034
7.600263157894737,8.51460361613351,1.2015277777777782,0.1254965034965034,7.600263157894737,8.51460361613351,1.2015277777777782,0.1254965034965034,7.600263157894737,8.51460361613351,1.2015277777777782,0.1254965034965034,7.600263157894737,8.51460361613351,1.2015277777777782,0.1254965034965034
7.600263157894737,8.51460361613351,1.2015277777777782,0.1254965034965034,7.600263157894737,8.51460361613351,1.2015277777777782,0.1254965034965034,7.600263157894737,8.51460361613351,1.2015277777777782,0.1254965034965034,7.600263157894737,8.51460361613351,1.2015277777777782,0.1254965034965034
7.600263157894737,8.51460361613351,1.2015277777777782,0.1254965034965034,7.600263157894737,8.51460361613351,1.2015277777777782,0.1254965034965034,7.600263157894737,8.51460361613351,1.2015277777777782,0.1254965034965034,7.600263157894737,8.51460361613351,1.2015277777777782,0.1254965034965034
7.65,7.59,0.7,0.08,7.600263157894737,8.51460361613351,1.2015277777777782,0.1254965034965034,7.600263157894737,8.51460361613351,1.2015277777777782,0.1254965034965034,7.600263157894737,8.51460361613351,1.2015277777777782,0.1254965034965034
7.600263157894737,8.51460361613351,1.2015277777777782,0.1254965034965034,7.600263157894737,8.51460361613351,1.2015277777777782,0.1254965034965034,7.600263157894737,8.51460361613351,1.2015277777777782,0.1254965034965034,7.600263157894737,8.51460361613351,1.2015277777777782,0.1254965034965034
8.14,8.78,0.6,0.09,7.600263157894737,8.51460361613351,1.2015277777777782,0.1254965034965034,7.600263157894737,8.51460361613351,1.2015277777777782,0.1254965034965034,7.600263157894737,8.51460361613351,1.2015277777777782,0.1254965034965034
8.3,8.9,1.3,0.1,7.600263157894737,8.51460361613351,1.2015277777777782,0.1254965034965034,7.600263157894737,8.51460361613351,1.2015277777777782,0.1254965034965034,7.600263157894737,8.51460361613351,1.2015277777777782,0.1254965034965034
8.0,8.38,1.2,0.09,7.600263157894737,8.51460361613351,1.2015277777777782,0.1254965034965034,7.600263157894737,8.51460361613351,1.2015277777777782,0.1254965034965034,7.65,7.59,0.7,0.08
7.600263157894737,8.51460361613351,1.2015277777777782,0.1254965034965034,7.600263157894737,8.51460361613351,1.2015277777777782,0.1254965034965034,7.65,7.59,0.7,0.08,7.600263157894737,8.51460361613351,1.2015277777777782,0.1254965034965034
7.600263157894737,8.51460361613351,1.2015277777777782,0.1254965034965034,7.65,7.59,0.7,0.08,7.600263157894737,8.51460361613351,1.2015277777777782,0.1254965034965034,8.14,8.78,0.6,0.09
7.82,9.38,0.5,0.1,7.600263157894737,8.51460361613351,1.2015277777777782,0.1254965034965034,8.14,8.78,0.6,0.09,8.3,8.9,1.3,0.1
8.25,9.72,0.4,0.1,8.14,8.78,0.6,0.09,8.3,8.9,1.3,0.1,8.0,8.38,1.2,0.09
7.600263157894737,8.51460361613351,1.2015277777777782,0.1254965034965034,8.3,8.9,1.3,0.1,8.0,8.38,1.2,0.09,7.600263157894737,8.51460361613351,1.2015277777777782,0.1254965034965034
8.32,10.9,0.8,0.11,8.0,8.38,1.2,0.09,7.600263157894737,8.51460361613351,1.2015277777777782,0.1254965034965034,7.600263157894737,8.51460361613351,1.2015277777777782,0.1254965034965034
8.55,10.5,1.3,0.1,7.600263157894737,8.51460361613351,1.2015277777777782,0.1254965034965034,7.600263157894737,8.51460361613351,1.2015277777777782,0.1254965034965034,7.82,9.38,0.5,0.1
7.600263157894737,8.51460361613351,1.2015277777777782,0.1254965034965034,7.600263157894737,8.51460361613351,1.2015277777777782,0.1254965034965034,7.82,9.38,0.5,0.1,8.25,9.72,0.4,0.1
7.92,9.56,1.5,0.2,7.82,9.38,0.5,0.1,8.25,9.72,0.4,0.1,7.600263157894737,8.51460361613351,1.2015277777777782,0.1254965034965034
7.600263157894737,8.51460361613351,1.2015277777777782,0.1254965034965034,8.25,9.72,0.4,0.1,7.600263157894737,8.51460361613351,1.2015277777777782,0.1254965034965034,8.32,10.9,0.8,0.11
7.600263157894737,8.51460361613351,1.2015277777777782,0.1254965034965034,7.600263157894737,8.51460361613351,1.2015277777777782,0.1254965034965034,8.32,10.9,0.8,0.11,8.55,10.5,1.3,0.1
8.14,11.3,1.4,0.12,8.32,10.9,0.8,0.11,8.55,10.5,1.3,0.1,7.600263157894737,8.51460361613351,1.2015277777777782,0.1254965034965034
7.600263157894737,8.51460361613351,1.2015277777777782,0.1254965034965034,8.55,10.5,1.3,0.1,7.600263157894737,8.51460361613351,1.2015277777777782,0.1254965034965034,7.92,9.56,1.5,0.2
7.600263157894737,8.51460361613351,1.2015277777777782,0.1254965034965034,7.600263157894737,8.51460361613351,1.2015277777777782,0.1254965034965034,7.92,9.56,1.5,0.2,7.600263157894737,8.51460361613351,1.2015277777777782,0.1254965034965034
7.3,8.62,1.7,0.1,7.92,9.56,1.5,0.2,7.600263157894737,8.51460361613351,1.2015277777777782,0.1254965034965034,7.600263157894737,8.51460361613351,1.2015277777777782,0.1254965034965034
7.33,8.64,1.5,0.07,7.600263157894737,8.51460361613351,1.2015277777777782,0.1254965034965034,7.600263157894737,8.51460361613351,1.2015277777777782,0.1254965034965034,8.14,11.3,1.4,0.12
7.600263157894737,8.51460361613351,1.2015277777777782,0.1254965034965034,7.600263157894737,8.51460361613351,1.2015277777777782,0.1254965034965034,8.14,11.3,1.4,0.12,7.600263157894737,8.51460361613351,1.2015277777777782,0.1254965034965034
7.49,7.49,0.8,0.1,8.14,11.3,1.4,0.12,7.600263157894737,8.51460361613351,1.2015277777777782,0.1254965034965034,7.600263157894737,8.51460361613351,1.2015277777777782,0.1254965034965034
7.28,8.91,1.1,0.19,7.600263157894737,8.51460361613351,1.2015277777777782,0.1254965034965034,7.600263157894737,8.51460361613351,1.2015277777777782,0.1254965034965034,7.3,8.62,1.7,0.1
7.4,8.8,3.3,0.09,7.600263157894737,8.51460361613351,1.2015277777777782,0.1254965034965034,7.3,8.62,1.7,0.1,7.33,8.64,1.5,0.07
7.48,8.82,1.4,0.09,7.3,8.62,1.7,0.1,7.33,8.64,1.5,0.07,7.600263157894737,8.51460361613351,1.2015277777777782,0.1254965034965034
7.53,9.19,2.2,0.11,7.33,8.64,1.5,0.07,7.600263157894737,8.51460361613351,1.2015277777777782,0.1254965034965034,7.49,7.49,0.8,0.1
7.19,10.2,1.9,0.1,7.600263157894737,8.51460361613351,1.2015277777777782,0.1254965034965034,7.49,7.49,0.8,0.1,7.28,8.91,1.1,0.19
6.78,9.67,1.7,0.08,7.49,7.49,0.8,0.1,7.28,8.91,1.1,0.19,7.4,8.8,3.3,0.09
6.82,9.59,1.2,0.07,7.28,8.91,1.1,0.19,7.4,8.8,3.3,0.09,7.48,8.82,1.4,0.09
7.14,9.12,1.2,0.09,7.4,8.8,3.3,0.09,7.48,8.82,1.4,0.09,7.53,9.19,2.2,0.11
7.18,8.54,2.5,0.06,7.48,8.82,1.4,0.09,7.53,9.19,2.2,0.11,7.19,10.2,1.9,0.1
7.600263157894737,8.51460361613351,1.2015277777777782,0.1254965034965034,7.53,9.19,2.2,0.11,7.19,10.2,1.9,0.1,6.78,9.67,1.7,0.08
6.96,9.23,1.6,0.06,7.19,10.2,1.9,0.1,6.78,9.67,1.7,0.08,6.82,9.59,1.2,0.07
7.600263157894737,8.51460361613351,1.2015277777777782,0.1254965034965034,6.78,9.67,1.7,0.08,6.82,9.59,1.2,0.07,7.14,9.12,1.2,0.09
6.91,8.05,1.0,0.14,6.82,9.59,1.2,0.07,7.14,9.12,1.2,0.09,7.18,8.54,2.5,0.06
7.600263157894737,8.51460361613351,1.2015277777777782,0.1254965034965034,7.14,9.12,1.2,0.09,7.18,8.54,2.5,0.06,7.600263157894737,8.51460361613351,1.2015277777777782,0.1254965034965034
7.600263157894737,8.51460361613351,1.2015277777777782,0.1254965034965034,7.18,8.54,2.5,0.06,7.600263157894737,8.51460361613351,1.2015277777777782,0.1254965034965034,6.96,9.23,1.6,0.06
7.600263157894737,8.51460361613351,1.2015277777777782,0.1254965034965034,7.600263157894737,8.51460361613351,1.2015277777777782,0.1254965034965034,6.96,9.23,1.6,0.06,7.600263157894737,8.51460361613351,1.2015277777777782,0.1254965034965034
7.600263157894737,8.51460361613351,1.2015277777777782,0.1254965034965034,6.96,9.23,1.6,0.06,7.600263157894737,8.51460361613351,1.2015277777777782,0.1254965034965034,6.91,8.05,1.0,0.14
7.600263157894737,8.51460361613351,1.2015277777777782,0.1254965034965034,7.600263157894737,8.51460361613351,1.2015277777777782,0.1254965034965034,6.91,8.05,1.0,0.14,7.600263157894737,8.51460361613351,1.2015277777777782,0.1254965034965034
7.600263157894737,8.51460361613351,1.2015277777777782,0.1254965034965034,6.91,8.05,1.0,0.14,7.600263157894737,8.51460361613351,1.2015277777777782,0.1254965034965034,7.600263157894737,8.51460361613351,1.2015277777777782,0.1254965034965034
7.24,5.86,1.2,0.09,7.600263157894737,8.51460361613351,1.2015277777777782,0.1254965034965034,7.600263157894737,8.51460361613351,1.2015277777777782,0.1254965034965034,7.600263157894737,8.51460361613351,1.2015277777777782,0.1254965034965034
7.51,7.82,1.7,0.08,7.600263157894737,8.51460361613351,1.2015277777777782,0.1254965034965034,7.600263157894737,8.51460361613351,1.2015277777777782,0.1254965034965034,7.600263157894737,8.51460361613351,1.2015277777777782,0.1254965034965034
7.600263157894737,8.51460361613351,1.2015277777777782,0.1254965034965034,7.600263157894737,8.51460361613351,1.2015277777777782,0.1254965034965034,7.600263157894737,8.51460361613351,1.2015277777777782,0.1254965034965034,7.600263157894737,8.51460361613351,1.2015277777777782,0.1254965034965034
7.600263157894737,8.51460361613351,1.2015277777777782,0.1254965034965034,7.600263157894737,8.51460361613351,1.2015277777777782,0.1254965034965034,7.600263157894737,8.51460361613351,1.2015277777777782,0.1254965034965034,7.600263157894737,8.51460361613351,1.2015277777777782,0.1254965034965034
7.600263157894737,8.51460361613351,1.2015277777777782,0.1254965034965034,7.600263157894737,8.51460361613351,1.2015277777777782,0.1254965034965034,7.600263157894737,8.51460361613351,1.2015277777777782,0.1254965034965034,7.24,5.86,1.2,0.09
7.25,6.76,2.9,0.1,7.600263157894737,8.51460361613351,1.2015277777777782,0.1254965034965034,7.24,5.86,1.2,0.09,7.51,7.82,1.7,0.08
7.600263157894737,8.51460361613351,1.2015277777777782,0.1254965034965034,7.24,5.86,1.2,0.09,7.51,7.82,1.7,0.08,7.600263157894737,8.51460361613351,1.2015277777777782,0.1254965034965034
7.43,6.19,3.1,0.1,7.51,7.82,1.7,0.08,7.600263157894737,8.51460361613351,1.2015277777777782,0.1254965034965034,7.600263157894737,8.51460361613351,1.2015277777777782,0.1254965034965034
7.600263157894737,8.51460361613351,1.2015277777777782,0.1254965034965034,7.600263157894737,8.51460361613351,1.2015277777777782,0.1254965034965034,7.600263157894737,8.51460361613351,1.2015277777777782,0.1254965034965034,7.600263157894737,8.51460361613351,1.2015277777777782,0.1254965034965034
7.600263157894737,8.51460361613351,1.2015277777777782,0.1254965034965034,7.600263157894737,8.51460361613351,1.2015277777777782,0.1254965034965034,7.600263157894737,8.51460361613351,1.2015277777777782,0.1254965034965034,7.25,6.76,2.9,0.1
7.600263157894737,8.51460361613351,1.2015277777777782,0.1254965034965034,7.600263157894737,8.51460361613351,1.2015277777777782,0.1254965034965034,7.25,6.76,2.9,0.1,7.600263157894737,8.51460361613351,1.2015277777777782,0.1254965034965034
7.600263157894737,8.51460361613351,1.2015277777777782,0.1254965034965034,7.25,6.76,2.9,0.1,7.600263157894737,8.51460361613351,1.2015277777777782,0.1254965034965034,7.43,6.19,3.1,0.1
7.600263157894737,8.51460361613351,1.2015277777777782,0.1254965034965034,7.600263157894737,8.51460361613351,1.2015277777777782,0.1254965034965034,7.43,6.19,3.1,0.1,7.600263157894737,8.51460361613351,1.2015277777777782,0.1254965034965034
7.21,7.76,1.8,0.19,7.43,6.19,3.1,0.1,7.600263157894737,8.51460361613351,1.2015277777777782,0.1254965034965034,7.600263157894737,8.51460361613351,1.2015277777777782,0.1254965034965034
7.43,6.55,1.8,0.25,7.600263157894737,8.51460361613351,1.2015277777777782,0.1254965034965034,7.600263157894737,8.51460361613351,1.2015277777777782,0.1254965034965034,7.600263157894737,8.51460361613351,1.2015277777777782,0.1254965034965034
7.33,6.7,1.6,0.3,7.600263157894737,8.51460361613351,1.2015277777777782,0.1254965034965034,7.600263157894737,8.51460361613351,1.2015277777777782,0.1254965034965034,7.600263157894737,8.51460361613351,1.2015277777777782,0.1254965034965034
7.600263157894737,8.51460361613351,1.2015277777777782,0.1254965034965034,7.600263157894737,8.51460361613351,1.2015277777777782,0.1254965034965034,7.600263157894737,8.51460361613351,1.2015277777777782,0.1254965034965034,7.600263157894737,8.51460361613351,1.2015277777777782,0.1254965034965034
7.600263157894737,8.51460361613351,1.2015277777777782,0.1254965034965034,7.600263157894737,8.51460361613351,1.2015277777777782,0.1254965034965034,7.600263157894737,8.51460361613351,1.2015277777777782,0.1254965034965034,7.21,7.76,1.8,0.19
7.600263157894737,8.51460361613351,1.2015277777777782,0.1254965034965034,7.600263157894737,8.51460361613351,1.2015277777777782,0.1254965034965034,7.21,7.76,1.8,0.19,7.43,6.55,1.8,0.25
7.600263157894737,8.51460361613351,1.2015277777777782,0.1254965034965034,7.21,7.76,1.8,0.19,7.43,6.55,1.8,0.25,7.33,6.7,1.6,0.3
7.66,8.32,1.4,0.27,7.43,6.55,1.8,0.25,7.33,6.7,1.6,0.3,7.600263157894737,8.51460361613351,1.2015277777777782,0.1254965034965034
7.4,9.2,1.3,0.24,7.33,6.7,1.6,0.3,7.600263157894737,8.51460361613351,1.2015277777777782,0.1254965034965034,7.600263157894737,8.51460361613351,1.2015277777777782,0.1254965034965034
