6.5,6.58,1.2,1.13,7.0,6.73,2.0,1.24,6.85,6.61,2.4,1.45,7.142659279778393,6.873628808864266,2.333841886269069,0.5513711911357335
7.55,5.49,1.8,1.21,6.85,6.61,2.4,1.45,7.142659279778393,6.873628808864266,2.333841886269069,0.5513711911357335,6.76,6.43,2.5,1.44
7.67,5.15,2.6,1.36,7.142659279778393,6.873628808864266,2.333841886269069,0.5513711911357335,6.76,6.43,2.5,1.44,6.73,6.07,1.8,1.49
7.35,6.05,3.3,1.07,6.76,6.43,2.5,1.44,6.73,6.07,1.8,1.49,7.0,6.0,1.8,1.5
7.46,5.16,2.5,1.2,6.73,6.07,1.8,1.49,7.0,6.0,1.8,1.5,6.5,6.58,1.2,1.13
7.41,5.22,2.4,1.67,7.0,6.0,1.8,1.5,6.5,6.58,1.2,1.13,7.55,5.49,1.8,1.21
7.11,8.28,2.6,1.2,6.5,6.58,1.2,1.13,7.55,5.49,1.8,1.21,7.67,5.15,2.6,1.36
6.95,6.8,2.4,1.02,7.55,5.49,1.8,1.21,7.67,5.15,2.6,1.36,7.35,6.05,3.3,1.07
6.55,6.58,2.5,1.05,7.67,5.15,2.6,1.36,7.35,6.05,3.3,1.07,7.46,5.16,2.5,1.2
6.52,8.24,1.9,0.79,7.35,6.05,3.3,1.07,7.46,5.16,2.5,1.2,7.41,5.22,2.4,1.67
6.62,6.06,4.9,1.04,7.46,5.16,2.5,1.2,7.41,5.22,2.4,1.67,7.11,8.28,2.6,1.2
6.54,6.56,4.4,1.03,7.41,5.22,2.4,1.67,7.11,8.28,2.6,1.2,6.95,6.8,2.4,1.02
6.72,7.04,3.8,1.83,7.11,8.28,2.6,1.2,6.95,6.8,2.4,1.02,6.55,6.58,2.5,1.05
7.4,9.18,4.1,1.32,6.95,6.8,2.4,1.02,6.55,6.58,2.5,1.05,6.52,8.24,1.9,0.79
7.61,6.9,1.9,1.21,6.55,6.58,2.5,1.05,6.52,8.24,1.9,0.79,6.62,6.06,4.9,1.04
7.59,7.38,2.3,0.9,6.52,8.24,1.9,0.79,6.62,6.06,4.9,1.04,6.54,6.56,4.4,1.03
7.1,8.25,1.8,0.97,6.62,6.06,4.9,1.04,6.54,6.56,4.4,1.03,6.72,7.04,3.8,1.83
7.05,7.4,1.1,0.98,6.54,6.56,4.4,1.03,6.72,7.04,3.8,1.83,7.4,9.18,4.1,1.32
7.06,7.12,2.5,0.76,6.72,7.04,3.8,1.83,7.4,9.18,4.1,1.32,7.61,6.9,1.9,1.21
6.72,7.02,4.8,0.98,7.4,9.18,4.1,1.32,7.61,6.9,1.9,1.21,7.59,7.38,2.3,0.9
7.24,7.62,4.0,0.96,7.61,6.9,1.9,1.21,7.59,7.38,2.3,0.9,7.1,8.25,1.8,0.97
7.142659279778393,6.873628808864266,2.333841886269069,0.5513711911357335,7.59,7.38,2.3,0.9,7.1,8.25,1.8,0.97,7.05,7.4,1.1,0.98
7.142659279778393,6.873628808864266,2.333841886269069,0.5513711911357335,7.1,8.25,1.8,0.97,7.05,7.4,1.1,0.98,7.06,7.12,2.5,0.76
7.142659279778393,6.873628808864266,2.333841886269069,0.5513711911357335,7.05,7.4,1.1,0.98,7.06,7.12,2.5,0.76,6.72,7.02,4.8,0.98
7.47,7.94,1.0,0.69,7.06,7.12,2.5,0.76,6.72,7.02,4.8,0.98,7.24,7.62,4.0,0.96
7.72,8.09,1.7,0.56,6.72,7.02,4.8,0.98,7.24,7.62,4.0,0.96,7.142659279778393,6.873628808864266,2.333841886269069,0.5513711911357335
7.96,8.4,0.4,0.66,7.24,7.62,4.0,0.96,7.142659279778393,6.873628808864266,2.333841886269069,0.5513711911357335,7.142659279778393,6.873628808864266,2.333841886269069,0.5513711911357335
7.18,6.58,0.7,0.59,7.142659279778393,6.873628808864266,2.333841886269069,0.5513711911357335,7.142659279778393,6.873628808864266,2.333841886269069,0.5513711911357335,7.142659279778393,6.873628808864266,2.333841886269069,0.5513711911357335
6.73,7.15,0.9,0.76,7.142659279778393,6.873628808864266,2.333841886269069,0.5513711911357335,7.142659279778393,6.873628808864266,2.333841886269069,0.5513711911357335,7.47,7.94,1.0,0.69
6.64,7.24,1.7,0.37,7.142659279778393,6.873628808864266,2.333841886269069,0.5513711911357335,7.47,7.94,1.0,0.69,7.72,8.09,1.7,0.56
6.65,7.3,1.1,0.57,7.47,7.94,1.0,0.69,7.72,8.09,1.7,0.56,7.96,8.4,0.4,0.66
6.96,7.5,3.8,0.37,7.72,8.09,1.7,0.56,7.96,8.4,0.4,0.66,7.18,6.58,0.7,0.59
7.142659279778393,6.873628808864266,2.333841886269069,0.5513711911357335,7.96,8.4,0.4,0.66,7.18,6.58,0.7,0.59,6.73,7.15,0.9,0.76
7.32,6.62,1.2,0.51,7.18,6.58,0.7,0.59,6.73,7.15,0.9,0.76,6.64,7.24,1.7,0.37
7.07,5.73,2.1,0.56,6.73,7.15,0.9,0.76,6.64,7.24,1.7,0.37,6.65,7.3,1.1,0.57
6.75,9.28,2.1,0.74,6.64,7.24,1.7,0.37,6.65,7.3,1.1,0.57,6.96,7.5,3.8,0.37
6.45,8.22,1.8,0.76,6.65,7.3,1.1,0.57,6.96,7.5,3.8,0.37,7.142659279778393,6.873628808864266,2.333841886269069,0.5513711911357335
6.89,8.84,1.9,1.02,6.96,7.5,3.8,0.37,7.142659279778393,6.873628808864266,2.333841886269069,0.5513711911357335,7.32,6.62,1.2,0.51
6.79,7.52,2.1,1.45,7.142659279778393,6.873628808864266,2.333841886269069,0.5513711911357335,7.32,6.62,1.2,0.51,7.07,5.73,2.1,0.56
7.54,6.72,3.6,1.25,7.32,6.62,1.2,0.51,7.07,5.73,2.1,0.56,6.75,9.28,2.1,0.74
7.43,6.91,2.4,0.75,7.07,5.73,2.1,0.56,6.75,9.28,2.1,0.74,6.45,8.22,1.8,0.76
7.68,7.61,2.1,1.11,6.75,9.28,2.1,0.74,6.45,8.22,1.8,0.76,6.89,8.84,1.9,1.02
6.57,6.74,1.6,1.06,6.45,8.22,1.8,0.76,6.89,8.84,1.9,1.02,6.79,7.52,2.1,1.45
6.35,5.47,2.0,1.15,6.89,8.84,1.9,1.02,6.79,7.52,2.1,1.45,7.54,6.72,3.6,1.25
6.61,6.91,1.6,1.13,6.79,7.52,2.1,1.45,7.54,6.72,3.6,1.25,7.43,6.91,2.4,0.75
7.19,8.92,1.1,1.46,7.54,6.72,3.6,1.25,7.43,6.91,2.4,0.75,7.68,7.61,2.1,1.11
7.49,10.9,1.5,1.08,7.43,6.91,2.4,0.75,7.68,7.61,2.1,1.11,6.57,6.74,1.6,1.06
7.37,10.7,2.2,1.04,7.68,7.61,2.1,1.11,6.57,6.74,1.6,1.06,6.35,5.47,2.0,1.15
7.07,10.2,2.1,0.92,6.57,6.74,1.6,1.06,6.35,5.47,2.0,1.15,6.61,6.91,1.6,1.13
7.32,10.5,2.1,0.92,6.35,5.47,2.0,1.15,6.61,6.91,1.6,1.13,7.19,8.92,1.1,1.46
7.19,11.2,2.8,1.18,6.61,6.91,1.6,1.13,7.19,8.92,1.1,1.46,7.49,10.9,1.5,1.08
7.24,11.0,2.1,1.26,7.19,8.92,1.1,1.46,7.49,10.9,1.5,1.08,7.37,10.7,2.2,1.04
7.142659279778393,6.873628808864266,2.333841886269069,0.5513711911357335,7.49,10.9,1.5,1.08,7.37,10.7,2.2,1.04,7.07,10.2,2.1,0.92
7.41,11.4,1.6,1.25,7.37,10.7,2.2,1.04,7.07,10.2,2.1,0.92,7.32,10.5,2.1,0.92
7.31,11.9,1.7,0.95,7.07,10.2,2.1,0.92,7.32,10.5,2.1,0.92,7.19,11.2,2.8,1.18
6.95,11.8,4.3,0.9,7.32,10.5,2.1,0.92,7.19,11.2,2.8,1.18,7.24,11.0,2.1,1.26
6.9,10.2,3.9,1.11,7.19,11.2,2.8,1.18,7.24,11.0,2.1,1.26,7.142659279778393,6.873628808864266,2.333841886269069,0.5513711911357335
6.98,10.2,3.8,1.15,7.24,11.0,2.1,1.26,7.142659279778393,6.873628808864266,2.333841886269069,0.5513711911357335,7.41,11.4,1.6,1.25
6.69,9.79,2.2,0.96,7.142659279778393,6.873628808864266,2.333841886269069,0.5513711911357335,7.41,11.4,1.6,1.25,7.31,11.9,1.7,0.95
6.6,9.21,1.6,0.92,7.41,11.4,1.6,1.25,7.31,11.9,1.7,0.95,6.95,11.8,4.3,0.9
6.98,7.45,2.2,0.82,7.31,11.9,1.7,0.95,6.95,11.8,4.3,0.9,6.9,10.2,3.9,1.11
7.28,6.95,1.7,0.9,6.95,11.8,4.3,0.9,6.9,10.2,3.9,1.11,6.98,10.2,3.8,1.15
7.23,6.3,2.8,1.22,6.9,10.2,3.9,1.11,6.98,10.2,3.8,1.15,6.69,9.79,2.2,0.96
7.41,5.24,2.8,0.87,6.98,10.2,3.8,1.15,6.69,9.79,2.2,0.96,6.6,9.21,1.6,0.92
7.47,5.13,2.3,0.83,6.69,9.79,2.2,0.96,6.6,9.21,1.6,0.92,6.98,7.45,2.2,0.82
7.35,5.6,2.2,0.52,6.6,9.21,1.6,0.92,6.98,7.45,2.2,0.82,7.28,6.95,1.7,0.9
7.24,7.74,2.2,0.42,6.98,7.45,2.2,0.82,7.28,6.95,1.7,0.9,7.23,6.3,2.8,1.22
7.13,9.66,1.8,0.32,7.28,6.95,1.7,0.9,7.23,6.3,2.8,1.22,7.41,5.24,2.8,0.87
6.51,6.85,2.2,0.38,7.23,6.3,2.8,1.22,7.41,5.24,2.8,0.87,7.47,5.13,2.3,0.83
6.57,5.81,1.4,0.3,7.41,5.24,2.8,0.87,7.47,5.13,2.3,0.83,7.35,5.6,2.2,0.52
6.6,5.05,2.1,0.54,7.47,5.13,2.3,0.83,7.35,5.6,2.2,0.52,7.24,7.74,2.2,0.42
6.68,5.87,2.6,0.35,7.35,5.6,2.2,0.52,7.24,7.74,2.2,0.42,7.13,9.66,1.8,0.32
6.34,4.95,2.9,0.5,7.24,7.74,2.2,0.42,7.13,9.66,1.8,0.32,6.51,6.85,2.2,0.38
6.99,5.63,2.4,0.53,7.13,9.66,1.8,0.32,6.51,6.85,2.2,0.38,6.57,5.81,1.4,0.3
7.33,6.95,1.5,0.47,6.51,6.85,2.2,0.38,6.57,5.81,1.4,0.3,6.6,5.05,2.1,0.54
7.16,5.61,1.5,0.58,6.57,5.81,1.4,0.3,6.6,5.05,2.1,0.54,6.68,5.87,2.6,0.35
7.03,6.45,1.8,0.59,6.6,5.05,2.1,0.54,6.68,5.87,2.6,0.35,6.34,4.95,2.9,0.5
6.87,6.21,1.5,0.6,6.68,5.87,2.6,0.35,6.34,4.95,2.9,0.5,6.99,5.63,2.4,0.53
6.7,5.73,1.4,0.61,6.34,4.95,2.9,0.5,6.99,5.63,2.4,0.53,7.33,6.95,1.5,0.47
7.08,6.24,0.9,0.44,6.99,5.63,2.4,0.53,7.33,6.95,1.5,0.47,7.16,5.61,1.5,0.58
7.13,6.81,1.8,0.46,7.33,6.95,1.5,0.47,7.16,5.61,1.5,0.58,7.03,6.45,1.8,0.59
7.26,6.45,1.7,0.49,7.16,5.61,1.5,0.58,7.03,6.45,1.8,0.59,6.87,6.21,1.5,0.6
6.76,6.07,3.9,0.57,7.03,6.45,1.8,0.59,6.87,6.21,1.5,0.6,6.7,5.73,1.4,0.61
6.78,5.06,3.3,0.62,6.87,6.21,1.5,0.6,6.7,5.73,1.4,0.61,7.08,6.24,0.9,0.44
6.95,4.33,2.1,0.78,6.7,5.73,1.4,0.61,7.08,6.24,0.9,0.44,7.13,6.81,1.8,0.46
7.0,5.0,1.7,0.81,7.08,6.24,0.9,0.44,7.13,6.81,1.8,0.46,7.26,6.45,1.7,0.49
6.76,6.24,0.9,0.7,7.13,6.81,1.8,0.46,7.26,6.45,1.7,0.49,6.76,6.07,3.9,0.57
6.93,6.39,1.3,0.63,7.26,6.45,1.7,0.49,6.76,6.07,3.9,0.57,6.78,5.06,3.3,0.62
7.03,5.61,1.1,0.98,6.76,6.07,3.9,0.57,6.78,5.06,3.3,0.62,6.95,4.33,2.1,0.78
7.07,5.37,1.6,1.18,6.78,5.06,3.3,0.62,6.95,4.33,2.1,0.78,7.0,5.0,1.7,0.81
6.84,5.14,2.7,1.02,6.95,4.33,2.1,0.78,7.0,5.0,1.7,0.81,6.76,6.24,0.9,0.7
6.54,6.21,2.4,0.91,7.0,5.0,1.7,0.81,6.76,6.24,0.9,0.7,6.93,6.39,1.3,0.63
7.25,8.68,3.2,0.61,6.76,6.24,0.9,0.7,6.93,6.39,1.3,0.63,7.03,5.61,1.1,0.98
7.37,7.01,3.8,1.14,6.93,6.39,1.3,0.63,7.03,5.61,1.1,0.98,7.07,5.37,1.6,1.18
7.47,6.9,3.3,0.95,7.03,5.61,1.1,0.98,7.07,5.37,1.6,1.18,6.84,5.14,2.7,1.02
7.45,8.83,3.4,1.07,7.07,5.37,1.6,1.18,6.84,5.14,2.7,1.02,6.54,6.21,2.4,0.91
7.41,9.39,2.9,1.37,6.84,5.14,2.7,1.02,6.54,6.21,2.4,0.91,7.25,8.68,3.2,0.61
7.27,9.21,2.7,1.16,6.54,6.21,2.4,0.91,7.25,8.68,3.2,0.61,7.37,7.01,3.8,1.14
7.14,8.74,2.6,1.31,7.25,8.68,3.2,0.61,7.37,7.01,3.8,1.14,7.47,6.9,3.3,0.95
7.39,8.43,2.0,1.91,7.37,7.01,3.8,1.14,7.47,6.9,3.3,0.95,7.45,8.83,3.4,1.07
7.55,9.35,2.6,1.46,7.47,6.9,3.3,0.95,7.45,8.83,3.4,1.07,7.41,9.39,2.9,1.37
6.86,11.3,3.0,1.8,7.45,8.83,3.4,1.07,7.41,9.39,2.9,1.37,7.27,9.21,2.7,1.16
6.9,11.6,2.3,1.27,7.41,9.39,2.9,1.37,7.27,9.21,2.7,1.16,7.14,8.74,2.6,1.31
7.02,11.7,1.4,1.17,7.27,9.21,2.7,1.16,7.14,8.74,2.6,1.31,7.39,8.43,2.0,1.91
7.0,12.1,1.5,1.15,7.14,8.74,2.6,1.31,7.39,8.43,2.0,1.91,7.55,9.35,2.6,1.46
6.67,11.1,1.6,1.15,7.39,8.43,2.0,1.91,7.55,9.35,2.6,1.46,6.86,11.3,3.0,1.8
6.87,10.8,2.6,0.57,7.55,9.35,2.6,1.46,6.86,11.3,3.0,1.8,6.9,11.6,2.3,1.27
6.95,12.4,3.6,0.34,6.86,11.3,3.0,1.8,6.9,11.6,2.3,1.27,7.02,11.7,1.4,1.17
6.85,8.59,2.8,0.52,6.9,11.6,2.3,1.27,7.02,11.7,1.4,1.17,7.0,12.1,1.5,1.15
6.68,8.37,2.2,0.67,7.02,11.7,1.4,1.17,7.0,12.1,1.5,1.15,6.67,11.1,1.6,1.15
7.32,8.16,2.8,0.52,7.0,12.1,1.5,1.15,6.67,11.1,1.6,1.15,6.87,10.8,2.6,0.57
7.34,8.73,1.7,0.93,6.67,11.1,1.6,1.15,6.87,10.8,2.6,0.57,6.95,12.4,3.6,0.34
7.05,6.5,2.3,0.69,6.87,10.8,2.6,0.57,6.95,12.4,3.6,0.34,6.85,8.59,2.8,0.52
7.35,7.86,2.9,0.82,6.95,12.4,3.6,0.34,6.85,8.59,2.8,0.52,6.68,8.37,2.2,0.67
6.87,7.2,1.7,0.81,6.85,8.59,2.8,0.52,6.68,8.37,2.2,0.67,7.32,8.16,2.8,0.52
7.142659279778393,6.873628808864266,2.333841886269069,0.5513711911357335,6.68,8.37,2.2,0.67,7.32,8.16,2.8,0.52,7.34,8.73,1.7,0.93
6.73,5.53,1.7,1.09,7.32,8.16,2.8,0.52,7.34,8.73,1.7,0.93,7.05,6.5,2.3,0.69
6.57,6.41,1.6,0.72,7.34,8.73,1.7,0.93,7.05,6.5,2.3,0.69,7.35,7.86,2.9,0.82
7.11,5.91,3.6,0.49,7.05,6.5,2.3,0.69,7.35,7.86,2.9,0.82,6.87,7.2,1.7,0.81
7.02,4.4,3.2,0.67,7.35,7.86,2.9,0.82,6.87,7.2,1.7,0.81,7.142659279778393,6.873628808864266,2.333841886269069,0.5513711911357335
7.01,4.42,2.7,0.46,6.87,7.2,1.7,0.81,7.142659279778393,6.873628808864266,2.333841886269069,0.5513711911357335,6.73,5.53,1.7,1.09
6.88,6.0,2.8,0.51,7.142659279778393,6.873628808864266,2.333841886269069,0.5513711911357335,6.73,5.53,1.7,1.09,6.57,6.41,1.6,0.72
7.19,6.22,2.1,0.35,6.73,5.53,1.7,1.09,6.57,6.41,1.6,0.72,7.11,5.91,3.6,0.49
7.16,7.35,4.1,0.25,6.57,6.41,1.6,0.72,7.11,5.91,3.6,0.49,7.02,4.4,3.2,0.67
7.36,6.0,2.2,0.92,7.11,5.91,3.6,0.49,7.02,4.4,3.2,0.67,7.01,4.42,2.7,0.46
7.34,7.25,3.9,1.22,7.02,4.4,3.2,0.67,7.01,4.42,2.7,0.46,6.88,6.0,2.8,0.51
7.06,6.2,3.6,1.02,7.01,4.42,2.7,0.46,6.88,6.0,2.8,0.51,7.19,6.22,2.1,0.35
7.25,6.5,3.4,0.86,6.88,6.0,2.8,0.51,7.19,6.22,2.1,0.35,7.16,7.35,4.1,0.25
7.44,6.55,2.4,0.57,7.19,6.22,2.1,0.35,7.16,7.35,4.1,0.25,7.36,6.0,2.2,0.92
7.65,5.94,3.4,0.76,7.16,7.35,4.1,0.25,7.36,6.0,2.2,0.92,7.34,7.25,3.9,1.22
7.34,5.72,3.5,0.55,7.36,6.0,2.2,0.92,7.34,7.25,3.9,1.22,7.06,6.2,3.6,1.02
7.36,5.37,4.7,0.68,7.34,7.25,3.9,1.22,7.06,6.2,3.6,1.02,7.25,6.5,3.4,0.86
7.78,5.31,2.7,0.74,7.06,6.2,3.6,1.02,7.25,6.5,3.4,0.86,7.44,6.55,2.4,0.57
7.53,6.02,3.4,0.79,7.25,6.5,3.4,0.86,7.44,6.55,2.4,0.57,7.65,5.94,3.4,0.76
7.52,6.65,3.2,0.95,7.44,6.55,2.4,0.57,7.65,5.94,3.4,0.76,7.34,5.72,3.5,0.55
7.46,6.7,2.3,1.08,7.65,5.94,3.4,0.76,7.34,5.72,3.5,0.55,7.36,5.37,4.7,0.68
7.34,5.26,2.3,0.85,7.34,5.72,3.5,0.55,7.36,5.37,4.7,0.68,7.78,5.31,2.7,0.74
7.37,4.81,2.3,0.76,7.36,5.37,4.7,0.68,7.78,5.31,2.7,0.74,7.53,6.02,3.4,0.79
7.4,5.34,3.5,0.95,7.78,5.31,2.7,0.74,7.53,6.02,3.4,0.79,7.52,6.65,3.2,0.95
7.4,4.52,2.8,1.29,7.53,6.02,3.4,0.79,7.52,6.65,3.2,0.95,7.46,6.7,2.3,1.08
7.38,3.8,3.1,1.06,7.52,6.65,3.2,0.95,7.46,6.7,2.3,1.08,7.34,5.26,2.3,0.85
7.35,4.26,3.1,1.85,7.46,6.7,2.3,1.08,7.34,5.26,2.3,0.85,7.37,4.81,2.3,0.76
7.47,4.73,3.3,1.51,7.34,5.26,2.3,0.85,7.37,4.81,2.3,0.76,7.4,5.34,3.5,0.95
7.57,5.25,2.8,1.27,7.37,4.81,2.3,0.76,7.4,5.34,3.5,0.95,7.4,4.52,2.8,1.29
7.7,5.6,3.1,1.38,7.4,5.34,3.5,0.95,7.4,4.52,2.8,1.29,7.38,3.8,3.1,1.06
7.59,6.32,2.3,1.29,7.4,4.52,2.8,1.29,7.38,3.8,3.1,1.06,7.35,4.26,3.1,1.85
7.68,6.73,2.8,1.2,7.38,3.8,3.1,1.06,7.35,4.26,3.1,1.85,7.47,4.73,3.3,1.51
7.45,7.24,3.0,1.1,7.35,4.26,3.1,1.85,7.47,4.73,3.3,1.51,7.57,5.25,2.8,1.27
7.58,7.92,2.7,1.31,7.47,4.73,3.3,1.51,7.57,5.25,2.8,1.27,7.7,5.6,3.1,1.38
7.56,7.57,2.6,1.33,7.57,5.25,2.8,1.27,7.7,5.6,3.1,1.38,7.59,6.32,2.3,1.29
7.142659279778393,6.873628808864266,2.333841886269069,0.5513711911357335,7.7,5.6,3.1,1.38,7.59,6.32,2.3,1.29,7.68,6.73,2.8,1.2
7.66,8.51,3.8,1.56,7.59,6.32,2.3,1.29,7.68,6.73,2.8,1.2,7.45,7.24,3.0,1.1
7.72,8.54,3.0,1.68,7.68,6.73,2.8,1.2,7.45,7.24,3.0,1.1,7.58,7.92,2.7,1.31
7.81,9.17,3.6,1.57,7.45,7.24,3.0,1.1,7.58,7.92,2.7,1.31,7.56,7.57,2.6,1.33
7.78,8.9,4.0,1.62,7.58,7.92,2.7,1.31,7.56,7.57,2.6,1.33,7.142659279778393,6.873628808864266,2.333841886269069,0.5513711911357335
7.74,8.86,3.4,1.4,7.56,7.57,2.6,1.33,7.142659279778393,6.873628808864266,2.333841886269069,0.5513711911357335,7.66,8.51,3.8,1.56
7.8,8.71,3.1,1.4,7.142659279778393,6.873628808864266,2.333841886269069,0.5513711911357335,7.66,8.51,3.8,1.56,7.72,8.54,3.0,1.68
7.79,6.52,2.9,1.34,7.66,8.51,3.8,1.56,7.72,8.54,3.0,1.68,7.81,9.17,3.6,1.57
7.75,6.72,3.8,1.33,7.72,8.54,3.0,1.68,7.81,9.17,3.6,1.57,7.78,8.9,4.0,1.62
7.55,6.88,3.8,1.3,7.81,9.17,3.6,1.57,7.78,8.9,4.0,1.62,7.74,8.86,3.4,1.4
7.69,6.66,3.6,1.1,7.78,8.9,4.0,1.62,7.74,8.86,3.4,1.4,7.8,8.71,3.1,1.4
7.51,6.75,3.2,0.95,7.74,8.86,3.4,1.4,7.8,8.71,3.1,1.4,7.79,6.52,2.9,1.34
7.59,8.02,3.4,1.14,7.8,8.71,3.1,1.4,7.79,6.52,2.9,1.34,7.75,6.72,3.8,1.33
7.55,6.76,3.6,0.98,7.79,6.52,2.9,1.34,7.75,6.72,3.8,1.33,7.55,6.88,3.8,1.3
7.6,7.73,3.2,0.89,7.75,6.72,3.8,1.33,7.55,6.88,3.8,1.3,7.69,6.66,3.6,1.1
7.58,6.23,2.4,1.2,7.55,6.88,3.8,1.3,7.69,6.66,3.6,1.1,7.51,6.75,3.2,0.95
7.62,5.26,3.2,1.22,7.69,6.66,3.6,1.1,7.51,6.75,3.2,0.95,7.59,8.02,3.4,1.14
7.47,5.54,4.0,1.12,7.51,6.75,3.2,0.95,7.59,8.02,3.4,1.14,7.55,6.76,3.6,0.98
7.51,5.83,4.0,1.09,7.59,8.02,3.4,1.14,7.55,6.76,3.6,0.98,7.6,7.73,3.2,0.89
7.54,6.2,3.2,0.9,7.55,6.76,3.6,0.98,7.6,7.73,3.2,0.89,7.58,6.23,2.4,1.2
7.58,4.65,3.6,0.93,7.6,7.73,3.2,0.89,7.58,6.23,2.4,1.2,7.62,5.26,3.2,1.22
7.58,4.5,3.8,0.92,7.58,6.23,2.4,1.2,7.62,5.26,3.2,1.22,7.47,5.54,4.0,1.12
7.57,4.55,5.0,1.18,7.62,5.26,3.2,1.22,7.47,5.54,4.0,1.12,7.51,5.83,4.0,1.09
7.52,5.67,2.9,0.98,7.47,5.54,4.0,1.12,7.51,5.83,4.0,1.09,7.54,6.2,3.2,0.9
7.36,5.23,3.7,0.5,7.51,5.83,4.0,1.09,7.54,6.2,3.2,0.9,7.58,4.65,3.6,0.93
7.64,5.29,3.3,0.53,7.54,6.2,3.2,0.9,7.58,4.65,3.6,0.93,7.58,4.5,3.8,0.92
7.57,5.18,4.1,0.56,7.58,4.65,3.6,0.93,7.58,4.5,3.8,0.92,7.57,4.55,5.0,1.18
7.53,5.44,4.6,0.51,7.58,4.5,3.8,0.92,7.57,4.55,5.0,1.18,7.52,5.67,2.9,0.98
7.56,5.72,4.1,0.65,7.57,4.55,5.0,1.18,7.52,5.67,2.9,0.98,7.36,5.23,3.7,0.5
7.5,5.43,3.5,0.89,7.52,5.67,2.9,0.98,7.36,5.23,3.7,0.5,7.64,5.29,3.3,0.53
7.52,5.73,4.0,0.87,7.36,5.23,3.7,0.5,7.64,5.29,3.3,0.53,7.57,5.18,4.1,0.56
7.49,5.49,3.3,0.74,7.64,5.29,3.3,0.53,7.57,5.18,4.1,0.56,7.53,5.44,4.6,0.51
7.45,6.66,3.1,0.68,7.57,5.18,4.1,0.56,7.53,5.44,4.6,0.51,7.56,5.72,4.1,0.65
7.56,5.9,3.2,0.74,7.53,5.44,4.6,0.51,7.56,5.72,4.1,0.65,7.5,5.43,3.5,0.89
7.52,5.95,3.4,0.78,7.56,5.72,4.1,0.65,7.5,5.43,3.5,0.89,7.52,5.73,4.0,0.87
7.51,5.44,3.6,0.93,7.5,5.43,3.5,0.89,7.52,5.73,4.0,0.87,7.49,5.49,3.3,0.74
7.44,4.45,4.0,0.56,7.52,5.73,4.0,0.87,7.49,5.49,3.3,0.74,7.45,6.66,3.1,0.68
7.51,4.65,4.3,0.61,7.49,5.49,3.3,0.74,7.45,6.66,3.1,0.68,7.56,5.9,3.2,0.74
7.57,5.2,3.9,0.66,7.45,6.66,3.1,0.68,7.56,5.9,3.2,0.74,7.52,5.95,3.4,0.78
7.58,5.11,4.0,0.66,7.56,5.9,3.2,0.74,7.52,5.95,3.4,0.78,7.51,5.44,3.6,0.93
7.49,4.63,3.8,0.77,7.52,5.95,3.4,0.78,7.51,5.44,3.6,0.93,7.44,4.45,4.0,0.56
7.7,4.6,4.7,1.22,7.51,5.44,3.6,0.93,7.44,4.45,4.0,0.56,7.51,4.65,4.3,0.61
7.74,5.42,3.3,1.33,7.44,4.45,4.0,0.56,7.51,4.65,4.3,0.61,7.57,5.2,3.9,0.66
7.61,5.57,2.6,1.34,7.51,4.65,4.3,0.61,7.57,5.2,3.9,0.66,7.58,5.11,4.0,0.66
7.63,7.13,2.7,1.59,7.57,5.2,3.9,0.66,7.58,5.11,4.0,0.66,7.49,4.63,3.8,0.77
7.67,6.34,2.9,1.88,7.58,5.11,4.0,0.66,7.49,4.63,3.8,0.77,7.7,4.6,4.7,1.22
7.5,6.54,2.7,1.5,7.49,4.63,3.8,0.77,7.7,4.6,4.7,1.22,7.74,5.42,3.3,1.33
7.58,7.03,3.0,1.68,7.7,4.6,4.7,1.22,7.74,5.42,3.3,1.33,7.61,5.57,2.6,1.34
7.5,5.42,3.7,1.66,7.74,5.42,3.3,1.33,7.61,5.57,2.6,1.34,7.63,7.13,2.7,1.59
7.52,6.45,3.3,1.48,7.61,5.57,2.6,1.34,7.63,7.13,2.7,1.59,7.67,6.34,2.9,1.88
7.58,8.17,2.5,1.54,7.63,7.13,2.7,1.59,7.67,6.34,2.9,1.88,7.5,6.54,2.7,1.5
7.32,8.28,2.6,1.35,7.67,6.34,2.9,1.88,7.5,6.54,2.7,1.5,7.58,7.03,3.0,1.68
7.46,8.05,2.4,1.36,7.5,6.54,2.7,1.5,7.58,7.03,3.0,1.68,7.5,5.42,3.7,1.66
7.23,8.77,2.3,1.14,7.58,7.03,3.0,1.68,7.5,5.42,3.7,1.66,7.52,6.45,3.3,1.48
7.3,9.22,2.8,0.9,7.5,5.42,3.7,1.66,7.52,6.45,3.3,1.48,7.58,8.17,2.5,1.54
7.4,11.5,1.4,1.38,7.52,6.45,3.3,1.48,7.58,8.17,2.5,1.54,7.32,8.28,2.6,1.35
7.49,12.4,1.5,1.56,7.58,8.17,2.5,1.54,7.32,8.28,2.6,1.35,7.46,8.05,2.4,1.36
7.5,12.9,1.3,2.02,7.32,8.28,2.6,1.35,7.46,8.05,2.4,1.36,7.23,8.77,2.3,1.14
7.142659279778393,6.873628808864266,2.333841886269069,0.5513711911357335,7.46,8.05,2.4,1.36,7.23,8.77,2.3,1.14,7.3,9.22,2.8,0.9
7.42,11.4,2.0,0.54,7.23,8.77,2.3,1.14,7.3,9.22,2.8,0.9,7.4,11.5,1.4,1.38
7.42,11.6,2.7,0.4,7.3,9.22,2.8,0.9,7.4,11.5,1.4,1.38,7.49,12.4,1.5,1.56
7.34,10.9,2.6,0.72,7.4,11.5,1.4,1.38,7.49,12.4,1.5,1.56,7.5,12.9,1.3,2.02
7.5,10.7,3.2,0.65,7.49,12.4,1.5,1.56,7.5,12.9,1.3,2.02,7.142659279778393,6.873628808864266,2.333841886269069,0.5513711911357335
7.38,9.08,2.8,0.72,7.5,12.9,1.3,2.02,7.142659279778393,6.873628808864266,2.333841886269069,0.5513711911357335,7.42,11.4,2.0,0.54
7.27,7.29,2.4,0.62,7.142659279778393,6.873628808864266,2.333841886269069,0.5513711911357335,7.42,11.4,2.0,0.54,7.42,11.6,2.7,0.4
7.29,7.9,1.6,0.51,7.42,11.4,2.0,0.54,7.42,11.6,2.7,0.4,7.34,10.9,2.6,0.72
7.22,8.21,2.3,0.4,7.42,11.6,2.7,0.4,7.34,10.9,2.6,0.72,7.5,10.7,3.2,0.65
7.2,7.47,1.4,0.43,7.34,10.9,2.6,0.72,7.5,10.7,3.2,0.65,7.38,9.08,2.8,0.72
7.12,6.66,2.1,0.41,7.5,10.7,3.2,0.65,7.38,9.08,2.8,0.72,7.27,7.29,2.4,0.62
7.21,6.49,1.7,0.43,7.38,9.08,2.8,0.72,7.27,7.29,2.4,0.62,7.29,7.9,1.6,0.51
7.18,6.15,1.4,0.36,7.27,7.29,2.4,0.62,7.29,7.9,1.6,0.51,7.22,8.21,2.3,0.4
7.19,6.01,1.2,0.38,7.29,7.9,1.6,0.51,7.22,8.21,2.3,0.4,7.2,7.47,1.4,0.43
7.43,6.09,1.1,0.35,7.22,8.21,2.3,0.4,7.2,7.47,1.4,0.43,7.12,6.66,2.1,0.41
7.53,5.76,1.0,0.35,7.2,7.47,1.4,0.43,7.12,6.66,2.1,0.41,7.21,6.49,1.7,0.43
7.52,5.65,2.9,0.26,7.12,6.66,2.1,0.41,7.21,6.49,1.7,0.43,7.18,6.15,1.4,0.36
7.39,5.36,2.8,0.21,7.21,6.49,1.7,0.43,7.18,6.15,1.4,0.36,7.19,6.01,1.2,0.38
6.94,5.75,4.2,0.59,7.18,6.15,1.4,0.36,7.19,6.01,1.2,0.38,7.43,6.09,1.1,0.35
7.39,5.67,2.8,0.32,7.19,6.01,1.2,0.38,7.43,6.09,1.1,0.35,7.53,5.76,1.0,0.35
7.17,5.65,1.9,0.46,7.43,6.09,1.1,0.35,7.53,5.76,1.0,0.35,7.52,5.65,2.9,0.26
7.4,6.57,1.5,0.45,7.53,5.76,1.0,0.35,7.52,5.65,2.9,0.26,7.39,5.36,2.8,0.21
7.38,6.12,1.0,0.48,7.52,5.65,2.9,0.26,7.39,5.36,2.8,0.21,6.94,5.75,4.2,0.59
7.16,5.7,2.1,0.47,7.39,5.36,2.8,0.21,6.94,5.75,4.2,0.59,7.39,5.67,2.8,0.32
7.22,6.41,2.8,0.43,6.94,5.75,4.2,0.59,7.39,5.67,2.8,0.32,7.17,5.65,1.9,0.46
6.87,6.23,2.1,0.49,7.39,5.67,2.8,0.32,7.17,5.65,1.9,0.46,7.4,6.57,1.5,0.45
6.94,4.68,1.8,0.51,7.17,5.65,1.9,0.46,7.4,6.57,1.5,0.45,7.38,6.12,1.0,0.48
7.45,5.81,1.4,0.54,7.4,6.57,1.5,0.45,7.38,6.12,1.0,0.48,7.16,5.7,2.1,0.47
7.27,4.88,1.0,0.61,7.38,6.12,1.0,0.48,7.16,5.7,2.1,0.47,7.22,6.41,2.8,0.43
7.37,5.63,1.6,0.53,7.16,5.7,2.1,0.47,7.22,6.41,2.8,0.43,6.87,6.23,2.1,0.49
7.24,4.19,2.5,0.46,7.22,6.41,2.8,0.43,6.87,6.23,2.1,0.49,6.94,4.68,1.8,0.51
7.22,4.29,1.8,0.4,6.87,6.23,2.1,0.49,6.94,4.68,1.8,0.51,7.45,5.81,1.4,0.54
7.53,6.2,2.0,0.43,6.94,4.68,1.8,0.51,7.45,5.81,1.4,0.54,7.27,4.88,1.0,0.61
7.47,6.33,1.7,0.41,7.45,5.81,1.4,0.54,7.27,4.88,1.0,0.61,7.37,5.63,1.6,0.53
7.33,5.58,1.6,0.44,7.27,4.88,1.0,0.61,7.37,5.63,1.6,0.53,7.24,4.19,2.5,0.46
7.36,6.59,1.2,0.51,7.37,5.63,1.6,0.53,7.24,4.19,2.5,0.46,7.22,4.29,1.8,0.4
7.47,6.17,1.2,0.76,7.24,4.19,2.5,0.46,7.22,4.29,1.8,0.4,7.53,6.2,2.0,0.43
7.76,8.47,1.2,0.62,7.22,4.29,1.8,0.4,7.53,6.2,2.0,0.43,7.47,6.33,1.7,0.41
7.42,8.78,1.4,0.83,7.53,6.2,2.0,0.43,7.47,6.33,1.7,0.41,7.33,5.58,1.6,0.44
6.9,9.92,2.1,0.7,7.47,6.33,1.7,0.41,7.33,5.58,1.6,0.44,7.36,6.59,1.2,0.51
7.53,7.06,2.0,0.78,7.33,5.58,1.6,0.44,7.36,6.59,1.2,0.51,7.47,6.17,1.2,0.76
7.36,8.36,1.5,0.46,7.36,6.59,1.2,0.51,7.47,6.17,1.2,0.76,7.76,8.47,1.2,0.62
7.24,7.86,1.3,0.45,7.47,6.17,1.2,0.76,7.76,8.47,1.2,0.62,7.42,8.78,1.4,0.83
7.26,8.14,1.3,0.4,7.76,8.47,1.2,0.62,7.42,8.78,1.4,0.83,6.9,9.92,2.1,0.7
7.15,8.23,1.4,0.49,7.42,8.78,1.4,0.83,6.9,9.92,2.1,0.7,7.53,7.06,2.0,0.78
7.05,8.2,2.4,0.67,6.9,9.92,2.1,0.7,7.53,7.06,2.0,0.78,7.36,8.36,1.5,0.46
6.95,9.23,2.4,0.65,7.53,7.06,2.0,0.78,7.36,8.36,1.5,0.46,7.24,7.86,1.3,0.45
7.19,8.86,2.1,0.61,7.36,8.36,1.5,0.46,7.24,7.86,1.3,0.45,7.26,8.14,1.3,0.4
7.14,9.85,1.7,0.94,7.24,7.86,1.3,0.45,7.26,8.14,1.3,0.4,7.15,8.23,1.4,0.49
7.03,8.32,1.9,0.85,7.26,8.14,1.3,0.4,7.15,8.23,1.4,0.49,7.05,8.2,2.4,0.67
6.83,9.0,1.4,0.63,7.15,8.23,1.4,0.49,7.05,8.2,2.4,0.67,6.95,9.23,2.4,0.65
6.83,9.0,1.4,0.63,7.05,8.2,2.4,0.67,6.95,9.23,2.4,0.65,7.19,8.86,2.1,0.61
7.43,8.56,1.3,0.99,6.95,9.23,2.4,0.65,7.19,8.86,2.1,0.61,7.14,9.85,1.7,0.94
7.62,7.09,1.7,0.66,7.19,8.86,2.1,0.61,7.14,9.85,1.7,0.94,7.03,8.32,1.9,0.85
7.58,8.18,1.7,0.39,7.14,9.85,1.7,0.94,7.03,8.32,1.9,0.85,6.83,9.0,1.4,0.63
7.44,9.49,1.7,0.59,7.03,8.32,1.9,0.85,6.83,9.0,1.4,0.63,6.83,9.0,1.4,0.63
7.14,9.41,2.1,0.49,6.83,9.0,1.4,0.63,6.83,9.0,1.4,0.63,7.43,8.56,1.3,0.99
7.32,7.94,2.2,0.47,6.83,9.0,1.4,0.63,7.43,8.56,1.3,0.99,7.62,7.09,1.7,0.66
7.38,7.48,2.0,0.62,7.43,8.56,1.3,0.99,7.62,7.09,1.7,0.66,7.58,8.18,1.7,0.39
7.44,9.47,1.6,0.69,7.62,7.09,1.7,0.66,7.58,8.18,1.7,0.39,7.44,9.49,1.7,0.59
7.56,9.96,1.5,0.61,7.58,8.18,1.7,0.39,7.44,9.49,1.7,0.59,7.14,9.41,2.1,0.49
7.38,7.32,1.7,0.77,7.44,9.49,1.7,0.59,7.14,9.41,2.1,0.49,7.32,7.94,2.2,0.47
7.36,6.68,2.1,0.54,7.14,9.41,2.1,0.49,7.32,7.94,2.2,0.47,7.38,7.48,2.0,0.62
7.2,6.08,2.2,0.62,7.32,7.94,2.2,0.47,7.38,7.48,2.0,0.62,7.44,9.47,1.6,0.69
7.04,6.61,2.3,0.33,7.38,7.48,2.0,0.62,7.44,9.47,1.6,0.69,7.56,9.96,1.5,0.61
7.21,6.25,2.3,0.35,7.44,9.47,1.6,0.69,7.56,9.96,1.5,0.61,7.38,7.32,1.7,0.77
7.32,6.4,1.6,0.42,7.56,9.96,1.5,0.61,7.38,7.32,1.7,0.77,7.36,6.68,2.1,0.54
7.42,5.08,2.2,0.44,7.38,7.32,1.7,0.77,7.36,6.68,2.1,0.54,7.2,6.08,2.2,0.62
7.35,6.21,1.9,0.34,7.36,6.68,2.1,0.54,7.2,6.08,2.2,0.62,7.04,6.61,2.3,0.33
7.31,5.87,2.0,0.38,7.2,6.08,2.2,0.62,7.04,6.61,2.3,0.33,7.21,6.25,2.3,0.35
7.63,6.03,2.3,0.37,7.04,6.61,2.3,0.33,7.21,6.25,2.3,0.35,7.32,6.4,1.6,0.42
7.69,6.09,1.9,0.35,7.21,6.25,2.3,0.35,7.32,6.4,1.6,0.42,7.42,5.08,2.2,0.44
7.58,4.67,1.7,0.37,7.32,6.4,1.6,0.42,7.42,5.08,2.2,0.44,7.35,6.21,1.9,0.34
7.51,5.3,2.2,0.37,7.42,5.08,2.2,0.44,7.35,6.21,1.9,0.34,7.31,5.87,2.0,0.38
7.17,6.31,2.1,0.27,7.35,6.21,1.9,0.34,7.31,5.87,2.0,0.38,7.63,6.03,2.3,0.37
7.3,6.44,1.8,0.13,7.31,5.87,2.0,0.38,7.63,6.03,2.3,0.37,7.69,6.09,1.9,0.35
7.58,6.6,1.9,0.18,7.63,6.03,2.3,0.37,7.69,6.09,1.9,0.35,7.58,4.67,1.7,0.37
6.85,5.32,2.5,0.39,7.69,6.09,1.9,0.35,7.58,4.67,1.7,0.37,7.51,5.3,2.2,0.37
7.06,6.44,1.6,0.2,7.58,4.67,1.7,0.37,7.51,5.3,2.2,0.37,7.17,6.31,2.1,0.27
7.18,6.24,1.7,0.28,7.51,5.3,2.2,0.37,7.17,6.31,2.1,0.27,7.3,6.44,1.8,0.13
7.48,6.47,1.9,0.41,7.17,6.31,2.1,0.27,7.3,6.44,1.8,0.13,7.58,6.6,1.9,0.18
7.42,6.37,1.7,0.41,7.3,6.44,1.8,0.13,7.58,6.6,1.9,0.18,6.85,5.32,2.5,0.39
7.05,6.4,1.3,0.29,7.58,6.6,1.9,0.18,6.85,5.32,2.5,0.39,7.06,6.44,1.6,0.2
7.2,6.43,1.6,0.2,6.85,5.32,2.5,0.39,7.06,6.44,1.6,0.2,7.18,6.24,1.7,0.28
7.54,6.45,1.8,0.23,7.06,6.44,1.6,0.2,7.18,6.24,1.7,0.28,7.48,6.47,1.9,0.41
7.65,7.34,2.7,0.22,7.18,6.24,1.7,0.28,7.48,6.47,1.9,0.41,7.42,6.37,1.7,0.41
7.98,7.89,2.2,0.2,7.48,6.47,1.9,0.41,7.42,6.37,1.7,0.41,7.05,6.4,1.3,0.29
7.72,7.04,2.3,0.25,7.42,6.37,1.7,0.41,7.05,6.4,1.3,0.29,7.2,6.43,1.6,0.2
7.49,6.99,1.9,0.32,7.05,6.4,1.3,0.29,7.2,6.43,1.6,0.2,7.54,6.45,1.8,0.23
7.21,7.49,3.2,0.37,7.2,6.43,1.6,0.2,7.54,6.45,1.8,0.23,7.65,7.34,2.7,0.22
7.37,8.28,2.5,0.34,7.54,6.45,1.8,0.23,7.65,7.34,2.7,0.22,7.98,7.89,2.2,0.2
7.13,7.05,2.3,0.4,7.65,7.34,2.7,0.22,7.98,7.89,2.2,0.2,7.72,7.04,2.3,0.25
7.34,7.8,3.3,0.36,7.98,7.89,2.2,0.2,7.72,7.04,2.3,0.25,7.49,6.99,1.9,0.32
7.46,11.4,2.4,0.81,7.72,7.04,2.3,0.25,7.49,6.99,1.9,0.32,7.21,7.49,3.2,0.37
7.27,9.94,2.7,0.99,7.49,6.99,1.9,0.32,7.21,7.49,3.2,0.37,7.37,8.28,2.5,0.34
7.2,10.2,3.0,0.67,7.21,7.49,3.2,0.37,7.37,8.28,2.5,0.34,7.13,7.05,2.3,0.4
7.19,10.6,2.1,0.89,7.37,8.28,2.5,0.34,7.13,7.05,2.3,0.4,7.34,7.8,3.3,0.36
7.29,11.5,2.1,0.88,7.13,7.05,2.3,0.4,7.34,7.8,3.3,0.36,7.46,11.4,2.4,0.81
7.142659279778393,6.873628808864266,2.333841886269069,0.5513711911357335,7.34,7.8,3.3,0.36,7.46,11.4,2.4,0.81,7.27,9.94,2.7,0.99
7.35,11.1,1.8,1.08,7.46,11.4,2.4,0.81,7.27,9.94,2.7,0.99,7.2,10.2,3.0,0.67
7.41,10.7,1.8,1.11,7.27,9.94,2.7,0.99,7.2,10.2,3.0,0.67,7.19,10.6,2.1,0.89
7.34,11.0,1.7,0.99,7.2,10.2,3.0,0.67,7.19,10.6,2.1,0.89,7.29,11.5,2.1,0.88
7.31,11.5,2.2,0.99,7.19,10.6,2.1,0.89,7.29,11.5,2.1,0.88,7.142659279778393,6.873628808864266,2.333841886269069,0.5513711911357335
7.33,11.0,2.0,0.97,7.29,11.5,2.1,0.88,7.142659279778393,6.873628808864266,2.333841886269069,0.5513711911357335,7.35,11.1,1.8,1.08
7.29,10.8,1.8,0.56,7.142659279778393,6.873628808864266,2.333841886269069,0.5513711911357335,7.35,11.1,1.8,1.08,7.41,10.7,1.8,1.11
7.41,10.6,1.9,0.5,7.35,11.1,1.8,1.08,7.41,10.7,1.8,1.11,7.34,11.0,1.7,0.99
7.27,10.8,1.7,0.53,7.41,10.7,1.8,1.11,7.34,11.0,1.7,0.99,7.31,11.5,2.2,0.99
7.3,11.1,1.7,0.46,7.34,11.0,1.7,0.99,7.31,11.5,2.2,0.99,7.33,11.0,2.0,0.97
7.38,11.8,1.6,0.49,7.31,11.5,2.2,0.99,7.33,11.0,2.0,0.97,7.29,10.8,1.8,0.56
7.17,11.8,1.7,0.64,7.33,11.0,2.0,0.97,7.29,10.8,1.8,0.56,7.41,10.6,1.9,0.5
7.06,6.81,1.7,0.66,7.29,10.8,1.8,0.56,7.41,10.6,1.9,0.5,7.27,10.8,1.7,0.53
7.1,9.11,2.0,0.64,7.41,10.6,1.9,0.5,7.27,10.8,1.7,0.53,7.3,11.1,1.7,0.46
7.14,8.02,2.3,0.7,7.27,10.8,1.7,0.53,7.3,11.1,1.7,0.46,7.38,11.8,1.6,0.49
7.11,7.23,2.4,0.77,7.3,11.1,1.7,0.46,7.38,11.8,1.6,0.49,7.17,11.8,1.7,0.64
6.99,5.8,2.0,0.48,7.38,11.8,1.6,0.49,7.17,11.8,1.7,0.64,7.06,6.81,1.7,0.66
7.17,10.5,2.9,0.33,7.17,11.8,1.7,0.64,7.06,6.81,1.7,0.66,7.1,9.11,2.0,0.64
7.13,7.18,2.2,0.52,7.06,6.81,1.7,0.66,7.1,9.11,2.0,0.64,7.14,8.02,2.3,0.7
7.16,5.66,3.1,0.97,7.1,9.11,2.0,0.64,7.14,8.02,2.3,0.7,7.11,7.23,2.4,0.77
7.28,5.07,3.3,0.56,7.14,8.02,2.3,0.7,7.11,7.23,2.4,0.77,6.99,5.8,2.0,0.48
7.44,5.05,2.6,0.18,7.11,7.23,2.4,0.77,6.99,5.8,2.0,0.48,7.17,10.5,2.9,0.33
7.63,6.19,1.5,0.22,6.99,5.8,2.0,0.48,7.17,10.5,2.9,0.33,7.13,7.18,2.2,0.52
7.62,7.18,0.8,0.26,7.17,10.5,2.9,0.33,7.13,7.18,2.2,0.52,7.16,5.66,3.1,0.97
7.32,9.81,0.9,0.3,7.13,7.18,2.2,0.52,7.16,5.66,3.1,0.97,7.28,5.07,3.3,0.56
7.41,6.35,1.7,0.28,7.16,5.66,3.1,0.97,7.28,5.07,3.3,0.56,7.44,5.05,2.6,0.18
7.45,6.34,3.5,0.23,7.28,5.07,3.3,0.56,7.44,5.05,2.6,0.18,7.63,6.19,1.5,0.22
7.45,5.5,2.1,0.22,7.44,5.05,2.6,0.18,7.63,6.19,1.5,0.22,7.62,7.18,0.8,0.26
7.29,5.12,1.6,0.3,7.63,6.19,1.5,0.22,7.62,7.18,0.8,0.26,7.32,9.81,0.9,0.3
7.21,5.52,1.1,0.34,7.62,7.18,0.8,0.26,7.32,9.81,0.9,0.3,7.41,6.35,1.7,0.28
7.32,6.01,1.0,0.39,7.32,9.81,0.9,0.3,7.41,6.35,1.7,0.28,7.45,6.34,3.5,0.23
7.25,5.47,0.8,0.46,7.41,6.35,1.7,0.28,7.45,6.34,3.5,0.23,7.45,5.5,2.1,0.22
7.48,6.38,1.2,0.41,7.45,6.34,3.5,0.23,7.45,5.5,2.1,0.22,7.29,5.12,1.6,0.3
7.49,5.04,1.2,0.46,7.45,5.5,2.1,0.22,7.29,5.12,1.6,0.3,7.21,5.52,1.1,0.34
7.11,5.07,1.2,0.55,7.29,5.12,1.6,0.3,7.21,5.52,1.1,0.34,7.32,6.01,1.0,0.39
7.02,5.45,2.7,0.5,7.21,5.52,1.1,0.34,7.32,6.01,1.0,0.39,7.25,5.47,0.8,0.46
7.08,5.49,2.5,0.44,7.32,6.01,1.0,0.39,7.25,5.47,0.8,0.46,7.48,6.38,1.2,0.41
6.79,5.32,1.5,0.59,7.25,5.47,0.8,0.46,7.48,6.38,1.2,0.41,7.49,5.04,1.2,0.46
7.17,5.55,1.7,0.35,7.48,6.38,1.2,0.41,7.49,5.04,1.2,0.46,7.11,5.07,1.2,0.55
7.53,7.43,1.3,0.49,7.49,5.04,1.2,0.46,7.11,5.07,1.2,0.55,7.02,5.45,2.7,0.5
7.3,5.52,2.4,0.34,7.11,5.07,1.2,0.55,7.02,5.45,2.7,0.5,7.08,5.49,2.5,0.44
7.44,5.86,3.2,0.39,7.02,5.45,2.7,0.5,7.08,5.49,2.5,0.44,6.79,5.32,1.5,0.59
7.5,5.31,2.5,0.64,7.08,5.49,2.5,0.44,6.79,5.32,1.5,0.59,7.17,5.55,1.7,0.35
7.14,6.13,2.5,0.29,6.79,5.32,1.5,0.59,7.17,5.55,1.7,0.35,7.53,7.43,1.3,0.49
7.12,7.05,0.8,0.33,7.17,5.55,1.7,0.35,7.53,7.43,1.3,0.49,7.3,5.52,2.4,0.34
7.02,6.66,1.0,0.27,7.53,7.43,1.3,0.49,7.3,5.52,2.4,0.34,7.44,5.86,3.2,0.39
7.142659279778393,6.873628808864266,2.333841886269069,0.5513711911357335,7.3,5.52,2.4,0.34,7.44,5.86,3.2,0.39,7.5,5.31,2.5,0.64
6.87,6.3,1.8,0.51,7.44,5.86,3.2,0.39,7.5,5.31,2.5,0.64,7.14,6.13,2.5,0.29
6.84,6.48,1.3,0.36,7.5,5.31,2.5,0.64,7.14,6.13,2.5,0.29,7.12,7.05,0.8,0.33
6.73,4.93,1.4,0.44,7.14,6.13,2.5,0.29,7.12,7.05,0.8,0.33,7.02,6.66,1.0,0.27
6.93,7.0,1.5,0.69,7.12,7.05,0.8,0.33,7.02,6.66,1.0,0.27,7.142659279778393,6.873628808864266,2.333841886269069,0.5513711911357335
7.01,8.18,2.7,1.26,7.02,6.66,1.0,0.27,7.142659279778393,6.873628808864266,2.333841886269069,0.5513711911357335,6.87,6.3,1.8,0.51
7.06,8.09,1.8,0.62,7.142659279778393,6.873628808864266,2.333841886269069,0.5513711911357335,6.87,6.3,1.8,0.51,6.84,6.48,1.3,0.36
7.32,8.45,1.8,0.44,6.87,6.3,1.8,0.51,6.84,6.48,1.3,0.36,6.73,4.93,1.4,0.44
7.39,9.28,1.5,0.72,6.84,6.48,1.3,0.36,6.73,4.93,1.4,0.44,6.93,7.0,1.5,0.69
7.21,9.1,2.5,0.9,6.73,4.93,1.4,0.44,6.93,7.0,1.5,0.69,7.01,8.18,2.7,1.26
7.18,9.58,1.9,1.08,6.93,7.0,1.5,0.69,7.01,8.18,2.7,1.26,7.06,8.09,1.8,0.62
7.25,9.82,1.9,1.13,7.01,8.18,2.7,1.26,7.06,8.09,1.8,0.62,7.32,8.45,1.8,0.44
7.34,9.97,2.0,0.69,7.06,8.09,1.8,0.62,7.32,8.45,1.8,0.44,7.39,9.28,1.5,0.72
7.31,9.54,2.2,0.72,7.32,8.45,1.8,0.44,7.39,9.28,1.5,0.72,7.21,9.1,2.5,0.9
7.23,9.7,1.8,0.67,7.39,9.28,1.5,0.72,7.21,9.1,2.5,0.9,7.18,9.58,1.9,1.08
7.25,9.56,1.6,0.64,7.21,9.1,2.5,0.9,7.18,9.58,1.9,1.08,7.25,9.82,1.9,1.13
7.35,11.9,1.7,0.54,7.18,9.58,1.9,1.08,7.25,9.82,1.9,1.13,7.34,9.97,2.0,0.69
7.21,12.7,2.6,0.73,7.25,9.82,1.9,1.13,7.34,9.97,2.0,0.69,7.31,9.54,2.2,0.72
7.19,7.25,2.4,0.58,7.34,9.97,2.0,0.69,7.31,9.54,2.2,0.72,7.23,9.7,1.8,0.67
7.12,7.42,2.1,0.61,7.31,9.54,2.2,0.72,7.23,9.7,1.8,0.67,7.25,9.56,1.6,0.64
7.09,7.45,2.4,0.4,7.23,9.7,1.8,0.67,7.25,9.56,1.6,0.64,7.35,11.9,1.7,0.54
7.11,7.64,2.0,0.51,7.25,9.56,1.6,0.64,7.35,11.9,1.7,0.54,7.21,12.7,2.6,0.73
6.93,6.62,2.1,0.53,7.35,11.9,1.7,0.54,7.21,12.7,2.6,0.73,7.19,7.25,2.4,0.58
6.87,4.83,3.3,0.58,7.21,12.7,2.6,0.73,7.19,7.25,2.4,0.58,7.12,7.42,2.1,0.61
6.82,5.8,3.2,0.52,7.19,7.25,2.4,0.58,7.12,7.42,2.1,0.61,7.09,7.45,2.4,0.4
6.83,4.88,2.6,0.64,7.12,7.42,2.1,0.61,7.09,7.45,2.4,0.4,7.11,7.64,2.0,0.51
6.92,5.52,2.3,0.39,7.09,7.45,2.4,0.4,7.11,7.64,2.0,0.51,6.93,6.62,2.1,0.53
7.1,6.71,2.3,0.23,7.11,7.64,2.0,0.51,6.93,6.62,2.1,0.53,6.87,4.83,3.3,0.58
7.04,6.07,2.4,0.31,6.93,6.62,2.1,0.53,6.87,4.83,3.3,0.58,6.82,5.8,3.2,0.52
7.0,6.03,1.6,0.49,6.87,4.83,3.3,0.58,6.82,5.8,3.2,0.52,6.83,4.88,2.6,0.64
6.84,3.5,2.8,0.44,6.82,5.8,3.2,0.52,6.83,4.88,2.6,0.64,6.92,5.52,2.3,0.39
6.82,4.05,3.7,0.35,6.83,4.88,2.6,0.64,6.92,5.52,2.3,0.39,7.1,6.71,2.3,0.23
6.89,5.87,1.7,0.32,6.92,5.52,2.3,0.39,7.1,6.71,2.3,0.23,7.04,6.07,2.4,0.31
6.94,4.33,1.7,0.35,7.1,6.71,2.3,0.23,7.04,6.07,2.4,0.31,7.0,6.03,1.6,0.49
7.06,5.2,1.3,0.28,7.04,6.07,2.4,0.31,7.0,6.03,1.6,0.49,6.84,3.5,2.8,0.44
7.14,4.64,1.4,0.27,7.0,6.03,1.6,0.49,6.84,3.5,2.8,0.44,6.82,4.05,3.7,0.35
7.1,5.14,1.5,0.33,6.84,3.5,2.8,0.44,6.82,4.05,3.7,0.35,6.89,5.87,1.7,0.32
7.18,6.83,1.7,0.38,6.82,4.05,3.7,0.35,6.89,5.87,1.7,0.32,6.94,4.33,1.7,0.35
7.06,4.93,1.3,0.57,6.89,5.87,1.7,0.32,6.94,4.33,1.7,0.35,7.06,5.2,1.3,0.28
7.06,3.59,1.3,0.6,6.94,4.33,1.7,0.35,7.06,5.2,1.3,0.28,7.14,4.64,1.4,0.27
7.44,6.07,1.1,0.52,7.06,5.2,1.3,0.28,7.14,4.64,1.4,0.27,7.1,5.14,1.5,0.33
7.1,5.4,1.0,0.6,7.14,4.64,1.4,0.27,7.1,5.14,1.5,0.33,7.18,6.83,1.7,0.38
7.16,5.74,1.0,0.74,7.1,5.14,1.5,0.33,7.18,6.83,1.7,0.38,7.06,4.93,1.3,0.57
7.18,6.3,0.7,0.45,7.18,6.83,1.7,0.38,7.06,4.93,1.3,0.57,7.06,3.59,1.3,0.6
7.11,6.27,1.1,0.38,7.06,4.93,1.3,0.57,7.06,3.59,1.3,0.6,7.44,6.07,1.1,0.52
7.1,6.8,1.1,0.33,7.06,3.59,1.3,0.6,7.44,6.07,1.1,0.52,7.1,5.4,1.0,0.6
7.14,6.73,1.3,0.4,7.44,6.07,1.1,0.52,7.1,5.4,1.0,0.6,7.16,5.74,1.0,0.74
6.99,5.65,1.1,0.48,7.1,5.4,1.0,0.6,7.16,5.74,1.0,0.74,7.18,6.3,0.7,0.45
6.97,5.45,2.7,0.53,7.16,5.74,1.0,0.74,7.18,6.3,0.7,0.45,7.11,6.27,1.1,0.38
6.99,5.59,1.8,0.47,7.18,6.3,0.7,0.45,7.11,6.27,1.1,0.38,7.1,6.8,1.1,0.33
7.15,6.59,1.1,0.52,7.11,6.27,1.1,0.38,7.1,6.8,1.1,0.33,7.14,6.73,1.3,0.4
6.91,6.46,1.4,0.5,7.1,6.8,1.1,0.33,7.14,6.73,1.3,0.4,6.99,5.65,1.1,0.48
7.06,6.76,1.0,0.58,7.14,6.73,1.3,0.4,6.99,5.65,1.1,0.48,6.97,5.45,2.7,0.53
7.03,5.32,1.9,0.66,6.99,5.65,1.1,0.48,6.97,5.45,2.7,0.53,6.99,5.59,1.8,0.47
7.13,5.74,1.7,0.54,6.97,5.45,2.7,0.53,6.99,5.59,1.8,0.47,7.15,6.59,1.1,0.52
7.39,6.63,1.5,0.52,6.99,5.59,1.8,0.47,7.15,6.59,1.1,0.52,6.91,6.46,1.4,0.5
7.41,8.58,1.4,0.46,7.15,6.59,1.1,0.52,6.91,6.46,1.4,0.5,7.06,6.76,1.0,0.58
7.32,8.35,1.3,0.46,6.91,6.46,1.4,0.5,7.06,6.76,1.0,0.58,7.03,5.32,1.9,0.66
7.29,8.83,1.3,0.6,7.06,6.76,1.0,0.58,7.03,5.32,1.9,0.66,7.13,5.74,1.7,0.54
6.87,9.53,1.1,0.98,7.03,5.32,1.9,0.66,7.13,5.74,1.7,0.54,7.39,6.63,1.5,0.52
7.2,9.7,1.2,1.12,7.13,5.74,1.7,0.54,7.39,6.63,1.5,0.52,7.41,8.58,1.4,0.46
7.19,9.14,1.3,0.83,7.39,6.63,1.5,0.52,7.41,8.58,1.4,0.46,7.32,8.35,1.3,0.46
7.01,9.11,1.8,0.79,7.41,8.58,1.4,0.46,7.32,8.35,1.3,0.46,7.29,8.83,1.3,0.6
7.14,10.5,1.9,0.37,7.32,8.35,1.3,0.46,7.29,8.83,1.3,0.6,6.87,9.53,1.1,0.98
7.25,10.3,1.9,0.34,7.29,8.83,1.3,0.6,6.87,9.53,1.1,0.98,7.2,9.7,1.2,1.12
7.18,10.1,1.8,0.46,6.87,9.53,1.1,0.98,7.2,9.7,1.2,1.12,7.19,9.14,1.3,0.83
7.09,9.53,1.9,0.9,7.2,9.7,1.2,1.12,7.19,9.14,1.3,0.83,7.01,9.11,1.8,0.79
7.06,8.86,2.1,0.77,7.19,9.14,1.3,0.83,7.01,9.11,1.8,0.79,7.14,10.5,1.9,0.37
7.01,8.61,2.7,0.99,7.01,9.11,1.8,0.79,7.14,10.5,1.9,0.37,7.25,10.3,1.9,0.34
7.05,8.72,4.8,0.74,7.14,10.5,1.9,0.37,7.25,10.3,1.9,0.34,7.18,10.1,1.8,0.46
7.05,9.08,2.3,0.5,7.25,10.3,1.9,0.34,7.18,10.1,1.8,0.46,7.09,9.53,1.9,0.9
7.04,8.8,2.0,0.56,7.18,10.1,1.8,0.46,7.09,9.53,1.9,0.9,7.06,8.86,2.1,0.77
7.0,7.43,2.0,0.64,7.09,9.53,1.9,0.9,7.06,8.86,2.1,0.77,7.01,8.61,2.7,0.99
7.01,6.76,2.1,0.49,7.06,8.86,2.1,0.77,7.01,8.61,2.7,0.99,7.05,8.72,4.8,0.74
7.142659279778393,6.873628808864266,2.333841886269069,0.5513711911357335,7.01,8.61,2.7,0.99,7.05,8.72,4.8,0.74,7.05,9.08,2.3,0.5
6.92,5.84,2.1,0.31,7.05,8.72,4.8,0.74,7.05,9.08,2.3,0.5,7.04,8.8,2.0,0.56
6.9,6.03,2.5,0.38,7.05,9.08,2.3,0.5,7.04,8.8,2.0,0.56,7.0,7.43,2.0,0.64
6.88,6.32,2.4,0.4,7.04,8.8,2.0,0.56,7.0,7.43,2.0,0.64,7.01,6.76,2.1,0.49
6.92,5.39,3.6,0.45,7.0,7.43,2.0,0.64,7.01,6.76,2.1,0.49,7.142659279778393,6.873628808864266,2.333841886269069,0.5513711911357335
6.99,5.63,3.1,0.42,7.01,6.76,2.1,0.49,7.142659279778393,6.873628808864266,2.333841886269069,0.5513711911357335,6.92,5.84,2.1,0.31
6.95,5.47,2.3,0.46,7.142659279778393,6.873628808864266,2.333841886269069,0.5513711911357335,6.92,5.84,2.1,0.31,6.9,6.03,2.5,0.38
6.97,6.79,1.9,0.46,6.92,5.84,2.1,0.31,6.9,6.03,2.5,0.38,6.88,6.32,2.4,0.4
7.05,4.88,1.9,0.41,6.9,6.03,2.5,0.38,6.88,6.32,2.4,0.4,6.92,5.39,3.6,0.45
6.88,5.11,3.3,0.47,6.88,6.32,2.4,0.4,6.92,5.39,3.6,0.45,6.99,5.63,3.1,0.42
7.0,6.23,1.7,0.62,6.92,5.39,3.6,0.45,6.99,5.63,3.1,0.42,6.95,5.47,2.3,0.46
7.09,6.09,1.7,0.63,6.99,5.63,3.1,0.42,6.95,5.47,2.3,0.46,6.97,6.79,1.9,0.46
7.37,6.79,1.8,0.52,6.95,5.47,2.3,0.46,6.97,6.79,1.9,0.46,7.05,4.88,1.9,0.41
7.39,6.34,1.8,0.54,6.97,6.79,1.9,0.46,7.05,4.88,1.9,0.41,6.88,5.11,3.3,0.47
6.75,3.98,2.5,0.61,7.05,4.88,1.9,0.41,6.88,5.11,3.3,0.47,7.0,6.23,1.7,0.62
6.9,5.34,1.5,0.44,6.88,5.11,3.3,0.47,7.0,6.23,1.7,0.62,7.09,6.09,1.7,0.63
7.07,6.06,1.4,0.44,7.0,6.23,1.7,0.62,7.09,6.09,1.7,0.63,7.37,6.79,1.8,0.52
7.23,6.65,1.1,0.42,7.09,6.09,1.7,0.63,7.37,6.79,1.8,0.52,7.39,6.34,1.8,0.54
7.12,5.85,1.4,0.46,7.37,6.79,1.8,0.52,7.39,6.34,1.8,0.54,6.75,3.98,2.5,0.61
7.29,8.73,1.5,0.32,7.39,6.34,1.8,0.54,6.75,3.98,2.5,0.61,6.9,5.34,1.5,0.44
7.91,12.1,1.2,0.1,6.75,3.98,2.5,0.61,6.9,5.34,1.5,0.44,7.07,6.06,1.4,0.44
6.92,6.14,2.5,0.15,6.9,5.34,1.5,0.44,7.07,6.06,1.4,0.44,7.23,6.65,1.1,0.42
7.22,6.84,2.2,0.15,7.07,6.06,1.4,0.44,7.23,6.65,1.1,0.42,7.12,5.85,1.4,0.46
7.04,6.36,2.2,0.17,7.23,6.65,1.1,0.42,7.12,5.85,1.4,0.46,7.29,8.73,1.5,0.32
6.83,5.92,2.6,0.12,7.12,5.85,1.4,0.46,7.29,8.73,1.5,0.32,7.91,12.1,1.2,0.1
6.91,7.35,2.4,0.06,7.29,8.73,1.5,0.32,7.91,12.1,1.2,0.1,6.92,6.14,2.5,0.15
6.85,7.29,2.4,0.08,7.91,12.1,1.2,0.1,6.92,6.14,2.5,0.15,7.22,6.84,2.2,0.15
6.98,7.2,2.4,0.1,6.92,6.14,2.5,0.15,7.22,6.84,2.2,0.15,7.04,6.36,2.2,0.17
6.97,7.19,2.4,0.14,7.22,6.84,2.2,0.15,7.04,6.36,2.2,0.17,6.83,5.92,2.6,0.12
6.92,7.55,2.5,0.19,7.04,6.36,2.2,0.17,6.83,5.92,2.6,0.12,6.91,7.35,2.4,0.06
6.87,7.16,2.7,0.2,6.83,5.92,2.6,0.12,6.91,7.35,2.4,0.06,6.85,7.29,2.4,0.08
6.55,5.85,3.0,0.62,6.91,7.35,2.4,0.06,6.85,7.29,2.4,0.08,6.98,7.2,2.4,0.1
6.75,7.64,3.3,0.29,6.85,7.29,2.4,0.08,6.98,7.2,2.4,0.1,6.97,7.19,2.4,0.14
6.85,7.63,2.9,0.31,6.98,7.2,2.4,0.1,6.97,7.19,2.4,0.14,6.92,7.55,2.5,0.19
6.94,7.61,2.0,0.24,6.97,7.19,2.4,0.14,6.92,7.55,2.5,0.19,6.87,7.16,2.7,0.2
7.0,8.2,1.8,0.23,6.92,7.55,2.5,0.19,6.87,7.16,2.7,0.2,6.55,5.85,3.0,0.62
7.0,8.9,1.5,0.32,6.87,7.16,2.7,0.2,6.55,5.85,3.0,0.62,6.75,7.64,3.3,0.29
7.06,9.16,1.2,0.44,6.55,5.85,3.0,0.62,6.75,7.64,3.3,0.29,6.85,7.63,2.9,0.31
7.16,9.24,1.1,0.54,6.75,7.64,3.3,0.29,6.85,7.63,2.9,0.31,6.94,7.61,2.0,0.24
7.1,9.21,1.8,0.4,6.85,7.63,2.9,0.31,6.94,7.61,2.0,0.24,7.0,8.2,1.8,0.23
7.0,8.94,1.7,0.36,6.94,7.61,2.0,0.24,7.0,8.2,1.8,0.23,7.0,8.9,1.5,0.32
6.81,9.13,1.1,0.6,7.0,8.2,1.8,0.23,7.0,8.9,1.5,0.32,7.06,9.16,1.2,0.44
6.79,8.41,2.7,0.57,7.0,8.9,1.5,0.32,7.06,9.16,1.2,0.44,7.16,9.24,1.1,0.54
6.73,8.73,2.8,0.61,7.06,9.16,1.2,0.44,7.16,9.24,1.1,0.54,7.1,9.21,1.8,0.4
6.78,9.11,2.6,0.56,7.16,9.24,1.1,0.54,7.1,9.21,1.8,0.4,7.0,8.94,1.7,0.36
7.11,9.49,2.5,0.39,7.1,9.21,1.8,0.4,7.0,8.94,1.7,0.36,6.81,9.13,1.1,0.6
7.21,9.41,2.6,0.3,7.0,8.94,1.7,0.36,6.81,9.13,1.1,0.6,6.79,8.41,2.7,0.57
7.17,7.96,2.4,0.42,6.81,9.13,1.1,0.6,6.79,8.41,2.7,0.57,6.73,8.73,2.8,0.61
7.05,7.7,2.1,0.45,6.79,8.41,2.7,0.57,6.73,8.73,2.8,0.61,6.78,9.11,2.6,0.56
6.95,6.25,2.7,0.36,6.73,8.73,2.8,0.61,6.78,9.11,2.6,0.56,7.11,9.49,2.5,0.39
6.87,5.86,3.8,0.27,6.78,9.11,2.6,0.56,7.11,9.49,2.5,0.39,7.21,9.41,2.6,0.3
6.96,6.64,4.4,0.1,7.11,9.49,2.5,0.39,7.21,9.41,2.6,0.3,7.17,7.96,2.4,0.42
7.04,7.06,3.5,0.13,7.21,9.41,2.6,0.3,7.17,7.96,2.4,0.42,7.05,7.7,2.1,0.45
7.08,6.52,2.3,0.14,7.17,7.96,2.4,0.42,7.05,7.7,2.1,0.45,6.95,6.25,2.7,0.36
6.94,5.98,2.3,0.21,7.05,7.7,2.1,0.45,6.95,6.25,2.7,0.36,6.87,5.86,3.8,0.27
6.93,5.52,2.9,0.13,6.95,6.25,2.7,0.36,6.87,5.86,3.8,0.27,6.96,6.64,4.4,0.1
6.92,5.32,3.7,0.19,6.87,5.86,3.8,0.27,6.96,6.64,4.4,0.1,7.04,7.06,3.5,0.13
6.83,5.5,4.8,0.1,6.96,6.64,4.4,0.1,7.04,7.06,3.5,0.13,7.08,6.52,2.3,0.14
7.03,5.69,3.8,0.05,7.04,7.06,3.5,0.13,7.08,6.52,2.3,0.14,6.94,5.98,2.3,0.21
6.96,5.63,3.5,0.05,7.08,6.52,2.3,0.14,6.94,5.98,2.3,0.21,6.93,5.52,2.9,0.13
7.08,5.62,3.4,0.06,6.94,5.98,2.3,0.21,6.93,5.52,2.9,0.13,6.92,5.32,3.7,0.19
7.06,5.56,3.7,0.14,6.93,5.52,2.9,0.13,6.92,5.32,3.7,0.19,6.83,5.5,4.8,0.1
7.15,5.66,3.1,0.2,6.92,5.32,3.7,0.19,6.83,5.5,4.8,0.1,7.03,5.69,3.8,0.05
6.68,4.49,3.7,0.29,6.83,5.5,4.8,0.1,7.03,5.69,3.8,0.05,6.96,5.63,3.5,0.05
6.8,4.92,3.4,0.24,7.03,5.69,3.8,0.05,6.96,5.63,3.5,0.05,7.08,5.62,3.4,0.06
6.93,5.16,2.8,0.15,6.96,5.63,3.5,0.05,7.08,5.62,3.4,0.06,7.06,5.56,3.7,0.14
6.84,5.1,2.4,0.09,7.08,5.62,3.4,0.06,7.06,5.56,3.7,0.14,7.15,5.66,3.1,0.2
6.89,5.02,2.4,0.06,7.06,5.56,3.7,0.14,7.15,5.66,3.1,0.2,6.68,4.49,3.7,0.29
6.94,4.97,2.2,0.03,7.15,5.66,3.1,0.2,6.68,4.49,3.7,0.29,6.8,4.92,3.4,0.24
6.86,4.49,2.3,0.04,6.68,4.49,3.7,0.29,6.8,4.92,3.4,0.24,6.93,5.16,2.8,0.15
6.92,5.65,2.9,0.16,6.8,4.92,3.4,0.24,6.93,5.16,2.8,0.15,6.84,5.1,2.4,0.09
6.7,5.76,3.1,0.21,6.93,5.16,2.8,0.15,6.84,5.1,2.4,0.09,6.89,5.02,2.4,0.06
6.68,6.03,4.3,0.29,6.84,5.1,2.4,0.09,6.89,5.02,2.4,0.06,6.94,4.97,2.2,0.03
6.64,6.34,2.5,0.32,6.89,5.02,2.4,0.06,6.94,4.97,2.2,0.03,6.86,4.49,2.3,0.04
6.83,5.71,3.0,0.27,6.94,4.97,2.2,0.03,6.86,4.49,2.3,0.04,6.92,5.65,2.9,0.16
7.09,6.29,2.6,0.27,6.86,4.49,2.3,0.04,6.92,5.65,2.9,0.16,6.7,5.76,3.1,0.21
6.89,6.32,2.0,0.39,6.92,5.65,2.9,0.16,6.7,5.76,3.1,0.21,6.68,6.03,4.3,0.29
7.03,6.21,2.3,0.26,6.7,5.76,3.1,0.21,6.68,6.03,4.3,0.29,6.64,6.34,2.5,0.32
7.29,6.5,4.3,0.24,6.68,6.03,4.3,0.29,6.64,6.34,2.5,0.32,6.83,5.71,3.0,0.27
7.15,7.08,3.7,0.48,6.64,6.34,2.5,0.32,6.83,5.71,3.0,0.27,7.09,6.29,2.6,0.27
7.11,7.5,3.8,0.46,6.83,5.71,3.0,0.27,7.09,6.29,2.6,0.27,6.89,6.32,2.0,0.39
7.09,7.74,3.3,0.35,7.09,6.29,2.6,0.27,6.89,6.32,2.0,0.39,7.03,6.21,2.3,0.26
6.98,7.6,2.1,0.34,6.89,6.32,2.0,0.39,7.03,6.21,2.3,0.26,7.29,6.5,4.3,0.24
6.98,6.89,2.1,0.41,7.03,6.21,2.3,0.26,7.29,6.5,4.3,0.24,7.15,7.08,3.7,0.48
6.9,6.5,2.1,0.35,7.29,6.5,4.3,0.24,7.15,7.08,3.7,0.48,7.11,7.5,3.8,0.46
6.96,6.14,2.0,0.47,7.15,7.08,3.7,0.48,7.11,7.5,3.8,0.46,7.09,7.74,3.3,0.35
6.96,7.89,2.1,0.47,7.11,7.5,3.8,0.46,7.09,7.74,3.3,0.35,6.98,7.6,2.1,0.34
6.88,7.78,2.2,0.51,7.09,7.74,3.3,0.35,6.98,7.6,2.1,0.34,6.98,6.89,2.1,0.41
6.9,7.59,2.1,0.49,6.98,7.6,2.1,0.34,6.98,6.89,2.1,0.41,6.9,6.5,2.1,0.35
7.0,8.35,2.1,0.67,6.98,6.89,2.1,0.41,6.9,6.5,2.1,0.35,6.96,6.14,2.0,0.47
7.06,8.36,1.7,0.5,6.9,6.5,2.1,0.35,6.96,6.14,2.0,0.47,6.96,7.89,2.1,0.47
6.98,8.08,1.7,0.52,6.96,6.14,2.0,0.47,6.96,7.89,2.1,0.47,6.88,7.78,2.2,0.51
7.01,7.38,1.5,0.42,6.96,7.89,2.1,0.47,6.88,7.78,2.2,0.51,6.9,7.59,2.1,0.49
6.96,6.62,1.2,0.35,6.88,7.78,2.2,0.51,6.9,7.59,2.1,0.49,7.0,8.35,2.1,0.67
6.99,7.39,0.8,0.23,6.9,7.59,2.1,0.49,7.0,8.35,2.1,0.67,7.06,8.36,1.7,0.5
7.06,8.64,1.2,0.16,7.0,8.35,2.1,0.67,7.06,8.36,1.7,0.5,6.98,8.08,1.7,0.52
7.14,9.6,2.1,0.33,7.06,8.36,1.7,0.5,6.98,8.08,1.7,0.52,7.01,7.38,1.5,0.42
7.01,8.22,2.1,0.33,6.98,8.08,1.7,0.52,7.01,7.38,1.5,0.42,6.96,6.62,1.2,0.35
6.83,7.54,2.2,0.29,7.01,7.38,1.5,0.42,6.96,6.62,1.2,0.35,6.99,7.39,0.8,0.23
6.64,6.64,2.2,0.36,6.96,6.62,1.2,0.35,6.99,7.39,0.8,0.23,7.06,8.64,1.2,0.16
6.74,7.07,1.9,0.2,6.99,7.39,0.8,0.23,7.06,8.64,1.2,0.16,7.14,9.6,2.1,0.33
6.76,6.65,2.6,0.2,7.06,8.64,1.2,0.16,7.14,9.6,2.1,0.33,7.01,8.22,2.1,0.33
6.97,6.06,2.4,0.2,7.14,9.6,2.1,0.33,7.01,8.22,2.1,0.33,6.83,7.54,2.2,0.29
7.08,5.79,2.4,0.26,7.01,8.22,2.1,0.33,6.83,7.54,2.2,0.29,6.64,6.64,2.2,0.36
7.17,5.52,1.1,0.31,6.83,7.54,2.2,0.29,6.64,6.64,2.2,0.36,6.74,7.07,1.9,0.2
7.28,6.42,1.3,0.3,6.64,6.64,2.2,0.36,6.74,7.07,1.9,0.2,6.76,6.65,2.6,0.2
7.21,6.31,1.5,0.32,6.74,7.07,1.9,0.2,6.76,6.65,2.6,0.2,6.97,6.06,2.4,0.2
7.42,7.1,1.6,0.06,6.76,6.65,2.6,0.2,6.97,6.06,2.4,0.2,7.08,5.79,2.4,0.26
7.57,7.16,2.9,0.15,6.97,6.06,2.4,0.2,7.08,5.79,2.4,0.26,7.17,5.52,1.1,0.31
7.23,6.67,4.1,0.18,7.08,5.79,2.4,0.26,7.17,5.52,1.1,0.31,7.28,6.42,1.3,0.3
6.81,5.62,3.7,0.2,7.17,5.52,1.1,0.31,7.28,6.42,1.3,0.3,7.21,6.31,1.5,0.32
6.89,5.42,4.3,0.17,7.28,6.42,1.3,0.3,7.21,6.31,1.5,0.32,7.42,7.1,1.6,0.06
6.75,4.53,2.3,0.17,7.21,6.31,1.5,0.32,7.42,7.1,1.6,0.06,7.57,7.16,2.9,0.15
6.82,5.28,1.9,0.2,7.42,7.1,1.6,0.06,7.57,7.16,2.9,0.15,7.23,6.67,4.1,0.18
6.82,4.83,2.2,0.2,7.57,7.16,2.9,0.15,7.23,6.67,4.1,0.18,6.81,5.62,3.7,0.2
6.73,4.87,3.0,0.17,7.23,6.67,4.1,0.18,6.81,5.62,3.7,0.2,6.89,5.42,4.3,0.17
6.76,4.85,2.6,0.2,6.81,5.62,3.7,0.2,6.89,5.42,4.3,0.17,6.75,4.53,2.3,0.17
6.66,3.8,2.9,0.22,6.89,5.42,4.3,0.17,6.75,4.53,2.3,0.17,6.82,5.28,1.9,0.2
6.74,3.95,3.0,0.26,6.75,4.53,2.3,0.17,6.82,5.28,1.9,0.2,6.82,4.83,2.2,0.2
6.95,4.3,2.2,0.25,6.82,5.28,1.9,0.2,6.82,4.83,2.2,0.2,6.73,4.87,3.0,0.17
6.98,4.28,2.3,0.26,6.82,4.83,2.2,0.2,6.73,4.87,3.0,0.17,6.76,4.85,2.6,0.2
7.0,4.84,2.4,0.27,6.73,4.87,3.0,0.17,6.76,4.85,2.6,0.2,6.66,3.8,2.9,0.22
6.99,5.04,2.1,0.26,6.76,4.85,2.6,0.2,6.66,3.8,2.9,0.22,6.74,3.95,3.0,0.26
6.94,4.85,2.3,0.31,6.66,3.8,2.9,0.22,6.74,3.95,3.0,0.26,6.95,4.3,2.2,0.25
7.03,5.74,2.5,0.34,6.74,3.95,3.0,0.26,6.95,4.3,2.2,0.25,6.98,4.28,2.3,0.26
7.04,6.03,2.7,0.48,6.95,4.3,2.2,0.25,6.98,4.28,2.3,0.26,7.0,4.84,2.4,0.27
6.98,5.82,2.5,0.84,6.98,4.28,2.3,0.26,7.0,4.84,2.4,0.27,6.99,5.04,2.1,0.26
7.06,6.43,2.3,0.15,7.0,4.84,2.4,0.27,6.99,5.04,2.1,0.26,6.94,4.85,2.3,0.31
6.98,5.84,2.0,0.17,6.99,5.04,2.1,0.26,6.94,4.85,2.3,0.31,7.03,5.74,2.5,0.34
6.89,5.52,2.1,0.18,6.94,4.85,2.3,0.31,7.03,5.74,2.5,0.34,7.04,6.03,2.7,0.48
6.89,6.03,2.0,0.23,7.03,5.74,2.5,0.34,7.04,6.03,2.7,0.48,6.98,5.82,2.5,0.84
6.88,5.87,2.2,0.36,7.04,6.03,2.7,0.48,6.98,5.82,2.5,0.84,7.06,6.43,2.3,0.15
6.79,5.41,3.5,0.45,6.98,5.82,2.5,0.84,7.06,6.43,2.3,0.15,6.98,5.84,2.0,0.17
6.86,5.75,4.5,0.29,7.06,6.43,2.3,0.15,6.98,5.84,2.0,0.17,6.89,5.52,2.1,0.18
6.77,5.06,3.3,0.23,6.98,5.84,2.0,0.17,6.89,5.52,2.1,0.18,6.89,6.03,2.0,0.23
6.79,5.39,4.3,0.14,6.89,5.52,2.1,0.18,6.89,6.03,2.0,0.23,6.88,5.87,2.2,0.36
6.58,3.6,4.9,0.46,6.89,6.03,2.0,0.23,6.88,5.87,2.2,0.36,6.79,5.41,3.5,0.45
6.8,5.1,4.2,0.21,6.88,5.87,2.2,0.36,6.79,5.41,3.5,0.45,6.86,5.75,4.5,0.29
6.86,6.4,3.6,0.29,6.79,5.41,3.5,0.45,6.86,5.75,4.5,0.29,6.77,5.06,3.3,0.23
6.91,7.25,3.5,0.26,6.86,5.75,4.5,0.29,6.77,5.06,3.3,0.23,6.79,5.39,4.3,0.14
6.9,7.6,3.3,0.31,6.77,5.06,3.3,0.23,6.79,5.39,4.3,0.14,6.58,3.6,4.9,0.46
7.01,7.68,3.3,0.31,6.79,5.39,4.3,0.14,6.58,3.6,4.9,0.46,6.8,5.1,4.2,0.21
6.91,6.86,3.1,0.41,6.58,3.6,4.9,0.46,6.8,5.1,4.2,0.21,6.86,6.4,3.6,0.29
6.91,7.13,3.1,0.32,6.8,5.1,4.2,0.21,6.86,6.4,3.6,0.29,6.91,7.25,3.5,0.26
6.9,6.6,2.9,0.48,6.86,6.4,3.6,0.29,6.91,7.25,3.5,0.26,6.9,7.6,3.3,0.31
6.62,4.17,2.9,0.8,6.91,7.25,3.5,0.26,6.9,7.6,3.3,0.31,7.01,7.68,3.3,0.31
6.87,7.12,2.8,0.6,6.9,7.6,3.3,0.31,7.01,7.68,3.3,0.31,6.91,6.86,3.1,0.41
6.9,7.78,2.6,0.56,7.01,7.68,3.3,0.31,6.91,6.86,3.1,0.41,6.91,7.13,3.1,0.32
6.94,7.29,2.3,0.36,6.91,6.86,3.1,0.41,6.91,7.13,3.1,0.32,6.9,6.6,2.9,0.48
6.91,7.22,2.3,0.38,6.91,7.13,3.1,0.32,6.9,6.6,2.9,0.48,6.62,4.17,2.9,0.8
6.9,7.43,2.1,0.34,6.9,6.6,2.9,0.48,6.62,4.17,2.9,0.8,6.87,7.12,2.8,0.6
6.76,7.16,2.6,0.49,6.62,4.17,2.9,0.8,6.87,7.12,2.8,0.6,6.9,7.78,2.6,0.56
6.74,6.56,2.5,0.55,6.87,7.12,2.8,0.6,6.9,7.78,2.6,0.56,6.94,7.29,2.3,0.36
6.72,6.03,3.6,0.38,6.9,7.78,2.6,0.56,6.94,7.29,2.3,0.36,6.91,7.22,2.3,0.38
6.65,5.32,3.4,0.41,6.94,7.29,2.3,0.36,6.91,7.22,2.3,0.38,6.9,7.43,2.1,0.34
6.54,4.33,2.7,0.24,6.91,7.22,2.3,0.38,6.9,7.43,2.1,0.34,6.76,7.16,2.6,0.49
6.76,5.55,2.333841886269069,0.62,6.9,7.43,2.1,0.34,6.76,7.16,2.6,0.49,6.74,6.56,2.5,0.55
6.52,4.83,4.0,0.99,6.76,7.16,2.6,0.49,6.74,6.56,2.5,0.55,6.72,6.03,3.6,0.38
6.64,5.05,3.8,1.24,6.74,6.56,2.5,0.55,6.72,6.03,3.6,0.38,6.65,5.32,3.4,0.41
6.54,4.55,3.8,1.06,6.72,6.03,3.6,0.38,6.65,5.32,3.4,0.41,6.54,4.33,2.7,0.24
6.53,3.34,3.5,0.53,6.65,5.32,3.4,0.41,6.54,4.33,2.7,0.24,6.76,5.55,2.333841886269069,0.62
6.69,4.17,3.6,0.52,6.54,4.33,2.7,0.24,6.76,5.55,2.333841886269069,0.62,6.52,4.83,4.0,0.99
6.57,3.99,3.5,2.4,6.76,5.55,2.333841886269069,0.62,6.52,4.83,4.0,0.99,6.64,5.05,3.8,1.24
6.58,5.43,3.0,1.14,6.52,4.83,4.0,0.99,6.64,5.05,3.8,1.24,6.54,4.55,3.8,1.06
6.5,4.97,1.8,0.7,6.64,5.05,3.8,1.24,6.54,4.55,3.8,1.06,6.53,3.34,3.5,0.53
6.67,3.91,1.7,0.74,6.54,4.55,3.8,1.06,6.53,3.34,3.5,0.53,6.69,4.17,3.6,0.52
6.51,5.81,3.5,0.18,6.53,3.34,3.5,0.53,6.69,4.17,3.6,0.52,6.57,3.99,3.5,2.4
6.63,6.26,3.3,0.07,6.69,4.17,3.6,0.52,6.57,3.99,3.5,2.4,6.58,5.43,3.0,1.14
7.11,5.97,3.1,0.09,6.57,3.99,3.5,2.4,6.58,5.43,3.0,1.14,6.5,4.97,1.8,0.7
7.95,5.52,3.3,0.02,6.58,5.43,3.0,1.14,6.5,4.97,1.8,0.7,6.67,3.91,1.7,0.74
7.92,5.61,2.8,0.07,6.5,4.97,1.8,0.7,6.67,3.91,1.7,0.74,6.51,5.81,3.5,0.18
7.99,5.47,2.4,0.04,6.67,3.91,1.7,0.74,6.51,5.81,3.5,0.18,6.63,6.26,3.3,0.07
7.92,5.56,2.8,0.29,6.51,5.81,3.5,0.18,6.63,6.26,3.3,0.07,7.11,5.97,3.1,0.09
7.86,6.17,2.5,0.2,6.63,6.26,3.3,0.07,7.11,5.97,3.1,0.09,7.95,5.52,3.3,0.02
7.56,5.39,1.8,0.12,7.11,5.97,3.1,0.09,7.95,5.52,3.3,0.02,7.92,5.61,2.8,0.07
7.14,4.59,2.5,0.11,7.95,5.52,3.3,0.02,7.92,5.61,2.8,0.07,7.99,5.47,2.4,0.04
7.01,6.11,2.1,0.2,7.92,5.61,2.8,0.07,7.99,5.47,2.4,0.04,7.92,5.56,2.8,0.29
6.74,4.86,2.0,0.14,7.99,5.47,2.4,0.04,7.92,5.56,2.8,0.29,7.86,6.17,2.5,0.2
6.71,4.84,2.2,0.13,7.92,5.56,2.8,0.29,7.86,6.17,2.5,0.2,7.56,5.39,1.8,0.12
6.77,5.52,2.3,0.14,7.86,6.17,2.5,0.2,7.56,5.39,1.8,0.12,7.14,4.59,2.5,0.11
6.66,4.86,2.2,0.11,7.56,5.39,1.8,0.12,7.14,4.59,2.5,0.11,7.01,6.11,2.1,0.2
6.78,5.96,2.1,0.16,7.14,4.59,2.5,0.11,7.01,6.11,2.1,0.2,6.74,4.86,2.0,0.14
7.35,6.04,2.1,0.19,7.01,6.11,2.1,0.2,6.74,4.86,2.0,0.14,6.71,4.84,2.2,0.13
6.72,3.09,2.5,0.19,6.74,4.86,2.0,0.14,6.71,4.84,2.2,0.13,6.77,5.52,2.3,0.14
6.81,4.44,1.7,0.25,6.71,4.84,2.2,0.13,6.77,5.52,2.3,0.14,6.66,4.86,2.2,0.11
7.54,6.05,1.2,0.17,6.77,5.52,2.3,0.14,6.66,4.86,2.2,0.11,6.78,5.96,2.1,0.16
6.96,6.53,1.2,0.16,6.66,4.86,2.2,0.11,6.78,5.96,2.1,0.16,7.35,6.04,2.1,0.19
6.94,7.27,1.6,0.18,6.78,5.96,2.1,0.16,7.35,6.04,2.1,0.19,6.72,3.09,2.5,0.19
6.54,6.91,2.5,0.16,7.35,6.04,2.1,0.19,6.72,3.09,2.5,0.19,6.81,4.44,1.7,0.25
6.21,7.65,2.2,0.19,6.72,3.09,2.5,0.19,6.81,4.44,1.7,0.25,7.54,6.05,1.2,0.17
6.84,7.67,1.8,0.11,6.81,4.44,1.7,0.25,7.54,6.05,1.2,0.17,6.96,6.53,1.2,0.16
7.47,8.16,1.9,0.18,7.54,6.05,1.2,0.17,6.96,6.53,1.2,0.16,6.94,7.27,1.6,0.18
7.37,8.84,1.8,0.18,6.96,6.53,1.2,0.16,6.94,7.27,1.6,0.18,6.54,6.91,2.5,0.16
7.37,8.76,2.8,0.17,6.94,7.27,1.6,0.18,6.54,6.91,2.5,0.16,6.21,7.65,2.2,0.19
7.26,8.05,2.0,0.21,6.54,6.91,2.5,0.16,6.21,7.65,2.2,0.19,6.84,7.67,1.8,0.11
7.23,8.17,1.5,0.2,6.21,7.65,2.2,0.19,6.84,7.67,1.8,0.11,7.47,8.16,1.9,0.18
6.91,8.38,1.1,0.28,6.84,7.67,1.8,0.11,7.47,8.16,1.9,0.18,7.37,8.84,1.8,0.18
6.88,9.35,1.2,0.22,7.47,8.16,1.9,0.18,7.37,8.84,1.8,0.18,7.37,8.76,2.8,0.17
6.78,9.65,1.7,0.12,7.37,8.84,1.8,0.18,7.37,8.76,2.8,0.17,7.26,8.05,2.0,0.21
6.89,9.81,3.7,0.36,7.37,8.76,2.8,0.17,7.26,8.05,2.0,0.21,7.23,8.17,1.5,0.2
7.21,8.61,2.1,0.33,7.26,8.05,2.0,0.21,7.23,8.17,1.5,0.2,6.91,8.38,1.1,0.28
6.61,9.17,2.1,0.23,7.23,8.17,1.5,0.2,6.91,8.38,1.1,0.28,6.88,9.35,1.2,0.22
6.71,8.14,2.2,0.23,6.91,8.38,1.1,0.28,6.88,9.35,1.2,0.22,6.78,9.65,1.7,0.12
6.59,7.27,2.1,0.11,6.88,9.35,1.2,0.22,6.78,9.65,1.7,0.12,6.89,9.81,3.7,0.36
7.06,6.64,2.2,0.15,6.78,9.65,1.7,0.12,6.89,9.81,3.7,0.36,7.21,8.61,2.1,0.33
6.91,6.3,2.1,0.12,6.89,9.81,3.7,0.36,7.21,8.61,2.1,0.33,6.61,9.17,2.1,0.23
6.95,5.78,2.2,0.09,7.21,8.61,2.1,0.33,6.61,9.17,2.1,0.23,6.71,8.14,2.2,0.23
7.17,5.66,2.1,0.07,6.61,9.17,2.1,0.23,6.71,8.14,2.2,0.23,6.59,7.27,2.1,0.11
7.77,5.47,1.3,0.06,6.71,8.14,2.2,0.23,6.59,7.27,2.1,0.11,7.06,6.64,2.2,0.15
7.2,5.5,1.7,0.05,6.59,7.27,2.1,0.11,7.06,6.64,2.2,0.15,6.91,6.3,2.1,0.12
7.52,5.82,1.9,0.07,7.06,6.64,2.2,0.15,6.91,6.3,2.1,0.12,6.95,5.78,2.2,0.09
7.16,5.47,1.9,0.27,6.91,6.3,2.1,0.12,6.95,5.78,2.2,0.09,7.17,5.66,2.1,0.07
6.97,5.13,1.7,0.34,6.95,5.78,2.2,0.09,7.17,5.66,2.1,0.07,7.77,5.47,1.3,0.06
7.28,5.41,2.0,0.09,7.17,5.66,2.1,0.07,7.77,5.47,1.3,0.06,7.2,5.5,1.7,0.05
7.3,5.43,1.9,0.11,7.77,5.47,1.3,0.06,7.2,5.5,1.7,0.05,7.52,5.82,1.9,0.07
7.21,4.91,2.3,0.07,7.2,5.5,1.7,0.05,7.52,5.82,1.9,0.07,7.16,5.47,1.9,0.27
6.89,5.05,1.7,0.15,7.52,5.82,1.9,0.07,7.16,5.47,1.9,0.27,6.97,5.13,1.7,0.34
6.75,5.99,1.4,0.08,7.16,5.47,1.9,0.27,6.97,5.13,1.7,0.34,7.28,5.41,2.0,0.09
6.57,5.63,2.0,0.15,6.97,5.13,1.7,0.34,7.28,5.41,2.0,0.09,7.3,5.43,1.9,0.11
7.142659279778393,6.873628808864266,2.333841886269069,0.5513711911357335,7.28,5.41,2.0,0.09,7.3,5.43,1.9,0.11,7.21,4.91,2.3,0.07
7.142659279778393,6.873628808864266,2.333841886269069,0.5513711911357335,7.3,5.43,1.9,0.11,7.21,4.91,2.3,0.07,6.89,5.05,1.7,0.15
6.21,4.64,2.1,0.22,7.21,4.91,2.3,0.07,6.89,5.05,1.7,0.15,6.75,5.99,1.4,0.08
6.56,4.91,1.4,0.2,6.89,5.05,1.7,0.15,6.75,5.99,1.4,0.08,6.57,5.63,2.0,0.15
6.68,4.58,1.2,0.2,6.75,5.99,1.4,0.08,6.57,5.63,2.0,0.15,7.142659279778393,6.873628808864266,2.333841886269069,0.5513711911357335
6.64,4.28,1.2,0.22,6.57,5.63,2.0,0.15,7.142659279778393,6.873628808864266,2.333841886269069,0.5513711911357335,7.142659279778393,6.873628808864266,2.333841886269069,0.5513711911357335
6.7,4.62,1.3,0.22,7.142659279778393,6.873628808864266,2.333841886269069,0.5513711911357335,7.142659279778393,6.873628808864266,2.333841886269069,0.5513711911357335,6.21,4.64,2.1,0.22
6.66,4.82,2.7,0.14,7.142659279778393,6.873628808864266,2.333841886269069,0.5513711911357335,6.21,4.64,2.1,0.22,6.56,4.91,1.4,0.2
7.3,5.27,2.0,0.13,6.21,4.64,2.1,0.22,6.56,4.91,1.4,0.2,6.68,4.58,1.2,0.2
7.42,4.34,1.5,0.09,6.56,4.91,1.4,0.2,6.68,4.58,1.2,0.2,6.64,4.28,1.2,0.22
7.5,4.86,1.9,0.12,6.68,4.58,1.2,0.2,6.64,4.28,1.2,0.22,6.7,4.62,1.3,0.22
7.41,4.08,2.3,0.17,6.64,4.28,1.2,0.22,6.7,4.62,1.3,0.22,6.66,4.82,2.7,0.14
7.32,3.82,3.8,0.16,6.7,4.62,1.3,0.22,6.66,4.82,2.7,0.14,7.3,5.27,2.0,0.13
7.39,4.87,2.7,0.15,6.66,4.82,2.7,0.14,7.3,5.27,2.0,0.13,7.42,4.34,1.5,0.09
7.48,5.28,3.1,0.17,7.3,5.27,2.0,0.13,7.42,4.34,1.5,0.09,7.5,4.86,1.9,0.12
7.33,4.31,2.6,0.17,7.42,4.34,1.5,0.09,7.5,4.86,1.9,0.12,7.41,4.08,2.3,0.17
7.57,5.48,2.0,0.17,7.5,4.86,1.9,0.12,7.41,4.08,2.3,0.17,7.32,3.82,3.8,0.16
7.45,5.63,1.4,0.09,7.41,4.08,2.3,0.17,7.32,3.82,3.8,0.16,7.39,4.87,2.7,0.15
7.49,5.95,2.1,0.06,7.32,3.82,3.8,0.16,7.39,4.87,2.7,0.15,7.48,5.28,3.1,0.17
7.45,6.22,2.2,0.09,7.39,4.87,2.7,0.15,7.48,5.28,3.1,0.17,7.33,4.31,2.6,0.17
7.44,6.43,1.9,0.1,7.48,5.28,3.1,0.17,7.33,4.31,2.6,0.17,7.57,5.48,2.0,0.17
7.31,5.34,2.1,0.19,7.33,4.31,2.6,0.17,7.57,5.48,2.0,0.17,7.45,5.63,1.4,0.09
7.48,6.62,2.2,0.21,7.57,5.48,2.0,0.17,7.45,5.63,1.4,0.09,7.49,5.95,2.1,0.06
7.39,6.24,2.6,0.4,7.45,5.63,1.4,0.09,7.49,5.95,2.1,0.06,7.45,6.22,2.2,0.09
7.42,6.98,2.4,0.11,7.49,5.95,2.1,0.06,7.45,6.22,2.2,0.09,7.44,6.43,1.9,0.1
7.142659279778393,6.873628808864266,2.333841886269069,0.5513711911357335,7.45,6.22,2.2,0.09,7.44,6.43,1.9,0.1,7.31,5.34,2.1,0.19
7.29,7.44,2.2,0.46,7.44,6.43,1.9,0.1,7.31,5.34,2.1,0.19,7.48,6.62,2.2,0.21
7.15,7.91,2.1,0.32,7.31,5.34,2.1,0.19,7.48,6.62,2.2,0.21,7.39,6.24,2.6,0.4
6.98,7.15,2.3,0.5,7.48,6.62,2.2,0.21,7.39,6.24,2.6,0.4,7.42,6.98,2.4,0.11
7.08,8.06,3.4,1.06,7.39,6.24,2.6,0.4,7.42,6.98,2.4,0.11,7.142659279778393,6.873628808864266,2.333841886269069,0.5513711911357335
7.01,8.21,1.8,0.43,7.42,6.98,2.4,0.11,7.142659279778393,6.873628808864266,2.333841886269069,0.5513711911357335,7.29,7.44,2.2,0.46
7.13,8.26,1.9,0.15,7.142659279778393,6.873628808864266,2.333841886269069,0.5513711911357335,7.29,7.44,2.2,0.46,7.15,7.91,2.1,0.32
7.09,8.73,1.8,0.28,7.29,7.44,2.2,0.46,7.15,7.91,2.1,0.32,6.98,7.15,2.3,0.5
7.02,8.49,1.8,0.16,7.15,7.91,2.1,0.32,6.98,7.15,2.3,0.5,7.08,8.06,3.4,1.06
6.83,7.72,1.7,0.17,6.98,7.15,2.3,0.5,7.08,8.06,3.4,1.06,7.01,8.21,1.8,0.43
6.93,7.97,1.7,0.37,7.08,8.06,3.4,1.06,7.01,8.21,1.8,0.43,7.13,8.26,1.9,0.15
6.96,7.67,1.7,0.15,7.01,8.21,1.8,0.43,7.13,8.26,1.9,0.15,7.09,8.73,1.8,0.28
6.87,6.93,1.9,0.21,7.13,8.26,1.9,0.15,7.09,8.73,1.8,0.28,7.02,8.49,1.8,0.16
6.9,7.26,2.3,0.26,7.09,8.73,1.8,0.28,7.02,8.49,1.8,0.16,6.83,7.72,1.7,0.17
6.88,7.33,3.2,0.23,7.02,8.49,1.8,0.16,6.83,7.72,1.7,0.17,6.93,7.97,1.7,0.37
7.142659279778393,6.873628808864266,2.333841886269069,0.5513711911357335,6.83,7.72,1.7,0.17,6.93,7.97,1.7,0.37,6.96,7.67,1.7,0.15
6.87,6.81,2.8,0.19,6.93,7.97,1.7,0.37,6.96,7.67,1.7,0.15,6.87,6.93,1.9,0.21
6.98,7.31,2.3,0.21,6.96,7.67,1.7,0.15,6.87,6.93,1.9,0.21,6.9,7.26,2.3,0.26
7.0,6.63,2.5,0.18,6.87,6.93,1.9,0.21,6.9,7.26,2.3,0.26,6.88,7.33,3.2,0.23
7.18,6.64,2.6,0.17,6.9,7.26,2.3,0.26,6.88,7.33,3.2,0.23,7.142659279778393,6.873628808864266,2.333841886269069,0.5513711911357335
7.0,5.96,2.4,0.14,6.88,7.33,3.2,0.23,7.142659279778393,6.873628808864266,2.333841886269069,0.5513711911357335,6.87,6.81,2.8,0.19
7.08,5.49,2.7,0.14,7.142659279778393,6.873628808864266,2.333841886269069,0.5513711911357335,6.87,6.81,2.8,0.19,6.98,7.31,2.3,0.21
7.142659279778393,6.873628808864266,2.333841886269069,0.5513711911357335,6.87,6.81,2.8,0.19,6.98,7.31,2.3,0.21,7.0,6.63,2.5,0.18
7.0,5.61,2.2,0.07,6.98,7.31,2.3,0.21,7.0,6.63,2.5,0.18,7.18,6.64,2.6,0.17
6.93,5.15,2.3,0.13,7.0,6.63,2.5,0.18,7.18,6.64,2.6,0.17,7.0,5.96,2.4,0.14
7.142659279778393,6.873628808864266,2.333841886269069,0.5513711911357335,7.18,6.64,2.6,0.17,7.0,5.96,2.4,0.14,7.08,5.49,2.7,0.14
6.84,4.8,2.4,0.07,7.0,5.96,2.4,0.14,7.08,5.49,2.7,0.14,7.142659279778393,6.873628808864266,2.333841886269069,0.5513711911357335
6.91,5.13,1.8,0.07,7.08,5.49,2.7,0.14,7.142659279778393,6.873628808864266,2.333841886269069,0.5513711911357335,7.0,5.61,2.2,0.07
6.78,5.21,2.7,0.07,7.142659279778393,6.873628808864266,2.333841886269069,0.5513711911357335,7.0,5.61,2.2,0.07,6.93,5.15,2.3,0.13
7.142659279778393,6.873628808864266,2.333841886269069,0.5513711911357335,7.0,5.61,2.2,0.07,6.93,5.15,2.3,0.13,7.142659279778393,6.873628808864266,2.333841886269069,0.5513711911357335
6.77,5.19,1.4,0.13,6.93,5.15,2.3,0.13,7.142659279778393,6.873628808864266,2.333841886269069,0.5513711911357335,6.84,4.8,2.4,0.07
7.33,6.78,1.5,0.14,7.142659279778393,6.873628808864266,2.333841886269069,0.5513711911357335,6.84,4.8,2.4,0.07,6.91,5.13,1.8,0.07
7.142659279778393,6.873628808864266,2.333841886269069,0.5513711911357335,6.84,4.8,2.4,0.07,6.91,5.13,1.8,0.07,6.78,5.21,2.7,0.07
7.142659279778393,6.873628808864266,2.333841886269069,0.5513711911357335,6.91,5.13,1.8,0.07,6.78,5.21,2.7,0.07,7.142659279778393,6.873628808864266,2.333841886269069,0.5513711911357335
7.142659279778393,6.873628808864266,2.333841886269069,0.5513711911357335,6.78,5.21,2.7,0.07,7.142659279778393,6.873628808864266,2.333841886269069,0.5513711911357335,6.77,5.19,1.4,0.13
7.142659279778393,6.873628808864266,2.333841886269069,0.5513711911357335,7.142659279778393,6.873628808864266,2.333841886269069,0.5513711911357335,6.77,5.19,1.4,0.13,7.33,6.78,1.5,0.14
7.142659279778393,6.873628808864266,2.333841886269069,0.5513711911357335,6.77,5.19,1.4,0.13,7.33,6.78,1.5,0.14,7.142659279778393,6.873628808864266,2.333841886269069,0.5513711911357335
7.142659279778393,6.873628808864266,2.333841886269069,0.5513711911357335,7.33,6.78,1.5,0.14,7.142659279778393,6.873628808864266,2.333841886269069,0.5513711911357335,7.142659279778393,6.873628808864266,2.333841886269069,0.5513711911357335
7.142659279778393,6.873628808864266,2.333841886269069,0.5513711911357335,7.142659279778393,6.873628808864266,2.333841886269069,0.5513711911357335,7.142659279778393,6.873628808864266,2.333841886269069,0.5513711911357335,7.142659279778393,6.873628808864266,2.333841886269069,0.5513711911357335
7.142659279778393,6.873628808864266,2.333841886269069,0.5513711911357335,7.142659279778393,6.873628808864266,2.333841886269069,0.5513711911357335,7.142659279778393,6.873628808864266,2.333841886269069,0.5513711911357335,7.142659279778393,6.873628808864266,2.333841886269069,0.5513711911357335
7.142659279778393,6.873628808864266,2.333841886269069,0.5513711911357335,7.142659279778393,6.873628808864266,2.333841886269069,0.5513711911357335,7.142659279778393,6.873628808864266,2.333841886269069,0.5513711911357335,7.142659279778393,6.873628808864266,2.333841886269069,0.5513711911357335
7.142659279778393,6.873628808864266,2.333841886269069,0.5513711911357335,7.142659279778393,6.873628808864266,2.333841886269069,0.5513711911357335,7.142659279778393,6.873628808864266,2.333841886269069,0.5513711911357335,7.142659279778393,6.873628808864266,2.333841886269069,0.5513711911357335
7.142659279778393,6.873628808864266,2.333841886269069,0.5513711911357335,7.142659279778393,6.873628808864266,2.333841886269069,0.5513711911357335,7.142659279778393,6.873628808864266,2.333841886269069,0.5513711911357335,7.142659279778393,6.873628808864266,2.333841886269069,0.5513711911357335
7.55,6.57,2.2,0.13,7.142659279778393,6.873628808864266,2.333841886269069,0.5513711911357335,7.142659279778393,6.873628808864266,2.333841886269069,0.5513711911357335,7.142659279778393,6.873628808864266,2.333841886269069,0.5513711911357335
7.142659279778393,6.873628808864266,2.333841886269069,0.5513711911357335,7.142659279778393,6.873628808864266,2.333841886269069,0.5513711911357335,7.142659279778393,6.873628808864266,2.333841886269069,0.5513711911357335,7.142659279778393,6.873628808864266,2.333841886269069,0.5513711911357335
7.37,7.04,2.2,0.15,7.142659279778393,6.873628808864266,2.333841886269069,0.5513711911357335,7.142659279778393,6.873628808864266,2.333841886269069,0.5513711911357335,7.142659279778393,6.873628808864266,2.333841886269069,0.5513711911357335
7.56,7.39,2.0,0.14,7.142659279778393,6.873628808864266,2.333841886269069,0.5513711911357335,7.142659279778393,6.873628808864266,2.333841886269069,0.5513711911357335,7.142659279778393,6.873628808864266,2.333841886269069,0.5513711911357335
7.47,7.21,2.1,0.16,7.142659279778393,6.873628808864266,2.333841886269069,0.5513711911357335,7.142659279778393,6.873628808864266,2.333841886269069,0.5513711911357335,7.55,6.57,2.2,0.13
7.142659279778393,6.873628808864266,2.333841886269069,0.5513711911357335,7.142659279778393,6.873628808864266,2.333841886269069,0.5513711911357335,7.55,6.57,2.2,0.13,7.142659279778393,6.873628808864266,2.333841886269069,0.5513711911357335
7.142659279778393,6.873628808864266,2.333841886269069,0.5513711911357335,7.55,6.57,2.2,0.13,7.142659279778393,6.873628808864266,2.333841886269069,0.5513711911357335,7.37,7.04,2.2,0.15
7.56,7.36,1.6,0.17,7.142659279778393,6.873628808864266,2.333841886269069,0.5513711911357335,7.37,7.04,2.2,0.15,7.56,7.39,2.0,0.14
7.58,7.32,0.9,0.29,7.37,7.04,2.2,0.15,7.56,7.39,2.0,0.14,7.47,7.21,2.1,0.16
7.142659279778393,6.873628808864266,2.333841886269069,0.5513711911357335,7.56,7.39,2.0,0.14,7.47,7.21,2.1,0.16,7.142659279778393,6.873628808864266,2.333841886269069,0.5513711911357335
7.52,7.82,1.9,0.36,7.47,7.21,2.1,0.16,7.142659279778393,6.873628808864266,2.333841886269069,0.5513711911357335,7.142659279778393,6.873628808864266,2.333841886269069,0.5513711911357335
7.37,7.38,2.0,0.21,7.142659279778393,6.873628808864266,2.333841886269069,0.5513711911357335,7.142659279778393,6.873628808864266,2.333841886269069,0.5513711911357335,7.56,7.36,1.6,0.17
7.142659279778393,6.873628808864266,2.333841886269069,0.5513711911357335,7.142659279778393,6.873628808864266,2.333841886269069,0.5513711911357335,7.56,7.36,1.6,0.17,7.58,7.32,0.9,0.29
7.7,7.87,1.9,0.2,7.56,7.36,1.6,0.17,7.58,7.32,0.9,0.29,7.142659279778393,6.873628808864266,2.333841886269069,0.5513711911357335
7.142659279778393,6.873628808864266,2.333841886269069,0.5513711911357335,7.58,7.32,0.9,0.29,7.142659279778393,6.873628808864266,2.333841886269069,0.5513711911357335,7.52,7.82,1.9,0.36
7.142659279778393,6.873628808864266,2.333841886269069,0.5513711911357335,7.142659279778393,6.873628808864266,2.333841886269069,0.5513711911357335,7.52,7.82,1.9,0.36,7.37,7.38,2.0,0.21
7.87,8.16,2.7,0.26,7.52,7.82,1.9,0.36,7.37,7.38,2.0,0.21,7.142659279778393,6.873628808864266,2.333841886269069,0.5513711911357335
7.142659279778393,6.873628808864266,2.333841886269069,0.5513711911357335,7.37,7.38,2.0,0.21,7.142659279778393,6.873628808864266,2.333841886269069,0.5513711911357335,7.7,7.87,1.9,0.2
7.142659279778393,6.873628808864266,2.333841886269069,0.5513711911357335,7.142659279778393,6.873628808864266,2.333841886269069,0.5513711911357335,7.7,7.87,1.9,0.2,7.142659279778393,6.873628808864266,2.333841886269069,0.5513711911357335
7.62,7.86,2.1,0.09,7.7,7.87,1.9,0.2,7.142659279778393,6.873628808864266,2.333841886269069,0.5513711911357335,7.142659279778393,6.873628808864266,2.333841886269069,0.5513711911357335
7.49,7.54,2.3,0.12,7.142659279778393,6.873628808864266,2.333841886269069,0.5513711911357335,7.142659279778393,6.873628808864266,2.333841886269069,0.5513711911357335,7.87,8.16,2.7,0.26
7.142659279778393,6.873628808864266,2.333841886269069,0.5513711911357335,7.142659279778393,6.873628808864266,2.333841886269069,0.5513711911357335,7.87,8.16,2.7,0.26,7.142659279778393,6.873628808864266,2.333841886269069,0.5513711911357335
7.3,8.45,2.4,0.1,7.87,8.16,2.7,0.26,7.142659279778393,6.873628808864266,2.333841886269069,0.5513711911357335,7.142659279778393,6.873628808864266,2.333841886269069,0.5513711911357335
7.24,7.51,2.3,0.19,7.142659279778393,6.873628808864266,2.333841886269069,0.5513711911357335,7.142659279778393,6.873628808864266,2.333841886269069,0.5513711911357335,7.62,7.86,2.1,0.09
7.09,6.07,2.6,0.09,7.142659279778393,6.873628808864266,2.333841886269069,0.5513711911357335,7.62,7.86,2.1,0.09,7.49,7.54,2.3,0.12
7.12,5.99,2.6,0.14,7.62,7.86,2.1,0.09,7.49,7.54,2.3,0.12,7.142659279778393,6.873628808864266,2.333841886269069,0.5513711911357335
7.08,6.15,2.3,0.13,7.49,7.54,2.3,0.12,7.142659279778393,6.873628808864266,2.333841886269069,0.5513711911357335,7.3,8.45,2.4,0.1
7.06,5.95,2.2,0.21,7.142659279778393,6.873628808864266,2.333841886269069,0.5513711911357335,7.3,8.45,2.4,0.1,7.24,7.51,2.3,0.19
7.04,5.87,2.2,0.13,7.3,8.45,2.4,0.1,7.24,7.51,2.3,0.19,7.09,6.07,2.6,0.09
6.99,4.86,2.3,0.2,7.24,7.51,2.3,0.19,7.09,6.07,2.6,0.09,7.12,5.99,2.6,0.14
7.01,5.93,1.9,0.11,7.09,6.07,2.6,0.09,7.12,5.99,2.6,0.14,7.08,6.15,2.3,0.13
7.08,5.72,2.7,0.05,7.12,5.99,2.6,0.14,7.08,6.15,2.3,0.13,7.06,5.95,2.2,0.21
7.142659279778393,6.873628808864266,2.333841886269069,0.5513711911357335,7.08,6.15,2.3,0.13,7.06,5.95,2.2,0.21,7.04,5.87,2.2,0.13
7.04,5.26,2.8,0.09,7.06,5.95,2.2,0.21,7.04,5.87,2.2,0.13,6.99,4.86,2.3,0.2
7.142659279778393,6.873628808864266,2.333841886269069,0.5513711911357335,7.04,5.87,2.2,0.13,6.99,4.86,2.3,0.2,7.01,5.93,1.9,0.11
6.97,5.5,2.5,0.05,6.99,4.86,2.3,0.2,7.01,5.93,1.9,0.11,7.08,5.72,2.7,0.05
7.142659279778393,6.873628808864266,2.333841886269069,0.5513711911357335,7.01,5.93,1.9,0.11,7.08,5.72,2.7,0.05,7.142659279778393,6.873628808864266,2.333841886269069,0.5513711911357335
7.142659279778393,6.873628808864266,2.333841886269069,0.5513711911357335,7.08,5.72,2.7,0.05,7.142659279778393,6.873628808864266,2.333841886269069,0.5513711911357335,7.04,5.26,2.8,0.09
7.142659279778393,6.873628808864266,2.333841886269069,0.5513711911357335,7.142659279778393,6.873628808864266,2.333841886269069,0.5513711911357335,7.04,5.26,2.8,0.09,7.142659279778393,6.873628808864266,2.333841886269069,0.5513711911357335
7.142659279778393,6.873628808864266,2.333841886269069,0.5513711911357335,7.04,5.26,2.8,0.09,7.142659279778393,6.873628808864266,2.333841886269069,0.5513711911357335,6.97,5.5,2.5,0.05
7.142659279778393,6.873628808864266,2.333841886269069,0.5513711911357335,7.142659279778393,6.873628808864266,2.333841886269069,0.5513711911357335,6.97,5.5,2.5,0.05,7.142659279778393,6.873628808864266,2.333841886269069,0.5513711911357335
7.142659279778393,6.873628808864266,2.333841886269069,0.5513711911357335,6.97,5.5,2.5,0.05,7.142659279778393,6.873628808864266,2.333841886269069,0.5513711911357335,7.142659279778393,6.873628808864266,2.333841886269069,0.5513711911357335
6.81,4.64,2.6,0.09,7.142659279778393,6.873628808864266,2.333841886269069,0.5513711911357335,7.142659279778393,6.873628808864266,2.333841886269069,0.5513711911357335,7.142659279778393,6.873628808864266,2.333841886269069,0.5513711911357335
6.66,5.41,2.3,0.09,7.142659279778393,6.873628808864266,2.333841886269069,0.5513711911357335,7.142659279778393,6.873628808864266,2.333841886269069,0.5513711911357335,7.142659279778393,6.873628808864266,2.333841886269069,0.5513711911357335
7.142659279778393,6.873628808864266,2.333841886269069,0.5513711911357335,7.142659279778393,6.873628808864266,2.333841886269069,0.5513711911357335,7.142659279778393,6.873628808864266,2.333841886269069,0.5513711911357335,7.142659279778393,6.873628808864266,2.333841886269069,0.5513711911357335
7.142659279778393,6.873628808864266,2.333841886269069,0.5513711911357335,7.142659279778393,6.873628808864266,2.333841886269069,0.5513711911357335,7.142659279778393,6.873628808864266,2.333841886269069,0.5513711911357335,7.142659279778393,6.873628808864266,2.333841886269069,0.5513711911357335
7.142659279778393,6.873628808864266,2.333841886269069,0.5513711911357335,7.142659279778393,6.873628808864266,2.333841886269069,0.5513711911357335,7.142659279778393,6.873628808864266,2.333841886269069,0.5513711911357335,6.81,4.64,2.6,0.09
6.65,5.54,2.3,0.08,7.142659279778393,6.873628808864266,2.333841886269069,0.5513711911357335,6.81,4.64,2.6,0.09,6.66,5.41,2.3,0.09
7.142659279778393,6.873628808864266,2.333841886269069,0.5513711911357335,6.81,4.64,2.6,0.09,6.66,5.41,2.3,0.09,7.142659279778393,6.873628808864266,2.333841886269069,0.5513711911357335
6.82,6.17,2.7,0.05,6.66,5.41,2.3,0.09,7.142659279778393,6.873628808864266,2.333841886269069,0.5513711911357335,7.142659279778393,6.873628808864266,2.333841886269069,0.5513711911357335
7.142659279778393,6.873628808864266,2.333841886269069,0.5513711911357335,7.142659279778393,6.873628808864266,2.333841886269069,0.5513711911357335,7.142659279778393,6.873628808864266,2.333841886269069,0.5513711911357335,7.142659279778393,6.873628808864266,2.333841886269069,0.5513711911357335
7.142659279778393,6.873628808864266,2.333841886269069,0.5513711911357335,7.142659279778393,6.873628808864266,2.333841886269069,0.5513711911357335,7.142659279778393,6.873628808864266,2.333841886269069,0.5513711911357335,6.65,5.54,2.3,0.08
7.142659279778393,6.873628808864266,2.333841886269069,0.5513711911357335,7.142659279778393,6.873628808864266,2.333841886269069,0.5513711911357335,6.65,5.54,2.3,0.08,7.142659279778393,6.873628808864266,2.333841886269069,0.5513711911357335
7.142659279778393,6.873628808864266,2.333841886269069,0.5513711911357335,6.65,5.54,2.3,0.08,7.142659279778393,6.873628808864266,2.333841886269069,0.5513711911357335,6.82,6.17,2.7,0.05
7.142659279778393,6.873628808864266,2.333841886269069,0.5513711911357335,7.142659279778393,6.873628808864266,2.333841886269069,0.5513711911357335,6.82,6.17,2.7,0.05,7.142659279778393,6.873628808864266,2.333841886269069,0.5513711911357335
7.14,5.61,1.8,0.24,6.82,6.17,2.7,0.05,7.142659279778393,6.873628808864266,2.333841886269069,0.5513711911357335,7.142659279778393,6.873628808864266,2.333841886269069,0.5513711911357335
7.18,7.44,1.7,0.15,7.142659279778393,6.873628808864266,2.333841886269069,0.5513711911357335,7.142659279778393,6.873628808864266,2.333841886269069,0.5513711911357335,7.142659279778393,6.873628808864266,2.333841886269069,0.5513711911357335
6.96,6.96,1.9,0.34,7.142659279778393,6.873628808864266,2.333841886269069,0.5513711911357335,7.142659279778393,6.873628808864266,2.333841886269069,0.5513711911357335,7.142659279778393,6.873628808864266,2.333841886269069,0.5513711911357335
7.142659279778393,6.873628808864266,2.333841886269069,0.5513711911357335,7.142659279778393,6.873628808864266,2.333841886269069,0.5513711911357335,7.142659279778393,6.873628808864266,2.333841886269069,0.5513711911357335,7.142659279778393,6.873628808864266,2.333841886269069,0.5513711911357335
7.142659279778393,6.873628808864266,2.333841886269069,0.5513711911357335,7.142659279778393,6.873628808864266,2.333841886269069,0.5513711911357335,7.142659279778393,6.873628808864266,2.333841886269069,0.5513711911357335,7.14,5.61,1.8,0.24
7.142659279778393,6.873628808864266,2.333841886269069,0.5513711911357335,7.142659279778393,6.873628808864266,2.333841886269069,0.5513711911357335,7.14,5.61,1.8,0.24,7.18,7.44,1.7,0.15
7.142659279778393,6.873628808864266,2.333841886269069,0.5513711911357335,7.14,5.61,1.8,0.24,7.18,7.44,1.7,0.15,6.96,6.96,1.9,0.34
7.19,8.35,2.1,0.11,7.18,7.44,1.7,0.15,6.96,6.96,1.9,0.34,7.142659279778393,6.873628808864266,2.333841886269069,0.5513711911357335
7.69,8.78,2.1,0.19,6.96,6.96,1.9,0.34,7.142659279778393,6.873628808864266,2.333841886269069,0.5513711911357335,7.142659279778393,6.873628808864266,2.333841886269069,0.5513711911357335
