7.86,11.5,2.3,0.13,7.81,11.6,2.1,0.28,7.84,11.6,2.4,0.2,8.124174757281551,8.266555555555566,2.843905817174516,0.17264542936288094
7.93,11.3,2.1,0.09,7.84,11.6,2.4,0.2,8.124174757281551,8.266555555555566,2.843905817174516,0.17264542936288094,7.76,11.9,2.3,0.32
7.97,11.2,2.3,0.06,8.124174757281551,8.266555555555566,2.843905817174516,0.17264542936288094,7.76,11.9,2.3,0.32,7.76,11.6,2.2,0.22
7.91,11.2,2.5,0.1,7.76,11.9,2.3,0.32,7.76,11.6,2.2,0.22,7.79,11.8,2.3,0.2
7.92,10.8,2.5,0.06,7.76,11.6,2.2,0.22,7.79,11.8,2.3,0.2,7.86,11.5,2.3,0.13
7.94,10.5,2.7,0.06,7.79,11.8,2.3,0.2,7.86,11.5,2.3,0.13,7.93,11.3,2.1,0.09
7.94,10.4,3.6,0.05,7.86,11.5,2.3,0.13,7.93,11.3,2.1,0.09,7.97,11.2,2.3,0.06
8.06,10.4,2.3,0.05,7.93,11.3,2.1,0.09,7.97,11.2,2.3,0.06,7.91,11.2,2.5,0.1
8.05,9.91,2.5,0.07,7.97,11.2,2.3,0.06,7.91,11.2,2.5,0.1,7.92,10.8,2.5,0.06
8.05,9.58,2.4,0.08,7.91,11.2,2.5,0.1,7.92,10.8,2.5,0.06,7.94,10.5,2.7,0.06
8.17,9.27,2.2,0.04,7.92,10.8,2.5,0.06,7.94,10.5,2.7,0.06,7.94,10.4,3.6,0.05
8.16,9.1,3.5,0.04,7.94,10.5,2.7,0.06,7.94,10.4,3.6,0.05,8.06,10.4,2.3,0.05
8.12,8.94,4.0,0.1,7.94,10.4,3.6,0.05,8.06,10.4,2.3,0.05,8.05,9.91,2.5,0.07
8.2,8.55,4.2,0.09,8.06,10.4,2.3,0.05,8.05,9.91,2.5,0.07,8.05,9.58,2.4,0.08
8.29,8.36,4.4,0.09,8.05,9.91,2.5,0.07,8.05,9.58,2.4,0.08,8.17,9.27,2.2,0.04
8.31,8.14,3.8,0.04,8.05,9.58,2.4,0.08,8.17,9.27,2.2,0.04,8.16,9.1,3.5,0.04
8.2,7.7,2.4,0.03,8.17,9.27,2.2,0.04,8.16,9.1,3.5,0.04,8.12,8.94,4.0,0.1
8.26,7.56,3.9,0.03,8.16,9.1,3.5,0.04,8.12,8.94,4.0,0.1,8.2,8.55,4.2,0.09
8.29,7.33,3.8,0.04,8.12,8.94,4.0,0.1,8.2,8.55,4.2,0.09,8.29,8.36,4.4,0.09
8.34,7.42,4.7,0.17,8.2,8.55,4.2,0.09,8.29,8.36,4.4,0.09,8.31,8.14,3.8,0.04
8.17,6.6,6.5,0.18,8.29,8.36,4.4,0.09,8.31,8.14,3.8,0.04,8.2,7.7,2.4,0.03
8.124174757281551,8.266555555555566,2.843905817174516,0.17264542936288094,8.31,8.14,3.8,0.04,8.2,7.7,2.4,0.03,8.26,7.56,3.9,0.03
8.124174757281551,8.266555555555566,2.843905817174516,0.17264542936288094,8.2,7.7,2.4,0.03,8.26,7.56,3.9,0.03,8.29,7.33,3.8,0.04
8.124174757281551,8.266555555555566,2.843905817174516,0.17264542936288094,8.26,7.56,3.9,0.03,8.29,7.33,3.8,0.04,8.34,7.42,4.7,0.17
8.2,5.87,2.5,0.26,8.29,7.33,3.8,0.04,8.34,7.42,4.7,0.17,8.17,6.6,6.5,0.18
8.47,6.28,2.8,0.27,8.34,7.42,4.7,0.17,8.17,6.6,6.5,0.18,8.124174757281551,8.266555555555566,2.843905817174516,0.17264542936288094
8.48,6.6,7.9,0.11,8.17,6.6,6.5,0.18,8.124174757281551,8.266555555555566,2.843905817174516,0.17264542936288094,8.124174757281551,8.266555555555566,2.843905817174516,0.17264542936288094
8.4,6.42,4.6,0.15,8.124174757281551,8.266555555555566,2.843905817174516,0.17264542936288094,8.124174757281551,8.266555555555566,2.843905817174516,0.17264542936288094,8.124174757281551,8.266555555555566,2.843905817174516,0.17264542936288094
8.42,6.55,4.0,0.06,8.124174757281551,8.266555555555566,2.843905817174516,0.17264542936288094,8.124174757281551,8.266555555555566,2.843905817174516,0.17264542936288094,8.2,5.87,2.5,0.26
8.52,6.58,5.8,0.07,8.124174757281551,8.266555555555566,2.843905817174516,0.17264542936288094,8.2,5.87,2.5,0.26,8.47,6.28,2.8,0.27
8.45,6.91,4.9,0.05,8.2,5.87,2.5,0.26,8.47,6.28,2.8,0.27,8.48,6.6,7.9,0.11
8.4,6.88,4.9,0.08,8.47,6.28,2.8,0.27,8.48,6.6,7.9,0.11,8.4,6.42,4.6,0.15
8.124174757281551,8.266555555555566,2.843905817174516,0.17264542936288094,8.48,6.6,7.9,0.11,8.4,6.42,4.6,0.15,8.42,6.55,4.0,0.06
8.33,6.98,2.6,0.14,8.4,6.42,4.6,0.15,8.42,6.55,4.0,0.06,8.52,6.58,5.8,0.07
8.32,7.05,3.5,0.16,8.42,6.55,4.0,0.06,8.52,6.58,5.8,0.07,8.45,6.91,4.9,0.05
8.26,7.82,1.6,0.16,8.52,6.58,5.8,0.07,8.45,6.91,4.9,0.05,8.4,6.88,4.9,0.08
8.17,7.79,1.2,0.18,8.45,6.91,4.9,0.05,8.4,6.88,4.9,0.08,8.124174757281551,8.266555555555566,2.843905817174516,0.17264542936288094
8.18,8.01,2.5,0.22,8.4,6.88,4.9,0.08,8.124174757281551,8.266555555555566,2.843905817174516,0.17264542936288094,8.33,6.98,2.6,0.14
8.17,8.23,3.4,0.21,8.124174757281551,8.266555555555566,2.843905817174516,0.17264542936288094,8.33,6.98,2.6,0.14,8.32,7.05,3.5,0.16
8.13,8.3,3.3,0.22,8.33,6.98,2.6,0.14,8.32,7.05,3.5,0.16,8.26,7.82,1.6,0.16
8.06,8.5,2.7,0.36,8.32,7.05,3.5,0.16,8.26,7.82,1.6,0.16,8.17,7.79,1.2,0.18
8.07,9.08,3.7,0.42,8.26,7.82,1.6,0.16,8.17,7.79,1.2,0.18,8.18,8.01,2.5,0.22
7.89,8.93,3.3,0.47,8.17,7.79,1.2,0.18,8.18,8.01,2.5,0.22,8.17,8.23,3.4,0.21
8.18,9.34,3.6,0.43,8.18,8.01,2.5,0.22,8.17,8.23,3.4,0.21,8.13,8.3,3.3,0.22
8.17,9.37,4.1,0.48,8.17,8.23,3.4,0.21,8.13,8.3,3.3,0.22,8.06,8.5,2.7,0.36
8.16,9.49,3.7,0.44,8.13,8.3,3.3,0.22,8.06,8.5,2.7,0.36,8.07,9.08,3.7,0.42
8.08,9.58,3.9,0.33,8.06,8.5,2.7,0.36,8.07,9.08,3.7,0.42,7.89,8.93,3.3,0.47
8.08,9.21,4.3,0.1,8.07,9.08,3.7,0.42,7.89,8.93,3.3,0.47,8.18,9.34,3.6,0.43
8.07,9.53,3.6,0.05,7.89,8.93,3.3,0.47,8.18,9.34,3.6,0.43,8.17,9.37,4.1,0.48
8.09,9.57,3.4,0.03,8.18,9.34,3.6,0.43,8.17,9.37,4.1,0.48,8.16,9.49,3.7,0.44
8.12,8.85,4.2,0.03,8.17,9.37,4.1,0.48,8.16,9.49,3.7,0.44,8.08,9.58,3.9,0.33
8.08,9.29,4.4,0.03,8.16,9.49,3.7,0.44,8.08,9.58,3.9,0.33,8.08,9.21,4.3,0.1
8.124174757281551,8.266555555555566,2.843905817174516,0.17264542936288094,8.08,9.58,3.9,0.33,8.08,9.21,4.3,0.1,8.07,9.53,3.6,0.05
8.15,8.99,3.1,0.03,8.08,9.21,4.3,0.1,8.07,9.53,3.6,0.05,8.09,9.57,3.4,0.03
8.19,9.13,3.4,0.03,8.07,9.53,3.6,0.05,8.09,9.57,3.4,0.03,8.12,8.85,4.2,0.03
8.25,9.27,3.9,0.03,8.09,9.57,3.4,0.03,8.12,8.85,4.2,0.03,8.08,9.29,4.4,0.03
8.3,8.94,3.5,0.03,8.12,8.85,4.2,0.03,8.08,9.29,4.4,0.03,8.124174757281551,8.266555555555566,2.843905817174516,0.17264542936288094
8.29,8.6,4.4,0.03,8.08,9.29,4.4,0.03,8.124174757281551,8.266555555555566,2.843905817174516,0.17264542936288094,8.15,8.99,3.1,0.03
8.31,8.84,3.8,0.03,8.124174757281551,8.266555555555566,2.843905817174516,0.17264542936288094,8.15,8.99,3.1,0.03,8.19,9.13,3.4,0.03
8.34,9.05,3.9,0.03,8.15,8.99,3.1,0.03,8.19,9.13,3.4,0.03,8.25,9.27,3.9,0.03
8.37,8.55,3.9,0.03,8.19,9.13,3.4,0.03,8.25,9.27,3.9,0.03,8.3,8.94,3.5,0.03
8.33,8.64,4.5,0.03,8.25,9.27,3.9,0.03,8.3,8.94,3.5,0.03,8.29,8.6,4.4,0.03
8.41,8.24,4.2,0.03,8.3,8.94,3.5,0.03,8.29,8.6,4.4,0.03,8.31,8.84,3.8,0.03
8.85,7.96,4.4,0.03,8.29,8.6,4.4,0.03,8.31,8.84,3.8,0.03,8.34,9.05,3.9,0.03
7.54,7.75,3.6,0.03,8.31,8.84,3.8,0.03,8.34,9.05,3.9,0.03,8.37,8.55,3.9,0.03
7.5,8.18,4.2,0.03,8.34,9.05,3.9,0.03,8.37,8.55,3.9,0.03,8.33,8.64,4.5,0.03
7.53,8.06,4.6,0.03,8.37,8.55,3.9,0.03,8.33,8.64,4.5,0.03,8.41,8.24,4.2,0.03
7.54,7.8,4.5,0.17,8.33,8.64,4.5,0.03,8.41,8.24,4.2,0.03,8.85,7.96,4.4,0.03
7.43,7.51,4.9,0.04,8.41,8.24,4.2,0.03,8.85,7.96,4.4,0.03,7.54,7.75,3.6,0.03
7.28,7.43,2.3,0.03,8.85,7.96,4.4,0.03,7.54,7.75,3.6,0.03,7.5,8.18,4.2,0.03
7.81,7.37,2.4,0.03,7.54,7.75,3.6,0.03,7.5,8.18,4.2,0.03,7.53,8.06,4.6,0.03
7.83,7.13,1.9,0.03,7.5,8.18,4.2,0.03,7.53,8.06,4.6,0.03,7.54,7.8,4.5,0.17
7.87,6.88,5.3,0.03,7.53,8.06,4.6,0.03,7.54,7.8,4.5,0.17,7.43,7.51,4.9,0.04
7.9,6.67,3.0,0.03,7.54,7.8,4.5,0.17,7.43,7.51,4.9,0.04,7.28,7.43,2.3,0.03
7.95,6.8,4.0,0.03,7.43,7.51,4.9,0.04,7.28,7.43,2.3,0.03,7.81,7.37,2.4,0.03
7.95,6.71,3.1,0.03,7.28,7.43,2.3,0.03,7.81,7.37,2.4,0.03,7.83,7.13,1.9,0.03
7.99,6.51,3.8,0.03,7.81,7.37,2.4,0.03,7.83,7.13,1.9,0.03,7.87,6.88,5.3,0.03
7.99,6.52,3.1,0.03,7.83,7.13,1.9,0.03,7.87,6.88,5.3,0.03,7.9,6.67,3.0,0.03
7.96,7.09,3.8,0.03,7.87,6.88,5.3,0.03,7.9,6.67,3.0,0.03,7.95,6.8,4.0,0.03
7.89,7.64,4.0,0.03,7.9,6.67,3.0,0.03,7.95,6.8,4.0,0.03,7.95,6.71,3.1,0.03
7.89,6.77,4.1,0.03,7.95,6.8,4.0,0.03,7.95,6.71,3.1,0.03,7.99,6.51,3.8,0.03
7.9,6.69,3.8,0.03,7.95,6.71,3.1,0.03,7.99,6.51,3.8,0.03,7.99,6.52,3.1,0.03
8.29,6.72,4.4,0.03,7.99,6.51,3.8,0.03,7.99,6.52,3.1,0.03,7.96,7.09,3.8,0.03
8.15,7.28,4.3,0.03,7.99,6.52,3.1,0.03,7.96,7.09,3.8,0.03,7.89,7.64,4.0,0.03
8.06,6.75,3.4,0.03,7.96,7.09,3.8,0.03,7.89,7.64,4.0,0.03,7.89,6.77,4.1,0.03
8.07,7.38,3.4,0.03,7.89,7.64,4.0,0.03,7.89,6.77,4.1,0.03,7.9,6.69,3.8,0.03
8.01,6.7,3.6,0.03,7.89,6.77,4.1,0.03,7.9,6.69,3.8,0.03,8.29,6.72,4.4,0.03
8.02,7.22,3.6,0.03,7.9,6.69,3.8,0.03,8.29,6.72,4.4,0.03,8.15,7.28,4.3,0.03
7.99,7.39,3.4,0.03,8.29,6.72,4.4,0.03,8.15,7.28,4.3,0.03,8.06,6.75,3.4,0.03
7.82,7.55,3.4,0.03,8.15,7.28,4.3,0.03,8.06,6.75,3.4,0.03,8.07,7.38,3.4,0.03
7.74,7.22,3.3,0.03,8.06,6.75,3.4,0.03,8.07,7.38,3.4,0.03,8.01,6.7,3.6,0.03
8.02,7.72,3.6,0.03,8.07,7.38,3.4,0.03,8.01,6.7,3.6,0.03,8.02,7.22,3.6,0.03
7.96,7.91,3.4,0.03,8.01,6.7,3.6,0.03,8.02,7.22,3.6,0.03,7.99,7.39,3.4,0.03
7.89,7.35,2.9,0.03,8.02,7.22,3.6,0.03,7.99,7.39,3.4,0.03,7.82,7.55,3.4,0.03
7.86,7.14,3.1,0.03,7.99,7.39,3.4,0.03,7.82,7.55,3.4,0.03,7.74,7.22,3.3,0.03
7.84,9.21,2.9,0.03,7.82,7.55,3.4,0.03,7.74,7.22,3.3,0.03,8.02,7.72,3.6,0.03
7.81,9.91,2.9,0.03,7.74,7.22,3.3,0.03,8.02,7.72,3.6,0.03,7.96,7.91,3.4,0.03
7.8,9.95,3.1,0.03,8.02,7.72,3.6,0.03,7.96,7.91,3.4,0.03,7.89,7.35,2.9,0.03
7.79,9.95,2.9,0.03,7.96,7.91,3.4,0.03,7.89,7.35,2.9,0.03,7.86,7.14,3.1,0.03
7.77,10.1,2.5,0.14,7.89,7.35,2.9,0.03,7.86,7.14,3.1,0.03,7.84,9.21,2.9,0.03
7.77,10.1,2.7,0.29,7.86,7.14,3.1,0.03,7.84,9.21,2.9,0.03,7.81,9.91,2.9,0.03
7.77,10.1,3.3,0.22,7.84,9.21,2.9,0.03,7.81,9.91,2.9,0.03,7.8,9.95,3.1,0.03
7.77,10.2,3.6,0.17,7.81,9.91,2.9,0.03,7.8,9.95,3.1,0.03,7.79,9.95,2.9,0.03
7.78,10.3,4.0,0.13,7.8,9.95,3.1,0.03,7.79,9.95,2.9,0.03,7.77,10.1,2.5,0.14
7.79,10.3,3.8,0.09,7.79,9.95,2.9,0.03,7.77,10.1,2.5,0.14,7.77,10.1,2.7,0.29
7.79,10.4,3.7,0.09,7.77,10.1,2.5,0.14,7.77,10.1,2.7,0.29,7.77,10.1,3.3,0.22
7.84,9.87,3.2,0.07,7.77,10.1,2.7,0.29,7.77,10.1,3.3,0.22,7.77,10.2,3.6,0.17
7.83,10.6,2.9,0.05,7.77,10.1,3.3,0.22,7.77,10.2,3.6,0.17,7.78,10.3,4.0,0.13
7.88,10.2,2.6,0.06,7.77,10.2,3.6,0.17,7.78,10.3,4.0,0.13,7.79,10.3,3.8,0.09
7.83,10.3,2.1,0.33,7.78,10.3,4.0,0.13,7.79,10.3,3.8,0.09,7.79,10.4,3.7,0.09
7.79,10.1,2.6,0.06,7.79,10.3,3.8,0.09,7.79,10.4,3.7,0.09,7.84,9.87,3.2,0.07
7.76,9.91,2.4,0.03,7.79,10.4,3.7,0.09,7.84,9.87,3.2,0.07,7.83,10.6,2.9,0.05
7.77,9.69,3.1,0.03,7.84,9.87,3.2,0.07,7.83,10.6,2.9,0.05,7.88,10.2,2.6,0.06
7.77,9.63,3.3,0.06,7.83,10.6,2.9,0.05,7.88,10.2,2.6,0.06,7.83,10.3,2.1,0.33
7.82,9.34,3.2,0.07,7.88,10.2,2.6,0.06,7.83,10.3,2.1,0.33,7.79,10.1,2.6,0.06
8.124174757281551,8.266555555555566,2.843905817174516,0.17264542936288094,7.83,10.3,2.1,0.33,7.79,10.1,2.6,0.06,7.76,9.91,2.4,0.03
7.88,8.92,3.2,0.03,7.79,10.1,2.6,0.06,7.76,9.91,2.4,0.03,7.77,9.69,3.1,0.03
7.85,9.16,2.8,0.05,7.76,9.91,2.4,0.03,7.77,9.69,3.1,0.03,7.77,9.63,3.3,0.06
7.88,9.07,3.0,0.04,7.77,9.69,3.1,0.03,7.77,9.63,3.3,0.06,7.82,9.34,3.2,0.07
7.9,8.86,3.2,0.03,7.77,9.63,3.3,0.06,7.82,9.34,3.2,0.07,8.124174757281551,8.266555555555566,2.843905817174516,0.17264542936288094
7.92,8.77,3.0,0.03,7.82,9.34,3.2,0.07,8.124174757281551,8.266555555555566,2.843905817174516,0.17264542936288094,7.88,8.92,3.2,0.03
7.94,8.57,3.2,0.03,8.124174757281551,8.266555555555566,2.843905817174516,0.17264542936288094,7.88,8.92,3.2,0.03,7.85,9.16,2.8,0.05
7.96,8.48,3.1,0.03,7.88,8.92,3.2,0.03,7.85,9.16,2.8,0.05,7.88,9.07,3.0,0.04
7.94,8.53,3.0,0.11,7.85,9.16,2.8,0.05,7.88,9.07,3.0,0.04,7.9,8.86,3.2,0.03
7.98,8.28,3.2,0.12,7.88,9.07,3.0,0.04,7.9,8.86,3.2,0.03,7.92,8.77,3.0,0.03
8.01,7.99,4.0,0.07,7.9,8.86,3.2,0.03,7.92,8.77,3.0,0.03,7.94,8.57,3.2,0.03
8.03,7.31,3.3,0.3,7.92,8.77,3.0,0.03,7.94,8.57,3.2,0.03,7.96,8.48,3.1,0.03
8.05,7.29,3.4,0.03,7.94,8.57,3.2,0.03,7.96,8.48,3.1,0.03,7.94,8.53,3.0,0.11
8.05,7.45,4.5,0.03,7.96,8.48,3.1,0.03,7.94,8.53,3.0,0.11,7.98,8.28,3.2,0.12
8.07,7.53,4.0,0.05,7.94,8.53,3.0,0.11,7.98,8.28,3.2,0.12,8.01,7.99,4.0,0.07
8.09,7.49,4.0,0.22,7.98,8.28,3.2,0.12,8.01,7.99,4.0,0.07,8.03,7.31,3.3,0.3
8.09,7.26,3.0,0.29,8.01,7.99,4.0,0.07,8.03,7.31,3.3,0.3,8.05,7.29,3.4,0.03
8.05,7.51,5.0,0.11,8.03,7.31,3.3,0.3,8.05,7.29,3.4,0.03,8.05,7.45,4.5,0.03
8.04,7.48,5.0,0.03,8.05,7.29,3.4,0.03,8.05,7.45,4.5,0.03,8.07,7.53,4.0,0.05
7.99,7.8,4.4,0.03,8.05,7.45,4.5,0.03,8.07,7.53,4.0,0.05,8.09,7.49,4.0,0.22
7.97,8.02,4.0,0.03,8.07,7.53,4.0,0.05,8.09,7.49,4.0,0.22,8.09,7.26,3.0,0.29
7.98,7.95,3.3,0.03,8.09,7.49,4.0,0.22,8.09,7.26,3.0,0.29,8.05,7.51,5.0,0.11
7.94,8.11,3.4,0.03,8.09,7.26,3.0,0.29,8.05,7.51,5.0,0.11,8.04,7.48,5.0,0.03
7.93,8.13,4.2,0.03,8.05,7.51,5.0,0.11,8.04,7.48,5.0,0.03,7.99,7.8,4.4,0.03
7.92,8.11,3.5,0.1,8.04,7.48,5.0,0.03,7.99,7.8,4.4,0.03,7.97,8.02,4.0,0.03
7.91,8.08,2.2,0.13,7.99,7.8,4.4,0.03,7.97,8.02,4.0,0.03,7.98,7.95,3.3,0.03
7.89,8.17,2.4,0.05,7.97,8.02,4.0,0.03,7.98,7.95,3.3,0.03,7.94,8.11,3.4,0.03
7.87,8.3,3.4,0.11,7.98,7.95,3.3,0.03,7.94,8.11,3.4,0.03,7.93,8.13,4.2,0.03
7.84,8.39,3.3,0.3,7.94,8.11,3.4,0.03,7.93,8.13,4.2,0.03,7.92,8.11,3.5,0.1
7.79,8.57,3.9,0.28,7.93,8.13,4.2,0.03,7.92,8.11,3.5,0.1,7.91,8.08,2.2,0.13
7.75,8.67,2.9,0.03,7.92,8.11,3.5,0.1,7.91,8.08,2.2,0.13,7.89,8.17,2.4,0.05
7.7,9.3,2.0,0.05,7.91,8.08,2.2,0.13,7.89,8.17,2.4,0.05,7.87,8.3,3.4,0.11
7.68,9.48,3.0,0.12,7.89,8.17,2.4,0.05,7.87,8.3,3.4,0.11,7.84,8.39,3.3,0.3
7.64,9.66,2.8,0.28,7.87,8.3,3.4,0.11,7.84,8.39,3.3,0.3,7.79,8.57,3.9,0.28
7.63,9.82,3.3,0.1,7.84,8.39,3.3,0.3,7.79,8.57,3.9,0.28,7.75,8.67,2.9,0.03
8.124174757281551,8.266555555555566,2.843905817174516,0.17264542936288094,7.79,8.57,3.9,0.28,7.75,8.67,2.9,0.03,7.7,9.3,2.0,0.05
7.6,9.6,3.8,0.03,7.75,8.67,2.9,0.03,7.7,9.3,2.0,0.05,7.68,9.48,3.0,0.12
7.59,9.41,4.4,0.3,7.7,9.3,2.0,0.05,7.68,9.48,3.0,0.12,7.64,9.66,2.8,0.28
7.58,9.44,4.4,0.15,7.68,9.48,3.0,0.12,7.64,9.66,2.8,0.28,7.63,9.82,3.3,0.1
7.58,9.57,3.9,0.17,7.64,9.66,2.8,0.28,7.63,9.82,3.3,0.1,8.124174757281551,8.266555555555566,2.843905817174516,0.17264542936288094
7.59,9.28,3.6,0.61,7.63,9.82,3.3,0.1,8.124174757281551,8.266555555555566,2.843905817174516,0.17264542936288094,7.6,9.6,3.8,0.03
7.6,9.24,3.7,0.61,8.124174757281551,8.266555555555566,2.843905817174516,0.17264542936288094,7.6,9.6,3.8,0.03,7.59,9.41,4.4,0.3
7.62,9.04,3.7,0.39,7.6,9.6,3.8,0.03,7.59,9.41,4.4,0.3,7.58,9.44,4.4,0.15
7.64,8.99,3.8,0.18,7.59,9.41,4.4,0.3,7.58,9.44,4.4,0.15,7.58,9.57,3.9,0.17
7.88,5.43,3.2,0.11,7.58,9.44,4.4,0.15,7.58,9.57,3.9,0.17,7.59,9.28,3.6,0.61
7.87,7.3,3.4,0.12,7.58,9.57,3.9,0.17,7.59,9.28,3.6,0.61,7.6,9.24,3.7,0.61
7.68,8.266555555555566,3.6,0.07,7.59,9.28,3.6,0.61,7.6,9.24,3.7,0.61,7.62,9.04,3.7,0.39
7.72,8.15,3.2,0.07,7.6,9.24,3.7,0.61,7.62,9.04,3.7,0.39,7.64,8.99,3.8,0.18
7.76,7.85,2.3,0.03,7.62,9.04,3.7,0.39,7.64,8.99,3.8,0.18,7.88,5.43,3.2,0.11
7.74,7.35,3.5,0.09,7.64,8.99,3.8,0.18,7.88,5.43,3.2,0.11,7.87,7.3,3.4,0.12
7.79,8.0,3.0,0.09,7.88,5.43,3.2,0.11,7.87,7.3,3.4,0.12,7.68,8.266555555555566,3.6,0.07
7.8,7.85,2.2,0.07,7.87,7.3,3.4,0.12,7.68,8.266555555555566,3.6,0.07,7.72,8.15,3.2,0.07
7.8,7.82,2.0,0.07,7.68,8.266555555555566,3.6,0.07,7.72,8.15,3.2,0.07,7.76,7.85,2.3,0.03
7.85,7.72,1.1,0.05,7.72,8.15,3.2,0.07,7.76,7.85,2.3,0.03,7.74,7.35,3.5,0.09
7.88,7.65,1.0,0.03,7.76,7.85,2.3,0.03,7.74,7.35,3.5,0.09,7.79,8.0,3.0,0.09
7.91,7.81,1.6,0.06,7.74,7.35,3.5,0.09,7.79,8.0,3.0,0.09,7.8,7.85,2.2,0.07
7.92,7.75,2.5,0.06,7.79,8.0,3.0,0.09,7.8,7.85,2.2,0.07,7.8,7.82,2.0,0.07
8.17,7.9,2.4,0.18,7.8,7.85,2.2,0.07,7.8,7.82,2.0,0.07,7.85,7.72,1.1,0.05
8.16,7.95,1.7,0.15,7.8,7.82,2.0,0.07,7.85,7.72,1.1,0.05,7.88,7.65,1.0,0.03
8.11,7.93,2.2,0.16,7.85,7.72,1.1,0.05,7.88,7.65,1.0,0.03,7.91,7.81,1.6,0.06
7.94,7.18,2.2,0.18,7.88,7.65,1.0,0.03,7.91,7.81,1.6,0.06,7.92,7.75,2.5,0.06
7.79,7.13,2.5,0.17,7.91,7.81,1.6,0.06,7.92,7.75,2.5,0.06,8.17,7.9,2.4,0.18
8.16,7.4,2.1,0.22,7.92,7.75,2.5,0.06,8.17,7.9,2.4,0.18,8.16,7.95,1.7,0.15
8.23,7.3,2.3,0.23,8.17,7.9,2.4,0.18,8.16,7.95,1.7,0.15,8.11,7.93,2.2,0.16
8.33,7.2,2.0,0.19,8.16,7.95,1.7,0.15,8.11,7.93,2.2,0.16,7.94,7.18,2.2,0.18
8.1,7.18,2.7,0.16,8.11,7.93,2.2,0.16,7.94,7.18,2.2,0.18,7.79,7.13,2.5,0.17
8.15,7.13,2.2,0.18,7.94,7.18,2.2,0.18,7.79,7.13,2.5,0.17,8.16,7.4,2.1,0.22
8.124174757281551,6.78,2.3,0.23,7.79,7.13,2.5,0.17,8.16,7.4,2.1,0.22,8.23,7.3,2.3,0.23
8.06,6.87,2.4,0.21,8.16,7.4,2.1,0.22,8.23,7.3,2.3,0.23,8.33,7.2,2.0,0.19
8.07,6.74,2.8,0.21,8.23,7.3,2.3,0.23,8.33,7.2,2.0,0.19,8.1,7.18,2.7,0.16
8.03,6.94,2.4,0.14,8.33,7.2,2.0,0.19,8.1,7.18,2.7,0.16,8.15,7.13,2.2,0.18
7.99,7.48,2.4,0.07,8.1,7.18,2.7,0.16,8.15,7.13,2.2,0.18,8.124174757281551,6.78,2.3,0.23
7.97,8.4,2.5,0.03,8.15,7.13,2.2,0.18,8.124174757281551,6.78,2.3,0.23,8.06,6.87,2.4,0.21
7.97,8.43,3.1,0.03,8.124174757281551,6.78,2.3,0.23,8.06,6.87,2.4,0.21,8.07,6.74,2.8,0.21
7.95,8.4,3.2,0.03,8.06,6.87,2.4,0.21,8.07,6.74,2.8,0.21,8.03,6.94,2.4,0.14
7.92,8.21,3.3,0.03,8.07,6.74,2.8,0.21,8.03,6.94,2.4,0.14,7.99,7.48,2.4,0.07
7.84,7.08,3.6,0.03,8.03,6.94,2.4,0.14,7.99,7.48,2.4,0.07,7.97,8.4,2.5,0.03
7.83,6.14,3.7,0.03,7.99,7.48,2.4,0.07,7.97,8.4,2.5,0.03,7.97,8.43,3.1,0.03
7.83,5.91,5.0,0.03,7.97,8.4,2.5,0.03,7.97,8.43,3.1,0.03,7.95,8.4,3.2,0.03
7.82,5.57,4.9,0.03,7.97,8.43,3.1,0.03,7.95,8.4,3.2,0.03,7.92,8.21,3.3,0.03
7.8,6.74,4.3,0.03,7.95,8.4,3.2,0.03,7.92,8.21,3.3,0.03,7.84,7.08,3.6,0.03
7.79,5.67,4.6,0.03,7.92,8.21,3.3,0.03,7.84,7.08,3.6,0.03,7.83,6.14,3.7,0.03
7.73,5.73,3.8,0.03,7.84,7.08,3.6,0.03,7.83,6.14,3.7,0.03,7.83,5.91,5.0,0.03
7.69,5.76,3.3,0.03,7.83,6.14,3.7,0.03,7.83,5.91,5.0,0.03,7.82,5.57,4.9,0.03
7.68,5.93,3.3,0.09,7.83,5.91,5.0,0.03,7.82,5.57,4.9,0.03,7.8,6.74,4.3,0.03
7.66,6.59,3.1,0.06,7.82,5.57,4.9,0.03,7.8,6.74,4.3,0.03,7.79,5.67,4.6,0.03
7.65,7.24,2.8,0.13,7.8,6.74,4.3,0.03,7.79,5.67,4.6,0.03,7.73,5.73,3.8,0.03
7.64,7.16,3.4,0.06,7.79,5.67,4.6,0.03,7.73,5.73,3.8,0.03,7.69,5.76,3.3,0.03
7.61,6.88,3.8,0.05,7.73,5.73,3.8,0.03,7.69,5.76,3.3,0.03,7.68,5.93,3.3,0.09
7.62,7.09,4.1,0.15,7.69,5.76,3.3,0.03,7.68,5.93,3.3,0.09,7.66,6.59,3.1,0.06
7.6,7.02,3.9,0.08,7.68,5.93,3.3,0.09,7.66,6.59,3.1,0.06,7.65,7.24,2.8,0.13
7.56,6.5,4.4,0.03,7.66,6.59,3.1,0.06,7.65,7.24,2.8,0.13,7.64,7.16,3.4,0.06
7.54,5.8,4.5,0.03,7.65,7.24,2.8,0.13,7.64,7.16,3.4,0.06,7.61,6.88,3.8,0.05
8.124174757281551,8.266555555555566,2.843905817174516,0.17264542936288094,7.64,7.16,3.4,0.06,7.61,6.88,3.8,0.05,7.62,7.09,4.1,0.15
7.56,9.1,4.7,0.03,7.61,6.88,3.8,0.05,7.62,7.09,4.1,0.15,7.6,7.02,3.9,0.08
7.58,8.19,3.9,0.03,7.62,7.09,4.1,0.15,7.6,7.02,3.9,0.08,7.56,6.5,4.4,0.03
7.59,6.8,2.7,0.03,7.6,7.02,3.9,0.08,7.56,6.5,4.4,0.03,7.54,5.8,4.5,0.03
7.67,6.09,3.6,0.03,7.56,6.5,4.4,0.03,7.54,5.8,4.5,0.03,8.124174757281551,8.266555555555566,2.843905817174516,0.17264542936288094
7.67,7.79,4.5,0.03,7.54,5.8,4.5,0.03,8.124174757281551,8.266555555555566,2.843905817174516,0.17264542936288094,7.56,9.1,4.7,0.03
7.72,7.63,4.4,0.03,8.124174757281551,8.266555555555566,2.843905817174516,0.17264542936288094,7.56,9.1,4.7,0.03,7.58,8.19,3.9,0.03
7.7,8.43,4.2,0.11,7.56,9.1,4.7,0.03,7.58,8.19,3.9,0.03,7.59,6.8,2.7,0.03
7.71,7.85,4.6,0.03,7.58,8.19,3.9,0.03,7.59,6.8,2.7,0.03,7.67,6.09,3.6,0.03
7.77,7.28,3.2,0.03,7.59,6.8,2.7,0.03,7.67,6.09,3.6,0.03,7.67,7.79,4.5,0.03
7.81,6.11,3.9,0.03,7.67,6.09,3.6,0.03,7.67,7.79,4.5,0.03,7.72,7.63,4.4,0.03
7.8,7.09,4.4,0.03,7.67,7.79,4.5,0.03,7.72,7.63,4.4,0.03,7.7,8.43,4.2,0.11
7.86,7.49,2.9,0.03,7.72,7.63,4.4,0.03,7.7,8.43,4.2,0.11,7.71,7.85,4.6,0.03
7.87,7.55,2.9,0.03,7.7,8.43,4.2,0.11,7.71,7.85,4.6,0.03,7.77,7.28,3.2,0.03
8.29,8.75,2.5,0.03,7.71,7.85,4.6,0.03,7.77,7.28,3.2,0.03,7.81,6.11,3.9,0.03
8.8,8.3,2.5,0.03,7.77,7.28,3.2,0.03,7.81,6.11,3.9,0.03,7.8,7.09,4.4,0.03
8.2,8.13,3.0,0.03,7.81,6.11,3.9,0.03,7.8,7.09,4.4,0.03,7.86,7.49,2.9,0.03
8.31,8.35,2.8,0.12,7.8,7.09,4.4,0.03,7.86,7.49,2.9,0.03,7.87,7.55,2.9,0.03
8.25,8.15,2.9,0.11,7.86,7.49,2.9,0.03,7.87,7.55,2.9,0.03,8.29,8.75,2.5,0.03
8.31,8.5,2.9,0.13,7.87,7.55,2.9,0.03,8.29,8.75,2.5,0.03,8.8,8.3,2.5,0.03
8.28,8.47,2.9,0.12,8.29,8.75,2.5,0.03,8.8,8.3,2.5,0.03,8.2,8.13,3.0,0.03
8.88,9.01,2.0,0.03,8.8,8.3,2.5,0.03,8.2,8.13,3.0,0.03,8.31,8.35,2.8,0.12
8.99,9.07,1.2,0.03,8.2,8.13,3.0,0.03,8.31,8.35,2.8,0.12,8.25,8.15,2.9,0.11
8.98,9.23,2.1,0.03,8.31,8.35,2.8,0.12,8.25,8.15,2.9,0.11,8.31,8.5,2.9,0.13
9.0,8.99,2.1,0.03,8.25,8.15,2.9,0.11,8.31,8.5,2.9,0.13,8.28,8.47,2.9,0.12
8.99,8.64,2.3,0.03,8.31,8.5,2.9,0.13,8.28,8.47,2.9,0.12,8.88,9.01,2.0,0.03
8.98,8.52,3.2,0.03,8.28,8.47,2.9,0.12,8.88,9.01,2.0,0.03,8.99,9.07,1.2,0.03
8.19,8.47,2.2,0.03,8.88,9.01,2.0,0.03,8.99,9.07,1.2,0.03,8.98,9.23,2.1,0.03
8.67,8.5,3.6,0.03,8.99,9.07,1.2,0.03,8.98,9.23,2.1,0.03,9.0,8.99,2.1,0.03
8.35,8.86,3.0,0.03,8.98,9.23,2.1,0.03,9.0,8.99,2.1,0.03,8.99,8.64,2.3,0.03
8.38,8.74,3.3,0.03,9.0,8.99,2.1,0.03,8.99,8.64,2.3,0.03,8.98,8.52,3.2,0.03
8.35,8.55,2.6,0.03,8.99,8.64,2.3,0.03,8.98,8.52,3.2,0.03,8.19,8.47,2.2,0.03
8.4,8.41,2.8,0.03,8.98,8.52,3.2,0.03,8.19,8.47,2.2,0.03,8.67,8.5,3.6,0.03
8.37,8.65,2.7,0.03,8.19,8.47,2.2,0.03,8.67,8.5,3.6,0.03,8.35,8.86,3.0,0.03
8.4,8.89,2.9,0.03,8.67,8.5,3.6,0.03,8.35,8.86,3.0,0.03,8.38,8.74,3.3,0.03
8.38,8.93,3.4,0.03,8.35,8.86,3.0,0.03,8.38,8.74,3.3,0.03,8.35,8.55,2.6,0.03
8.35,8.49,3.3,0.03,8.38,8.74,3.3,0.03,8.35,8.55,2.6,0.03,8.4,8.41,2.8,0.03
8.31,8.43,3.3,0.03,8.35,8.55,2.6,0.03,8.4,8.41,2.8,0.03,8.37,8.65,2.7,0.03
8.32,8.27,2.0,0.03,8.4,8.41,2.8,0.03,8.37,8.65,2.7,0.03,8.4,8.89,2.9,0.03
8.32,8.15,3.4,0.03,8.37,8.65,2.7,0.03,8.4,8.89,2.9,0.03,8.38,8.93,3.4,0.03
8.36,8.53,2.2,0.03,8.4,8.89,2.9,0.03,8.38,8.93,3.4,0.03,8.35,8.49,3.3,0.03
8.37,8.55,4.2,0.03,8.38,8.93,3.4,0.03,8.35,8.49,3.3,0.03,8.31,8.43,3.3,0.03
8.53,9.19,3.3,0.03,8.35,8.49,3.3,0.03,8.31,8.43,3.3,0.03,8.32,8.27,2.0,0.03
8.61,9.47,1.9,0.03,8.31,8.43,3.3,0.03,8.32,8.27,2.0,0.03,8.32,8.15,3.4,0.03
8.66,9.67,2.5,0.03,8.32,8.27,2.0,0.03,8.32,8.15,3.4,0.03,8.36,8.53,2.2,0.03
8.69,9.82,3.2,0.05,8.32,8.15,3.4,0.03,8.36,8.53,2.2,0.03,8.37,8.55,4.2,0.03
8.7,9.98,2.6,0.14,8.36,8.53,2.2,0.03,8.37,8.55,4.2,0.03,8.53,9.19,3.3,0.03
8.18,7.65,3.2,0.26,8.37,8.55,4.2,0.03,8.53,9.19,3.3,0.03,8.61,9.47,1.9,0.03
8.25,7.7,1.9,0.23,8.53,9.19,3.3,0.03,8.61,9.47,1.9,0.03,8.66,9.67,2.5,0.03
8.57,8.31,4.3,0.28,8.61,9.47,1.9,0.03,8.66,9.67,2.5,0.03,8.69,9.82,3.2,0.05
8.74,10.1,4.3,0.03,8.66,9.67,2.5,0.03,8.69,9.82,3.2,0.05,8.7,9.98,2.6,0.14
8.74,9.92,2.2,0.03,8.69,9.82,3.2,0.05,8.7,9.98,2.6,0.14,8.18,7.65,3.2,0.26
8.79,9.88,3.1,0.03,8.7,9.98,2.6,0.14,8.18,7.65,3.2,0.26,8.25,7.7,1.9,0.23
8.81,10.5,2.9,0.03,8.18,7.65,3.2,0.26,8.25,7.7,1.9,0.23,8.57,8.31,4.3,0.28
8.72,9.15,2.7,0.03,8.25,7.7,1.9,0.23,8.57,8.31,4.3,0.28,8.74,10.1,4.3,0.03
8.76,11.3,2.5,0.03,8.57,8.31,4.3,0.28,8.74,10.1,4.3,0.03,8.74,9.92,2.2,0.03
8.77,12.1,3.2,0.02,8.74,10.1,4.3,0.03,8.74,9.92,2.2,0.03,8.79,9.88,3.1,0.03
8.75,10.3,2.9,0.02,8.74,9.92,2.2,0.03,8.79,9.88,3.1,0.03,8.81,10.5,2.9,0.03
8.73,9.67,2.7,0.03,8.79,9.88,3.1,0.03,8.81,10.5,2.9,0.03,8.72,9.15,2.7,0.03
8.75,9.4,2.4,0.03,8.81,10.5,2.9,0.03,8.72,9.15,2.7,0.03,8.76,11.3,2.5,0.03
8.76,9.04,2.8,0.03,8.72,9.15,2.7,0.03,8.76,11.3,2.5,0.03,8.77,12.1,3.2,0.02
8.75,8.72,2.3,0.03,8.76,11.3,2.5,0.03,8.77,12.1,3.2,0.02,8.75,10.3,2.9,0.02
8.74,8.64,1.3,0.03,8.77,12.1,3.2,0.02,8.75,10.3,2.9,0.02,8.73,9.67,2.7,0.03
8.73,8.53,1.2,0.03,8.75,10.3,2.9,0.02,8.73,9.67,2.7,0.03,8.75,9.4,2.4,0.03
8.74,8.39,1.8,0.03,8.73,9.67,2.7,0.03,8.75,9.4,2.4,0.03,8.76,9.04,2.8,0.03
8.72,8.17,1.9,0.03,8.75,9.4,2.4,0.03,8.76,9.04,2.8,0.03,8.75,8.72,2.3,0.03
8.7,8.07,2.5,0.03,8.76,9.04,2.8,0.03,8.75,8.72,2.3,0.03,8.74,8.64,1.3,0.03
8.7,7.96,1.9,0.03,8.75,8.72,2.3,0.03,8.74,8.64,1.3,0.03,8.73,8.53,1.2,0.03
8.68,7.7,1.4,0.03,8.74,8.64,1.3,0.03,8.73,8.53,1.2,0.03,8.74,8.39,1.8,0.03
8.7,7.68,1.3,0.03,8.73,8.53,1.2,0.03,8.74,8.39,1.8,0.03,8.72,8.17,1.9,0.03
8.71,7.75,1.4,0.03,8.74,8.39,1.8,0.03,8.72,8.17,1.9,0.03,8.7,8.07,2.5,0.03
8.67,7.58,1.0,0.03,8.72,8.17,1.9,0.03,8.7,8.07,2.5,0.03,8.7,7.96,1.9,0.03
8.65,7.47,2.0,0.03,8.7,8.07,2.5,0.03,8.7,7.96,1.9,0.03,8.68,7.7,1.4,0.03
8.61,7.15,1.6,0.03,8.7,7.96,1.9,0.03,8.68,7.7,1.4,0.03,8.7,7.68,1.3,0.03
8.59,6.9,1.1,0.03,8.68,7.7,1.4,0.03,8.7,7.68,1.3,0.03,8.71,7.75,1.4,0.03
8.49,6.34,1.4,0.03,8.7,7.68,1.3,0.03,8.71,7.75,1.4,0.03,8.67,7.58,1.0,0.03
8.61,6.77,2.7,0.03,8.71,7.75,1.4,0.03,8.67,7.58,1.0,0.03,8.65,7.47,2.0,0.03
8.61,6.74,2.3,0.03,8.67,7.58,1.0,0.03,8.65,7.47,2.0,0.03,8.61,7.15,1.6,0.03
8.58,6.89,4.3,0.03,8.65,7.47,2.0,0.03,8.61,7.15,1.6,0.03,8.59,6.9,1.1,0.03
8.59,6.82,5.2,0.03,8.61,7.15,1.6,0.03,8.59,6.9,1.1,0.03,8.49,6.34,1.4,0.03
8.58,6.85,1.8,0.03,8.59,6.9,1.1,0.03,8.49,6.34,1.4,0.03,8.61,6.77,2.7,0.03
8.6,6.94,2.5,0.03,8.49,6.34,1.4,0.03,8.61,6.77,2.7,0.03,8.61,6.74,2.3,0.03
8.62,6.84,1.6,0.03,8.61,6.77,2.7,0.03,8.61,6.74,2.3,0.03,8.58,6.89,4.3,0.03
8.59,6.94,5.8,0.03,8.61,6.74,2.3,0.03,8.58,6.89,4.3,0.03,8.59,6.82,5.2,0.03
8.61,7.04,3.3,0.03,8.58,6.89,4.3,0.03,8.59,6.82,5.2,0.03,8.58,6.85,1.8,0.03
8.63,7.03,2.8,0.03,8.59,6.82,5.2,0.03,8.58,6.85,1.8,0.03,8.6,6.94,2.5,0.03
8.63,7.0,1.0,0.03,8.58,6.85,1.8,0.03,8.6,6.94,2.5,0.03,8.62,6.84,1.6,0.03
8.62,7.03,1.7,0.03,8.6,6.94,2.5,0.03,8.62,6.84,1.6,0.03,8.59,6.94,5.8,0.03
8.61,7.09,3.1,0.03,8.62,6.84,1.6,0.03,8.59,6.94,5.8,0.03,8.61,7.04,3.3,0.03
8.63,7.22,3.6,0.03,8.59,6.94,5.8,0.03,8.61,7.04,3.3,0.03,8.63,7.03,2.8,0.03
8.64,7.26,3.7,0.03,8.61,7.04,3.3,0.03,8.63,7.03,2.8,0.03,8.63,7.0,1.0,0.03
8.64,7.42,3.6,0.03,8.63,7.03,2.8,0.03,8.63,7.0,1.0,0.03,8.62,7.03,1.7,0.03
8.66,7.56,2.9,0.03,8.63,7.0,1.0,0.03,8.62,7.03,1.7,0.03,8.61,7.09,3.1,0.03
8.64,7.44,2.4,0.12,8.62,7.03,1.7,0.03,8.61,7.09,3.1,0.03,8.63,7.22,3.6,0.03
8.72,8.07,5.3,0.14,8.61,7.09,3.1,0.03,8.63,7.22,3.6,0.03,8.64,7.26,3.7,0.03
8.75,8.3,4.3,0.19,8.63,7.22,3.6,0.03,8.64,7.26,3.7,0.03,8.64,7.42,3.6,0.03
8.76,7.53,3.2,0.16,8.64,7.26,3.7,0.03,8.64,7.42,3.6,0.03,8.66,7.56,2.9,0.03
8.77,7.33,2.0,0.11,8.64,7.42,3.6,0.03,8.66,7.56,2.9,0.03,8.64,7.44,2.4,0.12
8.124174757281551,8.266555555555566,2.843905817174516,0.17264542936288094,8.66,7.56,2.9,0.03,8.64,7.44,2.4,0.12,8.72,8.07,5.3,0.14
8.79,7.27,2.7,0.14,8.64,7.44,2.4,0.12,8.72,8.07,5.3,0.14,8.75,8.3,4.3,0.19
8.79,7.17,1.7,0.15,8.72,8.07,5.3,0.14,8.75,8.3,4.3,0.19,8.76,7.53,3.2,0.16
8.79,8.266555555555566,4.3,0.16,8.75,8.3,4.3,0.19,8.76,7.53,3.2,0.16,8.77,7.33,2.0,0.11
8.79,7.15,4.7,0.15,8.76,7.53,3.2,0.16,8.77,7.33,2.0,0.11,8.124174757281551,8.266555555555566,2.843905817174516,0.17264542936288094
8.8,7.55,4.2,0.16,8.77,7.33,2.0,0.11,8.124174757281551,8.266555555555566,2.843905817174516,0.17264542936288094,8.79,7.27,2.7,0.14
8.81,7.5,3.6,0.15,8.124174757281551,8.266555555555566,2.843905817174516,0.17264542936288094,8.79,7.27,2.7,0.14,8.79,7.17,1.7,0.15
8.82,7.76,2.1,0.18,8.79,7.27,2.7,0.14,8.79,7.17,1.7,0.15,8.79,8.266555555555566,4.3,0.16
8.85,7.72,1.2,0.15,8.79,7.17,1.7,0.15,8.79,8.266555555555566,4.3,0.16,8.79,7.15,4.7,0.15
8.85,7.9,1.8,0.17,8.79,8.266555555555566,4.3,0.16,8.79,7.15,4.7,0.15,8.8,7.55,4.2,0.16
8.84,7.37,2.4,0.2,8.79,7.15,4.7,0.15,8.8,7.55,4.2,0.16,8.81,7.5,3.6,0.15
8.82,7.33,4.6,0.22,8.8,7.55,4.2,0.16,8.81,7.5,3.6,0.15,8.82,7.76,2.1,0.18
8.8,7.23,3.7,0.16,8.81,7.5,3.6,0.15,8.82,7.76,2.1,0.18,8.85,7.72,1.2,0.15
8.79,6.64,3.2,0.06,8.82,7.76,2.1,0.18,8.85,7.72,1.2,0.15,8.85,7.9,1.8,0.17
8.8,6.9,2.7,0.03,8.85,7.72,1.2,0.15,8.85,7.9,1.8,0.17,8.84,7.37,2.4,0.2
8.44,7.33,2.5,0.04,8.85,7.9,1.8,0.17,8.84,7.37,2.4,0.2,8.82,7.33,4.6,0.22
7.76,7.39,2.1,0.04,8.84,7.37,2.4,0.2,8.82,7.33,4.6,0.22,8.8,7.23,3.7,0.16
8.32,8.8,1.9,0.04,8.82,7.33,4.6,0.22,8.8,7.23,3.7,0.16,8.79,6.64,3.2,0.06
8.77,8.8,1.7,0.04,8.8,7.23,3.7,0.16,8.79,6.64,3.2,0.06,8.8,6.9,2.7,0.03
8.74,8.56,1.2,0.04,8.79,6.64,3.2,0.06,8.8,6.9,2.7,0.03,8.44,7.33,2.5,0.04
8.79,8.67,3.8,0.05,8.8,6.9,2.7,0.03,8.44,7.33,2.5,0.04,7.76,7.39,2.1,0.04
8.75,8.37,2.5,0.06,8.44,7.33,2.5,0.04,7.76,7.39,2.1,0.04,8.32,8.8,1.9,0.04
8.7,8.02,5.5,0.04,7.76,7.39,2.1,0.04,8.32,8.8,1.9,0.04,8.77,8.8,1.7,0.04
8.65,8.02,5.5,0.08,8.32,8.8,1.9,0.04,8.77,8.8,1.7,0.04,8.74,8.56,1.2,0.04
8.68,7.92,4.2,0.09,8.77,8.8,1.7,0.04,8.74,8.56,1.2,0.04,8.79,8.67,3.8,0.05
8.69,7.84,2.2,0.07,8.74,8.56,1.2,0.04,8.79,8.67,3.8,0.05,8.75,8.37,2.5,0.06
8.69,7.61,2.1,0.04,8.79,8.67,3.8,0.05,8.75,8.37,2.5,0.06,8.7,8.02,5.5,0.04
8.66,7.43,3.2,0.07,8.75,8.37,2.5,0.06,8.7,8.02,5.5,0.04,8.65,8.02,5.5,0.08
8.59,7.57,3.0,0.1,8.7,8.02,5.5,0.04,8.65,8.02,5.5,0.08,8.68,7.92,4.2,0.09
8.65,7.89,3.8,0.06,8.65,8.02,5.5,0.08,8.68,7.92,4.2,0.09,8.69,7.84,2.2,0.07
8.66,7.93,3.0,0.04,8.68,7.92,4.2,0.09,8.69,7.84,2.2,0.07,8.69,7.61,2.1,0.04
8.69,7.9,2.1,0.11,8.69,7.84,2.2,0.07,8.69,7.61,2.1,0.04,8.66,7.43,3.2,0.07
8.7,7.71,3.3,0.11,8.69,7.61,2.1,0.04,8.66,7.43,3.2,0.07,8.59,7.57,3.0,0.1
8.59,7.33,2.2,0.27,8.66,7.43,3.2,0.07,8.59,7.57,3.0,0.1,8.65,7.89,3.8,0.06
8.7,7.61,1.8,0.08,8.59,7.57,3.0,0.1,8.65,7.89,3.8,0.06,8.66,7.93,3.0,0.04
8.71,7.69,1.7,0.26,8.65,7.89,3.8,0.06,8.66,7.93,3.0,0.04,8.69,7.9,2.1,0.11
8.68,7.62,2.4,0.35,8.66,7.93,3.0,0.04,8.69,7.9,2.1,0.11,8.7,7.71,3.3,0.11
8.67,7.64,2.1,0.36,8.69,7.9,2.1,0.11,8.7,7.71,3.3,0.11,8.59,7.33,2.2,0.27
8.7,7.61,2.0,0.35,8.7,7.71,3.3,0.11,8.59,7.33,2.2,0.27,8.7,7.61,1.8,0.08
8.68,7.31,2.5,0.36,8.59,7.33,2.2,0.27,8.7,7.61,1.8,0.08,8.71,7.69,1.7,0.26
8.71,7.39,3.0,0.33,8.7,7.61,1.8,0.08,8.71,7.69,1.7,0.26,8.68,7.62,2.4,0.35
8.72,7.56,2.4,0.31,8.71,7.69,1.7,0.26,8.68,7.62,2.4,0.35,8.67,7.64,2.1,0.36
8.69,7.43,2.3,0.33,8.68,7.62,2.4,0.35,8.67,7.64,2.1,0.36,8.7,7.61,2.0,0.35
8.67,7.32,1.5,0.36,8.67,7.64,2.1,0.36,8.7,7.61,2.0,0.35,8.68,7.31,2.5,0.36
8.64,7.57,2.3,0.52,8.7,7.61,2.0,0.35,8.68,7.31,2.5,0.36,8.71,7.39,3.0,0.33
8.67,7.97,2.1,0.35,8.68,7.31,2.5,0.36,8.71,7.39,3.0,0.33,8.72,7.56,2.4,0.31
8.124174757281551,8.266555555555566,2.843905817174516,0.17264542936288094,8.71,7.39,3.0,0.33,8.72,7.56,2.4,0.31,8.69,7.43,2.3,0.33
8.63,7.84,2.2,0.5,8.72,7.56,2.4,0.31,8.69,7.43,2.3,0.33,8.67,7.32,1.5,0.36
8.7,8.36,1.7,0.48,8.69,7.43,2.3,0.33,8.67,7.32,1.5,0.36,8.64,7.57,2.3,0.52
8.72,8.6,3.9,0.4,8.67,7.32,1.5,0.36,8.64,7.57,2.3,0.52,8.67,7.97,2.1,0.35
8.76,10.3,2.2,0.45,8.64,7.57,2.3,0.52,8.67,7.97,2.1,0.35,8.124174757281551,8.266555555555566,2.843905817174516,0.17264542936288094
8.76,11.0,1.8,0.46,8.67,7.97,2.1,0.35,8.124174757281551,8.266555555555566,2.843905817174516,0.17264542936288094,8.63,7.84,2.2,0.5
8.77,11.9,2.8,0.47,8.124174757281551,8.266555555555566,2.843905817174516,0.17264542936288094,8.63,7.84,2.2,0.5,8.7,8.36,1.7,0.48
8.79,8.23,2.6,0.36,8.63,7.84,2.2,0.5,8.7,8.36,1.7,0.48,8.72,8.6,3.9,0.4
8.78,7.73,2.1,0.51,8.7,8.36,1.7,0.48,8.72,8.6,3.9,0.4,8.76,10.3,2.2,0.45
8.78,8.33,2.8,0.34,8.72,8.6,3.9,0.4,8.76,10.3,2.2,0.45,8.76,11.0,1.8,0.46
8.77,8.29,3.9,0.35,8.76,10.3,2.2,0.45,8.76,11.0,1.8,0.46,8.77,11.9,2.8,0.47
8.75,7.35,3.4,0.36,8.76,11.0,1.8,0.46,8.77,11.9,2.8,0.47,8.79,8.23,2.6,0.36
8.69,8.12,2.5,0.34,8.77,11.9,2.8,0.47,8.79,8.23,2.6,0.36,8.78,7.73,2.1,0.51
8.77,8.31,3.4,0.28,8.79,8.23,2.6,0.36,8.78,7.73,2.1,0.51,8.78,8.33,2.8,0.34
8.79,8.13,3.5,0.27,8.78,7.73,2.1,0.51,8.78,8.33,2.8,0.34,8.77,8.29,3.9,0.35
8.54,7.68,3.7,0.36,8.78,8.33,2.8,0.34,8.77,8.29,3.9,0.35,8.75,7.35,3.4,0.36
8.48,8.51,2.5,0.44,8.77,8.29,3.9,0.35,8.75,7.35,3.4,0.36,8.69,8.12,2.5,0.34
8.48,7.73,1.2,0.32,8.75,7.35,3.4,0.36,8.69,8.12,2.5,0.34,8.77,8.31,3.4,0.28
8.48,8.76,1.5,0.43,8.69,8.12,2.5,0.34,8.77,8.31,3.4,0.28,8.79,8.13,3.5,0.27
8.46,8.09,2.1,0.47,8.77,8.31,3.4,0.28,8.79,8.13,3.5,0.27,8.54,7.68,3.7,0.36
8.45,7.82,2.7,0.24,8.79,8.13,3.5,0.27,8.54,7.68,3.7,0.36,8.48,8.51,2.5,0.44
8.5,8.64,3.0,0.19,8.54,7.68,3.7,0.36,8.48,8.51,2.5,0.44,8.48,7.73,1.2,0.32
8.49,8.31,3.3,0.24,8.48,8.51,2.5,0.44,8.48,7.73,1.2,0.32,8.48,8.76,1.5,0.43
8.51,8.49,3.2,0.22,8.48,7.73,1.2,0.32,8.48,8.76,1.5,0.43,8.46,8.09,2.1,0.47
8.52,8.64,2.7,0.26,8.48,8.76,1.5,0.43,8.46,8.09,2.1,0.47,8.45,7.82,2.7,0.24
8.52,8.52,2.5,0.29,8.46,8.09,2.1,0.47,8.45,7.82,2.7,0.24,8.5,8.64,3.0,0.19
8.49,8.52,2.4,0.32,8.45,7.82,2.7,0.24,8.5,8.64,3.0,0.19,8.49,8.31,3.3,0.24
8.5,8.32,2.1,0.24,8.5,8.64,3.0,0.19,8.49,8.31,3.3,0.24,8.51,8.49,3.2,0.22
8.48,8.09,1.8,0.2,8.49,8.31,3.3,0.24,8.51,8.49,3.2,0.22,8.52,8.64,2.7,0.26
8.44,8.13,3.1,0.2,8.51,8.49,3.2,0.22,8.52,8.64,2.7,0.26,8.52,8.52,2.5,0.29
8.46,7.73,3.1,0.19,8.52,8.64,2.7,0.26,8.52,8.52,2.5,0.29,8.49,8.52,2.4,0.32
8.45,7.87,2.1,0.19,8.52,8.52,2.5,0.29,8.49,8.52,2.4,0.32,8.5,8.32,2.1,0.24
8.4,7.74,2.7,0.23,8.49,8.52,2.4,0.32,8.5,8.32,2.1,0.24,8.48,8.09,1.8,0.2
8.38,7.62,3.6,0.29,8.5,8.32,2.1,0.24,8.48,8.09,1.8,0.2,8.44,8.13,3.1,0.2
8.27,7.32,12.4,0.33,8.48,8.09,1.8,0.2,8.44,8.13,3.1,0.2,8.46,7.73,3.1,0.19
8.37,7.25,3.3,0.28,8.44,8.13,3.1,0.2,8.46,7.73,3.1,0.19,8.45,7.87,2.1,0.19
8.4,6.98,3.0,0.32,8.46,7.73,3.1,0.19,8.45,7.87,2.1,0.19,8.4,7.74,2.7,0.23
8.42,6.85,2.6,0.34,8.45,7.87,2.1,0.19,8.4,7.74,2.7,0.23,8.38,7.62,3.6,0.29
8.42,6.65,2.6,0.35,8.4,7.74,2.7,0.23,8.38,7.62,3.6,0.29,8.27,7.32,12.4,0.33
8.43,6.65,1.8,0.33,8.38,7.62,3.6,0.29,8.27,7.32,12.4,0.33,8.37,7.25,3.3,0.28
8.31,6.88,3.2,0.39,8.27,7.32,12.4,0.33,8.37,7.25,3.3,0.28,8.4,6.98,3.0,0.32
8.41,6.87,3.0,0.36,8.37,7.25,3.3,0.28,8.4,6.98,3.0,0.32,8.42,6.85,2.6,0.34
8.41,6.35,1.7,0.34,8.4,6.98,3.0,0.32,8.42,6.85,2.6,0.34,8.42,6.65,2.6,0.35
8.36,6.56,2.4,0.35,8.42,6.85,2.6,0.34,8.42,6.65,2.6,0.35,8.43,6.65,1.8,0.33
8.44,6.5,1.6,0.32,8.42,6.65,2.6,0.35,8.43,6.65,1.8,0.33,8.31,6.88,3.2,0.39
8.42,7.02,1.5,0.38,8.43,6.65,1.8,0.33,8.31,6.88,3.2,0.39,8.41,6.87,3.0,0.36
8.43,6.91,1.9,0.41,8.31,6.88,3.2,0.39,8.41,6.87,3.0,0.36,8.41,6.35,1.7,0.34
8.42,7.02,1.9,0.36,8.41,6.87,3.0,0.36,8.41,6.35,1.7,0.34,8.36,6.56,2.4,0.35
8.39,7.03,1.9,0.37,8.41,6.35,1.7,0.34,8.36,6.56,2.4,0.35,8.44,6.5,1.6,0.32
8.39,7.05,1.7,0.45,8.36,6.56,2.4,0.35,8.44,6.5,1.6,0.32,8.42,7.02,1.5,0.38
8.38,7.11,1.9,0.41,8.44,6.5,1.6,0.32,8.42,7.02,1.5,0.38,8.43,6.91,1.9,0.41
8.38,7.14,1.8,0.38,8.42,7.02,1.5,0.38,8.43,6.91,1.9,0.41,8.42,7.02,1.9,0.36
8.36,7.0,1.6,0.34,8.43,6.91,1.9,0.41,8.42,7.02,1.9,0.36,8.39,7.03,1.9,0.37
8.34,7.0,2.0,0.16,8.42,7.02,1.9,0.36,8.39,7.03,1.9,0.37,8.39,7.05,1.7,0.45
8.34,6.93,2.1,0.21,8.39,7.03,1.9,0.37,8.39,7.05,1.7,0.45,8.38,7.11,1.9,0.41
8.41,6.78,1.9,0.22,8.39,7.05,1.7,0.45,8.38,7.11,1.9,0.41,8.38,7.14,1.8,0.38
8.44,6.58,1.9,0.23,8.38,7.11,1.9,0.41,8.38,7.14,1.8,0.38,8.36,7.0,1.6,0.34
8.43,7.86,2.0,0.21,8.38,7.14,1.8,0.38,8.36,7.0,1.6,0.34,8.34,7.0,2.0,0.16
8.44,7.96,1.5,0.22,8.36,7.0,1.6,0.34,8.34,7.0,2.0,0.16,8.34,6.93,2.1,0.21
8.44,8.42,2.0,0.23,8.34,7.0,2.0,0.16,8.34,6.93,2.1,0.21,8.41,6.78,1.9,0.22
8.48,8.61,1.5,0.24,8.34,6.93,2.1,0.21,8.41,6.78,1.9,0.22,8.44,6.58,1.9,0.23
8.49,8.69,1.7,0.23,8.41,6.78,1.9,0.22,8.44,6.58,1.9,0.23,8.43,7.86,2.0,0.21
8.51,8.72,2.1,0.21,8.44,6.58,1.9,0.23,8.43,7.86,2.0,0.21,8.44,7.96,1.5,0.22
8.5,8.71,1.6,0.18,8.43,7.86,2.0,0.21,8.44,7.96,1.5,0.22,8.44,8.42,2.0,0.23
8.52,9.02,2.0,0.19,8.44,7.96,1.5,0.22,8.44,8.42,2.0,0.23,8.48,8.61,1.5,0.24
8.5,9.06,2.3,0.24,8.44,8.42,2.0,0.23,8.48,8.61,1.5,0.24,8.49,8.69,1.7,0.23
8.52,9.14,1.7,0.24,8.48,8.61,1.5,0.24,8.49,8.69,1.7,0.23,8.51,8.72,2.1,0.21
8.49,9.03,1.2,0.33,8.49,8.69,1.7,0.23,8.51,8.72,2.1,0.21,8.5,8.71,1.6,0.18
8.47,8.79,1.8,0.36,8.51,8.72,2.1,0.21,8.5,8.71,1.6,0.18,8.52,9.02,2.0,0.19
8.46,8.7,1.8,0.38,8.5,8.71,1.6,0.18,8.52,9.02,2.0,0.19,8.5,9.06,2.3,0.24
8.43,8.53,1.8,0.25,8.52,9.02,2.0,0.19,8.5,9.06,2.3,0.24,8.52,9.14,1.7,0.24
8.39,8.31,1.9,0.16,8.5,9.06,2.3,0.24,8.52,9.14,1.7,0.24,8.49,9.03,1.2,0.33
8.48,7.76,2.0,0.27,8.52,9.14,1.7,0.24,8.49,9.03,1.2,0.33,8.47,8.79,1.8,0.36
8.45,6.77,2.1,0.33,8.49,9.03,1.2,0.33,8.47,8.79,1.8,0.36,8.46,8.7,1.8,0.38
8.124174757281551,8.266555555555566,2.843905817174516,0.17264542936288094,8.47,8.79,1.8,0.36,8.46,8.7,1.8,0.38,8.43,8.53,1.8,0.25
8.48,7.32,2.2,0.29,8.46,8.7,1.8,0.38,8.43,8.53,1.8,0.25,8.39,8.31,1.9,0.16
8.52,7.36,3.2,0.14,8.43,8.53,1.8,0.25,8.39,8.31,1.9,0.16,8.48,7.76,2.0,0.27
8.5,7.02,3.1,0.1,8.39,8.31,1.9,0.16,8.48,7.76,2.0,0.27,8.45,6.77,2.1,0.33
8.4,6.62,5.0,0.11,8.48,7.76,2.0,0.27,8.45,6.77,2.1,0.33,8.124174757281551,8.266555555555566,2.843905817174516,0.17264542936288094
8.46,6.84,3.1,0.19,8.45,6.77,2.1,0.33,8.124174757281551,8.266555555555566,2.843905817174516,0.17264542936288094,8.48,7.32,2.2,0.29
8.4,7.27,3.8,0.32,8.124174757281551,8.266555555555566,2.843905817174516,0.17264542936288094,8.48,7.32,2.2,0.29,8.52,7.36,3.2,0.14
8.44,7.34,2.4,0.35,8.48,7.32,2.2,0.29,8.52,7.36,3.2,0.14,8.5,7.02,3.1,0.1
8.44,7.19,3.3,0.19,8.52,7.36,3.2,0.14,8.5,7.02,3.1,0.1,8.4,6.62,5.0,0.11
8.44,7.13,3.6,0.1,8.5,7.02,3.1,0.1,8.4,6.62,5.0,0.11,8.46,6.84,3.1,0.19
8.44,6.94,3.3,0.11,8.4,6.62,5.0,0.11,8.46,6.84,3.1,0.19,8.4,7.27,3.8,0.32
8.36,6.62,4.1,0.09,8.46,6.84,3.1,0.19,8.4,7.27,3.8,0.32,8.44,7.34,2.4,0.35
8.35,6.51,5.1,0.08,8.4,7.27,3.8,0.32,8.44,7.34,2.4,0.35,8.44,7.19,3.3,0.19
8.4,6.57,4.2,0.08,8.44,7.34,2.4,0.35,8.44,7.19,3.3,0.19,8.44,7.13,3.6,0.1
8.39,6.51,4.0,0.12,8.44,7.19,3.3,0.19,8.44,7.13,3.6,0.1,8.44,6.94,3.3,0.11
8.26,6.26,3.5,0.14,8.44,7.13,3.6,0.1,8.44,6.94,3.3,0.11,8.36,6.62,4.1,0.09
8.29,6.98,3.9,0.16,8.44,6.94,3.3,0.11,8.36,6.62,4.1,0.09,8.35,6.51,5.1,0.08
8.38,6.79,4.1,0.14,8.36,6.62,4.1,0.09,8.35,6.51,5.1,0.08,8.4,6.57,4.2,0.08
8.39,6.32,4.4,0.14,8.35,6.51,5.1,0.08,8.4,6.57,4.2,0.08,8.39,6.51,4.0,0.12
8.41,6.13,4.2,0.24,8.4,6.57,4.2,0.08,8.39,6.51,4.0,0.12,8.26,6.26,3.5,0.14
8.43,5.69,2.9,0.26,8.39,6.51,4.0,0.12,8.26,6.26,3.5,0.14,8.29,6.98,3.9,0.16
8.48,6.8,1.8,0.21,8.26,6.26,3.5,0.14,8.29,6.98,3.9,0.16,8.38,6.79,4.1,0.14
8.45,6.14,3.0,0.24,8.29,6.98,3.9,0.16,8.38,6.79,4.1,0.14,8.39,6.32,4.4,0.14
8.49,7.1,2.3,0.25,8.38,6.79,4.1,0.14,8.39,6.32,4.4,0.14,8.41,6.13,4.2,0.24
8.46,7.04,3.5,0.35,8.39,6.32,4.4,0.14,8.41,6.13,4.2,0.24,8.43,5.69,2.9,0.26
8.48,6.94,3.2,0.23,8.41,6.13,4.2,0.24,8.43,5.69,2.9,0.26,8.48,6.8,1.8,0.21
8.45,6.87,2.7,0.37,8.43,5.69,2.9,0.26,8.48,6.8,1.8,0.21,8.45,6.14,3.0,0.24
8.44,6.76,2.7,0.33,8.48,6.8,1.8,0.21,8.45,6.14,3.0,0.24,8.49,7.1,2.3,0.25
8.43,6.51,2.8,0.36,8.45,6.14,3.0,0.24,8.49,7.1,2.3,0.25,8.46,7.04,3.5,0.35
8.4,7.54,2.4,0.29,8.49,7.1,2.3,0.25,8.46,7.04,3.5,0.35,8.48,6.94,3.2,0.23
8.41,7.16,1.9,0.23,8.46,7.04,3.5,0.35,8.48,6.94,3.2,0.23,8.45,6.87,2.7,0.37
8.43,6.78,2.2,0.23,8.48,6.94,3.2,0.23,8.45,6.87,2.7,0.37,8.44,6.76,2.7,0.33
8.44,6.43,2.9,0.32,8.45,6.87,2.7,0.37,8.44,6.76,2.7,0.33,8.43,6.51,2.8,0.36
8.46,6.58,2.8,0.37,8.44,6.76,2.7,0.33,8.43,6.51,2.8,0.36,8.4,7.54,2.4,0.29
8.49,6.5,3.1,0.36,8.43,6.51,2.8,0.36,8.4,7.54,2.4,0.29,8.41,7.16,1.9,0.23
8.51,6.75,2.0,0.37,8.4,7.54,2.4,0.29,8.41,7.16,1.9,0.23,8.43,6.78,2.2,0.23
8.5,6.2,2.2,0.41,8.41,7.16,1.9,0.23,8.43,6.78,2.2,0.23,8.44,6.43,2.9,0.32
8.48,6.02,2.8,0.41,8.43,6.78,2.2,0.23,8.44,6.43,2.9,0.32,8.46,6.58,2.8,0.37
8.49,6.27,2.3,0.34,8.44,6.43,2.9,0.32,8.46,6.58,2.8,0.37,8.49,6.5,3.1,0.36
8.5,6.77,2.0,0.31,8.46,6.58,2.8,0.37,8.49,6.5,3.1,0.36,8.51,6.75,2.0,0.37
8.21,9.03,1.5,0.25,8.49,6.5,3.1,0.36,8.51,6.75,2.0,0.37,8.5,6.2,2.2,0.41
8.15,9.44,1.5,0.27,8.51,6.75,2.0,0.37,8.5,6.2,2.2,0.41,8.48,6.02,2.8,0.41
8.08,9.17,1.8,0.25,8.5,6.2,2.2,0.41,8.48,6.02,2.8,0.41,8.49,6.27,2.3,0.34
8.03,8.89,1.9,0.29,8.48,6.02,2.8,0.41,8.49,6.27,2.3,0.34,8.5,6.77,2.0,0.31
7.96,8.57,2.0,0.21,8.49,6.27,2.3,0.34,8.5,6.77,2.0,0.31,8.21,9.03,1.5,0.25
8.02,9.09,1.8,0.28,8.5,6.77,2.0,0.31,8.21,9.03,1.5,0.25,8.15,9.44,1.5,0.27
8.0,8.35,2.1,0.32,8.21,9.03,1.5,0.25,8.15,9.44,1.5,0.27,8.08,9.17,1.8,0.25
7.96,7.89,2.1,0.31,8.15,9.44,1.5,0.27,8.08,9.17,1.8,0.25,8.03,8.89,1.9,0.29
7.87,7.34,2.0,0.3,8.08,9.17,1.8,0.25,8.03,8.89,1.9,0.29,7.96,8.57,2.0,0.21
7.89,7.19,2.3,0.16,8.03,8.89,1.9,0.29,7.96,8.57,2.0,0.21,8.02,9.09,1.8,0.28
7.98,7.86,2.3,0.13,7.96,8.57,2.0,0.21,8.02,9.09,1.8,0.28,8.0,8.35,2.1,0.32
7.99,7.69,2.2,0.17,8.02,9.09,1.8,0.28,8.0,8.35,2.1,0.32,7.96,7.89,2.1,0.31
7.97,7.6,2.2,0.2,8.0,8.35,2.1,0.32,7.96,7.89,2.1,0.31,7.87,7.34,2.0,0.3
7.97,7.0,2.2,0.14,7.96,7.89,2.1,0.31,7.87,7.34,2.0,0.3,7.89,7.19,2.3,0.16
7.99,7.15,2.3,0.09,7.87,7.34,2.0,0.3,7.89,7.19,2.3,0.16,7.98,7.86,2.3,0.13
7.97,7.08,2.3,0.11,7.89,7.19,2.3,0.16,7.98,7.86,2.3,0.13,7.99,7.69,2.2,0.17
7.96,7.13,2.5,0.11,7.98,7.86,2.3,0.13,7.99,7.69,2.2,0.17,7.97,7.6,2.2,0.2
7.96,6.99,2.2,0.11,7.99,7.69,2.2,0.17,7.97,7.6,2.2,0.2,7.97,7.0,2.2,0.14
7.92,6.67,2.7,0.09,7.97,7.6,2.2,0.2,7.97,7.0,2.2,0.14,7.99,7.15,2.3,0.09
7.91,6.64,2.6,0.08,7.97,7.0,2.2,0.14,7.99,7.15,2.3,0.09,7.97,7.08,2.3,0.11
7.86,6.28,2.9,0.05,7.99,7.15,2.3,0.09,7.97,7.08,2.3,0.11,7.96,7.13,2.5,0.11
7.84,6.41,3.6,0.11,7.97,7.08,2.3,0.11,7.96,7.13,2.5,0.11,7.96,6.99,2.2,0.11
8.08,6.75,3.5,0.1,7.96,7.13,2.5,0.11,7.96,6.99,2.2,0.11,7.92,6.67,2.7,0.09
7.96,7.0,7.4,0.08,7.96,6.99,2.2,0.11,7.92,6.67,2.7,0.09,7.91,6.64,2.6,0.08
8.32,7.86,3.7,0.07,7.92,6.67,2.7,0.09,7.91,6.64,2.6,0.08,7.86,6.28,2.9,0.05
8.27,8.19,3.8,0.14,7.91,6.64,2.6,0.08,7.86,6.28,2.9,0.05,7.84,6.41,3.6,0.11
8.25,8.28,4.3,0.07,7.86,6.28,2.9,0.05,7.84,6.41,3.6,0.11,8.08,6.75,3.5,0.1
8.27,8.29,2.5,0.12,7.84,6.41,3.6,0.11,8.08,6.75,3.5,0.1,7.96,7.0,7.4,0.08
8.24,8.37,3.2,0.12,8.08,6.75,3.5,0.1,7.96,7.0,7.4,0.08,8.32,7.86,3.7,0.07
8.22,8.18,2.4,0.1,7.96,7.0,7.4,0.08,8.32,7.86,3.7,0.07,8.27,8.19,3.8,0.14
8.24,8.12,2.1,0.1,8.32,7.86,3.7,0.07,8.27,8.19,3.8,0.14,8.25,8.28,4.3,0.07
8.21,7.85,5.3,0.09,8.27,8.19,3.8,0.14,8.25,8.28,4.3,0.07,8.27,8.29,2.5,0.12
8.19,7.98,4.9,0.07,8.25,8.28,4.3,0.07,8.27,8.29,2.5,0.12,8.24,8.37,3.2,0.12
8.19,8.55,2.6,0.06,8.27,8.29,2.5,0.12,8.24,8.37,3.2,0.12,8.22,8.18,2.4,0.1
8.25,8.51,2.0,0.05,8.24,8.37,3.2,0.12,8.22,8.18,2.4,0.1,8.24,8.12,2.1,0.1
8.15,7.8,1.4,0.08,8.22,8.18,2.4,0.1,8.24,8.12,2.1,0.1,8.21,7.85,5.3,0.09
8.15,8.46,1.3,0.09,8.24,8.12,2.1,0.1,8.21,7.85,5.3,0.09,8.19,7.98,4.9,0.07
8.17,8.61,0.9,0.07,8.21,7.85,5.3,0.09,8.19,7.98,4.9,0.07,8.19,8.55,2.6,0.06
8.16,8.58,1.0,0.12,8.19,7.98,4.9,0.07,8.19,8.55,2.6,0.06,8.25,8.51,2.0,0.05
8.12,8.72,1.1,0.19,8.19,8.55,2.6,0.06,8.25,8.51,2.0,0.05,8.15,7.8,1.4,0.08
8.1,9.02,0.9,0.19,8.25,8.51,2.0,0.05,8.15,7.8,1.4,0.08,8.15,8.46,1.3,0.09
8.09,8.37,1.5,0.19,8.15,7.8,1.4,0.08,8.15,8.46,1.3,0.09,8.17,8.61,0.9,0.07
8.14,8.45,1.7,0.21,8.15,8.46,1.3,0.09,8.17,8.61,0.9,0.07,8.16,8.58,1.0,0.12
8.09,8.53,1.7,0.26,8.17,8.61,0.9,0.07,8.16,8.58,1.0,0.12,8.12,8.72,1.1,0.19
8.1,8.8,1.6,0.3,8.16,8.58,1.0,0.12,8.12,8.72,1.1,0.19,8.1,9.02,0.9,0.19
8.09,8.9,1.4,0.31,8.12,8.72,1.1,0.19,8.1,9.02,0.9,0.19,8.09,8.37,1.5,0.19
8.07,8.5,1.4,0.19,8.1,9.02,0.9,0.19,8.09,8.37,1.5,0.19,8.14,8.45,1.7,0.21
8.1,8.58,1.3,0.26,8.09,8.37,1.5,0.19,8.14,8.45,1.7,0.21,8.09,8.53,1.7,0.26
8.08,7.58,1.3,0.25,8.14,8.45,1.7,0.21,8.09,8.53,1.7,0.26,8.1,8.8,1.6,0.3
7.97,8.22,1.5,0.2,8.09,8.53,1.7,0.26,8.1,8.8,1.6,0.3,8.09,8.9,1.4,0.31
8.12,8.65,1.7,0.23,8.1,8.8,1.6,0.3,8.09,8.9,1.4,0.31,8.07,8.5,1.4,0.19
8.11,8.68,1.7,0.26,8.09,8.9,1.4,0.31,8.07,8.5,1.4,0.19,8.1,8.58,1.3,0.26
8.13,8.82,1.7,0.24,8.07,8.5,1.4,0.19,8.1,8.58,1.3,0.26,8.08,7.58,1.3,0.25
8.11,8.44,1.8,0.24,8.1,8.58,1.3,0.26,8.08,7.58,1.3,0.25,7.97,8.22,1.5,0.2
8.11,8.13,2.1,0.25,8.08,7.58,1.3,0.25,7.97,8.22,1.5,0.2,8.12,8.65,1.7,0.23
8.13,8.22,1.9,0.22,7.97,8.22,1.5,0.2,8.12,8.65,1.7,0.23,8.11,8.68,1.7,0.26
8.08,8.12,1.9,0.23,8.12,8.65,1.7,0.23,8.11,8.68,1.7,0.26,8.13,8.82,1.7,0.24
8.08,8.19,1.9,0.26,8.11,8.68,1.7,0.26,8.13,8.82,1.7,0.24,8.11,8.44,1.8,0.24
8.04,7.72,2.0,0.31,8.13,8.82,1.7,0.24,8.11,8.44,1.8,0.24,8.11,8.13,2.1,0.25
7.96,7.8,2.1,0.3,8.11,8.44,1.8,0.24,8.11,8.13,2.1,0.25,8.13,8.22,1.9,0.22
8.02,8.64,2.0,0.28,8.11,8.13,2.1,0.25,8.13,8.22,1.9,0.22,8.08,8.12,1.9,0.23
8.06,8.59,2.4,0.34,8.13,8.22,1.9,0.22,8.08,8.12,1.9,0.23,8.08,8.19,1.9,0.26
8.14,8.84,1.8,0.25,8.08,8.12,1.9,0.23,8.08,8.19,1.9,0.26,8.04,7.72,2.0,0.31
8.14,8.93,1.8,0.25,8.08,8.19,1.9,0.26,8.04,7.72,2.0,0.31,7.96,7.8,2.1,0.3
8.07,8.39,1.9,0.29,8.04,7.72,2.0,0.31,7.96,7.8,2.1,0.3,8.02,8.64,2.0,0.28
8.0,8.13,3.6,0.3,7.96,7.8,2.1,0.3,8.02,8.64,2.0,0.28,8.06,8.59,2.4,0.34
7.98,8.46,2.5,0.25,8.02,8.64,2.0,0.28,8.06,8.59,2.4,0.34,8.14,8.84,1.8,0.25
7.92,8.08,2.1,0.23,8.06,8.59,2.4,0.34,8.14,8.84,1.8,0.25,8.14,8.93,1.8,0.25
7.93,7.93,1.3,0.22,8.14,8.84,1.8,0.25,8.14,8.93,1.8,0.25,8.07,8.39,1.9,0.29
7.94,7.9,1.2,0.2,8.14,8.93,1.8,0.25,8.07,8.39,1.9,0.29,8.0,8.13,3.6,0.3
8.11,8.8,1.8,0.28,8.07,8.39,1.9,0.29,8.0,8.13,3.6,0.3,7.98,8.46,2.5,0.25
8.06,8.9,1.8,0.28,8.0,8.13,3.6,0.3,7.98,8.46,2.5,0.25,7.92,8.08,2.1,0.23
7.96,8.83,3.1,0.26,7.98,8.46,2.5,0.25,7.92,8.08,2.1,0.23,7.93,7.93,1.3,0.22
7.92,9.03,2.2,0.3,7.92,8.08,2.1,0.23,7.93,7.93,1.3,0.22,7.94,7.9,1.2,0.2
7.8,9.26,2.4,0.35,7.93,7.93,1.3,0.22,7.94,7.9,1.2,0.2,8.11,8.8,1.8,0.28
7.75,8.77,2.7,0.15,7.94,7.9,1.2,0.2,8.11,8.8,1.8,0.28,8.06,8.9,1.8,0.28
7.68,7.42,4.6,0.12,8.11,8.8,1.8,0.28,8.06,8.9,1.8,0.28,7.96,8.83,3.1,0.26
7.6,7.78,4.3,0.13,8.06,8.9,1.8,0.28,7.96,8.83,3.1,0.26,7.92,9.03,2.2,0.3
7.58,7.67,3.5,0.14,7.96,8.83,3.1,0.26,7.92,9.03,2.2,0.3,7.8,9.26,2.4,0.35
7.55,8.1,3.4,0.23,7.92,9.03,2.2,0.3,7.8,9.26,2.4,0.35,7.75,8.77,2.7,0.15
7.45,7.58,4.7,0.19,7.8,9.26,2.4,0.35,7.75,8.77,2.7,0.15,7.68,7.42,4.6,0.12
7.47,7.94,4.1,0.24,7.75,8.77,2.7,0.15,7.68,7.42,4.6,0.12,7.6,7.78,4.3,0.13
7.43,7.01,4.7,0.29,7.68,7.42,4.6,0.12,7.6,7.78,4.3,0.13,7.58,7.67,3.5,0.14
7.51,8.19,3.8,0.17,7.6,7.78,4.3,0.13,7.58,7.67,3.5,0.14,7.55,8.1,3.4,0.23
7.5,8.24,3.8,0.15,7.58,7.67,3.5,0.14,7.55,8.1,3.4,0.23,7.45,7.58,4.7,0.19
7.51,8.33,2.8,0.21,7.55,8.1,3.4,0.23,7.45,7.58,4.7,0.19,7.47,7.94,4.1,0.24
7.52,8.55,2.5,0.26,7.45,7.58,4.7,0.19,7.47,7.94,4.1,0.24,7.43,7.01,4.7,0.29
7.5,8.61,4.2,0.24,7.47,7.94,4.1,0.24,7.43,7.01,4.7,0.29,7.51,8.19,3.8,0.17
7.47,8.89,3.4,0.24,7.43,7.01,4.7,0.29,7.51,8.19,3.8,0.17,7.5,8.24,3.8,0.15
7.4,8.78,2.9,0.26,7.51,8.19,3.8,0.17,7.5,8.24,3.8,0.15,7.51,8.33,2.8,0.21
7.39,8.89,2.7,0.27,7.5,8.24,3.8,0.15,7.51,8.33,2.8,0.21,7.52,8.55,2.5,0.26
7.42,9.37,2.5,0.27,7.51,8.33,2.8,0.21,7.52,8.55,2.5,0.26,7.5,8.61,4.2,0.24
7.39,9.05,2.0,0.31,7.52,8.55,2.5,0.26,7.5,8.61,4.2,0.24,7.47,8.89,3.4,0.24
7.35,8.86,2.1,0.29,7.5,8.61,4.2,0.24,7.47,8.89,3.4,0.24,7.4,8.78,2.9,0.26
7.44,9.58,1.8,0.24,7.47,8.89,3.4,0.24,7.4,8.78,2.9,0.26,7.39,8.89,2.7,0.27
7.33,8.47,2.0,0.29,7.4,8.78,2.9,0.26,7.39,8.89,2.7,0.27,7.42,9.37,2.5,0.27
7.36,8.87,2.0,0.37,7.39,8.89,2.7,0.27,7.42,9.37,2.5,0.27,7.39,9.05,2.0,0.31
7.45,9.01,1.6,0.37,7.42,9.37,2.5,0.27,7.39,9.05,2.0,0.31,7.35,8.86,2.1,0.29
7.72,9.49,1.6,0.34,7.39,9.05,2.0,0.31,7.35,8.86,2.1,0.29,7.44,9.58,1.8,0.24
7.79,9.24,1.5,0.31,7.35,8.86,2.1,0.29,7.44,9.58,1.8,0.24,7.33,8.47,2.0,0.29
7.78,8.95,1.3,0.32,7.44,9.58,1.8,0.24,7.33,8.47,2.0,0.29,7.36,8.87,2.0,0.37
7.84,9.58,1.6,0.31,7.33,8.47,2.0,0.29,7.36,8.87,2.0,0.37,7.45,9.01,1.6,0.37
7.87,9.86,1.6,0.23,7.36,8.87,2.0,0.37,7.45,9.01,1.6,0.37,7.72,9.49,1.6,0.34
7.78,9.35,1.8,0.32,7.45,9.01,1.6,0.37,7.72,9.49,1.6,0.34,7.79,9.24,1.5,0.31
7.66,9.1,1.7,0.38,7.72,9.49,1.6,0.34,7.79,9.24,1.5,0.31,7.78,8.95,1.3,0.32
7.61,9.05,1.7,0.38,7.79,9.24,1.5,0.31,7.78,8.95,1.3,0.32,7.84,9.58,1.6,0.31
7.6,9.19,1.5,0.37,7.78,8.95,1.3,0.32,7.84,9.58,1.6,0.31,7.87,9.86,1.6,0.23
7.56,9.22,1.6,0.41,7.84,9.58,1.6,0.31,7.87,9.86,1.6,0.23,7.78,9.35,1.8,0.32
7.38,8.9,1.6,0.38,7.87,9.86,1.6,0.23,7.78,9.35,1.8,0.32,7.66,9.1,1.7,0.38
7.49,9.53,1.4,0.29,7.78,9.35,1.8,0.32,7.66,9.1,1.7,0.38,7.61,9.05,1.7,0.38
7.41,9.41,1.3,0.26,7.66,9.1,1.7,0.38,7.61,9.05,1.7,0.38,7.6,9.19,1.5,0.37
7.34,9.35,1.2,0.3,7.61,9.05,1.7,0.38,7.6,9.19,1.5,0.37,7.56,9.22,1.6,0.41
7.39,9.34,1.3,0.29,7.6,9.19,1.5,0.37,7.56,9.22,1.6,0.41,7.38,8.9,1.6,0.38
7.41,9.52,1.4,0.29,7.56,9.22,1.6,0.41,7.38,8.9,1.6,0.38,7.49,9.53,1.4,0.29
7.48,9.67,1.4,0.24,7.38,8.9,1.6,0.38,7.49,9.53,1.4,0.29,7.41,9.41,1.3,0.26
7.46,9.21,1.8,0.23,7.49,9.53,1.4,0.29,7.41,9.41,1.3,0.26,7.34,9.35,1.2,0.3
7.5,9.69,1.7,0.2,7.41,9.41,1.3,0.26,7.34,9.35,1.2,0.3,7.39,9.34,1.3,0.29
7.46,9.09,1.9,0.28,7.34,9.35,1.2,0.3,7.39,9.34,1.3,0.29,7.41,9.52,1.4,0.29
7.44,8.93,1.9,0.31,7.39,9.34,1.3,0.29,7.41,9.52,1.4,0.29,7.48,9.67,1.4,0.24
7.46,8.88,2.1,0.3,7.41,9.52,1.4,0.29,7.48,9.67,1.4,0.24,7.46,9.21,1.8,0.23
7.45,8.84,2.3,0.3,7.48,9.67,1.4,0.24,7.46,9.21,1.8,0.23,7.5,9.69,1.7,0.2
7.43,8.72,2.8,0.28,7.46,9.21,1.8,0.23,7.5,9.69,1.7,0.2,7.46,9.09,1.9,0.28
7.39,8.45,3.1,0.27,7.5,9.69,1.7,0.2,7.46,9.09,1.9,0.28,7.44,8.93,1.9,0.31
7.42,8.2,3.7,0.27,7.46,9.09,1.9,0.28,7.44,8.93,1.9,0.31,7.46,8.88,2.1,0.3
7.58,7.72,4.0,0.28,7.44,8.93,1.9,0.31,7.46,8.88,2.1,0.3,7.45,8.84,2.3,0.3
7.57,8.13,3.2,0.25,7.46,8.88,2.1,0.3,7.45,8.84,2.3,0.3,7.43,8.72,2.8,0.28
7.47,8.25,2.9,0.29,7.45,8.84,2.3,0.3,7.43,8.72,2.8,0.28,7.39,8.45,3.1,0.27
7.3,7.55,5.2,0.29,7.43,8.72,2.8,0.28,7.39,8.45,3.1,0.27,7.42,8.2,3.7,0.27
7.21,7.18,5.5,0.35,7.39,8.45,3.1,0.27,7.42,8.2,3.7,0.27,7.58,7.72,4.0,0.28
7.04,6.24,6.9,0.32,7.42,8.2,3.7,0.27,7.58,7.72,4.0,0.28,7.57,8.13,3.2,0.25
7.24,8.64,5.4,0.31,7.58,7.72,4.0,0.28,7.57,8.13,3.2,0.25,7.47,8.25,2.9,0.29
7.29,8.39,4.1,0.31,7.57,8.13,3.2,0.25,7.47,8.25,2.9,0.29,7.3,7.55,5.2,0.29
7.27,8.12,4.2,0.26,7.47,8.25,2.9,0.29,7.3,7.55,5.2,0.29,7.21,7.18,5.5,0.35
7.2,8.15,4.7,0.26,7.3,7.55,5.2,0.29,7.21,7.18,5.5,0.35,7.04,6.24,6.9,0.32
7.21,8.41,4.2,0.27,7.21,7.18,5.5,0.35,7.04,6.24,6.9,0.32,7.24,8.64,5.4,0.31
7.27,8.66,3.2,0.28,7.04,6.24,6.9,0.32,7.24,8.64,5.4,0.31,7.29,8.39,4.1,0.31
7.2,6.75,3.2,0.28,7.24,8.64,5.4,0.31,7.29,8.39,4.1,0.31,7.27,8.12,4.2,0.26
7.17,6.99,2.9,0.29,7.29,8.39,4.1,0.31,7.27,8.12,4.2,0.26,7.2,8.15,4.7,0.26
7.41,9.47,3.4,0.31,7.27,8.12,4.2,0.26,7.2,8.15,4.7,0.26,7.21,8.41,4.2,0.27
7.41,9.63,3.4,0.29,7.2,8.15,4.7,0.26,7.21,8.41,4.2,0.27,7.27,8.66,3.2,0.28
7.38,9.43,3.5,0.29,7.21,8.41,4.2,0.27,7.27,8.66,3.2,0.28,7.2,6.75,3.2,0.28
7.38,9.8,2.4,0.31,7.27,8.66,3.2,0.28,7.2,6.75,3.2,0.28,7.17,6.99,2.9,0.29
7.38,9.85,2.8,0.3,7.2,6.75,3.2,0.28,7.17,6.99,2.9,0.29,7.41,9.47,3.4,0.31
7.36,9.61,2.7,0.22,7.17,6.99,2.9,0.29,7.41,9.47,3.4,0.31,7.41,9.63,3.4,0.29
7.31,9.47,2.6,0.2,7.41,9.47,3.4,0.31,7.41,9.63,3.4,0.29,7.38,9.43,3.5,0.29
7.34,9.88,2.6,0.17,7.41,9.63,3.4,0.29,7.38,9.43,3.5,0.29,7.38,9.8,2.4,0.31
7.35,10.0,2.8,0.17,7.38,9.43,3.5,0.29,7.38,9.8,2.4,0.31,7.38,9.85,2.8,0.3
7.33,10.1,3.2,0.18,7.38,9.8,2.4,0.31,7.38,9.85,2.8,0.3,7.36,9.61,2.7,0.22
7.3,9.91,3.2,0.2,7.38,9.85,2.8,0.3,7.36,9.61,2.7,0.22,7.31,9.47,2.6,0.2
7.31,9.55,3.0,0.18,7.36,9.61,2.7,0.22,7.31,9.47,2.6,0.2,7.34,9.88,2.6,0.17
7.32,9.09,3.7,0.21,7.31,9.47,2.6,0.2,7.34,9.88,2.6,0.17,7.35,10.0,2.8,0.17
7.63,9.7,1.5,0.3,7.34,9.88,2.6,0.17,7.35,10.0,2.8,0.17,7.33,10.1,3.2,0.18
8.49,12.3,0.8,0.3,7.35,10.0,2.8,0.17,7.33,10.1,3.2,0.18,7.3,9.91,3.2,0.2
8.18,10.8,1.5,0.27,7.33,10.1,3.2,0.18,7.3,9.91,3.2,0.2,7.31,9.55,3.0,0.18
8.09,10.4,1.7,0.18,7.3,9.91,3.2,0.2,7.31,9.55,3.0,0.18,7.32,9.09,3.7,0.21
8.18,10.4,1.4,0.3,7.31,9.55,3.0,0.18,7.32,9.09,3.7,0.21,7.63,9.7,1.5,0.3
8.35,10.6,1.2,0.35,7.32,9.09,3.7,0.21,7.63,9.7,1.5,0.3,8.49,12.3,0.8,0.3
8.36,10.6,1.2,0.32,7.63,9.7,1.5,0.3,8.49,12.3,0.8,0.3,8.18,10.8,1.5,0.27
8.19,9.91,1.2,0.32,8.49,12.3,0.8,0.3,8.18,10.8,1.5,0.27,8.09,10.4,1.7,0.18
8.24,10.3,0.9,0.35,8.18,10.8,1.5,0.27,8.09,10.4,1.7,0.18,8.18,10.4,1.4,0.3
8.18,9.94,1.1,0.32,8.09,10.4,1.7,0.18,8.18,10.4,1.4,0.3,8.35,10.6,1.2,0.35
8.17,10.0,1.0,0.27,8.18,10.4,1.4,0.3,8.35,10.6,1.2,0.35,8.36,10.6,1.2,0.32
8.13,9.6,1.4,0.3,8.35,10.6,1.2,0.35,8.36,10.6,1.2,0.32,8.19,9.91,1.2,0.32
8.05,9.02,1.9,0.32,8.36,10.6,1.2,0.32,8.19,9.91,1.2,0.32,8.24,10.3,0.9,0.35
8.11,9.21,2.0,0.31,8.19,9.91,1.2,0.32,8.24,10.3,0.9,0.35,8.18,9.94,1.1,0.32
8.1,8.96,2.7,0.24,8.24,10.3,0.9,0.35,8.18,9.94,1.1,0.32,8.17,10.0,1.0,0.27
8.01,8.68,3.3,0.29,8.18,9.94,1.1,0.32,8.17,10.0,1.0,0.27,8.13,9.6,1.4,0.3
7.98,8.12,3.1,0.26,8.17,10.0,1.0,0.27,8.13,9.6,1.4,0.3,8.05,9.02,1.9,0.32
7.96,7.99,2.6,0.28,8.13,9.6,1.4,0.3,8.05,9.02,1.9,0.32,8.11,9.21,2.0,0.31
8.0,8.1,2.9,0.13,8.05,9.02,1.9,0.32,8.11,9.21,2.0,0.31,8.1,8.96,2.7,0.24
8.08,8.45,3.6,0.1,8.11,9.21,2.0,0.31,8.1,8.96,2.7,0.24,8.01,8.68,3.3,0.29
8.08,8.31,3.0,0.17,8.1,8.96,2.7,0.24,8.01,8.68,3.3,0.29,7.98,8.12,3.1,0.26
8.07,8.11,3.2,0.19,8.01,8.68,3.3,0.29,7.98,8.12,3.1,0.26,7.96,7.99,2.6,0.28
8.05,8.25,3.8,0.23,7.98,8.12,3.1,0.26,7.96,7.99,2.6,0.28,8.0,8.1,2.9,0.13
8.06,7.99,3.0,0.3,7.96,7.99,2.6,0.28,8.0,8.1,2.9,0.13,8.08,8.45,3.6,0.1
7.99,7.79,3.3,0.35,8.0,8.1,2.9,0.13,8.08,8.45,3.6,0.1,8.08,8.31,3.0,0.17
7.91,7.25,2.9,0.26,8.08,8.45,3.6,0.1,8.08,8.31,3.0,0.17,8.07,8.11,3.2,0.19
8.05,8.36,3.2,0.28,8.08,8.31,3.0,0.17,8.07,8.11,3.2,0.19,8.05,8.25,3.8,0.23
8.09,8.65,2.6,0.2,8.07,8.11,3.2,0.19,8.05,8.25,3.8,0.23,8.06,7.99,3.0,0.3
8.124174757281551,8.266555555555566,2.843905817174516,0.17264542936288094,8.05,8.25,3.8,0.23,8.06,7.99,3.0,0.3,7.99,7.79,3.3,0.35
8.124174757281551,8.266555555555566,2.843905817174516,0.17264542936288094,8.06,7.99,3.0,0.3,7.99,7.79,3.3,0.35,7.91,7.25,2.9,0.26
7.99,8.06,2.4,0.17,7.99,7.79,3.3,0.35,7.91,7.25,2.9,0.26,8.05,8.36,3.2,0.28
7.9,7.97,4.3,0.29,7.91,7.25,2.9,0.26,8.05,8.36,3.2,0.28,8.09,8.65,2.6,0.2
7.96,8.07,4.0,0.23,8.05,8.36,3.2,0.28,8.09,8.65,2.6,0.2,8.124174757281551,8.266555555555566,2.843905817174516,0.17264542936288094
7.82,7.72,4.4,0.23,8.09,8.65,2.6,0.2,8.124174757281551,8.266555555555566,2.843905817174516,0.17264542936288094,8.124174757281551,8.266555555555566,2.843905817174516,0.17264542936288094
8.0,8.18,1.7,0.06,8.124174757281551,8.266555555555566,2.843905817174516,0.17264542936288094,8.124174757281551,8.266555555555566,2.843905817174516,0.17264542936288094,7.99,8.06,2.4,0.17
7.99,8.29,3.0,0.1,8.124174757281551,8.266555555555566,2.843905817174516,0.17264542936288094,7.99,8.06,2.4,0.17,7.9,7.97,4.3,0.29
7.89,7.77,5.9,0.15,7.99,8.06,2.4,0.17,7.9,7.97,4.3,0.29,7.96,8.07,4.0,0.23
7.78,7.4,4.1,0.18,7.9,7.97,4.3,0.29,7.96,8.07,4.0,0.23,7.82,7.72,4.4,0.23
7.96,8.4,3.8,0.11,7.96,8.07,4.0,0.23,7.82,7.72,4.4,0.23,8.0,8.18,1.7,0.06
7.96,8.48,3.7,0.1,7.82,7.72,4.4,0.23,8.0,8.18,1.7,0.06,7.99,8.29,3.0,0.1
7.93,8.39,2.3,0.1,8.0,8.18,1.7,0.06,7.99,8.29,3.0,0.1,7.89,7.77,5.9,0.15
7.91,8.3,2.9,0.14,7.99,8.29,3.0,0.1,7.89,7.77,5.9,0.15,7.78,7.4,4.1,0.18
7.91,8.43,4.2,0.2,7.89,7.77,5.9,0.15,7.78,7.4,4.1,0.18,7.96,8.4,3.8,0.11
7.9,8.48,3.1,0.19,7.78,7.4,4.1,0.18,7.96,8.4,3.8,0.11,7.96,8.48,3.7,0.1
7.85,8.48,1.9,0.19,7.96,8.4,3.8,0.11,7.96,8.48,3.7,0.1,7.93,8.39,2.3,0.1
7.8,8.38,2.1,0.2,7.96,8.48,3.7,0.1,7.93,8.39,2.3,0.1,7.91,8.3,2.9,0.14
7.89,9.11,3.1,0.27,7.93,8.39,2.3,0.1,7.91,8.3,2.9,0.14,7.91,8.43,4.2,0.2
7.87,8.86,1.8,0.21,7.91,8.3,2.9,0.14,7.91,8.43,4.2,0.2,7.9,8.48,3.1,0.19
7.85,9.04,0.8,0.17,7.91,8.43,4.2,0.2,7.9,8.48,3.1,0.19,7.85,8.48,1.9,0.19
7.91,9.43,1.1,0.16,7.9,8.48,3.1,0.19,7.85,8.48,1.9,0.19,7.8,8.38,2.1,0.2
8.05,10.0,3.7,0.31,7.85,8.48,1.9,0.19,7.8,8.38,2.1,0.2,7.89,9.11,3.1,0.27
8.13,10.7,2.5,0.32,7.8,8.38,2.1,0.2,7.89,9.11,3.1,0.27,7.87,8.86,1.8,0.21
8.16,10.4,2.6,0.31,7.89,9.11,3.1,0.27,7.87,8.86,1.8,0.21,7.85,9.04,0.8,0.17
8.124174757281551,8.266555555555566,2.843905817174516,0.17264542936288094,7.87,8.86,1.8,0.21,7.85,9.04,0.8,0.17,7.91,9.43,1.1,0.16
8.17,10.7,2.7,0.33,7.85,9.04,0.8,0.17,7.91,9.43,1.1,0.16,8.05,10.0,3.7,0.31
8.2,11.1,2.3,0.33,7.91,9.43,1.1,0.16,8.05,10.0,3.7,0.31,8.13,10.7,2.5,0.32
8.15,11.0,1.6,0.31,8.05,10.0,3.7,0.31,8.13,10.7,2.5,0.32,8.16,10.4,2.6,0.31
8.15,11.5,1.7,0.26,8.13,10.7,2.5,0.32,8.16,10.4,2.6,0.31,8.124174757281551,8.266555555555566,2.843905817174516,0.17264542936288094
8.1,9.75,2.4,0.2,8.16,10.4,2.6,0.31,8.124174757281551,8.266555555555566,2.843905817174516,0.17264542936288094,8.17,10.7,2.7,0.33
8.03,9.02,2.0,0.19,8.124174757281551,8.266555555555566,2.843905817174516,0.17264542936288094,8.17,10.7,2.7,0.33,8.2,11.1,2.3,0.33
8.05,8.9,2.1,0.16,8.17,10.7,2.7,0.33,8.2,11.1,2.3,0.33,8.15,11.0,1.6,0.31
8.03,8.72,2.0,0.16,8.2,11.1,2.3,0.33,8.15,11.0,1.6,0.31,8.15,11.5,1.7,0.26
8.19,9.17,1.8,0.17,8.15,11.0,1.6,0.31,8.15,11.5,1.7,0.26,8.1,9.75,2.4,0.2
8.31,10.2,1.5,0.21,8.15,11.5,1.7,0.26,8.1,9.75,2.4,0.2,8.03,9.02,2.0,0.19
8.32,9.78,1.9,0.22,8.1,9.75,2.4,0.2,8.03,9.02,2.0,0.19,8.05,8.9,2.1,0.16
8.28,9.49,1.7,0.29,8.03,9.02,2.0,0.19,8.05,8.9,2.1,0.16,8.03,8.72,2.0,0.16
8.27,9.33,1.5,0.31,8.05,8.9,2.1,0.16,8.03,8.72,2.0,0.16,8.19,9.17,1.8,0.17
8.24,8.95,1.8,0.17,8.03,8.72,2.0,0.16,8.19,9.17,1.8,0.17,8.31,10.2,1.5,0.21
8.124174757281551,8.266555555555566,2.843905817174516,0.17264542936288094,8.19,9.17,1.8,0.17,8.31,10.2,1.5,0.21,8.32,9.78,1.9,0.22
8.15,7.86,2.6,0.23,8.31,10.2,1.5,0.21,8.32,9.78,1.9,0.22,8.28,9.49,1.7,0.29
8.19,8.14,2.0,0.2,8.32,9.78,1.9,0.22,8.28,9.49,1.7,0.29,8.27,9.33,1.5,0.31
8.15,7.97,2.3,0.18,8.28,9.49,1.7,0.29,8.27,9.33,1.5,0.31,8.24,8.95,1.8,0.17
8.16,7.79,2.8,0.17,8.27,9.33,1.5,0.31,8.24,8.95,1.8,0.17,8.124174757281551,8.266555555555566,2.843905817174516,0.17264542936288094
8.19,7.68,2.9,0.13,8.24,8.95,1.8,0.17,8.124174757281551,8.266555555555566,2.843905817174516,0.17264542936288094,8.15,7.86,2.6,0.23
8.09,7.41,1.4,0.12,8.124174757281551,8.266555555555566,2.843905817174516,0.17264542936288094,8.15,7.86,2.6,0.23,8.19,8.14,2.0,0.2
8.124174757281551,8.266555555555566,2.843905817174516,0.17264542936288094,8.15,7.86,2.6,0.23,8.19,8.14,2.0,0.2,8.15,7.97,2.3,0.18
8.07,7.99,4.2,0.14,8.19,8.14,2.0,0.2,8.15,7.97,2.3,0.18,8.16,7.79,2.8,0.17
8.07,7.9,3.5,0.11,8.15,7.97,2.3,0.18,8.16,7.79,2.8,0.17,8.19,7.68,2.9,0.13
8.124174757281551,8.266555555555566,2.843905817174516,0.17264542936288094,8.16,7.79,2.8,0.17,8.19,7.68,2.9,0.13,8.09,7.41,1.4,0.12
8.06,7.97,3.1,0.07,8.19,7.68,2.9,0.13,8.09,7.41,1.4,0.12,8.124174757281551,8.266555555555566,2.843905817174516,0.17264542936288094
8.04,7.96,3.4,0.12,8.09,7.41,1.4,0.12,8.124174757281551,8.266555555555566,2.843905817174516,0.17264542936288094,8.07,7.99,4.2,0.14
8.07,8.2,3.7,0.13,8.124174757281551,8.266555555555566,2.843905817174516,0.17264542936288094,8.07,7.99,4.2,0.14,8.07,7.9,3.5,0.11
8.124174757281551,8.266555555555566,2.843905817174516,0.17264542936288094,8.07,7.99,4.2,0.14,8.07,7.9,3.5,0.11,8.124174757281551,8.266555555555566,2.843905817174516,0.17264542936288094
8.19,7.77,2.7,0.08,8.07,7.9,3.5,0.11,8.124174757281551,8.266555555555566,2.843905817174516,0.17264542936288094,8.06,7.97,3.1,0.07
8.11,7.66,2.1,0.09,8.124174757281551,8.266555555555566,2.843905817174516,0.17264542936288094,8.06,7.97,3.1,0.07,8.04,7.96,3.4,0.12
8.124174757281551,8.266555555555566,2.843905817174516,0.17264542936288094,8.06,7.97,3.1,0.07,8.04,7.96,3.4,0.12,8.07,8.2,3.7,0.13
8.124174757281551,8.266555555555566,2.843905817174516,0.17264542936288094,8.04,7.96,3.4,0.12,8.07,8.2,3.7,0.13,8.124174757281551,8.266555555555566,2.843905817174516,0.17264542936288094
8.124174757281551,8.266555555555566,2.843905817174516,0.17264542936288094,8.07,8.2,3.7,0.13,8.124174757281551,8.266555555555566,2.843905817174516,0.17264542936288094,8.19,7.77,2.7,0.08
8.124174757281551,8.266555555555566,2.843905817174516,0.17264542936288094,8.124174757281551,8.266555555555566,2.843905817174516,0.17264542936288094,8.19,7.77,2.7,0.08,8.11,7.66,2.1,0.09
8.124174757281551,8.266555555555566,2.843905817174516,0.17264542936288094,8.19,7.77,2.7,0.08,8.11,7.66,2.1,0.09,8.124174757281551,8.266555555555566,2.843905817174516,0.17264542936288094
8.124174757281551,8.266555555555566,2.843905817174516,0.17264542936288094,8.11,7.66,2.1,0.09,8.124174757281551,8.266555555555566,2.843905817174516,0.17264542936288094,8.124174757281551,8.266555555555566,2.843905817174516,0.17264542936288094
8.124174757281551,8.266555555555566,2.843905817174516,0.17264542936288094,8.124174757281551,8.266555555555566,2.843905817174516,0.17264542936288094,8.124174757281551,8.266555555555566,2.843905817174516,0.17264542936288094,8.124174757281551,8.266555555555566,2.843905817174516,0.17264542936288094
8.124174757281551,8.266555555555566,2.843905817174516,0.17264542936288094,8.124174757281551,8.266555555555566,2.843905817174516,0.17264542936288094,8.124174757281551,8.266555555555566,2.843905817174516,0.17264542936288094,8.124174757281551,8.266555555555566,2.843905817174516,0.17264542936288094
8.124174757281551,8.266555555555566,2.843905817174516,0.17264542936288094,8.124174757281551,8.266555555555566,2.843905817174516,0.17264542936288094,8.124174757281551,8.266555555555566,2.843905817174516,0.17264542936288094,8.124174757281551,8.266555555555566,2.843905817174516,0.17264542936288094
8.124174757281551,8.266555555555566,2.843905817174516,0.17264542936288094,8.124174757281551,8.266555555555566,2.843905817174516,0.17264542936288094,8.124174757281551,8.266555555555566,2.843905817174516,0.17264542936288094,8.124174757281551,8.266555555555566,2.843905817174516,0.17264542936288094
8.124174757281551,8.266555555555566,2.843905817174516,0.17264542936288094,8.124174757281551,8.266555555555566,2.843905817174516,0.17264542936288094,8.124174757281551,8.266555555555566,2.843905817174516,0.17264542936288094,8.124174757281551,8.266555555555566,2.843905817174516,0.17264542936288094
7.99,8.03,2.5,0.16,8.124174757281551,8.266555555555566,2.843905817174516,0.17264542936288094,8.124174757281551,8.266555555555566,2.843905817174516,0.17264542936288094,8.124174757281551,8.266555555555566,2.843905817174516,0.17264542936288094
8.124174757281551,8.266555555555566,2.843905817174516,0.17264542936288094,8.124174757281551,8.266555555555566,2.843905817174516,0.17264542936288094,8.124174757281551,8.266555555555566,2.843905817174516,0.17264542936288094,8.124174757281551,8.266555555555566,2.843905817174516,0.17264542936288094
7.98,7.97,2.2,0.22,8.124174757281551,8.266555555555566,2.843905817174516,0.17264542936288094,8.124174757281551,8.266555555555566,2.843905817174516,0.17264542936288094,8.124174757281551,8.266555555555566,2.843905817174516,0.17264542936288094
8.0,8.17,1.9,0.17,8.124174757281551,8.266555555555566,2.843905817174516,0.17264542936288094,8.124174757281551,8.266555555555566,2.843905817174516,0.17264542936288094,8.124174757281551,8.266555555555566,2.843905817174516,0.17264542936288094
8.01,8.28,1.9,0.18,8.124174757281551,8.266555555555566,2.843905817174516,0.17264542936288094,8.124174757281551,8.266555555555566,2.843905817174516,0.17264542936288094,7.99,8.03,2.5,0.16
8.124174757281551,8.266555555555566,2.843905817174516,0.17264542936288094,8.124174757281551,8.266555555555566,2.843905817174516,0.17264542936288094,7.99,8.03,2.5,0.16,8.124174757281551,8.266555555555566,2.843905817174516,0.17264542936288094
8.124174757281551,8.266555555555566,2.843905817174516,0.17264542936288094,7.99,8.03,2.5,0.16,8.124174757281551,8.266555555555566,2.843905817174516,0.17264542936288094,7.98,7.97,2.2,0.22
8.09,9.71,1.7,0.33,8.124174757281551,8.266555555555566,2.843905817174516,0.17264542936288094,7.98,7.97,2.2,0.22,8.0,8.17,1.9,0.17
8.34,10.0,2.0,0.23,7.98,7.97,2.2,0.22,8.0,8.17,1.9,0.17,8.01,8.28,1.9,0.18
8.124174757281551,8.266555555555566,2.843905817174516,0.17264542936288094,8.0,8.17,1.9,0.17,8.01,8.28,1.9,0.18,8.124174757281551,8.266555555555566,2.843905817174516,0.17264542936288094
8.37,10.3,2.6,0.21,8.01,8.28,1.9,0.18,8.124174757281551,8.266555555555566,2.843905817174516,0.17264542936288094,8.124174757281551,8.266555555555566,2.843905817174516,0.17264542936288094
8.34,10.3,2.1,0.24,8.124174757281551,8.266555555555566,2.843905817174516,0.17264542936288094,8.124174757281551,8.266555555555566,2.843905817174516,0.17264542936288094,8.09,9.71,1.7,0.33
8.124174757281551,8.266555555555566,2.843905817174516,0.17264542936288094,8.124174757281551,8.266555555555566,2.843905817174516,0.17264542936288094,8.09,9.71,1.7,0.33,8.34,10.0,2.0,0.23
8.39,10.5,2.7,0.24,8.09,9.71,1.7,0.33,8.34,10.0,2.0,0.23,8.124174757281551,8.266555555555566,2.843905817174516,0.17264542936288094
8.124174757281551,8.266555555555566,2.843905817174516,0.17264542936288094,8.34,10.0,2.0,0.23,8.124174757281551,8.266555555555566,2.843905817174516,0.17264542936288094,8.37,10.3,2.6,0.21
8.124174757281551,8.266555555555566,2.843905817174516,0.17264542936288094,8.124174757281551,8.266555555555566,2.843905817174516,0.17264542936288094,8.37,10.3,2.6,0.21,8.34,10.3,2.1,0.24
8.38,10.6,2.5,0.27,8.37,10.3,2.6,0.21,8.34,10.3,2.1,0.24,8.124174757281551,8.266555555555566,2.843905817174516,0.17264542936288094
8.124174757281551,8.266555555555566,2.843905817174516,0.17264542936288094,8.34,10.3,2.1,0.24,8.124174757281551,8.266555555555566,2.843905817174516,0.17264542936288094,8.39,10.5,2.7,0.24
8.124174757281551,8.266555555555566,2.843905817174516,0.17264542936288094,8.124174757281551,8.266555555555566,2.843905817174516,0.17264542936288094,8.39,10.5,2.7,0.24,8.124174757281551,8.266555555555566,2.843905817174516,0.17264542936288094
8.54,10.9,2.3,0.27,8.39,10.5,2.7,0.24,8.124174757281551,8.266555555555566,2.843905817174516,0.17264542936288094,8.124174757281551,8.266555555555566,2.843905817174516,0.17264542936288094
8.5,10.7,2.5,0.35,8.124174757281551,8.266555555555566,2.843905817174516,0.17264542936288094,8.124174757281551,8.266555555555566,2.843905817174516,0.17264542936288094,8.38,10.6,2.5,0.27
8.124174757281551,8.266555555555566,2.843905817174516,0.17264542936288094,8.124174757281551,8.266555555555566,2.843905817174516,0.17264542936288094,8.38,10.6,2.5,0.27,8.124174757281551,8.266555555555566,2.843905817174516,0.17264542936288094
8.51,10.4,1.6,0.22,8.38,10.6,2.5,0.27,8.124174757281551,8.266555555555566,2.843905817174516,0.17264542936288094,8.124174757281551,8.266555555555566,2.843905817174516,0.17264542936288094
8.46,10.2,1.7,0.14,8.124174757281551,8.266555555555566,2.843905817174516,0.17264542936288094,8.124174757281551,8.266555555555566,2.843905817174516,0.17264542936288094,8.54,10.9,2.3,0.27
8.39,10.0,1.6,0.13,8.124174757281551,8.266555555555566,2.843905817174516,0.17264542936288094,8.54,10.9,2.3,0.27,8.5,10.7,2.5,0.35
8.25,9.48,1.8,0.12,8.54,10.9,2.3,0.27,8.5,10.7,2.5,0.35,8.124174757281551,8.266555555555566,2.843905817174516,0.17264542936288094
8.11,9.45,2.0,0.13,8.5,10.7,2.5,0.35,8.124174757281551,8.266555555555566,2.843905817174516,0.17264542936288094,8.51,10.4,1.6,0.22
7.95,9.23,2.7,0.14,8.124174757281551,8.266555555555566,2.843905817174516,0.17264542936288094,8.51,10.4,1.6,0.22,8.46,10.2,1.7,0.14
8.0,9.16,2.1,0.14,8.51,10.4,1.6,0.22,8.46,10.2,1.7,0.14,8.39,10.0,1.6,0.13
7.92,9.22,3.5,0.15,8.46,10.2,1.7,0.14,8.39,10.0,1.6,0.13,8.25,9.48,1.8,0.12
7.79,9.03,3.5,0.16,8.39,10.0,1.6,0.13,8.25,9.48,1.8,0.12,8.11,9.45,2.0,0.13
7.85,8.65,4.2,0.17,8.25,9.48,1.8,0.12,8.11,9.45,2.0,0.13,7.95,9.23,2.7,0.14
8.124174757281551,8.266555555555566,2.843905817174516,0.17264542936288094,8.11,9.45,2.0,0.13,7.95,9.23,2.7,0.14,8.0,9.16,2.1,0.14
8.13,8.14,2.0,0.17,7.95,9.23,2.7,0.14,8.0,9.16,2.1,0.14,7.92,9.22,3.5,0.15
8.124174757281551,8.266555555555566,2.843905817174516,0.17264542936288094,8.0,9.16,2.1,0.14,7.92,9.22,3.5,0.15,7.79,9.03,3.5,0.16
8.22,8.06,1.5,0.17,7.92,9.22,3.5,0.15,7.79,9.03,3.5,0.16,7.85,8.65,4.2,0.17
8.124174757281551,8.266555555555566,2.843905817174516,0.17264542936288094,7.79,9.03,3.5,0.16,7.85,8.65,4.2,0.17,8.124174757281551,8.266555555555566,2.843905817174516,0.17264542936288094
8.124174757281551,8.266555555555566,2.843905817174516,0.17264542936288094,7.85,8.65,4.2,0.17,8.124174757281551,8.266555555555566,2.843905817174516,0.17264542936288094,8.13,8.14,2.0,0.17
8.124174757281551,8.266555555555566,2.843905817174516,0.17264542936288094,8.124174757281551,8.266555555555566,2.843905817174516,0.17264542936288094,8.13,8.14,2.0,0.17,8.124174757281551,8.266555555555566,2.843905817174516,0.17264542936288094
8.124174757281551,8.266555555555566,2.843905817174516,0.17264542936288094,8.13,8.14,2.0,0.17,8.124174757281551,8.266555555555566,2.843905817174516,0.17264542936288094,8.22,8.06,1.5,0.17
8.124174757281551,8.266555555555566,2.843905817174516,0.17264542936288094,8.124174757281551,8.266555555555566,2.843905817174516,0.17264542936288094,8.22,8.06,1.5,0.17,8.124174757281551,8.266555555555566,2.843905817174516,0.17264542936288094
8.124174757281551,8.266555555555566,2.843905817174516,0.17264542936288094,8.22,8.06,1.5,0.17,8.124174757281551,8.266555555555566,2.843905817174516,0.17264542936288094,8.124174757281551,8.266555555555566,2.843905817174516,0.17264542936288094
7.73,6.96,2.4,0.21,8.124174757281551,8.266555555555566,2.843905817174516,0.17264542936288094,8.124174757281551,8.266555555555566,2.843905817174516,0.17264542936288094,8.124174757281551,8.266555555555566,2.843905817174516,0.17264542936288094
7.62,8.56,4.4,0.16,8.124174757281551,8.266555555555566,2.843905817174516,0.17264542936288094,8.124174757281551,8.266555555555566,2.843905817174516,0.17264542936288094,8.124174757281551,8.266555555555566,2.843905817174516,0.17264542936288094
8.124174757281551,8.266555555555566,2.843905817174516,0.17264542936288094,8.124174757281551,8.266555555555566,2.843905817174516,0.17264542936288094,8.124174757281551,8.266555555555566,2.843905817174516,0.17264542936288094,8.124174757281551,8.266555555555566,2.843905817174516,0.17264542936288094
8.124174757281551,8.266555555555566,2.843905817174516,0.17264542936288094,8.124174757281551,8.266555555555566,2.843905817174516,0.17264542936288094,8.124174757281551,8.266555555555566,2.843905817174516,0.17264542936288094,8.124174757281551,8.266555555555566,2.843905817174516,0.17264542936288094
8.124174757281551,8.266555555555566,2.843905817174516,0.17264542936288094,8.124174757281551,8.266555555555566,2.843905817174516,0.17264542936288094,8.124174757281551,8.266555555555566,2.843905817174516,0.17264542936288094,7.73,6.96,2.4,0.21
7.72,9.69,4.0,0.12,8.124174757281551,8.266555555555566,2.843905817174516,0.17264542936288094,7.73,6.96,2.4,0.21,7.62,8.56,4.4,0.16
8.124174757281551,8.266555555555566,2.843905817174516,0.17264542936288094,7.73,6.96,2.4,0.21,7.62,8.56,4.4,0.16,8.124174757281551,8.266555555555566,2.843905817174516,0.17264542936288094
7.67,10.5,5.2,0.11,7.62,8.56,4.4,0.16,8.124174757281551,8.266555555555566,2.843905817174516,0.17264542936288094,8.124174757281551,8.266555555555566,2.843905817174516,0.17264542936288094
8.124174757281551,8.266555555555566,2.843905817174516,0.17264542936288094,8.124174757281551,8.266555555555566,2.843905817174516,0.17264542936288094,8.124174757281551,8.266555555555566,2.843905817174516,0.17264542936288094,8.124174757281551,8.266555555555566,2.843905817174516,0.17264542936288094
8.124174757281551,8.266555555555566,2.843905817174516,0.17264542936288094,8.124174757281551,8.266555555555566,2.843905817174516,0.17264542936288094,8.124174757281551,8.266555555555566,2.843905817174516,0.17264542936288094,7.72,9.69,4.0,0.12
8.124174757281551,8.266555555555566,2.843905817174516,0.17264542936288094,8.124174757281551,8.266555555555566,2.843905817174516,0.17264542936288094,7.72,9.69,4.0,0.12,8.124174757281551,8.266555555555566,2.843905817174516,0.17264542936288094
8.124174757281551,8.266555555555566,2.843905817174516,0.17264542936288094,7.72,9.69,4.0,0.12,8.124174757281551,8.266555555555566,2.843905817174516,0.17264542936288094,7.67,10.5,5.2,0.11
8.124174757281551,8.266555555555566,2.843905817174516,0.17264542936288094,8.124174757281551,8.266555555555566,2.843905817174516,0.17264542936288094,7.67,10.5,5.2,0.11,8.124174757281551,8.266555555555566,2.843905817174516,0.17264542936288094
7.06,8.22,2.4,0.09,7.67,10.5,5.2,0.11,8.124174757281551,8.266555555555566,2.843905817174516,0.17264542936288094,8.124174757281551,8.266555555555566,2.843905817174516,0.17264542936288094
7.21,8.51,2.1,0.14,8.124174757281551,8.266555555555566,2.843905817174516,0.17264542936288094,8.124174757281551,8.266555555555566,2.843905817174516,0.17264542936288094,8.124174757281551,8.266555555555566,2.843905817174516,0.17264542936288094
7.45,8.76,2.1,0.21,8.124174757281551,8.266555555555566,2.843905817174516,0.17264542936288094,8.124174757281551,8.266555555555566,2.843905817174516,0.17264542936288094,8.124174757281551,8.266555555555566,2.843905817174516,0.17264542936288094
8.124174757281551,8.266555555555566,2.843905817174516,0.17264542936288094,8.124174757281551,8.266555555555566,2.843905817174516,0.17264542936288094,8.124174757281551,8.266555555555566,2.843905817174516,0.17264542936288094,8.124174757281551,8.266555555555566,2.843905817174516,0.17264542936288094
8.124174757281551,8.266555555555566,2.843905817174516,0.17264542936288094,8.124174757281551,8.266555555555566,2.843905817174516,0.17264542936288094,8.124174757281551,8.266555555555566,2.843905817174516,0.17264542936288094,7.06,8.22,2.4,0.09
8.124174757281551,8.266555555555566,2.843905817174516,0.17264542936288094,8.124174757281551,8.266555555555566,2.843905817174516,0.17264542936288094,7.06,8.22,2.4,0.09,7.21,8.51,2.1,0.14
8.124174757281551,8.266555555555566,2.843905817174516,0.17264542936288094,7.06,8.22,2.4,0.09,7.21,8.51,2.1,0.14,7.45,8.76,2.1,0.21
7.71,10.8,2.6,0.2,7.21,8.51,2.1,0.14,7.45,8.76,2.1,0.21,8.124174757281551,8.266555555555566,2.843905817174516,0.17264542936288094
7.82,10.8,2.8,0.26,7.45,8.76,2.1,0.21,8.124174757281551,8.266555555555566,2.843905817174516,0.17264542936288094,8.124174757281551,8.266555555555566,2.843905817174516,0.17264542936288094
