6.57,4.67,1.8,0.3,6.82,8.91,4.7,0.2,6.74,7.69,5.6,0.32,7.148895104895101,8.975952380952384,6.830252100840341,0.2861344537815124
6.53,4.37,3.9,0.32,6.74,7.69,5.6,0.32,7.148895104895101,8.975952380952384,6.830252100840341,0.2861344537815124,6.67,5.8,3.7,0.27
6.52,4.76,4.0,0.37,7.148895104895101,8.975952380952384,6.830252100840341,0.2861344537815124,6.67,5.8,3.7,0.27,6.61,4.97,3.8,0.31
6.52,4.78,2.0,0.39,6.67,5.8,3.7,0.27,6.61,4.97,3.8,0.31,6.59,4.6,2.6,0.34
6.52,5.65,1.7,0.4,6.61,4.97,3.8,0.31,6.59,4.6,2.6,0.34,6.57,4.67,1.8,0.3
6.73,5.65,3.6,0.36,6.59,4.6,2.6,0.34,6.57,4.67,1.8,0.3,6.53,4.37,3.9,0.32
6.87,6.15,5.4,0.51,6.57,4.67,1.8,0.3,6.53,4.37,3.9,0.32,6.52,4.76,4.0,0.37
7.19,10.0,11.5,0.8,6.53,4.37,3.9,0.32,6.52,4.76,4.0,0.37,6.52,4.78,2.0,0.39
7.15,11.1,9.9,0.54,6.52,4.76,4.0,0.37,6.52,4.78,2.0,0.39,6.52,5.65,1.7,0.4
6.85,11.1,7.4,0.54,6.52,4.78,2.0,0.39,6.52,5.65,1.7,0.4,6.73,5.65,3.6,0.36
6.86,11.5,8.1,0.43,6.52,5.65,1.7,0.4,6.73,5.65,3.6,0.36,6.87,6.15,5.4,0.51
6.94,12.2,12.2,0.47,6.73,5.65,3.6,0.36,6.87,6.15,5.4,0.51,7.19,10.0,11.5,0.8
6.81,12.2,13.6,0.33,6.87,6.15,5.4,0.51,7.19,10.0,11.5,0.8,7.15,11.1,9.9,0.54
6.33,10.5,16.9,0.25,7.19,10.0,11.5,0.8,7.15,11.1,9.9,0.54,6.85,11.1,7.4,0.54
6.76,10.1,17.5,0.16,7.15,11.1,9.9,0.54,6.85,11.1,7.4,0.54,6.86,11.5,8.1,0.43
6.72,10.1,17.9,0.15,6.85,11.1,7.4,0.54,6.86,11.5,8.1,0.43,6.94,12.2,12.2,0.47
6.9,9.9,14.1,0.13,6.86,11.5,8.1,0.43,6.94,12.2,12.2,0.47,6.81,12.2,13.6,0.33
7.02,10.3,10.5,0.11,6.94,12.2,12.2,0.47,6.81,12.2,13.6,0.33,6.33,10.5,16.9,0.25
7.12,9.64,6.5,0.08,6.81,12.2,13.6,0.33,6.33,10.5,16.9,0.25,6.76,10.1,17.5,0.16
7.56,8.83,3.7,0.1,6.33,10.5,16.9,0.25,6.76,10.1,17.5,0.16,6.72,10.1,17.9,0.15
7.52,9.23,7.4,0.13,6.76,10.1,17.5,0.16,6.72,10.1,17.9,0.15,6.9,9.9,14.1,0.13
7.148895104895101,8.975952380952384,6.830252100840341,0.2861344537815124,6.72,10.1,17.9,0.15,6.9,9.9,14.1,0.13,7.02,10.3,10.5,0.11
7.148895104895101,8.975952380952384,6.830252100840341,0.2861344537815124,6.9,9.9,14.1,0.13,7.02,10.3,10.5,0.11,7.12,9.64,6.5,0.08
7.148895104895101,8.975952380952384,6.830252100840341,0.2861344537815124,7.02,10.3,10.5,0.11,7.12,9.64,6.5,0.08,7.56,8.83,3.7,0.1
7.57,8.68,5.7,0.16,7.12,9.64,6.5,0.08,7.56,8.83,3.7,0.1,7.52,9.23,7.4,0.13
7.2,8.19,4.6,0.11,7.56,8.83,3.7,0.1,7.52,9.23,7.4,0.13,7.148895104895101,8.975952380952384,6.830252100840341,0.2861344537815124
7.36,8.56,4.3,0.1,7.52,9.23,7.4,0.13,7.148895104895101,8.975952380952384,6.830252100840341,0.2861344537815124,7.148895104895101,8.975952380952384,6.830252100840341,0.2861344537815124
7.4,9.43,5.1,0.14,7.148895104895101,8.975952380952384,6.830252100840341,0.2861344537815124,7.148895104895101,8.975952380952384,6.830252100840341,0.2861344537815124,7.148895104895101,8.975952380952384,6.830252100840341,0.2861344537815124
7.3,7.85,4.0,0.15,7.148895104895101,8.975952380952384,6.830252100840341,0.2861344537815124,7.148895104895101,8.975952380952384,6.830252100840341,0.2861344537815124,7.57,8.68,5.7,0.16
7.4,9.31,5.0,0.25,7.148895104895101,8.975952380952384,6.830252100840341,0.2861344537815124,7.57,8.68,5.7,0.16,7.2,8.19,4.6,0.11
7.04,9.81,6.8,0.24,7.57,8.68,5.7,0.16,7.2,8.19,4.6,0.11,7.36,8.56,4.3,0.1
6.91,9.81,4.9,0.24,7.2,8.19,4.6,0.11,7.36,8.56,4.3,0.1,7.4,9.43,5.1,0.14
7.148895104895101,8.975952380952384,6.830252100840341,0.2861344537815124,7.36,8.56,4.3,0.1,7.4,9.43,5.1,0.14,7.3,7.85,4.0,0.15
7.29,11.6,5.3,0.29,7.4,9.43,5.1,0.14,7.3,7.85,4.0,0.15,7.4,9.31,5.0,0.25
7.09,12.1,4.7,0.3,7.3,7.85,4.0,0.15,7.4,9.31,5.0,0.25,7.04,9.81,6.8,0.24
7.14,12.5,6.3,0.24,7.4,9.31,5.0,0.25,7.04,9.81,6.8,0.24,6.91,9.81,4.9,0.24
6.95,12.8,6.7,0.29,7.04,9.81,6.8,0.24,6.91,9.81,4.9,0.24,7.148895104895101,8.975952380952384,6.830252100840341,0.2861344537815124
6.76,13.6,5.7,0.37,6.91,9.81,4.9,0.24,7.148895104895101,8.975952380952384,6.830252100840341,0.2861344537815124,7.29,11.6,5.3,0.29
6.99,13.8,4.9,0.38,7.148895104895101,8.975952380952384,6.830252100840341,0.2861344537815124,7.29,11.6,5.3,0.29,7.09,12.1,4.7,0.3
6.87,11.4,4.1,0.29,7.29,11.6,5.3,0.29,7.09,12.1,4.7,0.3,7.14,12.5,6.3,0.24
6.84,12.3,5.0,0.28,7.09,12.1,4.7,0.3,7.14,12.5,6.3,0.24,6.95,12.8,6.7,0.29
6.91,12.3,5.3,0.3,7.14,12.5,6.3,0.24,6.95,12.8,6.7,0.29,6.76,13.6,5.7,0.37
7.17,13.3,4.3,0.35,6.95,12.8,6.7,0.29,6.76,13.6,5.7,0.37,6.99,13.8,4.9,0.38
7.22,12.8,3.8,0.37,6.76,13.6,5.7,0.37,6.99,13.8,4.9,0.38,6.87,11.4,4.1,0.29
6.74,12.0,3.5,0.37,6.99,13.8,4.9,0.38,6.87,11.4,4.1,0.29,6.84,12.3,5.0,0.28
6.83,11.1,3.3,0.34,6.87,11.4,4.1,0.29,6.84,12.3,5.0,0.28,6.91,12.3,5.3,0.3
6.92,9.96,2.4,0.42,6.84,12.3,5.0,0.28,6.91,12.3,5.3,0.3,7.17,13.3,4.3,0.35
6.89,9.09,3.8,0.4,6.91,12.3,5.3,0.3,7.17,13.3,4.3,0.35,7.22,12.8,3.8,0.37
6.83,8.41,4.2,0.42,7.17,13.3,4.3,0.35,7.22,12.8,3.8,0.37,6.74,12.0,3.5,0.37
6.88,7.24,3.5,0.17,7.22,12.8,3.8,0.37,6.74,12.0,3.5,0.37,6.83,11.1,3.3,0.34
6.83,7.12,2.7,0.2,6.74,12.0,3.5,0.37,6.83,11.1,3.3,0.34,6.92,9.96,2.4,0.42
6.77,7.99,4.3,0.18,6.83,11.1,3.3,0.34,6.92,9.96,2.4,0.42,6.89,9.09,3.8,0.4
7.148895104895101,8.975952380952384,6.830252100840341,0.2861344537815124,6.92,9.96,2.4,0.42,6.89,9.09,3.8,0.4,6.83,8.41,4.2,0.42
6.66,8.52,5.3,0.16,6.89,9.09,3.8,0.4,6.83,8.41,4.2,0.42,6.88,7.24,3.5,0.17
6.62,8.63,5.7,0.17,6.83,8.41,4.2,0.42,6.88,7.24,3.5,0.17,6.83,7.12,2.7,0.2
6.67,9.44,6.4,0.18,6.88,7.24,3.5,0.17,6.83,7.12,2.7,0.2,6.77,7.99,4.3,0.18
6.71,10.3,6.1,0.21,6.83,7.12,2.7,0.2,6.77,7.99,4.3,0.18,7.148895104895101,8.975952380952384,6.830252100840341,0.2861344537815124
6.75,11.7,6.0,0.15,6.77,7.99,4.3,0.18,7.148895104895101,8.975952380952384,6.830252100840341,0.2861344537815124,6.66,8.52,5.3,0.16
6.8,13.1,6.2,0.09,7.148895104895101,8.975952380952384,6.830252100840341,0.2861344537815124,6.66,8.52,5.3,0.16,6.62,8.63,5.7,0.17
6.91,14.8,5.7,0.12,6.66,8.52,5.3,0.16,6.62,8.63,5.7,0.17,6.67,9.44,6.4,0.18
6.97,14.7,5.8,0.14,6.62,8.63,5.7,0.17,6.67,9.44,6.4,0.18,6.71,10.3,6.1,0.21
7.03,12.56,8.4,0.16,6.67,9.44,6.4,0.18,6.71,10.3,6.1,0.21,6.75,11.7,6.0,0.15
6.99,12.6,14.7,0.2,6.71,10.3,6.1,0.21,6.75,11.7,6.0,0.15,6.8,13.1,6.2,0.09
6.94,12.1,12.3,0.2,6.75,11.7,6.0,0.15,6.8,13.1,6.2,0.09,6.91,14.8,5.7,0.12
7.09,12.2,10.5,0.22,6.8,13.1,6.2,0.09,6.91,14.8,5.7,0.12,6.97,14.7,5.8,0.14
7.43,12.3,9.6,0.22,6.91,14.8,5.7,0.12,6.97,14.7,5.8,0.14,7.03,12.56,8.4,0.16
7.48,10.9,15.5,0.18,6.97,14.7,5.8,0.14,7.03,12.56,8.4,0.16,6.99,12.6,14.7,0.2
7.43,10.4,18.3,0.13,7.03,12.56,8.4,0.16,6.99,12.6,14.7,0.2,6.94,12.1,12.3,0.2
7.46,10.2,14.5,0.11,6.99,12.6,14.7,0.2,6.94,12.1,12.3,0.2,7.09,12.2,10.5,0.22
7.23,9.66,12.8,0.15,6.94,12.1,12.3,0.2,7.09,12.2,10.5,0.22,7.43,12.3,9.6,0.22
7.34,9.34,8.6,0.13,7.09,12.2,10.5,0.22,7.43,12.3,9.6,0.22,7.48,10.9,15.5,0.18
7.69,8.61,9.2,0.09,7.43,12.3,9.6,0.22,7.48,10.9,15.5,0.18,7.43,10.4,18.3,0.13
7.68,8.37,7.8,0.11,7.48,10.9,15.5,0.18,7.43,10.4,18.3,0.13,7.46,10.2,14.5,0.11
7.42,8.07,4.9,0.18,7.43,10.4,18.3,0.13,7.46,10.2,14.5,0.11,7.23,9.66,12.8,0.15
6.76,7.92,7.5,0.19,7.46,10.2,14.5,0.11,7.23,9.66,12.8,0.15,7.34,9.34,8.6,0.13
7.15,8.44,5.5,0.15,7.23,9.66,12.8,0.15,7.34,9.34,8.6,0.13,7.69,8.61,9.2,0.09
7.28,8.33,8.2,0.08,7.34,9.34,8.6,0.13,7.69,8.61,9.2,0.09,7.68,8.37,7.8,0.11
7.28,8.19,6.6,0.08,7.69,8.61,9.2,0.09,7.68,8.37,7.8,0.11,7.42,8.07,4.9,0.18
7.08,8.14,5.4,0.08,7.68,8.37,7.8,0.11,7.42,8.07,4.9,0.18,6.76,7.92,7.5,0.19
7.57,8.98,5.4,0.08,7.42,8.07,4.9,0.18,6.76,7.92,7.5,0.19,7.15,8.44,5.5,0.15
7.49,8.76,4.9,0.08,6.76,7.92,7.5,0.19,7.15,8.44,5.5,0.15,7.28,8.33,8.2,0.08
7.45,9.56,5.7,0.09,7.15,8.44,5.5,0.15,7.28,8.33,8.2,0.08,7.28,8.19,6.6,0.08
7.69,9.64,4.6,0.09,7.28,8.33,8.2,0.08,7.28,8.19,6.6,0.08,7.08,8.14,5.4,0.08
7.77,9.73,4.3,0.11,7.28,8.19,6.6,0.08,7.08,8.14,5.4,0.08,7.57,8.98,5.4,0.08
8.02,10.4,5.2,0.15,7.08,8.14,5.4,0.08,7.57,8.98,5.4,0.08,7.49,8.76,4.9,0.08
7.95,10.5,6.4,0.2,7.57,8.98,5.4,0.08,7.49,8.76,4.9,0.08,7.45,9.56,5.7,0.09
7.97,11.5,6.5,0.14,7.49,8.76,4.9,0.08,7.45,9.56,5.7,0.09,7.69,9.64,4.6,0.09
7.96,11.6,6.0,0.17,7.45,9.56,5.7,0.09,7.69,9.64,4.6,0.09,7.77,9.73,4.3,0.11
8.04,12.7,5.0,0.19,7.69,9.64,4.6,0.09,7.77,9.73,4.3,0.11,8.02,10.4,5.2,0.15
7.92,13.1,5.1,0.24,7.77,9.73,4.3,0.11,8.02,10.4,5.2,0.15,7.95,10.5,6.4,0.2
7.84,12.8,4.9,0.16,8.02,10.4,5.2,0.15,7.95,10.5,6.4,0.2,7.97,11.5,6.5,0.14
7.78,12.9,4.5,0.19,7.95,10.5,6.4,0.2,7.97,11.5,6.5,0.14,7.96,11.6,6.0,0.17
6.94,12.9,5.9,0.21,7.97,11.5,6.5,0.14,7.96,11.6,6.0,0.17,8.04,12.7,5.0,0.19
7.49,13.6,4.7,0.19,7.96,11.6,6.0,0.17,8.04,12.7,5.0,0.19,7.92,13.1,5.1,0.24
7.42,13.1,4.5,0.18,8.04,12.7,5.0,0.19,7.92,13.1,5.1,0.24,7.84,12.8,4.9,0.16
7.27,11.7,3.8,0.24,7.92,13.1,5.1,0.24,7.84,12.8,4.9,0.16,7.78,12.9,4.5,0.19
7.23,10.8,3.7,0.16,7.84,12.8,4.9,0.16,7.78,12.9,4.5,0.19,6.94,12.9,5.9,0.21
7.23,10.4,3.6,0.15,7.78,12.9,4.5,0.19,6.94,12.9,5.9,0.21,7.49,13.6,4.7,0.19
7.19,9.82,4.1,0.22,6.94,12.9,5.9,0.21,7.49,13.6,4.7,0.19,7.42,13.1,4.5,0.18
7.13,9.05,4.0,0.24,7.49,13.6,4.7,0.19,7.42,13.1,4.5,0.18,7.27,11.7,3.8,0.24
7.08,8.82,3.6,0.12,7.42,13.1,4.5,0.18,7.27,11.7,3.8,0.24,7.23,10.8,3.7,0.16
7.01,7.51,4.2,0.12,7.27,11.7,3.8,0.24,7.23,10.8,3.7,0.16,7.23,10.4,3.6,0.15
6.92,7.93,4.7,0.12,7.23,10.8,3.7,0.16,7.23,10.4,3.6,0.15,7.19,9.82,4.1,0.22
6.85,7.48,5.1,0.12,7.23,10.4,3.6,0.15,7.19,9.82,4.1,0.22,7.13,9.05,4.0,0.24
6.77,7.39,5.5,0.13,7.19,9.82,4.1,0.22,7.13,9.05,4.0,0.24,7.08,8.82,3.6,0.12
6.87,7.71,5.9,0.13,7.13,9.05,4.0,0.24,7.08,8.82,3.6,0.12,7.01,7.51,4.2,0.12
6.81,7.87,6.3,0.22,7.08,8.82,3.6,0.12,7.01,7.51,4.2,0.12,6.92,7.93,4.7,0.12
6.81,8.17,7.9,0.26,7.01,7.51,4.2,0.12,6.92,7.93,4.7,0.12,6.85,7.48,5.1,0.12
6.8,8.37,7.5,0.29,6.92,7.93,4.7,0.12,6.85,7.48,5.1,0.12,6.77,7.39,5.5,0.13
6.8,8.54,7.4,0.25,6.85,7.48,5.1,0.12,6.77,7.39,5.5,0.13,6.87,7.71,5.9,0.13
6.84,9.71,7.6,0.22,6.77,7.39,5.5,0.13,6.87,7.71,5.9,0.13,6.81,7.87,6.3,0.22
6.82,9.77,7.6,0.23,6.87,7.71,5.9,0.13,6.81,7.87,6.3,0.22,6.81,8.17,7.9,0.26
6.85,10.3,7.2,0.2,6.81,7.87,6.3,0.22,6.81,8.17,7.9,0.26,6.8,8.37,7.5,0.29
6.9,11.5,7.2,0.15,6.81,8.17,7.9,0.26,6.8,8.37,7.5,0.29,6.8,8.54,7.4,0.25
6.99,11.3,7.7,0.14,6.8,8.37,7.5,0.29,6.8,8.54,7.4,0.25,6.84,9.71,7.6,0.22
7.148895104895101,8.975952380952384,6.830252100840341,0.2861344537815124,6.8,8.54,7.4,0.25,6.84,9.71,7.6,0.22,6.82,9.77,7.6,0.23
7.45,11.2,11.9,0.17,6.84,9.71,7.6,0.22,6.82,9.77,7.6,0.23,6.85,10.3,7.2,0.2
7.35,11.4,20.0,0.1,6.82,9.77,7.6,0.23,6.85,10.3,7.2,0.2,6.9,11.5,7.2,0.15
7.17,10.0,22.5,0.12,6.85,10.3,7.2,0.2,6.9,11.5,7.2,0.15,6.99,11.3,7.7,0.14
7.04,9.43,20.2,0.12,6.9,11.5,7.2,0.15,6.99,11.3,7.7,0.14,7.148895104895101,8.975952380952384,6.830252100840341,0.2861344537815124
6.73,8.77,17.9,0.14,6.99,11.3,7.7,0.14,7.148895104895101,8.975952380952384,6.830252100840341,0.2861344537815124,7.45,11.2,11.9,0.17
6.7,8.59,13.6,0.12,7.148895104895101,8.975952380952384,6.830252100840341,0.2861344537815124,7.45,11.2,11.9,0.17,7.35,11.4,20.0,0.1
6.57,9.68,18.6,0.17,7.45,11.2,11.9,0.17,7.35,11.4,20.0,0.1,7.17,10.0,22.5,0.12
6.54,9.67,19.3,0.31,7.35,11.4,20.0,0.1,7.17,10.0,22.5,0.12,7.04,9.43,20.2,0.12
6.91,9.4,14.9,0.11,7.17,10.0,22.5,0.12,7.04,9.43,20.2,0.12,6.73,8.77,17.9,0.14
7.22,8.03,11.7,0.09,7.04,9.43,20.2,0.12,6.73,8.77,17.9,0.14,6.7,8.59,13.6,0.12
7.31,8.15,7.8,0.09,6.73,8.77,17.9,0.14,6.7,8.59,13.6,0.12,6.57,9.68,18.6,0.17
7.23,8.19,7.0,0.09,6.7,8.59,13.6,0.12,6.57,9.68,18.6,0.17,6.54,9.67,19.3,0.31
7.23,8.19,7.0,0.09,6.57,9.68,18.6,0.17,6.54,9.67,19.3,0.31,6.91,9.4,14.9,0.11
6.79,8.63,8.5,0.12,6.54,9.67,19.3,0.31,6.91,9.4,14.9,0.11,7.22,8.03,11.7,0.09
6.9,8.7,9.4,0.12,6.91,9.4,14.9,0.11,7.22,8.03,11.7,0.09,7.31,8.15,7.8,0.09
7.24,9.87,9.0,0.1,7.22,8.03,11.7,0.09,7.31,8.15,7.8,0.09,7.23,8.19,7.0,0.09
7.27,10.6,7.2,0.12,7.31,8.15,7.8,0.09,7.23,8.19,7.0,0.09,7.23,8.19,7.0,0.09
7.19,11.1,6.7,0.15,7.23,8.19,7.0,0.09,7.23,8.19,7.0,0.09,6.79,8.63,8.5,0.12
7.08,11.3,9.0,0.15,7.23,8.19,7.0,0.09,6.79,8.63,8.5,0.12,6.9,8.7,9.4,0.12
7.27,12.6,5.4,0.15,6.79,8.63,8.5,0.12,6.9,8.7,9.4,0.12,7.24,9.87,9.0,0.1
7.28,12.1,6.5,0.14,6.9,8.7,9.4,0.12,7.24,9.87,9.0,0.1,7.27,10.6,7.2,0.12
7.35,12.4,5.3,0.13,7.24,9.87,9.0,0.1,7.27,10.6,7.2,0.12,7.19,11.1,6.7,0.15
7.41,11.9,4.8,0.13,7.27,10.6,7.2,0.12,7.19,11.1,6.7,0.15,7.08,11.3,9.0,0.15
7.34,11.6,4.4,0.11,7.19,11.1,6.7,0.15,7.08,11.3,9.0,0.15,7.27,12.6,5.4,0.15
7.18,12.0,4.1,0.11,7.08,11.3,9.0,0.15,7.27,12.6,5.4,0.15,7.28,12.1,6.5,0.14
7.13,14.4,3.7,0.14,7.27,12.6,5.4,0.15,7.28,12.1,6.5,0.14,7.35,12.4,5.3,0.13
7.06,14.1,3.3,0.14,7.28,12.1,6.5,0.14,7.35,12.4,5.3,0.13,7.41,11.9,4.8,0.13
7.24,13.7,4.0,0.14,7.35,12.4,5.3,0.13,7.41,11.9,4.8,0.13,7.34,11.6,4.4,0.11
7.08,13.8,3.6,0.17,7.41,11.9,4.8,0.13,7.34,11.6,4.4,0.11,7.18,12.0,4.1,0.11
7.08,14.2,5.5,0.14,7.34,11.6,4.4,0.11,7.18,12.0,4.1,0.11,7.13,14.4,3.7,0.14
6.92,13.4,5.5,0.15,7.18,12.0,4.1,0.11,7.13,14.4,3.7,0.14,7.06,14.1,3.3,0.14
6.88,12.8,4.6,0.24,7.13,14.4,3.7,0.14,7.06,14.1,3.3,0.14,7.24,13.7,4.0,0.14
6.75,12.0,4.5,0.17,7.06,14.1,3.3,0.14,7.24,13.7,4.0,0.14,7.08,13.8,3.6,0.17
6.71,11.2,4.6,0.19,7.24,13.7,4.0,0.14,7.08,13.8,3.6,0.17,7.08,14.2,5.5,0.14
7.148895104895101,8.975952380952384,6.830252100840341,0.2861344537815124,7.08,13.8,3.6,0.17,7.08,14.2,5.5,0.14,6.92,13.4,5.5,0.15
6.55,10.3,4.3,0.19,7.08,14.2,5.5,0.14,6.92,13.4,5.5,0.15,6.88,12.8,4.6,0.24
6.53,9.65,3.9,0.26,6.92,13.4,5.5,0.15,6.88,12.8,4.6,0.24,6.75,12.0,4.5,0.17
6.61,7.7,4.7,0.28,6.88,12.8,4.6,0.24,6.75,12.0,4.5,0.17,6.71,11.2,4.6,0.19
6.57,7.35,5.5,0.28,6.75,12.0,4.5,0.17,6.71,11.2,4.6,0.19,7.148895104895101,8.975952380952384,6.830252100840341,0.2861344537815124
6.52,7.31,6.0,0.27,6.71,11.2,4.6,0.19,7.148895104895101,8.975952380952384,6.830252100840341,0.2861344537815124,6.55,10.3,4.3,0.19
6.46,7.46,6.7,0.24,7.148895104895101,8.975952380952384,6.830252100840341,0.2861344537815124,6.55,10.3,4.3,0.19,6.53,9.65,3.9,0.26
6.41,7.5,8.0,0.25,6.55,10.3,4.3,0.19,6.53,9.65,3.9,0.26,6.61,7.7,4.7,0.28
6.34,7.76,8.4,0.22,6.53,9.65,3.9,0.26,6.61,7.7,4.7,0.28,6.57,7.35,5.5,0.28
6.34,7.85,8.5,0.25,6.61,7.7,4.7,0.28,6.57,7.35,5.5,0.28,6.52,7.31,6.0,0.27
6.37,7.2,8.0,0.29,6.57,7.35,5.5,0.28,6.52,7.31,6.0,0.27,6.46,7.46,6.7,0.24
6.35,7.72,8.1,0.28,6.52,7.31,6.0,0.27,6.46,7.46,6.7,0.24,6.41,7.5,8.0,0.25
6.37,8.76,8.3,0.26,6.46,7.46,6.7,0.24,6.41,7.5,8.0,0.25,6.34,7.76,8.4,0.22
6.42,9.08,7.9,0.3,6.41,7.5,8.0,0.25,6.34,7.76,8.4,0.22,6.34,7.85,8.5,0.25
6.51,9.9,7.8,0.3,6.34,7.76,8.4,0.22,6.34,7.85,8.5,0.25,6.37,7.2,8.0,0.29
6.66,11.1,8.9,0.21,6.34,7.85,8.5,0.25,6.37,7.2,8.0,0.29,6.35,7.72,8.1,0.28
6.76,11.9,8.5,0.2,6.37,7.2,8.0,0.29,6.35,7.72,8.1,0.28,6.37,8.76,8.3,0.26
6.93,12.9,8.2,0.18,6.35,7.72,8.1,0.28,6.37,8.76,8.3,0.26,6.42,9.08,7.9,0.3
7.22,12.5,9.3,0.17,6.37,8.76,8.3,0.26,6.42,9.08,7.9,0.3,6.51,9.9,7.8,0.3
7.08,11.4,13.6,0.15,6.42,9.08,7.9,0.3,6.51,9.9,7.8,0.3,6.66,11.1,8.9,0.21
7.12,11.1,13.2,0.11,6.51,9.9,7.8,0.3,6.66,11.1,8.9,0.21,6.76,11.9,8.5,0.2
7.13,10.8,14.4,0.11,6.66,11.1,8.9,0.21,6.76,11.9,8.5,0.2,6.93,12.9,8.2,0.18
6.83,10.1,14.2,0.09,6.76,11.9,8.5,0.2,6.93,12.9,8.2,0.18,7.22,12.5,9.3,0.17
7.06,9.03,15.3,0.07,6.93,12.9,8.2,0.18,7.22,12.5,9.3,0.17,7.08,11.4,13.6,0.15
7.08,8.93,11.2,0.15,7.22,12.5,9.3,0.17,7.08,11.4,13.6,0.15,7.12,11.1,13.2,0.11
7.01,8.67,9.6,0.12,7.08,11.4,13.6,0.15,7.12,11.1,13.2,0.11,7.13,10.8,14.4,0.11
7.01,8.64,8.7,0.19,7.12,11.1,13.2,0.11,7.13,10.8,14.4,0.11,6.83,10.1,14.2,0.09
6.86,8.22,7.6,0.25,7.13,10.8,14.4,0.11,6.83,10.1,14.2,0.09,7.06,9.03,15.3,0.07
6.88,8.31,4.8,0.25,6.83,10.1,14.2,0.09,7.06,9.03,15.3,0.07,7.08,8.93,11.2,0.15
6.76,8.0,10.2,0.58,7.06,9.03,15.3,0.07,7.08,8.93,11.2,0.15,7.01,8.67,9.6,0.12
7.11,9.4,11.7,0.23,7.08,8.93,11.2,0.15,7.01,8.67,9.6,0.12,7.01,8.64,8.7,0.19
7.33,8.94,6.1,0.23,7.01,8.67,9.6,0.12,7.01,8.64,8.7,0.19,6.86,8.22,7.6,0.25
7.32,8.32,8.7,0.23,7.01,8.64,8.7,0.19,6.86,8.22,7.6,0.25,6.88,8.31,4.8,0.25
7.52,9.17,9.1,0.25,6.86,8.22,7.6,0.25,6.88,8.31,4.8,0.25,6.76,8.0,10.2,0.58
7.58,9.55,7.4,0.27,6.88,8.31,4.8,0.25,6.76,8.0,10.2,0.58,7.11,9.4,11.7,0.23
7.68,10.2,7.1,0.28,6.76,8.0,10.2,0.58,7.11,9.4,11.7,0.23,7.33,8.94,6.1,0.23
7.54,10.2,7.2,0.28,7.11,9.4,11.7,0.23,7.33,8.94,6.1,0.23,7.32,8.32,8.7,0.23
7.57,10.4,6.5,0.29,7.33,8.94,6.1,0.23,7.32,8.32,8.7,0.23,7.52,9.17,9.1,0.25
7.52,9.72,5.4,0.28,7.32,8.32,8.7,0.23,7.52,9.17,9.1,0.25,7.58,9.55,7.4,0.27
7.51,10.9,5.0,0.28,7.52,9.17,9.1,0.25,7.58,9.55,7.4,0.27,7.68,10.2,7.1,0.28
7.59,11.5,4.9,0.27,7.58,9.55,7.4,0.27,7.68,10.2,7.1,0.28,7.54,10.2,7.2,0.28
7.47,12.6,6.4,0.28,7.68,10.2,7.1,0.28,7.54,10.2,7.2,0.28,7.57,10.4,6.5,0.29
7.41,11.5,8.1,0.29,7.54,10.2,7.2,0.28,7.57,10.4,6.5,0.29,7.52,9.72,5.4,0.28
7.03,10.9,7.5,0.3,7.57,10.4,6.5,0.29,7.52,9.72,5.4,0.28,7.51,10.9,5.0,0.28
6.88,12.8,6.9,0.31,7.52,9.72,5.4,0.28,7.51,10.9,5.0,0.28,7.59,11.5,4.9,0.27
6.83,13.6,6.7,0.3,7.51,10.9,5.0,0.28,7.59,11.5,4.9,0.27,7.47,12.6,6.4,0.28
6.74,12.8,7.4,0.34,7.59,11.5,4.9,0.27,7.47,12.6,6.4,0.28,7.41,11.5,8.1,0.29
6.76,10.9,7.8,0.34,7.47,12.6,6.4,0.28,7.41,11.5,8.1,0.29,7.03,10.9,7.5,0.3
6.82,12.8,7.8,0.3,7.41,11.5,8.1,0.29,7.03,10.9,7.5,0.3,6.88,12.8,6.9,0.31
7.148895104895101,8.975952380952384,6.830252100840341,0.2861344537815124,7.03,10.9,7.5,0.3,6.88,12.8,6.9,0.31,6.83,13.6,6.7,0.3
6.71,15.7,5.6,0.35,6.88,12.8,6.9,0.31,6.83,13.6,6.7,0.3,6.74,12.8,7.4,0.34
6.72,12.0,4.7,0.39,6.83,13.6,6.7,0.3,6.74,12.8,7.4,0.34,6.76,10.9,7.8,0.34
6.71,10.1,4.6,0.39,6.74,12.8,7.4,0.34,6.76,10.9,7.8,0.34,6.82,12.8,7.8,0.3
6.75,13.1,4.5,0.39,6.76,10.9,7.8,0.34,6.82,12.8,7.8,0.3,7.148895104895101,8.975952380952384,6.830252100840341,0.2861344537815124
6.85,10.6,3.1,0.37,6.82,12.8,7.8,0.3,7.148895104895101,8.975952380952384,6.830252100840341,0.2861344537815124,6.71,15.7,5.6,0.35
6.81,10.9,3.0,0.4,7.148895104895101,8.975952380952384,6.830252100840341,0.2861344537815124,6.71,15.7,5.6,0.35,6.72,12.0,4.7,0.39
6.76,10.9,2.1,0.38,6.71,15.7,5.6,0.35,6.72,12.0,4.7,0.39,6.71,10.1,4.6,0.39
6.7,11.0,2.0,0.38,6.72,12.0,4.7,0.39,6.71,10.1,4.6,0.39,6.75,13.1,4.5,0.39
7.148895104895101,8.975952380952384,6.830252100840341,0.2861344537815124,6.71,10.1,4.6,0.39,6.75,13.1,4.5,0.39,6.85,10.6,3.1,0.37
6.7,11.6,1.8,0.39,6.75,13.1,4.5,0.39,6.85,10.6,3.1,0.37,6.81,10.9,3.0,0.4
6.7,11.9,1.7,0.39,6.85,10.6,3.1,0.37,6.81,10.9,3.0,0.4,6.76,10.9,2.1,0.38
6.69,12.1,1.6,0.41,6.81,10.9,3.0,0.4,6.76,10.9,2.1,0.38,6.7,11.0,2.0,0.38
6.73,12.5,3.8,0.4,6.76,10.9,2.1,0.38,6.7,11.0,2.0,0.38,7.148895104895101,8.975952380952384,6.830252100840341,0.2861344537815124
6.75,12.5,5.4,0.38,6.7,11.0,2.0,0.38,7.148895104895101,8.975952380952384,6.830252100840341,0.2861344537815124,6.7,11.6,1.8,0.39
6.73,12.3,7.9,0.38,7.148895104895101,8.975952380952384,6.830252100840341,0.2861344537815124,6.7,11.6,1.8,0.39,6.7,11.9,1.7,0.39
6.75,12.5,9.9,0.38,6.7,11.6,1.8,0.39,6.7,11.9,1.7,0.39,6.69,12.1,1.6,0.41
6.83,13.0,9.8,0.37,6.7,11.9,1.7,0.39,6.69,12.1,1.6,0.41,6.73,12.5,3.8,0.4
7.01,13.9,4.7,0.37,6.69,12.1,1.6,0.41,6.73,12.5,3.8,0.4,6.75,12.5,5.4,0.38
6.86,13.4,4.0,0.36,6.73,12.5,3.8,0.4,6.75,12.5,5.4,0.38,6.73,12.3,7.9,0.38
6.83,8.975952380952384,2.6,0.37,6.75,12.5,5.4,0.38,6.73,12.3,7.9,0.38,6.75,12.5,9.9,0.38
6.72,13.7,1.9,0.37,6.73,12.3,7.9,0.38,6.75,12.5,9.9,0.38,6.83,13.0,9.8,0.37
6.75,14.0,3.3,0.02,6.75,12.5,9.9,0.38,6.83,13.0,9.8,0.37,7.01,13.9,4.7,0.37
6.74,12.7,3.7,0.35,6.83,13.0,9.8,0.37,7.01,13.9,4.7,0.37,6.86,13.4,4.0,0.36
6.72,11.0,5.6,0.37,7.01,13.9,4.7,0.37,6.86,13.4,4.0,0.36,6.83,8.975952380952384,2.6,0.37
6.92,10.0,5.3,0.32,6.86,13.4,4.0,0.36,6.83,8.975952380952384,2.6,0.37,6.72,13.7,1.9,0.37
7.07,9.51,4.9,0.3,6.83,8.975952380952384,2.6,0.37,6.72,13.7,1.9,0.37,6.75,14.0,3.3,0.02
6.93,8.78,9.6,0.28,6.72,13.7,1.9,0.37,6.75,14.0,3.3,0.02,6.74,12.7,3.7,0.35
6.93,7.95,8.1,0.3,6.75,14.0,3.3,0.02,6.74,12.7,3.7,0.35,6.72,11.0,5.6,0.37
6.87,7.71,5.7,0.3,6.74,12.7,3.7,0.35,6.72,11.0,5.6,0.37,6.92,10.0,5.3,0.32
7.05,7.21,6.6,0.28,6.72,11.0,5.6,0.37,6.92,10.0,5.3,0.32,7.07,9.51,4.9,0.3
7.02,8.53,5.6,0.29,6.92,10.0,5.3,0.32,7.07,9.51,4.9,0.3,6.93,8.78,9.6,0.28
6.98,8.54,5.4,0.27,7.07,9.51,4.9,0.3,6.93,8.78,9.6,0.28,6.93,7.95,8.1,0.3
7.01,8.65,6.5,0.27,6.93,8.78,9.6,0.28,6.93,7.95,8.1,0.3,6.87,7.71,5.7,0.3
6.91,7.64,5.1,0.29,6.93,7.95,8.1,0.3,6.87,7.71,5.7,0.3,7.05,7.21,6.6,0.28
7.07,9.02,10.5,0.25,6.87,7.71,5.7,0.3,7.05,7.21,6.6,0.28,7.02,8.53,5.6,0.29
7.05,9.36,9.4,0.24,7.05,7.21,6.6,0.28,7.02,8.53,5.6,0.29,6.98,8.54,5.4,0.27
7.07,9.38,8.7,0.24,7.02,8.53,5.6,0.29,6.98,8.54,5.4,0.27,7.01,8.65,6.5,0.27
7.01,8.8,7.0,0.24,6.98,8.54,5.4,0.27,7.01,8.65,6.5,0.27,6.91,7.64,5.1,0.29
7.01,9.56,6.8,0.23,7.01,8.65,6.5,0.27,6.91,7.64,5.1,0.29,7.07,9.02,10.5,0.25
7.08,10.1,11.6,0.24,6.91,7.64,5.1,0.29,7.07,9.02,10.5,0.25,7.05,9.36,9.4,0.24
7.15,10.7,9.6,0.21,7.07,9.02,10.5,0.25,7.05,9.36,9.4,0.24,7.07,9.38,8.7,0.24
6.96,11.0,8.5,0.22,7.05,9.36,9.4,0.24,7.07,9.38,8.7,0.24,7.01,8.8,7.0,0.24
7.17,12.2,7.5,0.23,7.07,9.38,8.7,0.24,7.01,8.8,7.0,0.24,7.01,9.56,6.8,0.23
7.07,12.5,5.5,0.24,7.01,8.8,7.0,0.24,7.01,9.56,6.8,0.23,7.08,10.1,11.6,0.24
7.1,13.3,4.3,0.23,7.01,9.56,6.8,0.23,7.08,10.1,11.6,0.24,7.15,10.7,9.6,0.21
7.15,13.8,3.7,0.25,7.08,10.1,11.6,0.24,7.15,10.7,9.6,0.21,6.96,11.0,8.5,0.22
7.13,15.0,2.5,0.25,7.15,10.7,9.6,0.21,6.96,11.0,8.5,0.22,7.17,12.2,7.5,0.23
7.06,14.9,6.7,0.26,6.96,11.0,8.5,0.22,7.17,12.2,7.5,0.23,7.07,12.5,5.5,0.24
7.23,14.3,6.9,0.22,7.17,12.2,7.5,0.23,7.07,12.5,5.5,0.24,7.1,13.3,4.3,0.23
7.06,14.7,6.6,0.22,7.07,12.5,5.5,0.24,7.1,13.3,4.3,0.23,7.15,13.8,3.7,0.25
6.98,12.6,6.9,0.49,7.1,13.3,4.3,0.23,7.15,13.8,3.7,0.25,7.13,15.0,2.5,0.25
6.74,12.1,7.6,0.42,7.15,13.8,3.7,0.25,7.13,15.0,2.5,0.25,7.06,14.9,6.7,0.26
6.69,11.7,6.8,0.41,7.13,15.0,2.5,0.25,7.06,14.9,6.7,0.26,7.23,14.3,6.9,0.22
6.62,10.9,6.0,0.41,7.06,14.9,6.7,0.26,7.23,14.3,6.9,0.22,7.06,14.7,6.6,0.22
6.57,9.96,5.0,0.38,7.23,14.3,6.9,0.22,7.06,14.7,6.6,0.22,6.98,12.6,6.9,0.49
6.87,8.83,4.5,0.38,7.06,14.7,6.6,0.22,6.98,12.6,6.9,0.49,6.74,12.1,7.6,0.42
6.99,7.9,3.7,0.37,6.98,12.6,6.9,0.49,6.74,12.1,7.6,0.42,6.69,11.7,6.8,0.41
6.88,7.6,3.4,0.39,6.74,12.1,7.6,0.42,6.69,11.7,6.8,0.41,6.62,10.9,6.0,0.41
6.86,7.03,5.2,0.51,6.69,11.7,6.8,0.41,6.62,10.9,6.0,0.41,6.57,9.96,5.0,0.38
7.148895104895101,8.975952380952384,6.830252100840341,0.2861344537815124,6.62,10.9,6.0,0.41,6.57,9.96,5.0,0.38,6.87,8.83,4.5,0.38
7.148895104895101,8.975952380952384,6.830252100840341,0.2861344537815124,6.57,9.96,5.0,0.38,6.87,8.83,4.5,0.38,6.99,7.9,3.7,0.37
6.72,7.91,5.8,0.52,6.87,8.83,4.5,0.38,6.99,7.9,3.7,0.37,6.88,7.6,3.4,0.39
6.7,7.6,6.1,0.56,6.99,7.9,3.7,0.37,6.88,7.6,3.4,0.39,6.86,7.03,5.2,0.51
6.81,8.17,6.4,0.51,6.88,7.6,3.4,0.39,6.86,7.03,5.2,0.51,7.148895104895101,8.975952380952384,6.830252100840341,0.2861344537815124
6.82,8.5,6.4,0.47,6.86,7.03,5.2,0.51,7.148895104895101,8.975952380952384,6.830252100840341,0.2861344537815124,7.148895104895101,8.975952380952384,6.830252100840341,0.2861344537815124
6.86,8.89,6.1,0.48,7.148895104895101,8.975952380952384,6.830252100840341,0.2861344537815124,7.148895104895101,8.975952380952384,6.830252100840341,0.2861344537815124,6.72,7.91,5.8,0.52
6.76,9.53,6.2,0.43,7.148895104895101,8.975952380952384,6.830252100840341,0.2861344537815124,6.72,7.91,5.8,0.52,6.7,7.6,6.1,0.56
6.74,9.77,5.9,0.42,6.72,7.91,5.8,0.52,6.7,7.6,6.1,0.56,6.81,8.17,6.4,0.51
6.72,7.98,5.8,0.51,6.7,7.6,6.1,0.56,6.81,8.17,6.4,0.51,6.82,8.5,6.4,0.47
6.74,10.3,8.9,0.43,6.81,8.17,6.4,0.51,6.82,8.5,6.4,0.47,6.86,8.89,6.1,0.48
6.73,10.0,7.1,0.39,6.82,8.5,6.4,0.47,6.86,8.89,6.1,0.48,6.76,9.53,6.2,0.43
6.72,12.2,8.3,0.37,6.86,8.89,6.1,0.48,6.76,9.53,6.2,0.43,6.74,9.77,5.9,0.42
6.69,12.8,13.8,0.36,6.76,9.53,6.2,0.43,6.74,9.77,5.9,0.42,6.72,7.98,5.8,0.51
6.76,11.5,14.6,0.35,6.74,9.77,5.9,0.42,6.72,7.98,5.8,0.51,6.74,10.3,8.9,0.43
6.81,11.2,15.0,0.33,6.72,7.98,5.8,0.51,6.74,10.3,8.9,0.43,6.73,10.0,7.1,0.39
6.78,10.8,14.1,0.34,6.74,10.3,8.9,0.43,6.73,10.0,7.1,0.39,6.72,12.2,8.3,0.37
6.77,10.1,15.1,0.31,6.73,10.0,7.1,0.39,6.72,12.2,8.3,0.37,6.69,12.8,13.8,0.36
6.86,10.2,12.5,0.3,6.72,12.2,8.3,0.37,6.69,12.8,13.8,0.36,6.76,11.5,14.6,0.35
6.82,10.0,10.9,0.31,6.69,12.8,13.8,0.36,6.76,11.5,14.6,0.35,6.81,11.2,15.0,0.33
6.94,9.53,11.7,0.31,6.76,11.5,14.6,0.35,6.81,11.2,15.0,0.33,6.78,10.8,14.1,0.34
7.04,10.6,10.5,0.32,6.81,11.2,15.0,0.33,6.78,10.8,14.1,0.34,6.77,10.1,15.1,0.31
7.62,9.85,11.8,0.3,6.78,10.8,14.1,0.34,6.77,10.1,15.1,0.31,6.86,10.2,12.5,0.3
7.57,10.9,8.8,0.29,6.77,10.1,15.1,0.31,6.86,10.2,12.5,0.3,6.82,10.0,10.9,0.31
7.08,10.7,13.0,0.28,6.86,10.2,12.5,0.3,6.82,10.0,10.9,0.31,6.94,9.53,11.7,0.31
7.08,10.1,11.8,0.28,6.82,10.0,10.9,0.31,6.94,9.53,11.7,0.31,7.04,10.6,10.5,0.32
7.13,10.6,8.7,0.28,6.94,9.53,11.7,0.31,7.04,10.6,10.5,0.32,7.62,9.85,11.8,0.3
7.12,9.27,6.5,0.26,7.04,10.6,10.5,0.32,7.62,9.85,11.8,0.3,7.57,10.9,8.8,0.29
7.04,8.94,8.8,0.26,7.62,9.85,11.8,0.3,7.57,10.9,8.8,0.29,7.08,10.7,13.0,0.28
7.04,5.89,11.1,0.28,7.57,10.9,8.8,0.29,7.08,10.7,13.0,0.28,7.08,10.1,11.8,0.28
7.09,6.94,11.1,0.27,7.08,10.7,13.0,0.28,7.08,10.1,11.8,0.28,7.13,10.6,8.7,0.28
7.3,5.69,12.8,0.38,7.08,10.1,11.8,0.28,7.13,10.6,8.7,0.28,7.12,9.27,6.5,0.26
7.2,6.27,10.5,0.36,7.13,10.6,8.7,0.28,7.12,9.27,6.5,0.26,7.04,8.94,8.8,0.26
7.52,6.45,8.1,0.44,7.12,9.27,6.5,0.26,7.04,8.94,8.8,0.26,7.04,5.89,11.1,0.28
7.09,8.59,5.5,0.3,7.04,8.94,8.8,0.26,7.04,5.89,11.1,0.28,7.09,6.94,11.1,0.27
7.36,9.0,10.4,0.27,7.04,5.89,11.1,0.28,7.09,6.94,11.1,0.27,7.3,5.69,12.8,0.38
7.75,8.72,8.8,0.31,7.09,6.94,11.1,0.27,7.3,5.69,12.8,0.38,7.2,6.27,10.5,0.36
7.61,9.48,7.7,0.3,7.3,5.69,12.8,0.38,7.2,6.27,10.5,0.36,7.52,6.45,8.1,0.44
7.27,11.1,6.8,0.35,7.2,6.27,10.5,0.36,7.52,6.45,8.1,0.44,7.09,8.59,5.5,0.3
7.31,8.83,6.1,0.41,7.52,6.45,8.1,0.44,7.09,8.59,5.5,0.3,7.36,9.0,10.4,0.27
7.85,6.81,6.0,0.4,7.09,8.59,5.5,0.3,7.36,9.0,10.4,0.27,7.75,8.72,8.8,0.31
7.91,7.57,5.3,0.34,7.36,9.0,10.4,0.27,7.75,8.72,8.8,0.31,7.61,9.48,7.7,0.3
7.72,7.91,5.7,0.28,7.75,8.72,8.8,0.31,7.61,9.48,7.7,0.3,7.27,11.1,6.8,0.35
7.44,8.66,6.0,0.29,7.61,9.48,7.7,0.3,7.27,11.1,6.8,0.35,7.31,8.83,6.1,0.41
7.34,8.33,5.8,0.33,7.27,11.1,6.8,0.35,7.31,8.83,6.1,0.41,7.85,6.81,6.0,0.4
7.21,7.34,5.9,0.38,7.31,8.83,6.1,0.41,7.85,6.81,6.0,0.4,7.91,7.57,5.3,0.34
7.09,6.69,5.2,0.4,7.85,6.81,6.0,0.4,7.91,7.57,5.3,0.34,7.72,7.91,5.7,0.28
7.148895104895101,8.975952380952384,6.830252100840341,0.2861344537815124,7.91,7.57,5.3,0.34,7.72,7.91,5.7,0.28,7.44,8.66,6.0,0.29
6.84,5.6,4.1,0.39,7.72,7.91,5.7,0.28,7.44,8.66,6.0,0.29,7.34,8.33,5.8,0.33
6.76,4.5,3.5,0.38,7.44,8.66,6.0,0.29,7.34,8.33,5.8,0.33,7.21,7.34,5.9,0.38
6.82,4.42,3.1,0.38,7.34,8.33,5.8,0.33,7.21,7.34,5.9,0.38,7.09,6.69,5.2,0.4
6.87,4.34,2.9,0.36,7.21,7.34,5.9,0.38,7.09,6.69,5.2,0.4,7.148895104895101,8.975952380952384,6.830252100840341,0.2861344537815124
6.85,4.0,2.9,0.38,7.09,6.69,5.2,0.4,7.148895104895101,8.975952380952384,6.830252100840341,0.2861344537815124,6.84,5.6,4.1,0.39
6.82,4.06,2.8,0.34,7.148895104895101,8.975952380952384,6.830252100840341,0.2861344537815124,6.84,5.6,4.1,0.39,6.76,4.5,3.5,0.38
6.81,3.65,4.0,0.44,6.84,5.6,4.1,0.39,6.76,4.5,3.5,0.38,6.82,4.42,3.1,0.38
6.77,3.68,4.3,0.46,6.76,4.5,3.5,0.38,6.82,4.42,3.1,0.38,6.87,4.34,2.9,0.36
6.75,3.74,4.1,0.57,6.82,4.42,3.1,0.38,6.87,4.34,2.9,0.36,6.85,4.0,2.9,0.38
6.77,3.61,4.0,0.48,6.87,4.34,2.9,0.36,6.85,4.0,2.9,0.38,6.82,4.06,2.8,0.34
6.74,6.28,4.2,0.47,6.85,4.0,2.9,0.38,6.82,4.06,2.8,0.34,6.81,3.65,4.0,0.44
6.58,6.11,4.6,0.49,6.82,4.06,2.8,0.34,6.81,3.65,4.0,0.44,6.77,3.68,4.3,0.46
6.78,6.49,4.8,0.47,6.81,3.65,4.0,0.44,6.77,3.68,4.3,0.46,6.75,3.74,4.1,0.57
7.13,7.21,5.2,0.47,6.77,3.68,4.3,0.46,6.75,3.74,4.1,0.57,6.77,3.61,4.0,0.48
7.16,7.17,4.3,0.45,6.75,3.74,4.1,0.57,6.77,3.61,4.0,0.48,6.74,6.28,4.2,0.47
7.24,8.46,3.9,0.47,6.77,3.61,4.0,0.48,6.74,6.28,4.2,0.47,6.58,6.11,4.6,0.49
7.22,10.6,4.7,0.35,6.74,6.28,4.2,0.47,6.58,6.11,4.6,0.49,6.78,6.49,4.8,0.47
7.0,9.32,4.8,0.3,6.58,6.11,4.6,0.49,6.78,6.49,4.8,0.47,7.13,7.21,5.2,0.47
6.87,8.77,5.6,0.34,6.78,6.49,4.8,0.47,7.13,7.21,5.2,0.47,7.16,7.17,4.3,0.45
6.89,7.95,8.1,0.43,7.13,7.21,5.2,0.47,7.16,7.17,4.3,0.45,7.24,8.46,3.9,0.47
7.25,7.67,15.4,0.27,7.16,7.17,4.3,0.45,7.24,8.46,3.9,0.47,7.22,10.6,4.7,0.35
7.2,9.14,14.2,0.27,7.24,8.46,3.9,0.47,7.22,10.6,4.7,0.35,7.0,9.32,4.8,0.3
7.55,8.84,13.9,0.25,7.22,10.6,4.7,0.35,7.0,9.32,4.8,0.3,6.87,8.77,5.6,0.34
7.71,7.0,10.1,0.22,7.0,9.32,4.8,0.3,6.87,8.77,5.6,0.34,6.89,7.95,8.1,0.43
7.16,6.84,7.9,0.81,6.87,8.77,5.6,0.34,6.89,7.95,8.1,0.43,7.25,7.67,15.4,0.27
7.36,7.36,5.5,0.83,6.89,7.95,8.1,0.43,7.25,7.67,15.4,0.27,7.2,9.14,14.2,0.27
7.76,7.16,4.8,0.85,7.25,7.67,15.4,0.27,7.2,9.14,14.2,0.27,7.55,8.84,13.9,0.25
7.31,8.03,9.3,0.61,7.2,9.14,14.2,0.27,7.55,8.84,13.9,0.25,7.71,7.0,10.1,0.22
7.23,7.99,10.8,0.63,7.55,8.84,13.9,0.25,7.71,7.0,10.1,0.22,7.16,6.84,7.9,0.81
7.28,7.81,9.2,0.59,7.71,7.0,10.1,0.22,7.16,6.84,7.9,0.81,7.36,7.36,5.5,0.83
7.63,7.92,7.2,0.26,7.16,6.84,7.9,0.81,7.36,7.36,5.5,0.83,7.76,7.16,4.8,0.85
7.39,8.37,9.7,0.27,7.36,7.36,5.5,0.83,7.76,7.16,4.8,0.85,7.31,8.03,9.3,0.61
7.26,8.98,7.6,0.31,7.76,7.16,4.8,0.85,7.31,8.03,9.3,0.61,7.23,7.99,10.8,0.63
7.2,9.24,10.8,0.58,7.31,8.03,9.3,0.61,7.23,7.99,10.8,0.63,7.28,7.81,9.2,0.59
7.35,8.42,8.8,0.36,7.23,7.99,10.8,0.63,7.28,7.81,9.2,0.59,7.63,7.92,7.2,0.26
7.36,9.63,6.5,0.31,7.28,7.81,9.2,0.59,7.63,7.92,7.2,0.26,7.39,8.37,9.7,0.27
7.37,8.6,5.2,0.54,7.63,7.92,7.2,0.26,7.39,8.37,9.7,0.27,7.26,8.98,7.6,0.31
7.28,7.95,4.3,0.27,7.39,8.37,9.7,0.27,7.26,8.98,7.6,0.31,7.2,9.24,10.8,0.58
7.31,8.55,3.4,0.2,7.26,8.98,7.6,0.31,7.2,9.24,10.8,0.58,7.35,8.42,8.8,0.36
7.2,9.37,2.8,0.18,7.2,9.24,10.8,0.58,7.35,8.42,8.8,0.36,7.36,9.63,6.5,0.31
7.14,9.61,2.4,0.17,7.35,8.42,8.8,0.36,7.36,9.63,6.5,0.31,7.37,8.6,5.2,0.54
7.1,9.24,2.3,0.21,7.36,9.63,6.5,0.31,7.37,8.6,5.2,0.54,7.28,7.95,4.3,0.27
7.0,9.29,1.8,0.24,7.37,8.6,5.2,0.54,7.28,7.95,4.3,0.27,7.31,8.55,3.4,0.2
6.98,8.39,3.3,0.29,7.28,7.95,4.3,0.27,7.31,8.55,3.4,0.2,7.2,9.37,2.8,0.18
7.76,9.32,5.0,0.27,7.31,8.55,3.4,0.2,7.2,9.37,2.8,0.18,7.14,9.61,2.4,0.17
7.148895104895101,8.975952380952384,6.830252100840341,0.2861344537815124,7.2,9.37,2.8,0.18,7.14,9.61,2.4,0.17,7.1,9.24,2.3,0.21
7.68,7.65,5.1,0.29,7.14,9.61,2.4,0.17,7.1,9.24,2.3,0.21,7.0,9.29,1.8,0.24
7.74,7.51,5.3,0.32,7.1,9.24,2.3,0.21,7.0,9.29,1.8,0.24,6.98,8.39,3.3,0.29
7.37,7.46,4.8,0.28,7.0,9.29,1.8,0.24,6.98,8.39,3.3,0.29,7.76,9.32,5.0,0.27
7.56,7.89,5.2,0.26,6.98,8.39,3.3,0.29,7.76,9.32,5.0,0.27,7.148895104895101,8.975952380952384,6.830252100840341,0.2861344537815124
7.42,6.93,4.2,0.26,7.76,9.32,5.0,0.27,7.148895104895101,8.975952380952384,6.830252100840341,0.2861344537815124,7.68,7.65,5.1,0.29
7.36,6.38,4.6,0.28,7.148895104895101,8.975952380952384,6.830252100840341,0.2861344537815124,7.68,7.65,5.1,0.29,7.74,7.51,5.3,0.32
7.29,6.85,4.5,0.31,7.68,7.65,5.1,0.29,7.74,7.51,5.3,0.32,7.37,7.46,4.8,0.28
7.24,7.98,4.2,0.34,7.74,7.51,5.3,0.32,7.37,7.46,4.8,0.28,7.56,7.89,5.2,0.26
7.2,9.18,3.8,0.38,7.37,7.46,4.8,0.28,7.56,7.89,5.2,0.26,7.42,6.93,4.2,0.26
7.15,7.47,4.8,0.41,7.56,7.89,5.2,0.26,7.42,6.93,4.2,0.26,7.36,6.38,4.6,0.28
7.19,7.18,5.5,0.41,7.42,6.93,4.2,0.26,7.36,6.38,4.6,0.28,7.29,6.85,4.5,0.31
7.06,7.7,5.5,0.48,7.36,6.38,4.6,0.28,7.29,6.85,4.5,0.31,7.24,7.98,4.2,0.34
6.98,7.43,5.6,0.45,7.29,6.85,4.5,0.31,7.24,7.98,4.2,0.34,7.2,9.18,3.8,0.38
6.88,7.22,5.7,0.44,7.24,7.98,4.2,0.34,7.2,9.18,3.8,0.38,7.15,7.47,4.8,0.41
7.28,9.17,5.6,0.43,7.2,9.18,3.8,0.38,7.15,7.47,4.8,0.41,7.19,7.18,5.5,0.41
7.25,8.11,5.4,0.41,7.15,7.47,4.8,0.41,7.19,7.18,5.5,0.41,7.06,7.7,5.5,0.48
7.25,7.73,4.9,0.42,7.19,7.18,5.5,0.41,7.06,7.7,5.5,0.48,6.98,7.43,5.6,0.45
7.23,10.7,5.9,0.45,7.06,7.7,5.5,0.48,6.98,7.43,5.6,0.45,6.88,7.22,5.7,0.44
7.2,10.1,5.5,0.47,6.98,7.43,5.6,0.45,6.88,7.22,5.7,0.44,7.28,9.17,5.6,0.43
7.26,11.9,5.8,0.43,6.88,7.22,5.7,0.44,7.28,9.17,5.6,0.43,7.25,8.11,5.4,0.41
7.27,10.7,5.8,0.39,7.28,9.17,5.6,0.43,7.25,8.11,5.4,0.41,7.25,7.73,4.9,0.42
7.28,9.54,5.9,0.37,7.25,8.11,5.4,0.41,7.25,7.73,4.9,0.42,7.23,10.7,5.9,0.45
7.31,9.25,5.6,0.36,7.25,7.73,4.9,0.42,7.23,10.7,5.9,0.45,7.2,10.1,5.5,0.47
7.43,7.18,5.6,0.37,7.23,10.7,5.9,0.45,7.2,10.1,5.5,0.47,7.26,11.9,5.8,0.43
7.41,7.56,11.4,0.37,7.2,10.1,5.5,0.47,7.26,11.9,5.8,0.43,7.27,10.7,5.8,0.39
7.33,9.18,10.7,0.37,7.26,11.9,5.8,0.43,7.27,10.7,5.8,0.39,7.28,9.54,5.9,0.37
7.31,8.97,12.0,0.4,7.27,10.7,5.8,0.39,7.28,9.54,5.9,0.37,7.31,9.25,5.6,0.36
7.29,8.54,11.3,0.46,7.28,9.54,5.9,0.37,7.31,9.25,5.6,0.36,7.43,7.18,5.6,0.37
7.34,9.5,12.8,0.34,7.31,9.25,5.6,0.36,7.43,7.18,5.6,0.37,7.41,7.56,11.4,0.37
7.1,9.52,13.9,0.28,7.43,7.18,5.6,0.37,7.41,7.56,11.4,0.37,7.33,9.18,10.7,0.37
7.07,8.84,10.1,0.28,7.41,7.56,11.4,0.37,7.33,9.18,10.7,0.37,7.31,8.97,12.0,0.4
7.19,8.83,6.8,0.23,7.33,9.18,10.7,0.37,7.31,8.97,12.0,0.4,7.29,8.54,11.3,0.46
7.12,8.76,3.6,0.22,7.31,8.97,12.0,0.4,7.29,8.54,11.3,0.46,7.34,9.5,12.8,0.34
7.49,8.6,5.5,0.18,7.29,8.54,11.3,0.46,7.34,9.5,12.8,0.34,7.1,9.52,13.9,0.28
7.32,8.27,8.9,0.21,7.34,9.5,12.8,0.34,7.1,9.52,13.9,0.28,7.07,8.84,10.1,0.28
7.23,8.73,6.7,0.23,7.1,9.52,13.9,0.28,7.07,8.84,10.1,0.28,7.19,8.83,6.8,0.23
7.34,8.74,4.6,0.24,7.07,8.84,10.1,0.28,7.19,8.83,6.8,0.23,7.12,8.76,3.6,0.22
7.3,8.81,9.8,0.19,7.19,8.83,6.8,0.23,7.12,8.76,3.6,0.22,7.49,8.6,5.5,0.18
6.96,8.98,9.5,0.22,7.12,8.76,3.6,0.22,7.49,8.6,5.5,0.18,7.32,8.27,8.9,0.21
7.01,9.45,9.1,0.23,7.49,8.6,5.5,0.18,7.32,8.27,8.9,0.21,7.23,8.73,6.7,0.23
7.08,9.62,8.0,0.26,7.32,8.27,8.9,0.21,7.23,8.73,6.7,0.23,7.34,8.74,4.6,0.24
7.15,9.58,5.1,0.12,7.23,8.73,6.7,0.23,7.34,8.74,4.6,0.24,7.3,8.81,9.8,0.19
7.22,9.66,3.9,0.22,7.34,8.74,4.6,0.24,7.3,8.81,9.8,0.19,6.96,8.98,9.5,0.22
7.11,9.76,3.1,0.23,7.3,8.81,9.8,0.19,6.96,8.98,9.5,0.22,7.01,9.45,9.1,0.23
7.1,10.3,5.2,0.21,6.96,8.98,9.5,0.22,7.01,9.45,9.1,0.23,7.08,9.62,8.0,0.26
7.03,11.0,5.9,0.23,7.01,9.45,9.1,0.23,7.08,9.62,8.0,0.26,7.15,9.58,5.1,0.12
6.73,11.0,6.0,0.25,7.08,9.62,8.0,0.26,7.15,9.58,5.1,0.12,7.22,9.66,3.9,0.22
7.37,9.84,4.5,0.25,7.15,9.58,5.1,0.12,7.22,9.66,3.9,0.22,7.11,9.76,3.1,0.23
7.53,10.8,5.1,0.25,7.22,9.66,3.9,0.22,7.11,9.76,3.1,0.23,7.1,10.3,5.2,0.21
8.33,10.8,5.7,0.23,7.11,9.76,3.1,0.23,7.1,10.3,5.2,0.21,7.03,11.0,5.9,0.23
7.27,10.7,4.6,0.2,7.1,10.3,5.2,0.21,7.03,11.0,5.9,0.23,6.73,11.0,6.0,0.25
7.34,10.1,4.3,0.23,7.03,11.0,5.9,0.23,6.73,11.0,6.0,0.25,7.37,9.84,4.5,0.25
7.76,8.76,4.6,0.27,6.73,11.0,6.0,0.25,7.37,9.84,4.5,0.25,7.53,10.8,5.1,0.25
7.78,9.77,5.6,0.32,7.37,9.84,4.5,0.25,7.53,10.8,5.1,0.25,8.33,10.8,5.7,0.23
7.77,9.54,5.6,0.3,7.53,10.8,5.1,0.25,8.33,10.8,5.7,0.23,7.27,10.7,4.6,0.2
7.8,8.64,3.8,0.34,8.33,10.8,5.7,0.23,7.27,10.7,4.6,0.2,7.34,10.1,4.3,0.23
7.7,8.34,3.0,0.41,7.27,10.7,4.6,0.2,7.34,10.1,4.3,0.23,7.76,8.76,4.6,0.27
7.64,8.25,3.8,0.41,7.34,10.1,4.3,0.23,7.76,8.76,4.6,0.27,7.78,9.77,5.6,0.32
7.55,7.94,3.0,0.37,7.76,8.76,4.6,0.27,7.78,9.77,5.6,0.32,7.77,9.54,5.6,0.3
7.48,6.98,3.4,0.38,7.78,9.77,5.6,0.32,7.77,9.54,5.6,0.3,7.8,8.64,3.8,0.34
7.58,9.06,3.0,0.18,7.77,9.54,5.6,0.3,7.8,8.64,3.8,0.34,7.7,8.34,3.0,0.41
7.5,10.1,3.5,0.31,7.8,8.64,3.8,0.34,7.7,8.34,3.0,0.41,7.64,8.25,3.8,0.41
7.75,10.0,3.5,0.35,7.7,8.34,3.0,0.41,7.64,8.25,3.8,0.41,7.55,7.94,3.0,0.37
7.87,9.91,3.8,0.39,7.64,8.25,3.8,0.41,7.55,7.94,3.0,0.37,7.48,6.98,3.4,0.38
7.61,9.61,4.1,0.4,7.55,7.94,3.0,0.37,7.48,6.98,3.4,0.38,7.58,9.06,3.0,0.18
7.3,5.76,3.6,0.3,7.48,6.98,3.4,0.38,7.58,9.06,3.0,0.18,7.5,10.1,3.5,0.31
7.74,4.71,5.7,0.22,7.58,9.06,3.0,0.18,7.5,10.1,3.5,0.31,7.75,10.0,3.5,0.35
7.74,4.43,5.8,0.23,7.5,10.1,3.5,0.31,7.75,10.0,3.5,0.35,7.87,9.91,3.8,0.39
7.69,4.58,5.7,0.28,7.75,10.0,3.5,0.35,7.87,9.91,3.8,0.39,7.61,9.61,4.1,0.4
7.88,5.39,5.6,0.34,7.87,9.91,3.8,0.39,7.61,9.61,4.1,0.4,7.3,5.76,3.6,0.3
7.83,6.34,5.0,0.33,7.61,9.61,4.1,0.4,7.3,5.76,3.6,0.3,7.74,4.71,5.7,0.22
7.88,5.46,5.1,0.22,7.3,5.76,3.6,0.3,7.74,4.71,5.7,0.22,7.74,4.43,5.8,0.23
8.36,6.35,5.4,0.13,7.74,4.71,5.7,0.22,7.74,4.43,5.8,0.23,7.69,4.58,5.7,0.28
7.148895104895101,8.975952380952384,6.830252100840341,0.2861344537815124,7.74,4.43,5.8,0.23,7.69,4.58,5.7,0.28,7.88,5.39,5.6,0.34
7.73,6.93,4.4,0.11,7.69,4.58,5.7,0.28,7.88,5.39,5.6,0.34,7.83,6.34,5.0,0.33
7.86,6.93,3.9,0.17,7.88,5.39,5.6,0.34,7.83,6.34,5.0,0.33,7.88,5.46,5.1,0.22
8.06,7.86,6.0,0.05,7.83,6.34,5.0,0.33,7.88,5.46,5.1,0.22,8.36,6.35,5.4,0.13
8.04,8.55,6.5,0.08,7.88,5.46,5.1,0.22,8.36,6.35,5.4,0.13,7.148895104895101,8.975952380952384,6.830252100840341,0.2861344537815124
7.74,8.02,8.1,0.16,8.36,6.35,5.4,0.13,7.148895104895101,8.975952380952384,6.830252100840341,0.2861344537815124,7.73,6.93,4.4,0.11
7.8,7.59,7.0,0.28,7.148895104895101,8.975952380952384,6.830252100840341,0.2861344537815124,7.73,6.93,4.4,0.11,7.86,6.93,3.9,0.17
7.84,7.57,9.2,0.3,7.73,6.93,4.4,0.11,7.86,6.93,3.9,0.17,8.06,7.86,6.0,0.05
7.5,7.27,10.3,0.39,7.86,6.93,3.9,0.17,8.06,7.86,6.0,0.05,8.04,8.55,6.5,0.08
7.44,8.76,11.6,0.39,8.06,7.86,6.0,0.05,8.04,8.55,6.5,0.08,7.74,8.02,8.1,0.16
7.73,8.69,10.8,0.35,8.04,8.55,6.5,0.08,7.74,8.02,8.1,0.16,7.8,7.59,7.0,0.28
7.11,7.64,10.4,0.34,7.74,8.02,8.1,0.16,7.8,7.59,7.0,0.28,7.84,7.57,9.2,0.3
7.24,7.93,10.6,0.38,7.8,7.59,7.0,0.28,7.84,7.57,9.2,0.3,7.5,7.27,10.3,0.39
7.29,7.92,10.4,0.4,7.84,7.57,9.2,0.3,7.5,7.27,10.3,0.39,7.44,8.76,11.6,0.39
7.31,8.16,10.3,0.4,7.5,7.27,10.3,0.39,7.44,8.76,11.6,0.39,7.73,8.69,10.8,0.35
7.33,8.17,8.7,0.39,7.44,8.76,11.6,0.39,7.73,8.69,10.8,0.35,7.11,7.64,10.4,0.34
7.19,8.78,7.9,0.33,7.73,8.69,10.8,0.35,7.11,7.64,10.4,0.34,7.24,7.93,10.6,0.38
7.23,8.63,7.8,0.31,7.11,7.64,10.4,0.34,7.24,7.93,10.6,0.38,7.29,7.92,10.4,0.4
6.85,8.77,10.0,0.26,7.24,7.93,10.6,0.38,7.29,7.92,10.4,0.4,7.31,8.16,10.3,0.4
6.86,8.79,9.3,0.25,7.29,7.92,10.4,0.4,7.31,8.16,10.3,0.4,7.33,8.17,8.7,0.39
7.35,9.05,6.9,0.3,7.31,8.16,10.3,0.4,7.33,8.17,8.7,0.39,7.19,8.78,7.9,0.33
7.12,9.2,6.3,0.3,7.33,8.17,8.7,0.39,7.19,8.78,7.9,0.33,7.23,8.63,7.8,0.31
7.0,9.63,5.8,0.27,7.19,8.78,7.9,0.33,7.23,8.63,7.8,0.31,6.85,8.77,10.0,0.26
7.41,9.67,5.5,0.26,7.23,8.63,7.8,0.31,6.85,8.77,10.0,0.26,6.86,8.79,9.3,0.25
7.32,9.86,5.4,0.25,6.85,8.77,10.0,0.26,6.86,8.79,9.3,0.25,7.35,9.05,6.9,0.3
7.34,10.3,5.2,0.29,6.86,8.79,9.3,0.25,7.35,9.05,6.9,0.3,7.12,9.2,6.3,0.3
7.34,10.2,5.9,0.24,7.35,9.05,6.9,0.3,7.12,9.2,6.3,0.3,7.0,9.63,5.8,0.27
7.41,8.94,4.8,0.23,7.12,9.2,6.3,0.3,7.0,9.63,5.8,0.27,7.41,9.67,5.5,0.26
7.44,8.76,4.8,0.27,7.0,9.63,5.8,0.27,7.41,9.67,5.5,0.26,7.32,9.86,5.4,0.25
7.33,9.34,4.8,0.26,7.41,9.67,5.5,0.26,7.32,9.86,5.4,0.25,7.34,10.3,5.2,0.29
7.55,8.42,5.0,0.12,7.32,9.86,5.4,0.25,7.34,10.3,5.2,0.29,7.34,10.2,5.9,0.24
7.38,8.4,4.0,0.24,7.34,10.3,5.2,0.29,7.34,10.2,5.9,0.24,7.41,8.94,4.8,0.23
7.52,8.2,4.1,0.23,7.34,10.2,5.9,0.24,7.41,8.94,4.8,0.23,7.44,8.76,4.8,0.27
7.48,8.18,2.4,0.12,7.41,8.94,4.8,0.23,7.44,8.76,4.8,0.27,7.33,9.34,4.8,0.26
7.46,8.58,3.3,0.17,7.44,8.76,4.8,0.27,7.33,9.34,4.8,0.26,7.55,8.42,5.0,0.12
7.45,8.06,3.7,0.26,7.33,9.34,4.8,0.26,7.55,8.42,5.0,0.12,7.38,8.4,4.0,0.24
7.5,7.9,5.6,0.13,7.55,8.42,5.0,0.12,7.38,8.4,4.0,0.24,7.52,8.2,4.1,0.23
7.43,7.81,4.1,0.26,7.38,8.4,4.0,0.24,7.52,8.2,4.1,0.23,7.48,8.18,2.4,0.12
7.41,7.14,3.9,0.24,7.52,8.2,4.1,0.23,7.48,8.18,2.4,0.12,7.46,8.58,3.3,0.17
7.36,6.69,3.8,0.15,7.48,8.18,2.4,0.12,7.46,8.58,3.3,0.17,7.45,8.06,3.7,0.26
7.23,6.41,3.2,0.15,7.46,8.58,3.3,0.17,7.45,8.06,3.7,0.26,7.5,7.9,5.6,0.13
7.25,6.56,3.6,0.15,7.45,8.06,3.7,0.26,7.5,7.9,5.6,0.13,7.43,7.81,4.1,0.26
7.43,7.62,4.1,0.31,7.5,7.9,5.6,0.13,7.43,7.81,4.1,0.26,7.41,7.14,3.9,0.24
7.24,6.43,4.4,0.4,7.43,7.81,4.1,0.26,7.41,7.14,3.9,0.24,7.36,6.69,3.8,0.15
6.9,7.18,5.1,0.47,7.41,7.14,3.9,0.24,7.36,6.69,3.8,0.15,7.23,6.41,3.2,0.15
7.33,6.79,4.9,0.45,7.36,6.69,3.8,0.15,7.23,6.41,3.2,0.15,7.25,6.56,3.6,0.15
7.17,6.27,4.6,0.35,7.23,6.41,3.2,0.15,7.25,6.56,3.6,0.15,7.43,7.62,4.1,0.31
6.99,6.18,6.1,0.36,7.25,6.56,3.6,0.15,7.43,7.62,4.1,0.31,7.24,6.43,4.4,0.4
7.43,5.48,4.8,0.34,7.43,7.62,4.1,0.31,7.24,6.43,4.4,0.4,6.9,7.18,5.1,0.47
7.47,5.34,3.6,0.27,7.24,6.43,4.4,0.4,6.9,7.18,5.1,0.47,7.33,6.79,4.9,0.45
7.47,5.65,3.6,0.24,6.9,7.18,5.1,0.47,7.33,6.79,4.9,0.45,7.17,6.27,4.6,0.35
7.44,6.37,4.1,0.13,7.33,6.79,4.9,0.45,7.17,6.27,4.6,0.35,6.99,6.18,6.1,0.36
7.47,7.22,4.5,0.12,7.17,6.27,4.6,0.35,6.99,6.18,6.1,0.36,7.43,5.48,4.8,0.34
7.66,6.81,5.4,0.21,6.99,6.18,6.1,0.36,7.43,5.48,4.8,0.34,7.47,5.34,3.6,0.27
7.74,7.55,8.6,0.18,7.43,5.48,4.8,0.34,7.47,5.34,3.6,0.27,7.47,5.65,3.6,0.24
7.82,7.54,9.5,0.7,7.47,5.34,3.6,0.27,7.47,5.65,3.6,0.24,7.44,6.37,4.1,0.13
7.71,8.35,18.4,0.63,7.47,5.65,3.6,0.24,7.44,6.37,4.1,0.13,7.47,7.22,4.5,0.12
7.96,8.53,18.4,0.83,7.44,6.37,4.1,0.13,7.47,7.22,4.5,0.12,7.66,6.81,5.4,0.21
8.05,8.22,19.5,0.81,7.47,7.22,4.5,0.12,7.66,6.81,5.4,0.21,7.74,7.55,8.6,0.18
8.27,8.36,16.2,0.79,7.66,6.81,5.4,0.21,7.74,7.55,8.6,0.18,7.82,7.54,9.5,0.7
7.148895104895101,8.975952380952384,6.830252100840341,0.2861344537815124,7.74,7.55,8.6,0.18,7.82,7.54,9.5,0.7,7.71,8.35,18.4,0.63
7.84,7.92,12.3,0.91,7.82,7.54,9.5,0.7,7.71,8.35,18.4,0.63,7.96,8.53,18.4,0.83
8.01,8.59,9.1,0.84,7.71,8.35,18.4,0.63,7.96,8.53,18.4,0.83,8.05,8.22,19.5,0.81
8.03,7.87,7.9,0.97,7.96,8.53,18.4,0.83,8.05,8.22,19.5,0.81,8.27,8.36,16.2,0.79
7.82,7.94,5.7,0.95,8.05,8.22,19.5,0.81,8.27,8.36,16.2,0.79,7.148895104895101,8.975952380952384,6.830252100840341,0.2861344537815124
7.59,7.15,14.8,0.67,8.27,8.36,16.2,0.79,7.148895104895101,8.975952380952384,6.830252100840341,0.2861344537815124,7.84,7.92,12.3,0.91
7.148895104895101,8.975952380952384,6.830252100840341,0.2861344537815124,7.148895104895101,8.975952380952384,6.830252100840341,0.2861344537815124,7.84,7.92,12.3,0.91,8.01,8.59,9.1,0.84
7.48,6.58,16.5,0.1,7.84,7.92,12.3,0.91,8.01,8.59,9.1,0.84,8.03,7.87,7.9,0.97
7.44,8.5,18.2,0.77,8.01,8.59,9.1,0.84,8.03,7.87,7.9,0.97,7.82,7.94,5.7,0.95
7.17,8.45,22.0,0.95,8.03,7.87,7.9,0.97,7.82,7.94,5.7,0.95,7.59,7.15,14.8,0.67
7.35,9.06,18.5,0.86,7.82,7.94,5.7,0.95,7.59,7.15,14.8,0.67,7.148895104895101,8.975952380952384,6.830252100840341,0.2861344537815124
7.48,8.7,14.7,0.78,7.59,7.15,14.8,0.67,7.148895104895101,8.975952380952384,6.830252100840341,0.2861344537815124,7.48,6.58,16.5,0.1
7.43,8.67,11.3,0.78,7.148895104895101,8.975952380952384,6.830252100840341,0.2861344537815124,7.48,6.58,16.5,0.1,7.44,8.5,18.2,0.77
7.36,8.46,10.1,0.67,7.48,6.58,16.5,0.1,7.44,8.5,18.2,0.77,7.17,8.45,22.0,0.95
7.35,8.09,8.9,0.76,7.44,8.5,18.2,0.77,7.17,8.45,22.0,0.95,7.35,9.06,18.5,0.86
7.46,8.2,7.6,0.69,7.17,8.45,22.0,0.95,7.35,9.06,18.5,0.86,7.48,8.7,14.7,0.78
7.14,8.18,6.6,0.63,7.35,9.06,18.5,0.86,7.48,8.7,14.7,0.78,7.43,8.67,11.3,0.78
7.14,8.35,5.8,0.63,7.48,8.7,14.7,0.78,7.43,8.67,11.3,0.78,7.36,8.46,10.1,0.67
7.07,8.26,7.2,0.63,7.43,8.67,11.3,0.78,7.36,8.46,10.1,0.67,7.35,8.09,8.9,0.76
8.13,10.2,5.1,0.17,7.36,8.46,10.1,0.67,7.35,8.09,8.9,0.76,7.46,8.2,7.6,0.69
7.75,7.19,4.7,0.19,7.35,8.09,8.9,0.76,7.46,8.2,7.6,0.69,7.14,8.18,6.6,0.63
7.76,7.89,4.4,0.17,7.46,8.2,7.6,0.69,7.14,8.18,6.6,0.63,7.14,8.35,5.8,0.63
7.72,8.94,4.0,0.12,7.14,8.18,6.6,0.63,7.14,8.35,5.8,0.63,7.07,8.26,7.2,0.63
7.56,10.3,3.8,0.12,7.14,8.35,5.8,0.63,7.07,8.26,7.2,0.63,8.13,10.2,5.1,0.17
7.7,9.9,3.5,0.12,7.07,8.26,7.2,0.63,8.13,10.2,5.1,0.17,7.75,7.19,4.7,0.19
7.62,10.8,4.3,0.13,8.13,10.2,5.1,0.17,7.75,7.19,4.7,0.19,7.76,7.89,4.4,0.17
7.55,9.11,4.4,0.15,7.75,7.19,4.7,0.19,7.76,7.89,4.4,0.17,7.72,8.94,4.0,0.12
7.73,8.59,4.7,0.15,7.76,7.89,4.4,0.17,7.72,8.94,4.0,0.12,7.56,10.3,3.8,0.12
7.27,9.03,4.3,0.18,7.72,8.94,4.0,0.12,7.56,10.3,3.8,0.12,7.7,9.9,3.5,0.12
7.43,9.09,4.5,0.24,7.56,10.3,3.8,0.12,7.7,9.9,3.5,0.12,7.62,10.8,4.3,0.13
7.34,8.63,4.5,0.24,7.7,9.9,3.5,0.12,7.62,10.8,4.3,0.13,7.55,9.11,4.4,0.15
7.33,8.78,4.1,0.23,7.62,10.8,4.3,0.13,7.55,9.11,4.4,0.15,7.73,8.59,4.7,0.15
7.35,9.09,5.3,0.36,7.55,9.11,4.4,0.15,7.73,8.59,4.7,0.15,7.27,9.03,4.3,0.18
7.15,9.61,5.2,0.34,7.73,8.59,4.7,0.15,7.27,9.03,4.3,0.18,7.43,9.09,4.5,0.24
7.43,9.83,4.4,0.35,7.27,9.03,4.3,0.18,7.43,9.09,4.5,0.24,7.34,8.63,4.5,0.24
7.32,9.55,4.6,0.27,7.43,9.09,4.5,0.24,7.34,8.63,4.5,0.24,7.33,8.78,4.1,0.23
7.15,9.34,4.2,0.26,7.34,8.63,4.5,0.24,7.33,8.78,4.1,0.23,7.35,9.09,5.3,0.36
7.4,8.85,3.8,0.21,7.33,8.78,4.1,0.23,7.35,9.09,5.3,0.36,7.15,9.61,5.2,0.34
7.32,8.78,5.2,0.3,7.35,9.09,5.3,0.36,7.15,9.61,5.2,0.34,7.43,9.83,4.4,0.35
7.28,8.07,7.6,0.36,7.15,9.61,5.2,0.34,7.43,9.83,4.4,0.35,7.32,9.55,4.6,0.27
7.32,8.01,9.1,0.45,7.43,9.83,4.4,0.35,7.32,9.55,4.6,0.27,7.15,9.34,4.2,0.26
7.32,8.35,10.0,0.65,7.32,9.55,4.6,0.27,7.15,9.34,4.2,0.26,7.4,8.85,3.8,0.21
7.24,8.77,5.3,0.37,7.15,9.34,4.2,0.26,7.4,8.85,3.8,0.21,7.32,8.78,5.2,0.3
7.22,8.89,9.7,0.5,7.4,8.85,3.8,0.21,7.32,8.78,5.2,0.3,7.28,8.07,7.6,0.36
7.32,8.64,5.8,0.48,7.32,8.78,5.2,0.3,7.28,8.07,7.6,0.36,7.32,8.01,9.1,0.45
7.66,8.41,6.5,0.64,7.28,8.07,7.6,0.36,7.32,8.01,9.1,0.45,7.32,8.35,10.0,0.65
7.63,8.86,7.2,0.75,7.32,8.01,9.1,0.45,7.32,8.35,10.0,0.65,7.24,8.77,5.3,0.37
7.09,9.19,8.0,0.57,7.32,8.35,10.0,0.65,7.24,8.77,5.3,0.37,7.22,8.89,9.7,0.5
7.59,8.34,7.0,0.45,7.24,8.77,5.3,0.37,7.22,8.89,9.7,0.5,7.32,8.64,5.8,0.48
7.76,7.44,4.5,0.18,7.22,8.89,9.7,0.5,7.32,8.64,5.8,0.48,7.66,8.41,6.5,0.64
7.47,7.87,4.3,0.18,7.32,8.64,5.8,0.48,7.66,8.41,6.5,0.64,7.63,8.86,7.2,0.75
7.49,7.88,4.9,0.23,7.66,8.41,6.5,0.64,7.63,8.86,7.2,0.75,7.09,9.19,8.0,0.57
7.2,7.75,5.2,0.26,7.63,8.86,7.2,0.75,7.09,9.19,8.0,0.57,7.59,8.34,7.0,0.45
7.06,7.22,8.4,0.24,7.09,9.19,8.0,0.57,7.59,8.34,7.0,0.45,7.76,7.44,4.5,0.18
7.21,7.42,5.2,0.24,7.59,8.34,7.0,0.45,7.76,7.44,4.5,0.18,7.47,7.87,4.3,0.18
7.3,7.21,4.9,0.31,7.76,7.44,4.5,0.18,7.47,7.87,4.3,0.18,7.49,7.88,4.9,0.23
7.45,6.54,5.3,0.25,7.47,7.87,4.3,0.18,7.49,7.88,4.9,0.23,7.2,7.75,5.2,0.26
7.4,7.13,4.8,0.26,7.49,7.88,4.9,0.23,7.2,7.75,5.2,0.26,7.06,7.22,8.4,0.24
7.43,7.24,6.9,0.29,7.2,7.75,5.2,0.26,7.06,7.22,8.4,0.24,7.21,7.42,5.2,0.24
7.64,7.41,5.2,0.23,7.06,7.22,8.4,0.24,7.21,7.42,5.2,0.24,7.3,7.21,4.9,0.31
7.57,7.41,6.0,0.22,7.21,7.42,5.2,0.24,7.3,7.21,4.9,0.31,7.45,6.54,5.3,0.25
7.5,7.85,6.0,0.21,7.3,7.21,4.9,0.31,7.45,6.54,5.3,0.25,7.4,7.13,4.8,0.26
7.83,7.87,5.7,0.22,7.45,6.54,5.3,0.25,7.4,7.13,4.8,0.26,7.43,7.24,6.9,0.29
7.94,7.64,5.8,0.22,7.4,7.13,4.8,0.26,7.43,7.24,6.9,0.29,7.64,7.41,5.2,0.23
7.81,7.6,4.5,0.19,7.43,7.24,6.9,0.29,7.64,7.41,5.2,0.23,7.57,7.41,6.0,0.22
7.98,7.63,4.7,0.32,7.64,7.41,5.2,0.23,7.57,7.41,6.0,0.22,7.5,7.85,6.0,0.21
8.13,8.01,5.9,0.26,7.57,7.41,6.0,0.22,7.5,7.85,6.0,0.21,7.83,7.87,5.7,0.22
7.94,8.19,5.6,0.27,7.5,7.85,6.0,0.21,7.83,7.87,5.7,0.22,7.94,7.64,5.8,0.22
8.26,8.45,4.9,0.26,7.83,7.87,5.7,0.22,7.94,7.64,5.8,0.22,7.81,7.6,4.5,0.19
8.0,9.26,4.1,0.21,7.94,7.64,5.8,0.22,7.81,7.6,4.5,0.19,7.98,7.63,4.7,0.32
8.45,9.64,3.1,0.26,7.81,7.6,4.5,0.19,7.98,7.63,4.7,0.32,8.13,8.01,5.9,0.26
7.29,8.73,3.3,0.27,7.98,7.63,4.7,0.32,8.13,8.01,5.9,0.26,7.94,8.19,5.6,0.27
6.77,8.16,3.1,0.23,8.13,8.01,5.9,0.26,7.94,8.19,5.6,0.27,8.26,8.45,4.9,0.26
6.79,8.59,3.4,0.27,7.94,8.19,5.6,0.27,8.26,8.45,4.9,0.26,8.0,9.26,4.1,0.21
7.08,9.54,2.3,0.22,8.26,8.45,4.9,0.26,8.0,9.26,4.1,0.21,8.45,9.64,3.1,0.26
7.36,9.84,2.4,0.29,8.0,9.26,4.1,0.21,8.45,9.64,3.1,0.26,7.29,8.73,3.3,0.27
6.89,9.31,3.1,0.29,8.45,9.64,3.1,0.26,7.29,8.73,3.3,0.27,6.77,8.16,3.1,0.23
6.92,9.19,3.8,0.3,7.29,8.73,3.3,0.27,6.77,8.16,3.1,0.23,6.79,8.59,3.4,0.27
6.86,9.49,3.4,0.23,6.77,8.16,3.1,0.23,6.79,8.59,3.4,0.27,7.08,9.54,2.3,0.22
6.95,8.67,3.3,0.31,6.79,8.59,3.4,0.27,7.08,9.54,2.3,0.22,7.36,9.84,2.4,0.29
6.8,9.43,3.2,0.24,7.08,9.54,2.3,0.22,7.36,9.84,2.4,0.29,6.89,9.31,3.1,0.29
6.77,9.02,4.5,0.25,7.36,9.84,2.4,0.29,6.89,9.31,3.1,0.29,6.92,9.19,3.8,0.3
6.75,9.34,5.3,0.26,6.89,9.31,3.1,0.29,6.92,9.19,3.8,0.3,6.86,9.49,3.4,0.23
6.77,9.39,3.9,0.26,6.92,9.19,3.8,0.3,6.86,9.49,3.4,0.23,6.95,8.67,3.3,0.31
6.8,8.95,4.5,0.25,6.86,9.49,3.4,0.23,6.95,8.67,3.3,0.31,6.8,9.43,3.2,0.24
6.72,9.59,4.2,0.26,6.95,8.67,3.3,0.31,6.8,9.43,3.2,0.24,6.77,9.02,4.5,0.25
6.84,8.89,5.2,0.23,6.8,9.43,3.2,0.24,6.77,9.02,4.5,0.25,6.75,9.34,5.3,0.26
6.8,9.04,4.3,0.24,6.77,9.02,4.5,0.25,6.75,9.34,5.3,0.26,6.77,9.39,3.9,0.26
6.74,9.38,5.5,0.22,6.75,9.34,5.3,0.26,6.77,9.39,3.9,0.26,6.8,8.95,4.5,0.25
6.72,9.54,4.8,0.27,6.77,9.39,3.9,0.26,6.8,8.95,4.5,0.25,6.72,9.59,4.2,0.26
6.71,9.47,4.7,0.26,6.8,8.95,4.5,0.25,6.72,9.59,4.2,0.26,6.84,8.89,5.2,0.23
6.79,9.11,4.4,0.26,6.72,9.59,4.2,0.26,6.84,8.89,5.2,0.23,6.8,9.04,4.3,0.24
6.79,9.06,4.8,0.26,6.84,8.89,5.2,0.23,6.8,9.04,4.3,0.24,6.74,9.38,5.5,0.22
6.71,9.48,5.1,0.28,6.8,9.04,4.3,0.24,6.74,9.38,5.5,0.22,6.72,9.54,4.8,0.27
6.7,9.28,5.7,0.28,6.74,9.38,5.5,0.22,6.72,9.54,4.8,0.27,6.71,9.47,4.7,0.26
6.74,8.84,5.8,0.28,6.72,9.54,4.8,0.27,6.71,9.47,4.7,0.26,6.79,9.11,4.4,0.26
6.76,8.72,5.8,0.27,6.71,9.47,4.7,0.26,6.79,9.11,4.4,0.26,6.79,9.06,4.8,0.26
6.8,9.04,6.2,0.28,6.79,9.11,4.4,0.26,6.79,9.06,4.8,0.26,6.71,9.48,5.1,0.28
6.69,8.19,6.5,0.37,6.79,9.06,4.8,0.26,6.71,9.48,5.1,0.28,6.7,9.28,5.7,0.28
7.08,8.96,5.6,0.34,6.71,9.48,5.1,0.28,6.7,9.28,5.7,0.28,6.74,8.84,5.8,0.28
7.26,9.08,5.7,0.28,6.7,9.28,5.7,0.28,6.74,8.84,5.8,0.28,6.76,8.72,5.8,0.27
7.39,9.15,7.1,0.28,6.74,8.84,5.8,0.28,6.76,8.72,5.8,0.27,6.8,9.04,6.2,0.28
7.65,8.25,7.8,0.34,6.76,8.72,5.8,0.27,6.8,9.04,6.2,0.28,6.69,8.19,6.5,0.37
7.47,7.4,8.1,0.31,6.8,9.04,6.2,0.28,6.69,8.19,6.5,0.37,7.08,8.96,5.6,0.34
6.82,8.36,7.3,0.32,6.69,8.19,6.5,0.37,7.08,8.96,5.6,0.34,7.26,9.08,5.7,0.28
7.06,8.34,5.3,0.31,7.08,8.96,5.6,0.34,7.26,9.08,5.7,0.28,7.39,9.15,7.1,0.28
7.15,8.65,4.2,0.27,7.26,9.08,5.7,0.28,7.39,9.15,7.1,0.28,7.65,8.25,7.8,0.34
7.25,8.04,4.3,0.31,7.39,9.15,7.1,0.28,7.65,8.25,7.8,0.34,7.47,7.4,8.1,0.31
7.19,7.85,5.1,0.31,7.65,8.25,7.8,0.34,7.47,7.4,8.1,0.31,6.82,8.36,7.3,0.32
7.27,8.6,4.9,0.3,7.47,7.4,8.1,0.31,6.82,8.36,7.3,0.32,7.06,8.34,5.3,0.31
7.08,7.93,5.0,0.29,6.82,8.36,7.3,0.32,7.06,8.34,5.3,0.31,7.15,8.65,4.2,0.27
7.06,8.07,6.3,0.32,7.06,8.34,5.3,0.31,7.15,8.65,4.2,0.27,7.25,8.04,4.3,0.31
6.82,7.6,5.8,0.28,7.15,8.65,4.2,0.27,7.25,8.04,4.3,0.31,7.19,7.85,5.1,0.31
7.14,7.22,7.0,0.15,7.25,8.04,4.3,0.31,7.19,7.85,5.1,0.31,7.27,8.6,4.9,0.3
7.21,7.63,11.8,0.08,7.19,7.85,5.1,0.31,7.27,8.6,4.9,0.3,7.08,7.93,5.0,0.29
7.27,7.69,11.9,0.19,7.27,8.6,4.9,0.3,7.08,7.93,5.0,0.29,7.06,8.07,6.3,0.32
7.18,7.55,15.5,0.22,7.08,7.93,5.0,0.29,7.06,8.07,6.3,0.32,6.82,7.6,5.8,0.28
7.12,7.79,14.5,0.22,7.06,8.07,6.3,0.32,6.82,7.6,5.8,0.28,7.14,7.22,7.0,0.15
7.03,8.36,12.0,0.23,6.82,7.6,5.8,0.28,7.14,7.22,7.0,0.15,7.21,7.63,11.8,0.08
6.93,8.48,9.9,0.24,7.14,7.22,7.0,0.15,7.21,7.63,11.8,0.08,7.27,7.69,11.9,0.19
6.81,8.58,8.2,0.2,7.21,7.63,11.8,0.08,7.27,7.69,11.9,0.19,7.18,7.55,15.5,0.22
6.86,8.89,6.7,0.22,7.27,7.69,11.9,0.19,7.18,7.55,15.5,0.22,7.12,7.79,14.5,0.22
6.76,8.84,7.3,0.23,7.18,7.55,15.5,0.22,7.12,7.79,14.5,0.22,7.03,8.36,12.0,0.23
6.86,8.6,6.6,0.36,7.12,7.79,14.5,0.22,7.03,8.36,12.0,0.23,6.93,8.48,9.9,0.24
6.91,8.64,7.0,0.4,7.03,8.36,12.0,0.23,6.93,8.48,9.9,0.24,6.81,8.58,8.2,0.2
6.75,7.92,7.3,0.32,6.93,8.48,9.9,0.24,6.81,8.58,8.2,0.2,6.86,8.89,6.7,0.22
6.7,8.47,6.5,0.2861344537815124,6.81,8.58,8.2,0.2,6.86,8.89,6.7,0.22,6.76,8.84,7.3,0.23
6.69,8.38,4.6,0.14,6.86,8.89,6.7,0.22,6.76,8.84,7.3,0.23,6.86,8.6,6.6,0.36
6.73,8.61,3.6,0.14,6.76,8.84,7.3,0.23,6.86,8.6,6.6,0.36,6.91,8.64,7.0,0.4
6.63,9.12,6.7,0.11,6.86,8.6,6.6,0.36,6.91,8.64,7.0,0.4,6.75,7.92,7.3,0.32
6.59,9.05,6.9,0.18,6.91,8.64,7.0,0.4,6.75,7.92,7.3,0.32,6.7,8.47,6.5,0.2861344537815124
6.76,9.42,6.6,0.17,6.75,7.92,7.3,0.32,6.7,8.47,6.5,0.2861344537815124,6.69,8.38,4.6,0.14
6.77,8.98,5.3,0.07,6.7,8.47,6.5,0.2861344537815124,6.69,8.38,4.6,0.14,6.73,8.61,3.6,0.14
6.81,8.31,5.1,0.07,6.69,8.38,4.6,0.14,6.73,8.61,3.6,0.14,6.63,9.12,6.7,0.11
6.82,7.86,6.7,0.1,6.73,8.61,3.6,0.14,6.63,9.12,6.7,0.11,6.59,9.05,6.9,0.18
6.8,7.53,7.1,0.12,6.63,9.12,6.7,0.11,6.59,9.05,6.9,0.18,6.76,9.42,6.6,0.17
6.8,7.38,9.1,0.1,6.59,9.05,6.9,0.18,6.76,9.42,6.6,0.17,6.77,8.98,5.3,0.07
6.79,7.27,9.6,0.09,6.76,9.42,6.6,0.17,6.77,8.98,5.3,0.07,6.81,8.31,5.1,0.07
6.82,7.36,8.5,0.09,6.77,8.98,5.3,0.07,6.81,8.31,5.1,0.07,6.82,7.86,6.7,0.1
6.81,7.43,7.5,0.19,6.81,8.31,5.1,0.07,6.82,7.86,6.7,0.1,6.8,7.53,7.1,0.12
6.83,7.51,7.2,0.19,6.82,7.86,6.7,0.1,6.8,7.53,7.1,0.12,6.8,7.38,9.1,0.1
6.83,7.51,8.5,0.18,6.8,7.53,7.1,0.12,6.8,7.38,9.1,0.1,6.79,7.27,9.6,0.09
6.83,7.51,8.4,0.19,6.8,7.38,9.1,0.1,6.79,7.27,9.6,0.09,6.82,7.36,8.5,0.09
6.94,7.78,6.1,0.19,6.79,7.27,9.6,0.09,6.82,7.36,8.5,0.09,6.81,7.43,7.5,0.19
6.93,8.28,5.0,0.2,6.82,7.36,8.5,0.09,6.81,7.43,7.5,0.19,6.83,7.51,7.2,0.19
6.96,8.23,4.4,0.2,6.81,7.43,7.5,0.19,6.83,7.51,7.2,0.19,6.83,7.51,8.5,0.18
6.97,8.3,5.0,0.2,6.83,7.51,7.2,0.19,6.83,7.51,8.5,0.18,6.83,7.51,8.4,0.19
6.97,8.33,5.0,0.2,6.83,7.51,8.5,0.18,6.83,7.51,8.4,0.19,6.94,7.78,6.1,0.19
6.97,8.32,5.7,0.24,6.83,7.51,8.4,0.19,6.94,7.78,6.1,0.19,6.93,8.28,5.0,0.2
7.0,8.7,6.3,0.22,6.94,7.78,6.1,0.19,6.93,8.28,5.0,0.2,6.96,8.23,4.4,0.2
6.99,8.57,6.5,0.22,6.93,8.28,5.0,0.2,6.96,8.23,4.4,0.2,6.97,8.3,5.0,0.2
6.94,8.6,6.2,0.23,6.96,8.23,4.4,0.2,6.97,8.3,5.0,0.2,6.97,8.33,5.0,0.2
6.94,8.41,6.4,0.22,6.97,8.3,5.0,0.2,6.97,8.33,5.0,0.2,6.97,8.32,5.7,0.24
6.74,9.45,7.8,0.2,6.97,8.33,5.0,0.2,6.97,8.32,5.7,0.24,7.0,8.7,6.3,0.22
6.75,8.67,7.7,0.19,6.97,8.32,5.7,0.24,7.0,8.7,6.3,0.22,6.99,8.57,6.5,0.22
6.85,7.28,7.7,0.19,7.0,8.7,6.3,0.22,6.99,8.57,6.5,0.22,6.94,8.6,6.2,0.23
6.9,7.36,9.0,0.18,6.99,8.57,6.5,0.22,6.94,8.6,6.2,0.23,6.94,8.41,6.4,0.22
6.92,7.05,9.2,0.18,6.94,8.6,6.2,0.23,6.94,8.41,6.4,0.22,6.74,9.45,7.8,0.2
6.88,6.77,9.5,0.14,6.94,8.41,6.4,0.22,6.74,9.45,7.8,0.2,6.75,8.67,7.7,0.19
7.148895104895101,8.975952380952384,6.830252100840341,0.2861344537815124,6.74,9.45,7.8,0.2,6.75,8.67,7.7,0.19,6.85,7.28,7.7,0.19
7.148895104895101,8.975952380952384,6.830252100840341,0.2861344537815124,6.75,8.67,7.7,0.19,6.85,7.28,7.7,0.19,6.9,7.36,9.0,0.18
7.18,6.1,9.5,0.13,6.85,7.28,7.7,0.19,6.9,7.36,9.0,0.18,6.92,7.05,9.2,0.18
7.51,5.83,9.7,0.19,6.9,7.36,9.0,0.18,6.92,7.05,9.2,0.18,6.88,6.77,9.5,0.14
7.5,5.74,9.8,0.21,6.92,7.05,9.2,0.18,6.88,6.77,9.5,0.14,7.148895104895101,8.975952380952384,6.830252100840341,0.2861344537815124
7.25,6.12,9.9,0.26,6.88,6.77,9.5,0.14,7.148895104895101,8.975952380952384,6.830252100840341,0.2861344537815124,7.148895104895101,8.975952380952384,6.830252100840341,0.2861344537815124
7.11,6.27,9.6,0.28,7.148895104895101,8.975952380952384,6.830252100840341,0.2861344537815124,7.148895104895101,8.975952380952384,6.830252100840341,0.2861344537815124,7.18,6.1,9.5,0.13
7.09,6.08,9.8,0.28,7.148895104895101,8.975952380952384,6.830252100840341,0.2861344537815124,7.18,6.1,9.5,0.13,7.51,5.83,9.7,0.19
7.17,6.38,9.8,0.37,7.18,6.1,9.5,0.13,7.51,5.83,9.7,0.19,7.5,5.74,9.8,0.21
7.15,6.44,9.9,0.35,7.51,5.83,9.7,0.19,7.5,5.74,9.8,0.21,7.25,6.12,9.9,0.26
7.1,6.56,9.6,0.35,7.5,5.74,9.8,0.21,7.25,6.12,9.9,0.26,7.11,6.27,9.6,0.28
7.17,6.87,7.4,0.3,7.25,6.12,9.9,0.26,7.11,6.27,9.6,0.28,7.09,6.08,9.8,0.28
7.12,6.99,6.1,0.39,7.11,6.27,9.6,0.28,7.09,6.08,9.8,0.28,7.17,6.38,9.8,0.37
7.1,7.17,6.3,0.38,7.09,6.08,9.8,0.28,7.17,6.38,9.8,0.37,7.15,6.44,9.9,0.35
7.06,7.71,7.3,0.39,7.17,6.38,9.8,0.37,7.15,6.44,9.9,0.35,7.1,6.56,9.6,0.35
6.99,8.91,6.2,0.39,7.15,6.44,9.9,0.35,7.1,6.56,9.6,0.35,7.17,6.87,7.4,0.3
7.0,9.72,6.9,0.27,7.1,6.56,9.6,0.35,7.17,6.87,7.4,0.3,7.12,6.99,6.1,0.39
7.07,9.01,6.0,0.22,7.17,6.87,7.4,0.3,7.12,6.99,6.1,0.39,7.1,7.17,6.3,0.38
6.94,9.74,10.4,0.22,7.12,6.99,6.1,0.39,7.1,7.17,6.3,0.38,7.06,7.71,7.3,0.39
7.02,6.48,10.2,0.21,7.1,7.17,6.3,0.38,7.06,7.71,7.3,0.39,6.99,8.91,6.2,0.39
7.07,5.09,10.8,0.22,7.06,7.71,7.3,0.39,6.99,8.91,6.2,0.39,7.0,9.72,6.9,0.27
7.16,4.99,9.4,0.2,6.99,8.91,6.2,0.39,7.0,9.72,6.9,0.27,7.07,9.01,6.0,0.22
7.148895104895101,8.975952380952384,6.830252100840341,0.2861344537815124,7.0,9.72,6.9,0.27,7.07,9.01,6.0,0.22,6.94,9.74,10.4,0.22
6.85,9.77,8.7,0.22,7.07,9.01,6.0,0.22,6.94,9.74,10.4,0.22,7.02,6.48,10.2,0.21
6.95,9.54,8.4,0.21,6.94,9.74,10.4,0.22,7.02,6.48,10.2,0.21,7.07,5.09,10.8,0.22
7.148895104895101,8.975952380952384,6.830252100840341,0.2861344537815124,7.02,6.48,10.2,0.21,7.07,5.09,10.8,0.22,7.16,4.99,9.4,0.2
6.95,7.78,9.5,0.18,7.07,5.09,10.8,0.22,7.16,4.99,9.4,0.2,7.148895104895101,8.975952380952384,6.830252100840341,0.2861344537815124
6.95,7.38,9.7,0.26,7.16,4.99,9.4,0.2,7.148895104895101,8.975952380952384,6.830252100840341,0.2861344537815124,6.85,9.77,8.7,0.22
7.148895104895101,8.975952380952384,6.830252100840341,0.2861344537815124,7.148895104895101,8.975952380952384,6.830252100840341,0.2861344537815124,6.85,9.77,8.7,0.22,6.95,9.54,8.4,0.21
6.87,6.37,10.0,0.31,6.85,9.77,8.7,0.22,6.95,9.54,8.4,0.21,7.148895104895101,8.975952380952384,6.830252100840341,0.2861344537815124
6.9,6.02,8.8,0.25,6.95,9.54,8.4,0.21,7.148895104895101,8.975952380952384,6.830252100840341,0.2861344537815124,6.95,7.78,9.5,0.18
6.88,6.11,8.5,0.18,7.148895104895101,8.975952380952384,6.830252100840341,0.2861344537815124,6.95,7.78,9.5,0.18,6.95,7.38,9.7,0.26
6.88,6.16,7.8,0.2,6.95,7.78,9.5,0.18,6.95,7.38,9.7,0.26,7.148895104895101,8.975952380952384,6.830252100840341,0.2861344537815124
6.85,5.77,7.1,0.22,6.95,7.38,9.7,0.26,7.148895104895101,8.975952380952384,6.830252100840341,0.2861344537815124,6.87,6.37,10.0,0.31
6.89,5.14,7.3,0.21,7.148895104895101,8.975952380952384,6.830252100840341,0.2861344537815124,6.87,6.37,10.0,0.31,6.9,6.02,8.8,0.25
6.84,5.28,7.3,0.14,6.87,6.37,10.0,0.31,6.9,6.02,8.8,0.25,6.88,6.11,8.5,0.18
7.3,5.73,7.3,0.24,6.9,6.02,8.8,0.25,6.88,6.11,8.5,0.18,6.88,6.16,7.8,0.2
7.36,6.16,7.7,0.19,6.88,6.11,8.5,0.18,6.88,6.16,7.8,0.2,6.85,5.77,7.1,0.22
6.81,6.96,8.2,0.24,6.88,6.16,7.8,0.2,6.85,5.77,7.1,0.22,6.89,5.14,7.3,0.21
6.74,8.06,8.9,0.24,6.85,5.77,7.1,0.22,6.89,5.14,7.3,0.21,6.84,5.28,7.3,0.14
7.148895104895101,8.975952380952384,6.830252100840341,0.2861344537815124,6.89,5.14,7.3,0.21,6.84,5.28,7.3,0.14,7.3,5.73,7.3,0.24
6.74,9.45,7.4,0.27,6.84,5.28,7.3,0.14,7.3,5.73,7.3,0.24,7.36,6.16,7.7,0.19
6.83,9.98,7.5,0.28,7.3,5.73,7.3,0.24,7.36,6.16,7.7,0.19,6.81,6.96,8.2,0.24
6.95,9.07,6.3,0.28,7.36,6.16,7.7,0.19,6.81,6.96,8.2,0.24,6.74,8.06,8.9,0.24
7.06,7.32,8.2,0.31,6.81,6.96,8.2,0.24,6.74,8.06,8.9,0.24,7.148895104895101,8.975952380952384,6.830252100840341,0.2861344537815124
6.99,10.0,11.0,0.28,6.74,8.06,8.9,0.24,7.148895104895101,8.975952380952384,6.830252100840341,0.2861344537815124,6.74,9.45,7.4,0.27
6.89,8.92,12.8,0.26,7.148895104895101,8.975952380952384,6.830252100840341,0.2861344537815124,6.74,9.45,7.4,0.27,6.83,9.98,7.5,0.28
7.148895104895101,8.975952380952384,6.830252100840341,0.2861344537815124,6.74,9.45,7.4,0.27,6.83,9.98,7.5,0.28,6.95,9.07,6.3,0.28
6.94,7.37,10.8,0.15,6.83,9.98,7.5,0.28,6.95,9.07,6.3,0.28,7.06,7.32,8.2,0.31
7.01,7.01,9.4,0.2,6.95,9.07,6.3,0.28,7.06,7.32,8.2,0.31,6.99,10.0,11.0,0.28
7.148895104895101,8.975952380952384,6.830252100840341,0.2861344537815124,7.06,7.32,8.2,0.31,6.99,10.0,11.0,0.28,6.89,8.92,12.8,0.26
6.95,7.12,5.8,0.28,6.99,10.0,11.0,0.28,6.89,8.92,12.8,0.26,7.148895104895101,8.975952380952384,6.830252100840341,0.2861344537815124
6.99,6.9,4.1,0.26,6.89,8.92,12.8,0.26,7.148895104895101,8.975952380952384,6.830252100840341,0.2861344537815124,6.94,7.37,10.8,0.15
6.85,6.53,3.8,0.29,7.148895104895101,8.975952380952384,6.830252100840341,0.2861344537815124,6.94,7.37,10.8,0.15,7.01,7.01,9.4,0.2
7.148895104895101,8.975952380952384,6.830252100840341,0.2861344537815124,6.94,7.37,10.8,0.15,7.01,7.01,9.4,0.2,7.148895104895101,8.975952380952384,6.830252100840341,0.2861344537815124
7.22,5.54,4.5,0.25,7.01,7.01,9.4,0.2,7.148895104895101,8.975952380952384,6.830252100840341,0.2861344537815124,6.95,7.12,5.8,0.28
7.23,7.44,9.5,0.22,7.148895104895101,8.975952380952384,6.830252100840341,0.2861344537815124,6.95,7.12,5.8,0.28,6.99,6.9,4.1,0.26
7.148895104895101,8.975952380952384,6.830252100840341,0.2861344537815124,6.95,7.12,5.8,0.28,6.99,6.9,4.1,0.26,6.85,6.53,3.8,0.29
7.148895104895101,8.975952380952384,6.830252100840341,0.2861344537815124,6.99,6.9,4.1,0.26,6.85,6.53,3.8,0.29,7.148895104895101,8.975952380952384,6.830252100840341,0.2861344537815124
7.148895104895101,8.975952380952384,6.830252100840341,0.2861344537815124,6.85,6.53,3.8,0.29,7.148895104895101,8.975952380952384,6.830252100840341,0.2861344537815124,7.22,5.54,4.5,0.25
7.148895104895101,8.975952380952384,6.830252100840341,0.2861344537815124,7.148895104895101,8.975952380952384,6.830252100840341,0.2861344537815124,7.22,5.54,4.5,0.25,7.23,7.44,9.5,0.22
7.148895104895101,8.975952380952384,6.830252100840341,0.2861344537815124,7.22,5.54,4.5,0.25,7.23,7.44,9.5,0.22,7.148895104895101,8.975952380952384,6.830252100840341,0.2861344537815124
7.148895104895101,8.975952380952384,6.830252100840341,0.2861344537815124,7.23,7.44,9.5,0.22,7.148895104895101,8.975952380952384,6.830252100840341,0.2861344537815124,7.148895104895101,8.975952380952384,6.830252100840341,0.2861344537815124
7.148895104895101,8.975952380952384,6.830252100840341,0.2861344537815124,7.148895104895101,8.975952380952384,6.830252100840341,0.2861344537815124,7.148895104895101,8.975952380952384,6.830252100840341,0.2861344537815124,7.148895104895101,8.975952380952384,6.830252100840341,0.2861344537815124
7.148895104895101,8.975952380952384,6.830252100840341,0.2861344537815124,7.148895104895101,8.975952380952384,6.830252100840341,0.2861344537815124,7.148895104895101,8.975952380952384,6.830252100840341,0.2861344537815124,7.148895104895101,8.975952380952384,6.830252100840341,0.2861344537815124
7.148895104895101,8.975952380952384,6.830252100840341,0.2861344537815124,7.148895104895101,8.975952380952384,6.830252100840341,0.2861344537815124,7.148895104895101,8.975952380952384,6.830252100840341,0.2861344537815124,7.148895104895101,8.975952380952384,6.830252100840341,0.2861344537815124
7.148895104895101,8.975952380952384,6.830252100840341,0.2861344537815124,7.148895104895101,8.975952380952384,6.830252100840341,0.2861344537815124,7.148895104895101,8.975952380952384,6.830252100840341,0.2861344537815124,7.148895104895101,8.975952380952384,6.830252100840341,0.2861344537815124
7.148895104895101,8.975952380952384,6.830252100840341,0.2861344537815124,7.148895104895101,8.975952380952384,6.830252100840341,0.2861344537815124,7.148895104895101,8.975952380952384,6.830252100840341,0.2861344537815124,7.148895104895101,8.975952380952384,6.830252100840341,0.2861344537815124
7.14,11.0,5.2,0.27,7.148895104895101,8.975952380952384,6.830252100840341,0.2861344537815124,7.148895104895101,8.975952380952384,6.830252100840341,0.2861344537815124,7.148895104895101,8.975952380952384,6.830252100840341,0.2861344537815124
7.148895104895101,8.975952380952384,6.830252100840341,0.2861344537815124,7.148895104895101,8.975952380952384,6.830252100840341,0.2861344537815124,7.148895104895101,8.975952380952384,6.830252100840341,0.2861344537815124,7.148895104895101,8.975952380952384,6.830252100840341,0.2861344537815124
7.16,9.68,4.7,0.31,7.148895104895101,8.975952380952384,6.830252100840341,0.2861344537815124,7.148895104895101,8.975952380952384,6.830252100840341,0.2861344537815124,7.148895104895101,8.975952380952384,6.830252100840341,0.2861344537815124
7.1,9.15,4.1,0.26,7.148895104895101,8.975952380952384,6.830252100840341,0.2861344537815124,7.148895104895101,8.975952380952384,6.830252100840341,0.2861344537815124,7.148895104895101,8.975952380952384,6.830252100840341,0.2861344537815124
7.3,3.43,1.7,0.24,7.148895104895101,8.975952380952384,6.830252100840341,0.2861344537815124,7.148895104895101,8.975952380952384,6.830252100840341,0.2861344537815124,7.14,11.0,5.2,0.27
7.148895104895101,8.975952380952384,6.830252100840341,0.2861344537815124,7.148895104895101,8.975952380952384,6.830252100840341,0.2861344537815124,7.14,11.0,5.2,0.27,7.148895104895101,8.975952380952384,6.830252100840341,0.2861344537815124
7.148895104895101,8.975952380952384,6.830252100840341,0.2861344537815124,7.14,11.0,5.2,0.27,7.148895104895101,8.975952380952384,6.830252100840341,0.2861344537815124,7.16,9.68,4.7,0.31
7.24,11.1,5.5,0.24,7.148895104895101,8.975952380952384,6.830252100840341,0.2861344537815124,7.16,9.68,4.7,0.31,7.1,9.15,4.1,0.26
7.28,11.2,2.5,0.25,7.16,9.68,4.7,0.31,7.1,9.15,4.1,0.26,7.3,3.43,1.7,0.24
7.148895104895101,8.975952380952384,6.830252100840341,0.2861344537815124,7.1,9.15,4.1,0.26,7.3,3.43,1.7,0.24,7.148895104895101,8.975952380952384,6.830252100840341,0.2861344537815124
7.14,10.1,3.9,0.18,7.3,3.43,1.7,0.24,7.148895104895101,8.975952380952384,6.830252100840341,0.2861344537815124,7.148895104895101,8.975952380952384,6.830252100840341,0.2861344537815124
7.14,9.35,4.8,0.17,7.148895104895101,8.975952380952384,6.830252100840341,0.2861344537815124,7.148895104895101,8.975952380952384,6.830252100840341,0.2861344537815124,7.24,11.1,5.5,0.24
7.148895104895101,8.975952380952384,6.830252100840341,0.2861344537815124,7.148895104895101,8.975952380952384,6.830252100840341,0.2861344537815124,7.24,11.1,5.5,0.24,7.28,11.2,2.5,0.25
7.12,8.78,3.8,0.19,7.24,11.1,5.5,0.24,7.28,11.2,2.5,0.25,7.148895104895101,8.975952380952384,6.830252100840341,0.2861344537815124
7.148895104895101,8.975952380952384,6.830252100840341,0.2861344537815124,7.28,11.2,2.5,0.25,7.148895104895101,8.975952380952384,6.830252100840341,0.2861344537815124,7.14,10.1,3.9,0.18
7.148895104895101,8.975952380952384,6.830252100840341,0.2861344537815124,7.148895104895101,8.975952380952384,6.830252100840341,0.2861344537815124,7.14,10.1,3.9,0.18,7.14,9.35,4.8,0.17
7.26,9.16,3.5,0.17,7.14,10.1,3.9,0.18,7.14,9.35,4.8,0.17,7.148895104895101,8.975952380952384,6.830252100840341,0.2861344537815124
7.148895104895101,8.975952380952384,6.830252100840341,0.2861344537815124,7.14,9.35,4.8,0.17,7.148895104895101,8.975952380952384,6.830252100840341,0.2861344537815124,7.12,8.78,3.8,0.19
7.148895104895101,8.975952380952384,6.830252100840341,0.2861344537815124,7.148895104895101,8.975952380952384,6.830252100840341,0.2861344537815124,7.12,8.78,3.8,0.19,7.148895104895101,8.975952380952384,6.830252100840341,0.2861344537815124
7.64,9.09,6.830252100840341,0.35,7.12,8.78,3.8,0.19,7.148895104895101,8.975952380952384,6.830252100840341,0.2861344537815124,7.148895104895101,8.975952380952384,6.830252100840341,0.2861344537815124
7.4,9.28,4.5,0.35,7.148895104895101,8.975952380952384,6.830252100840341,0.2861344537815124,7.148895104895101,8.975952380952384,6.830252100840341,0.2861344537815124,7.26,9.16,3.5,0.17
7.148895104895101,8.975952380952384,6.830252100840341,0.2861344537815124,7.148895104895101,8.975952380952384,6.830252100840341,0.2861344537815124,7.26,9.16,3.5,0.17,7.148895104895101,8.975952380952384,6.830252100840341,0.2861344537815124
7.48,9.26,4.4,0.24,7.26,9.16,3.5,0.17,7.148895104895101,8.975952380952384,6.830252100840341,0.2861344537815124,7.148895104895101,8.975952380952384,6.830252100840341,0.2861344537815124
7.46,9.24,5.7,0.2,7.148895104895101,8.975952380952384,6.830252100840341,0.2861344537815124,7.148895104895101,8.975952380952384,6.830252100840341,0.2861344537815124,7.64,9.09,6.830252100840341,0.35
7.36,10.1,5.2,0.32,7.148895104895101,8.975952380952384,6.830252100840341,0.2861344537815124,7.64,9.09,6.830252100840341,0.35,7.4,9.28,4.5,0.35
7.14,10.3,4.0,0.3,7.64,9.09,6.830252100840341,0.35,7.4,9.28,4.5,0.35,7.148895104895101,8.975952380952384,6.830252100840341,0.2861344537815124
7.16,10.2,4.0,0.24,7.4,9.28,4.5,0.35,7.148895104895101,8.975952380952384,6.830252100840341,0.2861344537815124,7.48,9.26,4.4,0.24
7.18,10.1,3.2,0.15,7.148895104895101,8.975952380952384,6.830252100840341,0.2861344537815124,7.48,9.26,4.4,0.24,7.46,9.24,5.7,0.2
7.45,7.12,2.0,0.17,7.48,9.26,4.4,0.24,7.46,9.24,5.7,0.2,7.36,10.1,5.2,0.32
7.29,10.0,5.5,0.24,7.46,9.24,5.7,0.2,7.36,10.1,5.2,0.32,7.14,10.3,4.0,0.3
7.34,8.76,6.1,0.21,7.36,10.1,5.2,0.32,7.14,10.3,4.0,0.3,7.16,10.2,4.0,0.24
7.31,7.81,5.8,0.69,7.14,10.3,4.0,0.3,7.16,10.2,4.0,0.24,7.18,10.1,3.2,0.15
7.148895104895101,8.975952380952384,6.830252100840341,0.2861344537815124,7.16,10.2,4.0,0.24,7.18,10.1,3.2,0.15,7.45,7.12,2.0,0.17
7.4,7.49,7.6,0.18,7.18,10.1,3.2,0.15,7.45,7.12,2.0,0.17,7.29,10.0,5.5,0.24
7.148895104895101,8.975952380952384,6.830252100840341,0.2861344537815124,7.45,7.12,2.0,0.17,7.29,10.0,5.5,0.24,7.34,8.76,6.1,0.21
7.5,7.21,4.6,0.27,7.29,10.0,5.5,0.24,7.34,8.76,6.1,0.21,7.31,7.81,5.8,0.69
7.148895104895101,8.975952380952384,6.830252100840341,0.2861344537815124,7.34,8.76,6.1,0.21,7.31,7.81,5.8,0.69,7.148895104895101,8.975952380952384,6.830252100840341,0.2861344537815124
7.148895104895101,8.975952380952384,6.830252100840341,0.2861344537815124,7.31,7.81,5.8,0.69,7.148895104895101,8.975952380952384,6.830252100840341,0.2861344537815124,7.4,7.49,7.6,0.18
7.148895104895101,8.975952380952384,6.830252100840341,0.2861344537815124,7.148895104895101,8.975952380952384,6.830252100840341,0.2861344537815124,7.4,7.49,7.6,0.18,7.148895104895101,8.975952380952384,6.830252100840341,0.2861344537815124
7.148895104895101,8.975952380952384,6.830252100840341,0.2861344537815124,7.4,7.49,7.6,0.18,7.148895104895101,8.975952380952384,6.830252100840341,0.2861344537815124,7.5,7.21,4.6,0.27
7.148895104895101,8.975952380952384,6.830252100840341,0.2861344537815124,7.148895104895101,8.975952380952384,6.830252100840341,0.2861344537815124,7.5,7.21,4.6,0.27,7.148895104895101,8.975952380952384,6.830252100840341,0.2861344537815124
7.148895104895101,8.975952380952384,6.830252100840341,0.2861344537815124,7.5,7.21,4.6,0.27,7.148895104895101,8.975952380952384,6.830252100840341,0.2861344537815124,7.148895104895101,8.975952380952384,6.830252100840341,0.2861344537815124
7.41,7.32,14.8,0.37,7.148895104895101,8.975952380952384,6.830252100840341,0.2861344537815124,7.148895104895101,8.975952380952384,6.830252100840341,0.2861344537815124,7.148895104895101,8.975952380952384,6.830252100840341,0.2861344537815124
6.9,8.29,8.0,0.32,7.148895104895101,8.975952380952384,6.830252100840341,0.2861344537815124,7.148895104895101,8.975952380952384,6.830252100840341,0.2861344537815124,7.148895104895101,8.975952380952384,6.830252100840341,0.2861344537815124
7.148895104895101,8.975952380952384,6.830252100840341,0.2861344537815124,7.148895104895101,8.975952380952384,6.830252100840341,0.2861344537815124,7.148895104895101,8.975952380952384,6.830252100840341,0.2861344537815124,7.148895104895101,8.975952380952384,6.830252100840341,0.2861344537815124
7.148895104895101,8.975952380952384,6.830252100840341,0.2861344537815124,7.148895104895101,8.975952380952384,6.830252100840341,0.2861344537815124,7.148895104895101,8.975952380952384,6.830252100840341,0.2861344537815124,7.148895104895101,8.975952380952384,6.830252100840341,0.2861344537815124
7.148895104895101,8.975952380952384,6.830252100840341,0.2861344537815124,7.148895104895101,8.975952380952384,6.830252100840341,0.2861344537815124,7.148895104895101,8.975952380952384,6.830252100840341,0.2861344537815124,7.41,7.32,14.8,0.37
6.75,9.16,6.4,0.29,7.148895104895101,8.975952380952384,6.830252100840341,0.2861344537815124,7.41,7.32,14.8,0.37,6.9,8.29,8.0,0.32
7.148895104895101,8.975952380952384,6.830252100840341,0.2861344537815124,7.41,7.32,14.8,0.37,6.9,8.29,8.0,0.32,7.148895104895101,8.975952380952384,6.830252100840341,0.2861344537815124
6.65,10.0,6.1,0.29,6.9,8.29,8.0,0.32,7.148895104895101,8.975952380952384,6.830252100840341,0.2861344537815124,7.148895104895101,8.975952380952384,6.830252100840341,0.2861344537815124
7.148895104895101,8.975952380952384,6.830252100840341,0.2861344537815124,7.148895104895101,8.975952380952384,6.830252100840341,0.2861344537815124,7.148895104895101,8.975952380952384,6.830252100840341,0.2861344537815124,7.148895104895101,8.975952380952384,6.830252100840341,0.2861344537815124
7.148895104895101,8.975952380952384,6.830252100840341,0.2861344537815124,7.148895104895101,8.975952380952384,6.830252100840341,0.2861344537815124,7.148895104895101,8.975952380952384,6.830252100840341,0.2861344537815124,6.75,9.16,6.4,0.29
7.148895104895101,8.975952380952384,6.830252100840341,0.2861344537815124,7.148895104895101,8.975952380952384,6.830252100840341,0.2861344537815124,6.75,9.16,6.4,0.29,7.148895104895101,8.975952380952384,6.830252100840341,0.2861344537815124
7.148895104895101,8.975952380952384,6.830252100840341,0.2861344537815124,6.75,9.16,6.4,0.29,7.148895104895101,8.975952380952384,6.830252100840341,0.2861344537815124,6.65,10.0,6.1,0.29
7.148895104895101,8.975952380952384,6.830252100840341,0.2861344537815124,7.148895104895101,8.975952380952384,6.830252100840341,0.2861344537815124,6.65,10.0,6.1,0.29,7.148895104895101,8.975952380952384,6.830252100840341,0.2861344537815124
7.07,10.8,4.8,0.25,6.65,10.0,6.1,0.29,7.148895104895101,8.975952380952384,6.830252100840341,0.2861344537815124,7.148895104895101,8.975952380952384,6.830252100840341,0.2861344537815124
6.98,9.64,4.6,0.25,7.148895104895101,8.975952380952384,6.830252100840341,0.2861344537815124,7.148895104895101,8.975952380952384,6.830252100840341,0.2861344537815124,7.148895104895101,8.975952380952384,6.830252100840341,0.2861344537815124
6.94,9.07,4.4,0.34,7.148895104895101,8.975952380952384,6.830252100840341,0.2861344537815124,7.148895104895101,8.975952380952384,6.830252100840341,0.2861344537815124,7.148895104895101,8.975952380952384,6.830252100840341,0.2861344537815124
7.148895104895101,8.975952380952384,6.830252100840341,0.2861344537815124,7.148895104895101,8.975952380952384,6.830252100840341,0.2861344537815124,7.148895104895101,8.975952380952384,6.830252100840341,0.2861344537815124,7.148895104895101,8.975952380952384,6.830252100840341,0.2861344537815124
7.148895104895101,8.975952380952384,6.830252100840341,0.2861344537815124,7.148895104895101,8.975952380952384,6.830252100840341,0.2861344537815124,7.148895104895101,8.975952380952384,6.830252100840341,0.2861344537815124,7.07,10.8,4.8,0.25
7.148895104895101,8.975952380952384,6.830252100840341,0.2861344537815124,7.148895104895101,8.975952380952384,6.830252100840341,0.2861344537815124,7.07,10.8,4.8,0.25,6.98,9.64,4.6,0.25
7.148895104895101,8.975952380952384,6.830252100840341,0.2861344537815124,7.07,10.8,4.8,0.25,6.98,9.64,4.6,0.25,6.94,9.07,4.4,0.34
6.98,8.84,3.9,0.21,6.98,9.64,4.6,0.25,6.94,9.07,4.4,0.34,7.148895104895101,8.975952380952384,6.830252100840341,0.2861344537815124
6.9,8.12,3.7,0.26,6.94,9.07,4.4,0.34,7.148895104895101,8.975952380952384,6.830252100840341,0.2861344537815124,7.148895104895101,8.975952380952384,6.830252100840341,0.2861344537815124
