7.58,7.72,6.5,0.03,7.13,4.55,7.1,0.05,7.34,4.25,6.9,0.08,7.45431918008785,7.768748159057434,5.953303964757708,0.5732064421669109
7.67,6.81,5.7,0.04,7.34,4.25,6.9,0.08,7.45431918008785,7.768748159057434,5.953303964757708,0.5732064421669109,7.38,7.56,7.1,0.03
7.7,7.0,5.5,0.1,7.45431918008785,7.768748159057434,5.953303964757708,0.5732064421669109,7.38,7.56,7.1,0.03,7.4,7.12,7.3,0.03
7.6,6.94,5.2,0.3,7.38,7.56,7.1,0.03,7.4,7.12,7.3,0.03,8.02,6.81,6.8,0.03
7.02,7.15,4.9,0.7,7.4,7.12,7.3,0.03,8.02,6.81,6.8,0.03,7.58,7.72,6.5,0.03
7.08,4.73,4.7,0.68,8.02,6.81,6.8,0.03,7.58,7.72,6.5,0.03,7.67,6.81,5.7,0.04
7.29,7.83,4.4,0.58,7.58,7.72,6.5,0.03,7.67,6.81,5.7,0.04,7.7,7.0,5.5,0.1
7.72,8.13,4.2,0.89,7.67,6.81,5.7,0.04,7.7,7.0,5.5,0.1,7.6,6.94,5.2,0.3
8.05,7.4,5.7,0.93,7.7,7.0,5.5,0.1,7.6,6.94,5.2,0.3,7.02,7.15,4.9,0.7
7.69,6.9,5.6,0.73,7.6,6.94,5.2,0.3,7.02,7.15,4.9,0.7,7.08,4.73,4.7,0.68
7.4,6.59,4.2,0.71,7.02,7.15,4.9,0.7,7.08,4.73,4.7,0.68,7.29,7.83,4.4,0.58
7.33,6.69,4.3,1.48,7.08,4.73,4.7,0.68,7.29,7.83,4.4,0.58,7.72,8.13,4.2,0.89
7.35,6.09,4.6,0.5,7.29,7.83,4.4,0.58,7.72,8.13,4.2,0.89,8.05,7.4,5.7,0.93
7.24,5.24,6.5,0.42,7.72,8.13,4.2,0.89,8.05,7.4,5.7,0.93,7.69,6.9,5.6,0.73
7.23,7.52,6.4,0.25,8.05,7.4,5.7,0.93,7.69,6.9,5.6,0.73,7.4,6.59,4.2,0.71
7.14,7.97,6.9,0.17,7.69,6.9,5.6,0.73,7.4,6.59,4.2,0.71,7.33,6.69,4.3,1.48
7.12,6.83,7.0,0.3,7.4,6.59,4.2,0.71,7.33,6.69,4.3,1.48,7.35,6.09,4.6,0.5
7.51,7.14,6.1,0.11,7.33,6.69,4.3,1.48,7.35,6.09,4.6,0.5,7.24,5.24,6.5,0.42
8.24,6.61,7.8,0.21,7.35,6.09,4.6,0.5,7.24,5.24,6.5,0.42,7.23,7.52,6.4,0.25
8.71,5.65,7.4,1.43,7.24,5.24,6.5,0.42,7.23,7.52,6.4,0.25,7.14,7.97,6.9,0.17
7.1,6.04,8.0,0.46,7.23,7.52,6.4,0.25,7.14,7.97,6.9,0.17,7.12,6.83,7.0,0.3
7.45431918008785,7.768748159057434,5.953303964757708,0.5732064421669109,7.14,7.97,6.9,0.17,7.12,6.83,7.0,0.3,7.51,7.14,6.1,0.11
7.45431918008785,7.768748159057434,5.953303964757708,0.5732064421669109,7.12,6.83,7.0,0.3,7.51,7.14,6.1,0.11,8.24,6.61,7.8,0.21
7.45431918008785,7.768748159057434,5.953303964757708,0.5732064421669109,7.51,7.14,6.1,0.11,8.24,6.61,7.8,0.21,8.71,5.65,7.4,1.43
7.2,4.58,6.7,0.15,8.24,6.61,7.8,0.21,8.71,5.65,7.4,1.43,7.1,6.04,8.0,0.46
6.85,4.56,6.9,0.34,8.71,5.65,7.4,1.43,7.1,6.04,8.0,0.46,7.45431918008785,7.768748159057434,5.953303964757708,0.5732064421669109
6.71,4.77,5.5,0.1,7.1,6.04,8.0,0.46,7.45431918008785,7.768748159057434,5.953303964757708,0.5732064421669109,7.45431918008785,7.768748159057434,5.953303964757708,0.5732064421669109
6.11,5.27,6.3,0.06,7.45431918008785,7.768748159057434,5.953303964757708,0.5732064421669109,7.45431918008785,7.768748159057434,5.953303964757708,0.5732064421669109,7.45431918008785,7.768748159057434,5.953303964757708,0.5732064421669109
7.07,5.13,5.6,0.04,7.45431918008785,7.768748159057434,5.953303964757708,0.5732064421669109,7.45431918008785,7.768748159057434,5.953303964757708,0.5732064421669109,7.2,4.58,6.7,0.15
7.51,3.33,5.5,0.07,7.45431918008785,7.768748159057434,5.953303964757708,0.5732064421669109,7.2,4.58,6.7,0.15,6.85,4.56,6.9,0.34
7.51,6.3,7.0,0.22,7.2,4.58,6.7,0.15,6.85,4.56,6.9,0.34,6.71,4.77,5.5,0.1
7.55,5.7,5.1,0.97,6.85,4.56,6.9,0.34,6.71,4.77,5.5,0.1,6.11,5.27,6.3,0.06
7.45431918008785,7.768748159057434,5.953303964757708,0.5732064421669109,6.71,4.77,5.5,0.1,6.11,5.27,6.3,0.06,7.07,5.13,5.6,0.04
7.71,7.58,4.0,0.94,6.11,5.27,6.3,0.06,7.07,5.13,5.6,0.04,7.51,3.33,5.5,0.07
7.63,5.63,3.9,0.63,7.07,5.13,5.6,0.04,7.51,3.33,5.5,0.07,7.51,6.3,7.0,0.22
8.14,4.86,6.6,1.24,7.51,3.33,5.5,0.07,7.51,6.3,7.0,0.22,7.55,5.7,5.1,0.97
7.63,5.94,6.1,0.43,7.51,6.3,7.0,0.22,7.55,5.7,5.1,0.97,7.45431918008785,7.768748159057434,5.953303964757708,0.5732064421669109
7.68,9.54,4.1,0.03,7.55,5.7,5.1,0.97,7.45431918008785,7.768748159057434,5.953303964757708,0.5732064421669109,7.71,7.58,4.0,0.94
7.79,9.76,3.9,0.03,7.45431918008785,7.768748159057434,5.953303964757708,0.5732064421669109,7.71,7.58,4.0,0.94,7.63,5.63,3.9,0.63
7.41,7.99,4.1,0.03,7.71,7.58,4.0,0.94,7.63,5.63,3.9,0.63,8.14,4.86,6.6,1.24
7.33,8.62,4.6,0.68,7.63,5.63,3.9,0.63,8.14,4.86,6.6,1.24,7.63,5.94,6.1,0.43
7.26,6.01,6.1,1.74,8.14,4.86,6.6,1.24,7.63,5.94,6.1,0.43,7.68,9.54,4.1,0.03
7.11,4.95,7.8,0.15,7.63,5.94,6.1,0.43,7.68,9.54,4.1,0.03,7.79,9.76,3.9,0.03
7.0,4.75,10.7,1.51,7.68,9.54,4.1,0.03,7.79,9.76,3.9,0.03,7.41,7.99,4.1,0.03
7.02,5.26,16.6,0.03,7.79,9.76,3.9,0.03,7.41,7.99,4.1,0.03,7.33,8.62,4.6,0.68
7.0,4.89,7.5,0.37,7.41,7.99,4.1,0.03,7.33,8.62,4.6,0.68,7.26,6.01,6.1,1.74
7.25,5.35,6.1,0.34,7.33,8.62,4.6,0.68,7.26,6.01,6.1,1.74,7.11,4.95,7.8,0.15
7.14,5.65,6.4,0.44,7.26,6.01,6.1,1.74,7.11,4.95,7.8,0.15,7.0,4.75,10.7,1.51
7.06,5.26,5.6,0.49,7.11,4.95,7.8,0.15,7.0,4.75,10.7,1.51,7.02,5.26,16.6,0.03
7.02,5.67,5.3,0.38,7.0,4.75,10.7,1.51,7.02,5.26,16.6,0.03,7.0,4.89,7.5,0.37
6.98,5.79,4.9,0.49,7.02,5.26,16.6,0.03,7.0,4.89,7.5,0.37,7.25,5.35,6.1,0.34
6.98,5.79,4.9,0.49,7.0,4.89,7.5,0.37,7.25,5.35,6.1,0.34,7.14,5.65,6.4,0.44
7.45431918008785,7.768748159057434,5.953303964757708,0.5732064421669109,7.25,5.35,6.1,0.34,7.14,5.65,6.4,0.44,7.06,5.26,5.6,0.49
7.15,6.06,4.8,0.5,7.14,5.65,6.4,0.44,7.06,5.26,5.6,0.49,7.02,5.67,5.3,0.38
7.21,6.18,5.0,0.49,7.06,5.26,5.6,0.49,7.02,5.67,5.3,0.38,6.98,5.79,4.9,0.49
6.92,5.05,5.7,0.31,7.02,5.67,5.3,0.38,6.98,5.79,4.9,0.49,6.98,5.79,4.9,0.49
7.02,5.41,4.9,0.4,6.98,5.79,4.9,0.49,6.98,5.79,4.9,0.49,7.45431918008785,7.768748159057434,5.953303964757708,0.5732064421669109
6.84,6.7,6.6,0.5,6.98,5.79,4.9,0.49,7.45431918008785,7.768748159057434,5.953303964757708,0.5732064421669109,7.15,6.06,4.8,0.5
6.43,6.48,6.4,0.48,7.45431918008785,7.768748159057434,5.953303964757708,0.5732064421669109,7.15,6.06,4.8,0.5,7.21,6.18,5.0,0.49
6.84,6.79,5.5,0.48,7.15,6.06,4.8,0.5,7.21,6.18,5.0,0.49,6.92,5.05,5.7,0.31
7.12,6.43,4.9,0.48,7.21,6.18,5.0,0.49,6.92,5.05,5.7,0.31,7.02,5.41,4.9,0.4
6.7,7.0,5.0,0.41,6.92,5.05,5.7,0.31,7.02,5.41,4.9,0.4,6.84,6.7,6.6,0.5
6.77,7.05,5.2,0.45,7.02,5.41,4.9,0.4,6.84,6.7,6.6,0.5,6.43,6.48,6.4,0.48
6.9,7.03,5.2,0.37,6.84,6.7,6.6,0.5,6.43,6.48,6.4,0.48,6.84,6.79,5.5,0.48
6.8,6.95,5.3,0.28,6.43,6.48,6.4,0.48,6.84,6.79,5.5,0.48,7.12,6.43,4.9,0.48
6.96,7.12,5.1,0.27,6.84,6.79,5.5,0.48,7.12,6.43,4.9,0.48,6.7,7.0,5.0,0.41
6.92,7.05,7.9,0.36,7.12,6.43,4.9,0.48,6.7,7.0,5.0,0.41,6.77,7.05,5.2,0.45
7.1,6.46,7.6,0.5,6.7,7.0,5.0,0.41,6.77,7.05,5.2,0.45,6.9,7.03,5.2,0.37
7.96,7.11,7.0,0.11,6.77,7.05,5.2,0.45,6.9,7.03,5.2,0.37,6.8,6.95,5.3,0.28
7.76,8.33,7.2,0.06,6.9,7.03,5.2,0.37,6.8,6.95,5.3,0.28,6.96,7.12,5.1,0.27
7.87,9.89,8.3,0.28,6.8,6.95,5.3,0.28,6.96,7.12,5.1,0.27,6.92,7.05,7.9,0.36
7.84,10.3,7.9,0.08,6.96,7.12,5.1,0.27,6.92,7.05,7.9,0.36,7.1,6.46,7.6,0.5
7.63,10.4,8.4,0.02,6.92,7.05,7.9,0.36,7.1,6.46,7.6,0.5,7.96,7.11,7.0,0.11
7.13,9.36,8.1,0.02,7.1,6.46,7.6,0.5,7.96,7.11,7.0,0.11,7.76,8.33,7.2,0.06
8.0,9.09,8.0,0.02,7.96,7.11,7.0,0.11,7.76,8.33,7.2,0.06,7.87,9.89,8.3,0.28
7.89,7.54,8.0,0.1,7.76,8.33,7.2,0.06,7.87,9.89,8.3,0.28,7.84,10.3,7.9,0.08
7.56,8.26,8.1,0.02,7.87,9.89,8.3,0.28,7.84,10.3,7.9,0.08,7.63,10.4,8.4,0.02
8.85,11.4,8.4,0.09,7.84,10.3,7.9,0.08,7.63,10.4,8.4,0.02,7.13,9.36,8.1,0.02
7.55,5.88,11.4,0.16,7.63,10.4,8.4,0.02,7.13,9.36,8.1,0.02,8.0,9.09,8.0,0.02
7.24,6.38,10.1,0.14,7.13,9.36,8.1,0.02,8.0,9.09,8.0,0.02,7.89,7.54,8.0,0.1
8.05,6.67,11.2,0.03,8.0,9.09,8.0,0.02,7.89,7.54,8.0,0.1,7.56,8.26,8.1,0.02
7.98,6.54,10.7,0.04,7.89,7.54,8.0,0.1,7.56,8.26,8.1,0.02,8.85,11.4,8.4,0.09
8.01,6.83,9.4,0.04,7.56,8.26,8.1,0.02,8.85,11.4,8.4,0.09,7.55,5.88,11.4,0.16
7.06,6.7,8.9,0.12,8.85,11.4,8.4,0.09,7.55,5.88,11.4,0.16,7.24,6.38,10.1,0.14
7.33,6.29,7.2,0.03,7.55,5.88,11.4,0.16,7.24,6.38,10.1,0.14,8.05,6.67,11.2,0.03
7.11,6.46,8.4,0.17,7.24,6.38,10.1,0.14,8.05,6.67,11.2,0.03,7.98,6.54,10.7,0.04
6.6,6.95,7.8,0.21,8.05,6.67,11.2,0.03,7.98,6.54,10.7,0.04,8.01,6.83,9.4,0.04
6.93,7.08,6.9,0.11,7.98,6.54,10.7,0.04,8.01,6.83,9.4,0.04,7.06,6.7,8.9,0.12
6.91,6.56,6.6,0.06,8.01,6.83,9.4,0.04,7.06,6.7,8.9,0.12,7.33,6.29,7.2,0.03
6.78,13.4,7.0,0.04,7.06,6.7,8.9,0.12,7.33,6.29,7.2,0.03,7.11,6.46,8.4,0.17
7.01,6.07,6.5,0.09,7.33,6.29,7.2,0.03,7.11,6.46,8.4,0.17,6.6,6.95,7.8,0.21
6.93,6.67,5.6,0.1,7.11,6.46,8.4,0.17,6.6,6.95,7.8,0.21,6.93,7.08,6.9,0.11
6.96,6.69,5.3,0.1,6.6,6.95,7.8,0.21,6.93,7.08,6.9,0.11,6.91,6.56,6.6,0.06
6.91,8.93,9.9,0.05,6.93,7.08,6.9,0.11,6.91,6.56,6.6,0.06,6.78,13.4,7.0,0.04
6.97,8.69,8.7,0.04,6.91,6.56,6.6,0.06,6.78,13.4,7.0,0.04,7.01,6.07,6.5,0.09
6.98,8.11,7.6,0.06,6.78,13.4,7.0,0.04,7.01,6.07,6.5,0.09,6.93,6.67,5.6,0.1
6.24,5.67,7.4,0.12,7.01,6.07,6.5,0.09,6.93,6.67,5.6,0.1,6.96,6.69,5.3,0.1
7.02,6.01,8.1,0.15,6.93,6.67,5.6,0.1,6.96,6.69,5.3,0.1,6.91,8.93,9.9,0.05
7.25,6.14,7.0,0.11,6.96,6.69,5.3,0.1,6.91,8.93,9.9,0.05,6.97,8.69,8.7,0.04
7.08,6.11,8.0,0.1,6.91,8.93,9.9,0.05,6.97,8.69,8.7,0.04,6.98,8.11,7.6,0.06
7.17,6.1,9.1,0.11,6.97,8.69,8.7,0.04,6.98,8.11,7.6,0.06,6.24,5.67,7.4,0.12
7.24,6.08,8.9,0.1,6.98,8.11,7.6,0.06,6.24,5.67,7.4,0.12,7.02,6.01,8.1,0.15
7.13,5.83,8.4,0.12,6.24,5.67,7.4,0.12,7.02,6.01,8.1,0.15,7.25,6.14,7.0,0.11
7.25,5.93,8.6,0.14,7.02,6.01,8.1,0.15,7.25,6.14,7.0,0.11,7.08,6.11,8.0,0.1
7.27,6.14,8.2,0.11,7.25,6.14,7.0,0.11,7.08,6.11,8.0,0.1,7.17,6.1,9.1,0.11
7.34,6.33,7.5,0.09,7.08,6.11,8.0,0.1,7.17,6.1,9.1,0.11,7.24,6.08,8.9,0.1
7.19,6.03,8.0,0.12,7.17,6.1,9.1,0.11,7.24,6.08,8.9,0.1,7.13,5.83,8.4,0.12
7.4,6.33,7.2,0.12,7.24,6.08,8.9,0.1,7.13,5.83,8.4,0.12,7.25,5.93,8.6,0.14
7.11,6.22,7.3,0.16,7.13,5.83,8.4,0.12,7.25,5.93,8.6,0.14,7.27,6.14,8.2,0.11
7.31,6.44,6.9,0.16,7.25,5.93,8.6,0.14,7.27,6.14,8.2,0.11,7.34,6.33,7.5,0.09
7.24,6.21,7.1,0.12,7.27,6.14,8.2,0.11,7.34,6.33,7.5,0.09,7.19,6.03,8.0,0.12
7.25,6.36,7.1,0.17,7.34,6.33,7.5,0.09,7.19,6.03,8.0,0.12,7.4,6.33,7.2,0.12
7.3,6.45,7.4,0.17,7.19,6.03,8.0,0.12,7.4,6.33,7.2,0.12,7.11,6.22,7.3,0.16
7.34,6.47,7.1,0.09,7.4,6.33,7.2,0.12,7.11,6.22,7.3,0.16,7.31,6.44,6.9,0.16
7.18,5.83,7.3,0.14,7.11,6.22,7.3,0.16,7.31,6.44,6.9,0.16,7.24,6.21,7.1,0.12
7.45431918008785,7.768748159057434,5.953303964757708,0.5732064421669109,7.31,6.44,6.9,0.16,7.24,6.21,7.1,0.12,7.25,6.36,7.1,0.17
7.29,6.92,7.0,0.12,7.24,6.21,7.1,0.12,7.25,6.36,7.1,0.17,7.3,6.45,7.4,0.17
6.95,6.26,6.6,0.17,7.25,6.36,7.1,0.17,7.3,6.45,7.4,0.17,7.34,6.47,7.1,0.09
7.24,6.53,6.1,0.12,7.3,6.45,7.4,0.17,7.34,6.47,7.1,0.09,7.18,5.83,7.3,0.14
7.28,6.5,5.8,0.1,7.34,6.47,7.1,0.09,7.18,5.83,7.3,0.14,7.45431918008785,7.768748159057434,5.953303964757708,0.5732064421669109
7.28,6.5,5.8,0.1,7.18,5.83,7.3,0.14,7.45431918008785,7.768748159057434,5.953303964757708,0.5732064421669109,7.29,6.92,7.0,0.12
7.04,6.32,5.5,0.24,7.45431918008785,7.768748159057434,5.953303964757708,0.5732064421669109,7.29,6.92,7.0,0.12,6.95,6.26,6.6,0.17
7.35,6.18,5.4,0.2,7.29,6.92,7.0,0.12,6.95,6.26,6.6,0.17,7.24,6.53,6.1,0.12
7.09,5.86,5.2,0.25,6.95,6.26,6.6,0.17,7.24,6.53,6.1,0.12,7.28,6.5,5.8,0.1
7.25,5.12,7.2,0.31,7.24,6.53,6.1,0.12,7.28,6.5,5.8,0.1,7.28,6.5,5.8,0.1
7.21,5.62,7.0,0.18,7.28,6.5,5.8,0.1,7.28,6.5,5.8,0.1,7.04,6.32,5.5,0.24
7.14,5.82,6.8,0.19,7.28,6.5,5.8,0.1,7.04,6.32,5.5,0.24,7.35,6.18,5.4,0.2
7.35,5.71,6.2,0.17,7.04,6.32,5.5,0.24,7.35,6.18,5.4,0.2,7.09,5.86,5.2,0.25
7.27,6.02,6.7,0.11,7.35,6.18,5.4,0.2,7.09,5.86,5.2,0.25,7.25,5.12,7.2,0.31
7.06,6.09,7.3,0.12,7.09,5.86,5.2,0.25,7.25,5.12,7.2,0.31,7.21,5.62,7.0,0.18
7.28,5.25,6.8,0.19,7.25,5.12,7.2,0.31,7.21,5.62,7.0,0.18,7.14,5.82,6.8,0.19
7.4,6.27,7.3,0.11,7.21,5.62,7.0,0.18,7.14,5.82,6.8,0.19,7.35,5.71,6.2,0.17
7.4,6.27,7.4,0.11,7.14,5.82,6.8,0.19,7.35,5.71,6.2,0.17,7.27,6.02,6.7,0.11
7.33,6.26,7.2,0.13,7.35,5.71,6.2,0.17,7.27,6.02,6.7,0.11,7.06,6.09,7.3,0.12
7.06,6.06,5.7,0.05,7.27,6.02,6.7,0.11,7.06,6.09,7.3,0.12,7.28,5.25,6.8,0.19
7.25,6.21,5.9,0.14,7.06,6.09,7.3,0.12,7.28,5.25,6.8,0.19,7.4,6.27,7.3,0.11
7.21,6.27,5.7,0.12,7.28,5.25,6.8,0.19,7.4,6.27,7.3,0.11,7.4,6.27,7.4,0.11
7.26,6.16,6.9,0.16,7.4,6.27,7.3,0.11,7.4,6.27,7.4,0.11,7.33,6.26,7.2,0.13
7.23,6.23,6.0,0.12,7.4,6.27,7.4,0.11,7.33,6.26,7.2,0.13,7.06,6.06,5.7,0.05
7.08,6.85,6.1,0.09,7.33,6.26,7.2,0.13,7.06,6.06,5.7,0.05,7.25,6.21,5.9,0.14
7.09,6.36,6.2,0.1,7.06,6.06,5.7,0.05,7.25,6.21,5.9,0.14,7.21,6.27,5.7,0.12
7.1,6.45,6.0,0.08,7.25,6.21,5.9,0.14,7.21,6.27,5.7,0.12,7.26,6.16,6.9,0.16
7.1,6.12,5.6,0.09,7.21,6.27,5.7,0.12,7.26,6.16,6.9,0.16,7.23,6.23,6.0,0.12
7.07,6.99,5.0,0.1,7.26,6.16,6.9,0.16,7.23,6.23,6.0,0.12,7.08,6.85,6.1,0.09
7.07,6.94,5.8,0.11,7.23,6.23,6.0,0.12,7.08,6.85,6.1,0.09,7.09,6.36,6.2,0.1
7.21,6.99,5.1,0.1,7.08,6.85,6.1,0.09,7.09,6.36,6.2,0.1,7.1,6.45,6.0,0.08
7.22,6.36,5.8,0.09,7.09,6.36,6.2,0.1,7.1,6.45,6.0,0.08,7.1,6.12,5.6,0.09
7.18,6.0,5.2,0.2,7.1,6.45,6.0,0.08,7.1,6.12,5.6,0.09,7.07,6.99,5.0,0.1
7.2,6.17,5.2,0.16,7.1,6.12,5.6,0.09,7.07,6.99,5.0,0.1,7.07,6.94,5.8,0.11
7.17,6.14,5.2,0.16,7.07,6.99,5.0,0.1,7.07,6.94,5.8,0.11,7.21,6.99,5.1,0.1
7.45431918008785,7.768748159057434,5.953303964757708,0.5732064421669109,7.07,6.94,5.8,0.11,7.21,6.99,5.1,0.1,7.22,6.36,5.8,0.09
7.2,6.0,4.9,0.13,7.21,6.99,5.1,0.1,7.22,6.36,5.8,0.09,7.18,6.0,5.2,0.2
6.97,5.85,6.3,0.32,7.22,6.36,5.8,0.09,7.18,6.0,5.2,0.2,7.2,6.17,5.2,0.16
7.01,6.0,6.5,0.31,7.18,6.0,5.2,0.2,7.2,6.17,5.2,0.16,7.17,6.14,5.2,0.16
7.02,6.01,5.9,0.23,7.2,6.17,5.2,0.16,7.17,6.14,5.2,0.16,7.45431918008785,7.768748159057434,5.953303964757708,0.5732064421669109
7.08,5.95,6.0,0.27,7.17,6.14,5.2,0.16,7.45431918008785,7.768748159057434,5.953303964757708,0.5732064421669109,7.2,6.0,4.9,0.13
7.35,6.63,8.5,0.27,7.45431918008785,7.768748159057434,5.953303964757708,0.5732064421669109,7.2,6.0,4.9,0.13,6.97,5.85,6.3,0.32
7.32,5.23,8.5,0.29,7.2,6.0,4.9,0.13,6.97,5.85,6.3,0.32,7.01,6.0,6.5,0.31
7.3,5.12,7.5,0.31,6.97,5.85,6.3,0.32,7.01,6.0,6.5,0.31,7.02,6.01,5.9,0.23
7.3,6.44,8.1,0.28,7.01,6.0,6.5,0.31,7.02,6.01,5.9,0.23,7.08,5.95,6.0,0.27
7.21,6.83,6.8,0.25,7.02,6.01,5.9,0.23,7.08,5.95,6.0,0.27,7.35,6.63,8.5,0.27
7.06,6.92,7.8,0.23,7.08,5.95,6.0,0.27,7.35,6.63,8.5,0.27,7.32,5.23,8.5,0.29
7.36,7.07,8.3,0.22,7.35,6.63,8.5,0.27,7.32,5.23,8.5,0.29,7.3,5.12,7.5,0.31
6.72,7.46,7.7,0.45,7.32,5.23,8.5,0.29,7.3,5.12,7.5,0.31,7.3,6.44,8.1,0.28
6.6,8.45,8.0,0.47,7.3,5.12,7.5,0.31,7.3,6.44,8.1,0.28,7.21,6.83,6.8,0.25
6.82,7.85,8.5,0.46,7.3,6.44,8.1,0.28,7.21,6.83,6.8,0.25,7.06,6.92,7.8,0.23
6.9,7.64,7.8,0.5,7.21,6.83,6.8,0.25,7.06,6.92,7.8,0.23,7.36,7.07,8.3,0.22
7.1,7.23,7.5,0.51,7.06,6.92,7.8,0.23,7.36,7.07,8.3,0.22,6.72,7.46,7.7,0.45
6.98,7.11,7.3,0.5,7.36,7.07,8.3,0.22,6.72,7.46,7.7,0.45,6.6,8.45,8.0,0.47
7.22,6.87,7.7,0.52,6.72,7.46,7.7,0.45,6.6,8.45,8.0,0.47,6.82,7.85,8.5,0.46
7.04,6.8,7.1,0.26,6.6,8.45,8.0,0.47,6.82,7.85,8.5,0.46,6.9,7.64,7.8,0.5
6.88,7.56,7.4,0.28,6.82,7.85,8.5,0.46,6.9,7.64,7.8,0.5,7.1,7.23,7.5,0.51
7.45,7.1,7.2,0.28,6.9,7.64,7.8,0.5,7.1,7.23,7.5,0.51,6.98,7.11,7.3,0.5
7.12,7.34,7.3,0.41,7.1,7.23,7.5,0.51,6.98,7.11,7.3,0.5,7.22,6.87,7.7,0.52
7.1,7.02,6.8,0.42,6.98,7.11,7.3,0.5,7.22,6.87,7.7,0.52,7.04,6.8,7.1,0.26
7.11,7.12,6.9,0.42,7.22,6.87,7.7,0.52,7.04,6.8,7.1,0.26,6.88,7.56,7.4,0.28
7.21,6.9,9.0,0.33,7.04,6.8,7.1,0.26,6.88,7.56,7.4,0.28,7.45,7.1,7.2,0.28
7.44,6.83,7.0,0.25,6.88,7.56,7.4,0.28,7.45,7.1,7.2,0.28,7.12,7.34,7.3,0.41
7.31,7.45,6.5,0.28,7.45,7.1,7.2,0.28,7.12,7.34,7.3,0.41,7.1,7.02,6.8,0.42
7.1,8.8,8.2,0.31,7.12,7.34,7.3,0.41,7.1,7.02,6.8,0.42,7.11,7.12,6.9,0.42
7.76,6.4,7.0,0.32,7.1,7.02,6.8,0.42,7.11,7.12,6.9,0.42,7.21,6.9,9.0,0.33
7.42,8.0,6.7,0.33,7.11,7.12,6.9,0.42,7.21,6.9,9.0,0.33,7.44,6.83,7.0,0.25
7.2,7.73,6.6,0.31,7.21,6.9,9.0,0.33,7.44,6.83,7.0,0.25,7.31,7.45,6.5,0.28
7.35,7.6,5.7,0.2,7.44,6.83,7.0,0.25,7.31,7.45,6.5,0.28,7.1,8.8,8.2,0.31
7.69,7.6,8.4,0.16,7.31,7.45,6.5,0.28,7.1,8.8,8.2,0.31,7.76,6.4,7.0,0.32
7.81,7.0,6.3,0.18,7.1,8.8,8.2,0.31,7.76,6.4,7.0,0.32,7.42,8.0,6.7,0.33
7.76,9.0,18.8,0.21,7.76,6.4,7.0,0.32,7.42,8.0,6.7,0.33,7.2,7.73,6.6,0.31
7.74,8.8,6.7,0.24,7.42,8.0,6.7,0.33,7.2,7.73,6.6,0.31,7.35,7.6,5.7,0.2
7.54,6.6,6.9,0.48,7.2,7.73,6.6,0.31,7.35,7.6,5.7,0.2,7.69,7.6,8.4,0.16
7.36,7.4,6.4,0.46,7.35,7.6,5.7,0.2,7.69,7.6,8.4,0.16,7.81,7.0,6.3,0.18
7.38,9.0,7.2,0.49,7.69,7.6,8.4,0.16,7.81,7.0,6.3,0.18,7.76,9.0,18.8,0.21
7.77,10.0,6.1,0.3,7.81,7.0,6.3,0.18,7.76,9.0,18.8,0.21,7.74,8.8,6.7,0.24
7.94,8.8,6.1,0.39,7.76,9.0,18.8,0.21,7.74,8.8,6.7,0.24,7.54,6.6,6.9,0.48
7.9,10.0,6.1,0.38,7.74,8.8,6.7,0.24,7.54,6.6,6.9,0.48,7.36,7.4,6.4,0.46
7.5,10.0,7.4,0.48,7.54,6.6,6.9,0.48,7.36,7.4,6.4,0.46,7.38,9.0,7.2,0.49
7.49,8.6,7.1,0.94,7.36,7.4,6.4,0.46,7.38,9.0,7.2,0.49,7.77,10.0,6.1,0.3
7.11,8.81,7.1,0.69,7.38,9.0,7.2,0.49,7.77,10.0,6.1,0.3,7.94,8.8,6.1,0.39
7.12,8.15,5.7,0.59,7.77,10.0,6.1,0.3,7.94,8.8,6.1,0.39,7.9,10.0,6.1,0.38
8.1,8.48,5.0,0.49,7.94,8.8,6.1,0.39,7.9,10.0,6.1,0.38,7.5,10.0,7.4,0.48
8.11,9.37,7.8,0.46,7.9,10.0,6.1,0.38,7.5,10.0,7.4,0.48,7.49,8.6,7.1,0.94
8.07,9.26,7.5,0.63,7.5,10.0,7.4,0.48,7.49,8.6,7.1,0.94,7.11,8.81,7.1,0.69
7.76,8.89,2.5,1.64,7.49,8.6,7.1,0.94,7.11,8.81,7.1,0.69,7.12,8.15,5.7,0.59
6.99,8.71,1.4,2.81,7.11,8.81,7.1,0.69,7.12,8.15,5.7,0.59,8.1,8.48,5.0,0.49
6.85,7.87,0.4,2.87,7.12,8.15,5.7,0.59,8.1,8.48,5.0,0.49,8.11,9.37,7.8,0.46
7.17,7.33,2.7,2.16,8.1,8.48,5.0,0.49,8.11,9.37,7.8,0.46,8.07,9.26,7.5,0.63
7.69,7.29,4.2,1.69,8.11,9.37,7.8,0.46,8.07,9.26,7.5,0.63,7.76,8.89,2.5,1.64
7.29,7.49,3.6,1.09,8.07,9.26,7.5,0.63,7.76,8.89,2.5,1.64,6.99,8.71,1.4,2.81
7.28,7.71,4.0,1.34,7.76,8.89,2.5,1.64,6.99,8.71,1.4,2.81,6.85,7.87,0.4,2.87
7.45431918008785,7.768748159057434,5.953303964757708,0.5732064421669109,6.99,8.71,1.4,2.81,6.85,7.87,0.4,2.87,7.17,7.33,2.7,2.16
7.23,8.38,3.1,0.91,6.85,7.87,0.4,2.87,7.17,7.33,2.7,2.16,7.69,7.29,4.2,1.69
7.16,8.34,3.0,1.51,7.17,7.33,2.7,2.16,7.69,7.29,4.2,1.69,7.29,7.49,3.6,1.09
7.08,8.35,3.3,1.01,7.69,7.29,4.2,1.69,7.29,7.49,3.6,1.09,7.28,7.71,4.0,1.34
6.94,9.53,5.3,0.66,7.29,7.49,3.6,1.09,7.28,7.71,4.0,1.34,7.45431918008785,7.768748159057434,5.953303964757708,0.5732064421669109
7.05,9.69,5.4,0.49,7.28,7.71,4.0,1.34,7.45431918008785,7.768748159057434,5.953303964757708,0.5732064421669109,7.23,8.38,3.1,0.91
7.03,10.1,4.6,0.78,7.45431918008785,7.768748159057434,5.953303964757708,0.5732064421669109,7.23,8.38,3.1,0.91,7.16,8.34,3.0,1.51
7.03,9.35,4.6,0.72,7.23,8.38,3.1,0.91,7.16,8.34,3.0,1.51,7.08,8.35,3.3,1.01
6.94,8.86,3.2,0.71,7.16,8.34,3.0,1.51,7.08,8.35,3.3,1.01,6.94,9.53,5.3,0.66
7.38,8.27,2.4,0.5,7.08,8.35,3.3,1.01,6.94,9.53,5.3,0.66,7.05,9.69,5.4,0.49
7.22,8.79,3.0,0.27,6.94,9.53,5.3,0.66,7.05,9.69,5.4,0.49,7.03,10.1,4.6,0.78
7.11,7.768748159057434,3.1,0.25,7.05,9.69,5.4,0.49,7.03,10.1,4.6,0.78,7.03,9.35,4.6,0.72
6.92,11.7,3.1,0.44,7.03,10.1,4.6,0.78,7.03,9.35,4.6,0.72,6.94,8.86,3.2,0.71
6.98,11.1,2.9,0.52,7.03,9.35,4.6,0.72,6.94,8.86,3.2,0.71,7.38,8.27,2.4,0.5
6.69,10.9,3.0,0.51,6.94,8.86,3.2,0.71,7.38,8.27,2.4,0.5,7.22,8.79,3.0,0.27
8.07,10.0,4.1,0.55,7.38,8.27,2.4,0.5,7.22,8.79,3.0,0.27,7.11,7.768748159057434,3.1,0.25
8.28,10.0,3.1,0.46,7.22,8.79,3.0,0.27,7.11,7.768748159057434,3.1,0.25,6.92,11.7,3.1,0.44
8.03,9.54,3.2,0.58,7.11,7.768748159057434,3.1,0.25,6.92,11.7,3.1,0.44,6.98,11.1,2.9,0.52
8.1,8.29,4.2,0.49,6.92,11.7,3.1,0.44,6.98,11.1,2.9,0.52,6.69,10.9,3.0,0.51
8.02,7.44,3.8,0.52,6.98,11.1,2.9,0.52,6.69,10.9,3.0,0.51,8.07,10.0,4.1,0.55
7.87,9.2,5.4,0.64,6.69,10.9,3.0,0.51,8.07,10.0,4.1,0.55,8.28,10.0,3.1,0.46
7.82,7.46,6.1,0.5,8.07,10.0,4.1,0.55,8.28,10.0,3.1,0.46,8.03,9.54,3.2,0.58
7.88,8.72,4.9,0.73,8.28,10.0,3.1,0.46,8.03,9.54,3.2,0.58,8.1,8.29,4.2,0.49
7.67,8.36,5.1,0.72,8.03,9.54,3.2,0.58,8.1,8.29,4.2,0.49,8.02,7.44,3.8,0.52
7.92,7.768748159057434,4.9,0.6,8.1,8.29,4.2,0.49,8.02,7.44,3.8,0.52,7.87,9.2,5.4,0.64
8.2,5.42,3.9,0.38,8.02,7.44,3.8,0.52,7.87,9.2,5.4,0.64,7.82,7.46,6.1,0.5
8.09,5.44,5.4,0.42,7.87,9.2,5.4,0.64,7.82,7.46,6.1,0.5,7.88,8.72,4.9,0.73
8.5,6.0,5.6,0.45,7.82,7.46,6.1,0.5,7.88,8.72,4.9,0.73,7.67,8.36,5.1,0.72
8.1,6.2,5.3,0.48,7.88,8.72,4.9,0.73,7.67,8.36,5.1,0.72,7.92,7.768748159057434,4.9,0.6
8.05,6.5,5.5,0.45,7.67,8.36,5.1,0.72,7.92,7.768748159057434,4.9,0.6,8.2,5.42,3.9,0.38
8.1,9.4,5.6,0.53,7.92,7.768748159057434,4.9,0.6,8.2,5.42,3.9,0.38,8.09,5.44,5.4,0.42
8.02,9.0,5.0,0.54,8.2,5.42,3.9,0.38,8.09,5.44,5.4,0.42,8.5,6.0,5.6,0.45
8.12,9.4,5.6,0.53,8.09,5.44,5.4,0.42,8.5,6.0,5.6,0.45,8.1,6.2,5.3,0.48
7.96,7.94,6.3,0.68,8.5,6.0,5.6,0.45,8.1,6.2,5.3,0.48,8.05,6.5,5.5,0.45
7.86,9.53,3.5,0.58,8.1,6.2,5.3,0.48,8.05,6.5,5.5,0.45,8.1,9.4,5.6,0.53
7.94,9.49,4.6,0.72,8.05,6.5,5.5,0.45,8.1,9.4,5.6,0.53,8.02,9.0,5.0,0.54
7.87,8.83,5.1,0.75,8.1,9.4,5.6,0.53,8.02,9.0,5.0,0.54,8.12,9.4,5.6,0.53
7.57,10.1,6.4,0.6,8.02,9.0,5.0,0.54,8.12,9.4,5.6,0.53,7.96,7.94,6.3,0.68
7.69,10.1,6.7,0.45,8.12,9.4,5.6,0.53,7.96,7.94,6.3,0.68,7.86,9.53,3.5,0.58
7.81,10.7,7.1,0.71,7.96,7.94,6.3,0.68,7.86,9.53,3.5,0.58,7.94,9.49,4.6,0.72
7.78,10.6,6.4,0.59,7.86,9.53,3.5,0.58,7.94,9.49,4.6,0.72,7.87,8.83,5.1,0.75
7.91,10.5,5.0,0.6,7.94,9.49,4.6,0.72,7.87,8.83,5.1,0.75,7.57,10.1,6.4,0.6
7.78,10.4,4.6,0.94,7.87,8.83,5.1,0.75,7.57,10.1,6.4,0.6,7.69,10.1,6.7,0.45
7.65,11.7,5.2,0.64,7.57,10.1,6.4,0.6,7.69,10.1,6.7,0.45,7.81,10.7,7.1,0.71
7.53,11.6,5.0,1.33,7.69,10.1,6.7,0.45,7.81,10.7,7.1,0.71,7.78,10.6,6.4,0.59
7.58,11.9,4.0,1.32,7.81,10.7,7.1,0.71,7.78,10.6,6.4,0.59,7.91,10.5,5.0,0.6
7.42,11.9,3.7,1.52,7.78,10.6,6.4,0.59,7.91,10.5,5.0,0.6,7.78,10.4,4.6,0.94
7.54,12.2,4.0,1.61,7.91,10.5,5.0,0.6,7.78,10.4,4.6,0.94,7.65,11.7,5.2,0.64
7.52,10.9,3.6,1.43,7.78,10.4,4.6,0.94,7.65,11.7,5.2,0.64,7.53,11.6,5.0,1.33
7.35,9.25,4.5,1.52,7.65,11.7,5.2,0.64,7.53,11.6,5.0,1.33,7.58,11.9,4.0,1.32
7.35,9.03,4.8,1.13,7.53,11.6,5.0,1.33,7.58,11.9,4.0,1.32,7.42,11.9,3.7,1.52
7.36,9.35,4.5,0.94,7.58,11.9,4.0,1.32,7.42,11.9,3.7,1.52,7.54,12.2,4.0,1.61
7.26,10.4,4.4,1.04,7.42,11.9,3.7,1.52,7.54,12.2,4.0,1.61,7.52,10.9,3.6,1.43
7.14,11.2,4.1,1.24,7.54,12.2,4.0,1.61,7.52,10.9,3.6,1.43,7.35,9.25,4.5,1.52
7.72,9.77,3.1,1.29,7.52,10.9,3.6,1.43,7.35,9.25,4.5,1.52,7.35,9.03,4.8,1.13
7.69,10.2,3.1,1.07,7.35,9.25,4.5,1.52,7.35,9.03,4.8,1.13,7.36,9.35,4.5,0.94
7.66,10.0,3.6,1.05,7.35,9.03,4.8,1.13,7.36,9.35,4.5,0.94,7.26,10.4,4.4,1.04
7.65,8.96,3.6,1.36,7.36,9.35,4.5,0.94,7.26,10.4,4.4,1.04,7.14,11.2,4.1,1.24
7.71,9.66,3.6,1.49,7.26,10.4,4.4,1.04,7.14,11.2,4.1,1.24,7.72,9.77,3.1,1.29
7.67,10.1,3.7,1.49,7.14,11.2,4.1,1.24,7.72,9.77,3.1,1.29,7.69,10.2,3.1,1.07
7.39,9.06,4.0,1.05,7.72,9.77,3.1,1.29,7.69,10.2,3.1,1.07,7.66,10.0,3.6,1.05
7.41,6.8,4.0,1.12,7.69,10.2,3.1,1.07,7.66,10.0,3.6,1.05,7.65,8.96,3.6,1.36
7.35,8.5,4.7,0.71,7.66,10.0,3.6,1.05,7.65,8.96,3.6,1.36,7.71,9.66,3.6,1.49
7.35,10.7,4.4,0.88,7.65,8.96,3.6,1.36,7.71,9.66,3.6,1.49,7.67,10.1,3.7,1.49
7.32,11.1,4.8,0.95,7.71,9.66,3.6,1.49,7.67,10.1,3.7,1.49,7.39,9.06,4.0,1.05
7.3,9.4,4.9,0.72,7.67,10.1,3.7,1.49,7.39,9.06,4.0,1.05,7.41,6.8,4.0,1.12
7.35,10.3,5.2,0.51,7.39,9.06,4.0,1.05,7.41,6.8,4.0,1.12,7.35,8.5,4.7,0.71
7.33,8.53,4.7,0.65,7.41,6.8,4.0,1.12,7.35,8.5,4.7,0.71,7.35,10.7,4.4,0.88
7.36,7.9,5.1,0.77,7.35,8.5,4.7,0.71,7.35,10.7,4.4,0.88,7.32,11.1,4.8,0.95
7.43,9.01,5.2,0.7,7.35,10.7,4.4,0.88,7.32,11.1,4.8,0.95,7.3,9.4,4.9,0.72
7.57,7.97,4.7,0.9,7.32,11.1,4.8,0.95,7.3,9.4,4.9,0.72,7.35,10.3,5.2,0.51
7.93,8.09,5.4,0.77,7.3,9.4,4.9,0.72,7.35,10.3,5.2,0.51,7.33,8.53,4.7,0.65
7.91,7.22,4.6,0.66,7.35,10.3,5.2,0.51,7.33,8.53,4.7,0.65,7.36,7.9,5.1,0.77
7.88,8.13,7.3,0.72,7.33,8.53,4.7,0.65,7.36,7.9,5.1,0.77,7.43,9.01,5.2,0.7
7.85,4.42,18.8,0.82,7.36,7.9,5.1,0.77,7.43,9.01,5.2,0.7,7.57,7.97,4.7,0.9
7.82,6.53,10.0,0.88,7.43,9.01,5.2,0.7,7.57,7.97,4.7,0.9,7.93,8.09,5.4,0.77
7.85,7.9,6.6,0.96,7.57,7.97,4.7,0.9,7.93,8.09,5.4,0.77,7.91,7.22,4.6,0.66
7.79,7.34,4.1,0.89,7.93,8.09,5.4,0.77,7.91,7.22,4.6,0.66,7.88,8.13,7.3,0.72
7.82,7.0,7.9,0.96,7.91,7.22,4.6,0.66,7.88,8.13,7.3,0.72,7.85,4.42,18.8,0.82
7.85,6.77,5.9,1.02,7.88,8.13,7.3,0.72,7.85,4.42,18.8,0.82,7.82,6.53,10.0,0.88
7.84,5.99,7.4,1.22,7.85,4.42,18.8,0.82,7.82,6.53,10.0,0.88,7.85,7.9,6.6,0.96
7.8,4.66,6.8,0.74,7.82,6.53,10.0,0.88,7.85,7.9,6.6,0.96,7.79,7.34,4.1,0.89
7.78,5.1,7.6,0.71,7.85,7.9,6.6,0.96,7.79,7.34,4.1,0.89,7.82,7.0,7.9,0.96
7.81,5.11,6.6,0.69,7.79,7.34,4.1,0.89,7.82,7.0,7.9,0.96,7.85,6.77,5.9,1.02
7.6,5.15,6.9,0.96,7.82,7.0,7.9,0.96,7.85,6.77,5.9,1.02,7.84,5.99,7.4,1.22
7.86,5.69,6.4,0.47,7.85,6.77,5.9,1.02,7.84,5.99,7.4,1.22,7.8,4.66,6.8,0.74
8.06,5.98,5.9,0.53,7.84,5.99,7.4,1.22,7.8,4.66,6.8,0.74,7.78,5.1,7.6,0.71
7.87,5.22,5.6,0.4,7.8,4.66,6.8,0.74,7.78,5.1,7.6,0.71,7.81,5.11,6.6,0.69
7.95,5.13,6.6,0.43,7.78,5.1,7.6,0.71,7.81,5.11,6.6,0.69,7.6,5.15,6.9,0.96
7.87,6.31,6.0,0.66,7.81,5.11,6.6,0.69,7.6,5.15,6.9,0.96,7.86,5.69,6.4,0.47
7.94,6.26,6.6,0.71,7.6,5.15,6.9,0.96,7.86,5.69,6.4,0.47,8.06,5.98,5.9,0.53
7.86,6.54,5.6,0.71,7.86,5.69,6.4,0.47,8.06,5.98,5.9,0.53,7.87,5.22,5.6,0.4
7.75,6.78,6.3,1.03,8.06,5.98,5.9,0.53,7.87,5.22,5.6,0.4,7.95,5.13,6.6,0.43
7.74,6.53,6.2,0.73,7.87,5.22,5.6,0.4,7.95,5.13,6.6,0.43,7.87,6.31,6.0,0.66
7.68,6.36,6.4,1.06,7.95,5.13,6.6,0.43,7.87,6.31,6.0,0.66,7.94,6.26,6.6,0.71
7.59,6.3,7.3,1.27,7.87,6.31,6.0,0.66,7.94,6.26,6.6,0.71,7.86,6.54,5.6,0.71
7.57,6.34,6.5,1.25,7.94,6.26,6.6,0.71,7.86,6.54,5.6,0.71,7.75,6.78,6.3,1.03
7.57,6.31,5.7,0.84,7.86,6.54,5.6,0.71,7.75,6.78,6.3,1.03,7.74,6.53,6.2,0.73
7.45431918008785,7.768748159057434,5.953303964757708,0.5732064421669109,7.75,6.78,6.3,1.03,7.74,6.53,6.2,0.73,7.68,6.36,6.4,1.06
7.63,6.15,4.9,0.62,7.74,6.53,6.2,0.73,7.68,6.36,6.4,1.06,7.59,6.3,7.3,1.27
7.63,6.16,5.0,0.61,7.68,6.36,6.4,1.06,7.59,6.3,7.3,1.27,7.57,6.34,6.5,1.25
7.63,6.18,4.8,0.84,7.59,6.3,7.3,1.27,7.57,6.34,6.5,1.25,7.57,6.31,5.7,0.84
7.63,6.25,5.3,0.97,7.57,6.34,6.5,1.25,7.57,6.31,5.7,0.84,7.45431918008785,7.768748159057434,5.953303964757708,0.5732064421669109
7.6,6.18,5.4,1.03,7.57,6.31,5.7,0.84,7.45431918008785,7.768748159057434,5.953303964757708,0.5732064421669109,7.63,6.15,4.9,0.62
7.62,6.11,5.2,0.88,7.45431918008785,7.768748159057434,5.953303964757708,0.5732064421669109,7.63,6.15,4.9,0.62,7.63,6.16,5.0,0.61
7.62,5.82,5.4,0.91,7.63,6.15,4.9,0.62,7.63,6.16,5.0,0.61,7.63,6.18,4.8,0.84
7.62,5.2,5.0,0.98,7.63,6.16,5.0,0.61,7.63,6.18,4.8,0.84,7.63,6.25,5.3,0.97
7.62,5.14,5.0,0.83,7.63,6.18,4.8,0.84,7.63,6.25,5.3,0.97,7.6,6.18,5.4,1.03
7.65,5.61,5.4,0.83,7.63,6.25,5.3,0.97,7.6,6.18,5.4,1.03,7.62,6.11,5.2,0.88
7.69,5.68,5.3,0.69,7.6,6.18,5.4,1.03,7.62,6.11,5.2,0.88,7.62,5.82,5.4,0.91
7.69,5.87,5.7,1.05,7.62,6.11,5.2,0.88,7.62,5.82,5.4,0.91,7.62,5.2,5.0,0.98
7.72,6.08,5.5,1.32,7.62,5.82,5.4,0.91,7.62,5.2,5.0,0.98,7.62,5.14,5.0,0.83
7.75,5.98,5.4,0.66,7.62,5.2,5.0,0.98,7.62,5.14,5.0,0.83,7.65,5.61,5.4,0.83
7.79,6.3,5.5,0.8,7.62,5.14,5.0,0.83,7.65,5.61,5.4,0.83,7.69,5.68,5.3,0.69
7.83,5.73,5.7,1.11,7.65,5.61,5.4,0.83,7.69,5.68,5.3,0.69,7.69,5.87,5.7,1.05
7.87,5.29,5.2,0.94,7.69,5.68,5.3,0.69,7.69,5.87,5.7,1.05,7.72,6.08,5.5,1.32
7.88,5.31,4.3,0.64,7.69,5.87,5.7,1.05,7.72,6.08,5.5,1.32,7.75,5.98,5.4,0.66
7.91,5.37,3.9,0.37,7.72,6.08,5.5,1.32,7.75,5.98,5.4,0.66,7.79,6.3,5.5,0.8
7.98,8.58,4.6,0.66,7.75,5.98,5.4,0.66,7.79,6.3,5.5,0.8,7.83,5.73,5.7,1.11
7.96,9.51,4.9,0.4,7.79,6.3,5.5,0.8,7.83,5.73,5.7,1.11,7.87,5.29,5.2,0.94
8.24,10.2,3.5,0.71,7.83,5.73,5.7,1.11,7.87,5.29,5.2,0.94,7.88,5.31,4.3,0.64
8.33,10.3,6.8,0.49,7.87,5.29,5.2,0.94,7.88,5.31,4.3,0.64,7.91,5.37,3.9,0.37
8.38,8.86,5.2,0.67,7.88,5.31,4.3,0.64,7.91,5.37,3.9,0.37,7.98,8.58,4.6,0.66
7.95,8.66,5.0,0.71,7.91,5.37,3.9,0.37,7.98,8.58,4.6,0.66,7.96,9.51,4.9,0.4
7.78,7.99,6.8,0.75,7.98,8.58,4.6,0.66,7.96,9.51,4.9,0.4,8.24,10.2,3.5,0.71
7.54,7.55,6.5,0.87,7.96,9.51,4.9,0.4,8.24,10.2,3.5,0.71,8.33,10.3,6.8,0.49
7.56,7.33,5.5,1.08,8.24,10.2,3.5,0.71,8.33,10.3,6.8,0.49,8.38,8.86,5.2,0.67
7.79,7.11,6.3,1.06,8.33,10.3,6.8,0.49,8.38,8.86,5.2,0.67,7.95,8.66,5.0,0.71
7.55,7.11,5.6,1.05,8.38,8.86,5.2,0.67,7.95,8.66,5.0,0.71,7.78,7.99,6.8,0.75
7.28,7.11,6.2,0.96,7.95,8.66,5.0,0.71,7.78,7.99,6.8,0.75,7.54,7.55,6.5,0.87
7.3,7.06,6.8,1.36,7.78,7.99,6.8,0.75,7.54,7.55,6.5,0.87,7.56,7.33,5.5,1.08
7.14,7.04,6.2,1.43,7.54,7.55,6.5,0.87,7.56,7.33,5.5,1.08,7.79,7.11,6.3,1.06
7.25,7.04,7.4,1.14,7.56,7.33,5.5,1.08,7.79,7.11,6.3,1.06,7.55,7.11,5.6,1.05
7.08,7.03,4.6,1.24,7.79,7.11,6.3,1.06,7.55,7.11,5.6,1.05,7.28,7.11,6.2,0.96
6.02,5.99,8.3,0.69,7.55,7.11,5.6,1.05,7.28,7.11,6.2,0.96,7.3,7.06,6.8,1.36
7.38,7.05,7.4,0.44,7.28,7.11,6.2,0.96,7.3,7.06,6.8,1.36,7.14,7.04,6.2,1.43
7.42,7.07,7.3,0.79,7.3,7.06,6.8,1.36,7.14,7.04,6.2,1.43,7.25,7.04,7.4,1.14
7.39,7.08,9.2,0.76,7.14,7.04,6.2,1.43,7.25,7.04,7.4,1.14,7.08,7.03,4.6,1.24
7.41,7.11,8.7,0.49,7.25,7.04,7.4,1.14,7.08,7.03,4.6,1.24,6.02,5.99,8.3,0.69
7.38,7.12,7.8,0.6,7.08,7.03,4.6,1.24,6.02,5.99,8.3,0.69,7.38,7.05,7.4,0.44
6.83,6.52,7.2,0.37,6.02,5.99,8.3,0.69,7.38,7.05,7.4,0.44,7.42,7.07,7.3,0.79
7.96,7.02,7.9,0.39,7.38,7.05,7.4,0.44,7.42,7.07,7.3,0.79,7.39,7.08,9.2,0.76
7.98,7.02,8.0,0.74,7.42,7.07,7.3,0.79,7.39,7.08,9.2,0.76,7.41,7.11,8.7,0.49
7.86,7.05,6.0,0.8,7.39,7.08,9.2,0.76,7.41,7.11,8.7,0.49,7.38,7.12,7.8,0.6
7.45431918008785,7.768748159057434,5.953303964757708,0.5732064421669109,7.41,7.11,8.7,0.49,7.38,7.12,7.8,0.6,6.83,6.52,7.2,0.37
7.52,7.09,5.3,1.06,7.38,7.12,7.8,0.6,6.83,6.52,7.2,0.37,7.96,7.02,7.9,0.39
7.6,7.02,5.6,1.17,6.83,6.52,7.2,0.37,7.96,7.02,7.9,0.39,7.98,7.02,8.0,0.74
7.61,7.0,5.5,1.46,7.96,7.02,7.9,0.39,7.98,7.02,8.0,0.74,7.86,7.05,6.0,0.8
7.37,7.01,4.0,1.77,7.98,7.02,8.0,0.74,7.86,7.05,6.0,0.8,7.45431918008785,7.768748159057434,5.953303964757708,0.5732064421669109
7.28,7.03,6.0,1.14,7.86,7.05,6.0,0.8,7.45431918008785,7.768748159057434,5.953303964757708,0.5732064421669109,7.52,7.09,5.3,1.06
7.2,7.45,6.9,1.13,7.45431918008785,7.768748159057434,5.953303964757708,0.5732064421669109,7.52,7.09,5.3,1.06,7.6,7.02,5.6,1.17
7.21,7.4,6.8,0.99,7.52,7.09,5.3,1.06,7.6,7.02,5.6,1.17,7.61,7.0,5.5,1.46
7.07,9.53,6.1,1.06,7.6,7.02,5.6,1.17,7.61,7.0,5.5,1.46,7.37,7.01,4.0,1.77
7.03,9.37,4.1,0.44,7.61,7.0,5.5,1.46,7.37,7.01,4.0,1.77,7.28,7.03,6.0,1.14
7.1,9.01,4.6,0.64,7.37,7.01,4.0,1.77,7.28,7.03,6.0,1.14,7.2,7.45,6.9,1.13
7.17,12.3,6.3,0.89,7.28,7.03,6.0,1.14,7.2,7.45,6.9,1.13,7.21,7.4,6.8,0.99
7.15,6.04,5.8,0.88,7.2,7.45,6.9,1.13,7.21,7.4,6.8,0.99,7.07,9.53,6.1,1.06
7.12,7.768748159057434,6.6,0.61,7.21,7.4,6.8,0.99,7.07,9.53,6.1,1.06,7.03,9.37,4.1,0.44
7.13,9.43,6.4,0.56,7.07,9.53,6.1,1.06,7.03,9.37,4.1,0.44,7.1,9.01,4.6,0.64
7.1,9.28,4.5,0.31,7.03,9.37,4.1,0.44,7.1,9.01,4.6,0.64,7.17,12.3,6.3,0.89
6.96,11.2,5.0,0.85,7.1,9.01,4.6,0.64,7.17,12.3,6.3,0.89,7.15,6.04,5.8,0.88
7.08,9.88,8.9,1.45,7.17,12.3,6.3,0.89,7.15,6.04,5.8,0.88,7.12,7.768748159057434,6.6,0.61
7.1,9.73,8.9,1.08,7.15,6.04,5.8,0.88,7.12,7.768748159057434,6.6,0.61,7.13,9.43,6.4,0.56
7.21,8.11,8.1,0.6,7.12,7.768748159057434,6.6,0.61,7.13,9.43,6.4,0.56,7.1,9.28,4.5,0.31
7.38,6.74,7.6,0.91,7.13,9.43,6.4,0.56,7.1,9.28,4.5,0.31,6.96,11.2,5.0,0.85
7.37,7.35,7.3,1.05,7.1,9.28,4.5,0.31,6.96,11.2,5.0,0.85,7.08,9.88,8.9,1.45
7.31,10.4,7.7,1.31,6.96,11.2,5.0,0.85,7.08,9.88,8.9,1.45,7.1,9.73,8.9,1.08
7.64,11.7,7.7,1.0,7.08,9.88,8.9,1.45,7.1,9.73,8.9,1.08,7.21,8.11,8.1,0.6
7.82,8.92,8.0,1.0,7.1,9.73,8.9,1.08,7.21,8.11,8.1,0.6,7.38,6.74,7.6,0.91
7.74,9.62,7.0,0.33,7.21,8.11,8.1,0.6,7.38,6.74,7.6,0.91,7.37,7.35,7.3,1.05
7.53,7.41,7.6,0.61,7.38,6.74,7.6,0.91,7.37,7.35,7.3,1.05,7.31,10.4,7.7,1.31
7.66,4.2,7.5,0.92,7.37,7.35,7.3,1.05,7.31,10.4,7.7,1.31,7.64,11.7,7.7,1.0
7.52,7.95,7.9,0.7,7.31,10.4,7.7,1.31,7.64,11.7,7.7,1.0,7.82,8.92,8.0,1.0
7.54,9.03,7.2,0.83,7.64,11.7,7.7,1.0,7.82,8.92,8.0,1.0,7.74,9.62,7.0,0.33
7.27,7.17,8.6,1.04,7.82,8.92,8.0,1.0,7.74,9.62,7.0,0.33,7.53,7.41,7.6,0.61
7.19,6.12,8.7,1.24,7.74,9.62,7.0,0.33,7.53,7.41,7.6,0.61,7.66,4.2,7.5,0.92
7.32,7.29,5.4,1.11,7.53,7.41,7.6,0.61,7.66,4.2,7.5,0.92,7.52,7.95,7.9,0.7
7.53,6.05,4.1,1.14,7.66,4.2,7.5,0.92,7.52,7.95,7.9,0.7,7.54,9.03,7.2,0.83
7.6,8.73,3.8,1.46,7.52,7.95,7.9,0.7,7.54,9.03,7.2,0.83,7.27,7.17,8.6,1.04
7.76,9.31,5.3,1.41,7.54,9.03,7.2,0.83,7.27,7.17,8.6,1.04,7.19,6.12,8.7,1.24
7.74,8.04,6.7,1.33,7.27,7.17,8.6,1.04,7.19,6.12,8.7,1.24,7.32,7.29,5.4,1.11
7.75,7.89,8.0,1.33,7.19,6.12,8.7,1.24,7.32,7.29,5.4,1.11,7.53,6.05,4.1,1.14
7.72,8.38,7.2,1.19,7.32,7.29,5.4,1.11,7.53,6.05,4.1,1.14,7.6,8.73,3.8,1.46
8.0,6.84,7.1,1.06,7.53,6.05,4.1,1.14,7.6,8.73,3.8,1.46,7.76,9.31,5.3,1.41
7.31,7.39,4.4,1.09,7.6,8.73,3.8,1.46,7.76,9.31,5.3,1.41,7.74,8.04,6.7,1.33
7.33,7.64,5.0,0.79,7.76,9.31,5.3,1.41,7.74,8.04,6.7,1.33,7.75,7.89,8.0,1.33
7.35,8.2,4.1,1.22,7.74,8.04,6.7,1.33,7.75,7.89,8.0,1.33,7.72,8.38,7.2,1.19
7.38,8.67,7.2,1.02,7.75,7.89,8.0,1.33,7.72,8.38,7.2,1.19,8.0,6.84,7.1,1.06
7.39,9.78,7.0,0.72,7.72,8.38,7.2,1.19,8.0,6.84,7.1,1.06,7.31,7.39,4.4,1.09
7.57,8.03,4.8,0.52,8.0,6.84,7.1,1.06,7.31,7.39,4.4,1.09,7.33,7.64,5.0,0.79
7.5,7.41,4.3,0.77,7.31,7.39,4.4,1.09,7.33,7.64,5.0,0.79,7.35,8.2,4.1,1.22
7.69,6.12,3.3,0.76,7.33,7.64,5.0,0.79,7.35,8.2,4.1,1.22,7.38,8.67,7.2,1.02
8.44,5.86,2.7,0.59,7.35,8.2,4.1,1.22,7.38,8.67,7.2,1.02,7.39,9.78,7.0,0.72
8.3,8.96,3.1,0.35,7.38,8.67,7.2,1.02,7.39,9.78,7.0,0.72,7.57,8.03,4.8,0.52
7.92,7.31,3.0,0.74,7.39,9.78,7.0,0.72,7.57,8.03,4.8,0.52,7.5,7.41,4.3,0.77
7.35,9.52,2.8,0.59,7.57,8.03,4.8,0.52,7.5,7.41,4.3,0.77,7.69,6.12,3.3,0.76
7.5,8.54,3.4,0.7,7.5,7.41,4.3,0.77,7.69,6.12,3.3,0.76,8.44,5.86,2.7,0.59
7.35,5.42,4.2,0.62,7.69,6.12,3.3,0.76,8.44,5.86,2.7,0.59,8.3,8.96,3.1,0.35
7.14,8.4,3.6,0.87,8.44,5.86,2.7,0.59,8.3,8.96,3.1,0.35,7.92,7.31,3.0,0.74
7.04,7.37,3.8,0.92,8.3,8.96,3.1,0.35,7.92,7.31,3.0,0.74,7.35,9.52,2.8,0.59
6.97,5.36,5.1,1.89,7.92,7.31,3.0,0.74,7.35,9.52,2.8,0.59,7.5,8.54,3.4,0.7
6.91,7.95,4.5,1.86,7.35,9.52,2.8,0.59,7.5,8.54,3.4,0.7,7.35,5.42,4.2,0.62
6.85,7.16,4.5,0.92,7.5,8.54,3.4,0.7,7.35,5.42,4.2,0.62,7.14,8.4,3.6,0.87
7.27,6.19,4.3,0.74,7.35,5.42,4.2,0.62,7.14,8.4,3.6,0.87,7.04,7.37,3.8,0.92
7.31,5.53,4.7,0.89,7.14,8.4,3.6,0.87,7.04,7.37,3.8,0.92,6.97,5.36,5.1,1.89
7.25,4.62,4.9,1.05,7.04,7.37,3.8,0.92,6.97,5.36,5.1,1.89,6.91,7.95,4.5,1.86
7.31,7.47,5.0,0.95,6.97,5.36,5.1,1.89,6.91,7.95,4.5,1.86,6.85,7.16,4.5,0.92
7.28,8.39,4.3,1.07,6.91,7.95,4.5,1.86,6.85,7.16,4.5,0.92,7.27,6.19,4.3,0.74
7.15,9.27,4.3,0.84,6.85,7.16,4.5,0.92,7.27,6.19,4.3,0.74,7.31,5.53,4.7,0.89
7.42,10.8,6.8,0.67,7.27,6.19,4.3,0.74,7.31,5.53,4.7,0.89,7.25,4.62,4.9,1.05
7.67,9.36,3.3,1.0,7.31,5.53,4.7,0.89,7.25,4.62,4.9,1.05,7.31,7.47,5.0,0.95
7.57,6.62,3.0,1.04,7.25,4.62,4.9,1.05,7.31,7.47,5.0,0.95,7.28,8.39,4.3,1.07
7.68,7.09,3.2,1.02,7.31,7.47,5.0,0.95,7.28,8.39,4.3,1.07,7.15,9.27,4.3,0.84
7.64,6.03,3.8,1.15,7.28,8.39,4.3,1.07,7.15,9.27,4.3,0.84,7.42,10.8,6.8,0.67
7.6,6.93,3.6,1.16,7.15,9.27,4.3,0.84,7.42,10.8,6.8,0.67,7.67,9.36,3.3,1.0
7.79,7.65,3.3,1.49,7.42,10.8,6.8,0.67,7.67,9.36,3.3,1.0,7.57,6.62,3.0,1.04
7.94,8.22,3.5,1.41,7.67,9.36,3.3,1.0,7.57,6.62,3.0,1.04,7.68,7.09,3.2,1.02
7.22,7.8,3.2,1.33,7.57,6.62,3.0,1.04,7.68,7.09,3.2,1.02,7.64,6.03,3.8,1.15
7.45431918008785,7.768748159057434,5.953303964757708,0.5732064421669109,7.68,7.09,3.2,1.02,7.64,6.03,3.8,1.15,7.6,6.93,3.6,1.16
7.98,7.86,5.7,0.46,7.64,6.03,3.8,1.15,7.6,6.93,3.6,1.16,7.79,7.65,3.3,1.49
7.71,7.99,5.6,0.36,7.6,6.93,3.6,1.16,7.79,7.65,3.3,1.49,7.94,8.22,3.5,1.41
7.72,10.0,5.5,0.4,7.79,7.65,3.3,1.49,7.94,8.22,3.5,1.41,7.22,7.8,3.2,1.33
8.26,7.43,4.8,1.35,7.94,8.22,3.5,1.41,7.22,7.8,3.2,1.33,7.45431918008785,7.768748159057434,5.953303964757708,0.5732064421669109
7.48,7.15,4.5,1.15,7.22,7.8,3.2,1.33,7.45431918008785,7.768748159057434,5.953303964757708,0.5732064421669109,7.98,7.86,5.7,0.46
7.3,6.72,5.0,0.65,7.45431918008785,7.768748159057434,5.953303964757708,0.5732064421669109,7.98,7.86,5.7,0.46,7.71,7.99,5.6,0.36
7.46,7.75,4.4,1.17,7.98,7.86,5.7,0.46,7.71,7.99,5.6,0.36,7.72,10.0,5.5,0.4
7.59,10.8,3.8,1.15,7.71,7.99,5.6,0.36,7.72,10.0,5.5,0.4,8.26,7.43,4.8,1.35
7.53,7.32,4.7,1.53,7.72,10.0,5.5,0.4,8.26,7.43,4.8,1.35,7.48,7.15,4.5,1.15
7.44,7.35,4.1,1.42,8.26,7.43,4.8,1.35,7.48,7.15,4.5,1.15,7.3,6.72,5.0,0.65
7.51,8.41,5.0,1.1,7.48,7.15,4.5,1.15,7.3,6.72,5.0,0.65,7.46,7.75,4.4,1.17
7.52,8.62,7.0,0.93,7.3,6.72,5.0,0.65,7.46,7.75,4.4,1.17,7.59,10.8,3.8,1.15
7.53,7.51,8.8,1.08,7.46,7.75,4.4,1.17,7.59,10.8,3.8,1.15,7.53,7.32,4.7,1.53
8.09,7.6,7.5,1.01,7.59,10.8,3.8,1.15,7.53,7.32,4.7,1.53,7.44,7.35,4.1,1.42
7.87,7.24,4.1,1.11,7.53,7.32,4.7,1.53,7.44,7.35,4.1,1.42,7.51,8.41,5.0,1.1
7.85,9.12,6.6,1.43,7.44,7.35,4.1,1.42,7.51,8.41,5.0,1.1,7.52,8.62,7.0,0.93
7.35,6.94,4.7,1.31,7.51,8.41,5.0,1.1,7.52,8.62,7.0,0.93,7.53,7.51,8.8,1.08
7.07,8.06,3.9,0.81,7.52,8.62,7.0,0.93,7.53,7.51,8.8,1.08,8.09,7.6,7.5,1.01
7.01,8.21,3.2,0.95,7.53,7.51,8.8,1.08,8.09,7.6,7.5,1.01,7.87,7.24,4.1,1.11
6.82,6.19,3.1,0.89,8.09,7.6,7.5,1.01,7.87,7.24,4.1,1.11,7.85,9.12,6.6,1.43
7.09,5.26,1.5,1.61,7.87,7.24,4.1,1.11,7.85,9.12,6.6,1.43,7.35,6.94,4.7,1.31
7.35,5.38,2.3,1.47,7.85,9.12,6.6,1.43,7.35,6.94,4.7,1.31,7.07,8.06,3.9,0.81
7.09,7.37,3.5,0.54,7.35,6.94,4.7,1.31,7.07,8.06,3.9,0.81,7.01,8.21,3.2,0.95
7.14,6.4,3.6,0.74,7.07,8.06,3.9,0.81,7.01,8.21,3.2,0.95,6.82,6.19,3.1,0.89
6.99,6.18,2.7,0.65,7.01,8.21,3.2,0.95,6.82,6.19,3.1,0.89,7.09,5.26,1.5,1.61
6.76,6.1,6.3,0.48,6.82,6.19,3.1,0.89,7.09,5.26,1.5,1.61,7.35,5.38,2.3,1.47
6.78,5.69,6.1,0.36,7.09,5.26,1.5,1.61,7.35,5.38,2.3,1.47,7.09,7.37,3.5,0.54
6.91,7.19,5.1,0.36,7.35,5.38,2.3,1.47,7.09,7.37,3.5,0.54,7.14,6.4,3.6,0.74
7.02,8.46,5.2,0.39,7.09,7.37,3.5,0.54,7.14,6.4,3.6,0.74,6.99,6.18,2.7,0.65
7.08,9.0,5.1,0.38,7.14,6.4,3.6,0.74,6.99,6.18,2.7,0.65,6.76,6.1,6.3,0.48
7.02,8.47,4.6,0.26,6.99,6.18,2.7,0.65,6.76,6.1,6.3,0.48,6.78,5.69,6.1,0.36
7.17,8.01,3.8,0.3,6.76,6.1,6.3,0.48,6.78,5.69,6.1,0.36,6.91,7.19,5.1,0.36
7.61,8.1,3.3,0.33,6.78,5.69,6.1,0.36,6.91,7.19,5.1,0.36,7.02,8.46,5.2,0.39
7.58,8.73,3.3,0.48,6.91,7.19,5.1,0.36,7.02,8.46,5.2,0.39,7.08,9.0,5.1,0.38
7.33,8.42,3.8,0.69,7.02,8.46,5.2,0.39,7.08,9.0,5.1,0.38,7.02,8.47,4.6,0.26
7.3,9.5,3.6,1.0,7.08,9.0,5.1,0.38,7.02,8.47,4.6,0.26,7.17,8.01,3.8,0.3
7.29,9.86,3.3,0.76,7.02,8.47,4.6,0.26,7.17,8.01,3.8,0.3,7.61,8.1,3.3,0.33
7.41,8.64,3.2,1.02,7.17,8.01,3.8,0.3,7.61,8.1,3.3,0.33,7.58,8.73,3.3,0.48
7.27,8.71,2.7,0.76,7.61,8.1,3.3,0.33,7.58,8.73,3.3,0.48,7.33,8.42,3.8,0.69
7.23,10.3,2.9,0.64,7.58,8.73,3.3,0.48,7.33,8.42,3.8,0.69,7.3,9.5,3.6,1.0
7.26,10.1,2.6,0.53,7.33,8.42,3.8,0.69,7.3,9.5,3.6,1.0,7.29,9.86,3.3,0.76
7.23,9.2,2.7,0.37,7.3,9.5,3.6,1.0,7.29,9.86,3.3,0.76,7.41,8.64,3.2,1.02
6.9,3.87,4.6,0.36,7.29,9.86,3.3,0.76,7.41,8.64,3.2,1.02,7.27,8.71,2.7,0.76
7.06,3.87,5.3,0.37,7.41,8.64,3.2,1.02,7.27,8.71,2.7,0.76,7.23,10.3,2.9,0.64
7.09,6.13,3.9,0.87,7.27,8.71,2.7,0.76,7.23,10.3,2.9,0.64,7.26,10.1,2.6,0.53
7.25,6.44,4.2,1.03,7.23,10.3,2.9,0.64,7.26,10.1,2.6,0.53,7.23,9.2,2.7,0.37
7.02,9.68,5.0,0.86,7.26,10.1,2.6,0.53,7.23,9.2,2.7,0.37,6.9,3.87,4.6,0.36
7.1,9.06,5.8,1.03,7.23,9.2,2.7,0.37,6.9,3.87,4.6,0.36,7.06,3.87,5.3,0.37
7.23,7.95,6.0,1.0,6.9,3.87,4.6,0.36,7.06,3.87,5.3,0.37,7.09,6.13,3.9,0.87
7.16,6.6,6.8,1.13,7.06,3.87,5.3,0.37,7.09,6.13,3.9,0.87,7.25,6.44,4.2,1.03
7.24,9.99,6.5,1.04,7.09,6.13,3.9,0.87,7.25,6.44,4.2,1.03,7.02,9.68,5.0,0.86
7.32,9.56,7.8,0.93,7.25,6.44,4.2,1.03,7.02,9.68,5.0,0.86,7.1,9.06,5.8,1.03
7.33,6.18,6.1,0.9,7.02,9.68,5.0,0.86,7.1,9.06,5.8,1.03,7.23,7.95,6.0,1.0
7.21,7.24,6.3,0.99,7.1,9.06,5.8,1.03,7.23,7.95,6.0,1.0,7.16,6.6,6.8,1.13
7.17,5.85,7.5,1.18,7.23,7.95,6.0,1.0,7.16,6.6,6.8,1.13,7.24,9.99,6.5,1.04
7.24,5.89,8.1,0.9,7.16,6.6,6.8,1.13,7.24,9.99,6.5,1.04,7.32,9.56,7.8,0.93
7.71,10.2,4.3,0.45,7.24,9.99,6.5,1.04,7.32,9.56,7.8,0.93,7.33,6.18,6.1,0.9
7.55,10.0,4.9,0.57,7.32,9.56,7.8,0.93,7.33,6.18,6.1,0.9,7.21,7.24,6.3,0.99
7.56,8.41,8.6,0.75,7.33,6.18,6.1,0.9,7.21,7.24,6.3,0.99,7.17,5.85,7.5,1.18
7.69,9.15,7.1,0.84,7.21,7.24,6.3,0.99,7.17,5.85,7.5,1.18,7.24,5.89,8.1,0.9
7.49,11.3,5.7,1.13,7.17,5.85,7.5,1.18,7.24,5.89,8.1,0.9,7.71,10.2,4.3,0.45
7.24,8.46,4.1,1.12,7.24,5.89,8.1,0.9,7.71,10.2,4.3,0.45,7.55,10.0,4.9,0.57
7.16,7.75,4.1,0.74,7.71,10.2,4.3,0.45,7.55,10.0,4.9,0.57,7.56,8.41,8.6,0.75
7.22,8.36,4.5,1.02,7.55,10.0,4.9,0.57,7.56,8.41,8.6,0.75,7.69,9.15,7.1,0.84
7.3,7.13,5.8,1.04,7.56,8.41,8.6,0.75,7.69,9.15,7.1,0.84,7.49,11.3,5.7,1.13
7.39,8.51,6.1,0.68,7.69,9.15,7.1,0.84,7.49,11.3,5.7,1.13,7.24,8.46,4.1,1.12
7.43,6.0,6.1,0.69,7.49,11.3,5.7,1.13,7.24,8.46,4.1,1.12,7.16,7.75,4.1,0.74
7.45,9.24,6.1,1.0,7.24,8.46,4.1,1.12,7.16,7.75,4.1,0.74,7.22,8.36,4.5,1.02
7.48,9.07,6.1,1.18,7.16,7.75,4.1,0.74,7.22,8.36,4.5,1.02,7.3,7.13,5.8,1.04
7.58,9.11,6.3,0.96,7.22,8.36,4.5,1.02,7.3,7.13,5.8,1.04,7.39,8.51,6.1,0.68
7.49,4.3,9.1,1.01,7.3,7.13,5.8,1.04,7.39,8.51,6.1,0.68,7.43,6.0,6.1,0.69
7.59,5.77,9.7,0.98,7.39,8.51,6.1,0.68,7.43,6.0,6.1,0.69,7.45,9.24,6.1,1.0
7.52,7.3,9.7,0.96,7.43,6.0,6.1,0.69,7.45,9.24,6.1,1.0,7.48,9.07,6.1,1.18
7.49,7.45,9.6,0.87,7.45,9.24,6.1,1.0,7.48,9.07,6.1,1.18,7.58,9.11,6.3,0.96
7.43,7.95,9.1,1.07,7.48,9.07,6.1,1.18,7.58,9.11,6.3,0.96,7.49,4.3,9.1,1.01
7.54,9.25,7.2,0.9,7.58,9.11,6.3,0.96,7.49,4.3,9.1,1.01,7.59,5.77,9.7,0.98
7.29,9.65,7.5,0.91,7.49,4.3,9.1,1.01,7.59,5.77,9.7,0.98,7.52,7.3,9.7,0.96
7.45431918008785,7.768748159057434,5.953303964757708,0.5732064421669109,7.59,5.77,9.7,0.98,7.52,7.3,9.7,0.96,7.49,7.45,9.6,0.87
7.45431918008785,7.768748159057434,5.953303964757708,0.5732064421669109,7.52,7.3,9.7,0.96,7.49,7.45,9.6,0.87,7.43,7.95,9.1,1.07
7.45431918008785,7.768748159057434,5.953303964757708,0.5732064421669109,7.49,7.45,9.6,0.87,7.43,7.95,9.1,1.07,7.54,9.25,7.2,0.9
7.45431918008785,7.768748159057434,5.953303964757708,0.5732064421669109,7.43,7.95,9.1,1.07,7.54,9.25,7.2,0.9,7.29,9.65,7.5,0.91
7.45431918008785,7.768748159057434,5.953303964757708,0.5732064421669109,7.54,9.25,7.2,0.9,7.29,9.65,7.5,0.91,7.45431918008785,7.768748159057434,5.953303964757708,0.5732064421669109
7.45431918008785,7.768748159057434,5.953303964757708,0.5732064421669109,7.29,9.65,7.5,0.91,7.45431918008785,7.768748159057434,5.953303964757708,0.5732064421669109,7.45431918008785,7.768748159057434,5.953303964757708,0.5732064421669109
7.45431918008785,7.768748159057434,5.953303964757708,0.5732064421669109,7.45431918008785,7.768748159057434,5.953303964757708,0.5732064421669109,7.45431918008785,7.768748159057434,5.953303964757708,0.5732064421669109,7.45431918008785,7.768748159057434,5.953303964757708,0.5732064421669109
7.45431918008785,7.768748159057434,5.953303964757708,0.5732064421669109,7.45431918008785,7.768748159057434,5.953303964757708,0.5732064421669109,7.45431918008785,7.768748159057434,5.953303964757708,0.5732064421669109,7.45431918008785,7.768748159057434,5.953303964757708,0.5732064421669109
7.45431918008785,7.768748159057434,5.953303964757708,0.5732064421669109,7.45431918008785,7.768748159057434,5.953303964757708,0.5732064421669109,7.45431918008785,7.768748159057434,5.953303964757708,0.5732064421669109,7.45431918008785,7.768748159057434,5.953303964757708,0.5732064421669109
7.45431918008785,7.768748159057434,5.953303964757708,0.5732064421669109,7.45431918008785,7.768748159057434,5.953303964757708,0.5732064421669109,7.45431918008785,7.768748159057434,5.953303964757708,0.5732064421669109,7.45431918008785,7.768748159057434,5.953303964757708,0.5732064421669109
7.45431918008785,7.768748159057434,5.953303964757708,0.5732064421669109,7.45431918008785,7.768748159057434,5.953303964757708,0.5732064421669109,7.45431918008785,7.768748159057434,5.953303964757708,0.5732064421669109,7.45431918008785,7.768748159057434,5.953303964757708,0.5732064421669109
7.45431918008785,7.768748159057434,5.953303964757708,0.5732064421669109,7.45431918008785,7.768748159057434,5.953303964757708,0.5732064421669109,7.45431918008785,7.768748159057434,5.953303964757708,0.5732064421669109,7.45431918008785,7.768748159057434,5.953303964757708,0.5732064421669109
7.45431918008785,7.768748159057434,5.953303964757708,0.5732064421669109,7.45431918008785,7.768748159057434,5.953303964757708,0.5732064421669109,7.45431918008785,7.768748159057434,5.953303964757708,0.5732064421669109,7.45431918008785,7.768748159057434,5.953303964757708,0.5732064421669109
7.45431918008785,7.768748159057434,5.953303964757708,0.5732064421669109,7.45431918008785,7.768748159057434,5.953303964757708,0.5732064421669109,7.45431918008785,7.768748159057434,5.953303964757708,0.5732064421669109,7.45431918008785,7.768748159057434,5.953303964757708,0.5732064421669109
7.45431918008785,7.768748159057434,5.953303964757708,0.5732064421669109,7.45431918008785,7.768748159057434,5.953303964757708,0.5732064421669109,7.45431918008785,7.768748159057434,5.953303964757708,0.5732064421669109,7.45431918008785,7.768748159057434,5.953303964757708,0.5732064421669109
7.45431918008785,7.768748159057434,5.953303964757708,0.5732064421669109,7.45431918008785,7.768748159057434,5.953303964757708,0.5732064421669109,7.45431918008785,7.768748159057434,5.953303964757708,0.5732064421669109,7.45431918008785,7.768748159057434,5.953303964757708,0.5732064421669109
7.45431918008785,7.768748159057434,5.953303964757708,0.5732064421669109,7.45431918008785,7.768748159057434,5.953303964757708,0.5732064421669109,7.45431918008785,7.768748159057434,5.953303964757708,0.5732064421669109,7.45431918008785,7.768748159057434,5.953303964757708,0.5732064421669109
7.45431918008785,7.768748159057434,5.953303964757708,0.5732064421669109,7.45431918008785,7.768748159057434,5.953303964757708,0.5732064421669109,7.45431918008785,7.768748159057434,5.953303964757708,0.5732064421669109,7.45431918008785,7.768748159057434,5.953303964757708,0.5732064421669109
7.45431918008785,7.768748159057434,5.953303964757708,0.5732064421669109,7.45431918008785,7.768748159057434,5.953303964757708,0.5732064421669109,7.45431918008785,7.768748159057434,5.953303964757708,0.5732064421669109,7.45431918008785,7.768748159057434,5.953303964757708,0.5732064421669109
7.45431918008785,7.768748159057434,5.953303964757708,0.5732064421669109,7.45431918008785,7.768748159057434,5.953303964757708,0.5732064421669109,7.45431918008785,7.768748159057434,5.953303964757708,0.5732064421669109,7.45431918008785,7.768748159057434,5.953303964757708,0.5732064421669109
7.45431918008785,7.768748159057434,5.953303964757708,0.5732064421669109,7.45431918008785,7.768748159057434,5.953303964757708,0.5732064421669109,7.45431918008785,7.768748159057434,5.953303964757708,0.5732064421669109,7.45431918008785,7.768748159057434,5.953303964757708,0.5732064421669109
7.45431918008785,7.768748159057434,5.953303964757708,0.5732064421669109,7.45431918008785,7.768748159057434,5.953303964757708,0.5732064421669109,7.45431918008785,7.768748159057434,5.953303964757708,0.5732064421669109,7.45431918008785,7.768748159057434,5.953303964757708,0.5732064421669109
7.45431918008785,7.768748159057434,5.953303964757708,0.5732064421669109,7.45431918008785,7.768748159057434,5.953303964757708,0.5732064421669109,7.45431918008785,7.768748159057434,5.953303964757708,0.5732064421669109,7.45431918008785,7.768748159057434,5.953303964757708,0.5732064421669109
7.45431918008785,7.768748159057434,5.953303964757708,0.5732064421669109,7.45431918008785,7.768748159057434,5.953303964757708,0.5732064421669109,7.45431918008785,7.768748159057434,5.953303964757708,0.5732064421669109,7.45431918008785,7.768748159057434,5.953303964757708,0.5732064421669109
7.45431918008785,7.768748159057434,5.953303964757708,0.5732064421669109,7.45431918008785,7.768748159057434,5.953303964757708,0.5732064421669109,7.45431918008785,7.768748159057434,5.953303964757708,0.5732064421669109,7.45431918008785,7.768748159057434,5.953303964757708,0.5732064421669109
7.45431918008785,7.768748159057434,5.953303964757708,0.5732064421669109,7.45431918008785,7.768748159057434,5.953303964757708,0.5732064421669109,7.45431918008785,7.768748159057434,5.953303964757708,0.5732064421669109,7.45431918008785,7.768748159057434,5.953303964757708,0.5732064421669109
7.45431918008785,7.768748159057434,5.953303964757708,0.5732064421669109,7.45431918008785,7.768748159057434,5.953303964757708,0.5732064421669109,7.45431918008785,7.768748159057434,5.953303964757708,0.5732064421669109,7.45431918008785,7.768748159057434,5.953303964757708,0.5732064421669109
7.79,10.4,6.5,0.44,7.45431918008785,7.768748159057434,5.953303964757708,0.5732064421669109,7.45431918008785,7.768748159057434,5.953303964757708,0.5732064421669109,7.45431918008785,7.768748159057434,5.953303964757708,0.5732064421669109
7.85,10.1,7.1,0.62,7.45431918008785,7.768748159057434,5.953303964757708,0.5732064421669109,7.45431918008785,7.768748159057434,5.953303964757708,0.5732064421669109,7.45431918008785,7.768748159057434,5.953303964757708,0.5732064421669109
7.85,10.5,6.9,0.62,7.45431918008785,7.768748159057434,5.953303964757708,0.5732064421669109,7.45431918008785,7.768748159057434,5.953303964757708,0.5732064421669109,7.45431918008785,7.768748159057434,5.953303964757708,0.5732064421669109
7.9,9.1,6.3,0.53,7.45431918008785,7.768748159057434,5.953303964757708,0.5732064421669109,7.45431918008785,7.768748159057434,5.953303964757708,0.5732064421669109,7.45431918008785,7.768748159057434,5.953303964757708,0.5732064421669109
7.87,9.1,5.7,0.58,7.45431918008785,7.768748159057434,5.953303964757708,0.5732064421669109,7.45431918008785,7.768748159057434,5.953303964757708,0.5732064421669109,7.79,10.4,6.5,0.44
7.88,7.768748159057434,5.5,0.6,7.45431918008785,7.768748159057434,5.953303964757708,0.5732064421669109,7.79,10.4,6.5,0.44,7.85,10.1,7.1,0.62
7.85,8.95,6.7,0.51,7.79,10.4,6.5,0.44,7.85,10.1,7.1,0.62,7.85,10.5,6.9,0.62
7.88,7.45,7.5,0.38,7.85,10.1,7.1,0.62,7.85,10.5,6.9,0.62,7.9,9.1,6.3,0.53
7.79,7.35,7.3,0.39,7.85,10.5,6.9,0.62,7.9,9.1,6.3,0.53,7.87,9.1,5.7,0.58
7.72,7.0,7.1,0.44,7.9,9.1,6.3,0.53,7.87,9.1,5.7,0.58,7.88,7.768748159057434,5.5,0.6
7.52,6.45,6.9,0.39,7.87,9.1,5.7,0.58,7.88,7.768748159057434,5.5,0.6,7.85,8.95,6.7,0.51
7.64,7.15,6.7,0.46,7.88,7.768748159057434,5.5,0.6,7.85,8.95,6.7,0.51,7.88,7.45,7.5,0.38
7.77,7.25,5.7,0.6,7.85,8.95,6.7,0.51,7.88,7.45,7.5,0.38,7.79,7.35,7.3,0.39
7.6,6.7,6.6,0.07,7.88,7.45,7.5,0.38,7.79,7.35,7.3,0.39,7.72,7.0,7.1,0.44
7.7,6.5,7.6,0.71,7.79,7.35,7.3,0.39,7.72,7.0,7.1,0.44,7.52,6.45,6.9,0.39
7.59,6.35,8.3,0.27,7.72,7.0,7.1,0.44,7.52,6.45,6.9,0.39,7.64,7.15,6.7,0.46
7.46,6.55,8.4,0.09,7.52,6.45,6.9,0.39,7.64,7.15,6.7,0.46,7.77,7.25,5.7,0.6
7.37,6.2,7.5,0.06,7.64,7.15,6.7,0.46,7.77,7.25,5.7,0.6,7.6,6.7,6.6,0.07
7.34,6.1,7.8,0.11,7.77,7.25,5.7,0.6,7.6,6.7,6.6,0.07,7.7,6.5,7.6,0.71
7.57,6.55,6.5,0.06,7.6,6.7,6.6,0.07,7.7,6.5,7.6,0.71,7.59,6.35,8.3,0.27
7.82,6.85,7.2,0.1,7.7,6.5,7.6,0.71,7.59,6.35,8.3,0.27,7.46,6.55,8.4,0.09
7.76,7.4,9.9,0.17,7.59,6.35,8.3,0.27,7.46,6.55,8.4,0.09,7.37,6.2,7.5,0.06
7.94,8.6,7.5,0.18,7.46,6.55,8.4,0.09,7.37,6.2,7.5,0.06,7.34,6.1,7.8,0.11
7.88,8.55,7.3,0.56,7.37,6.2,7.5,0.06,7.34,6.1,7.8,0.11,7.57,6.55,6.5,0.06
7.98,9.4,6.6,0.33,7.34,6.1,7.8,0.11,7.57,6.55,6.5,0.06,7.82,6.85,7.2,0.1
7.89,9.65,6.8,0.18,7.57,6.55,6.5,0.06,7.82,6.85,7.2,0.1,7.76,7.4,9.9,0.17
7.8,9.7,5.0,0.13,7.82,6.85,7.2,0.1,7.76,7.4,9.9,0.17,7.94,8.6,7.5,0.18
8.01,9.85,6.2,0.09,7.76,7.4,9.9,0.17,7.94,8.6,7.5,0.18,7.88,8.55,7.3,0.56
8.41,12.4,5.6,0.15,7.94,8.6,7.5,0.18,7.88,8.55,7.3,0.56,7.98,9.4,6.6,0.33
8.06,12.3,5.7,0.15,7.88,8.55,7.3,0.56,7.98,9.4,6.6,0.33,7.89,9.65,6.8,0.18
7.95,11.8,5.5,0.14,7.98,9.4,6.6,0.33,7.89,9.65,6.8,0.18,7.8,9.7,5.0,0.13
7.45431918008785,7.768748159057434,5.953303964757708,0.5732064421669109,7.89,9.65,6.8,0.18,7.8,9.7,5.0,0.13,8.01,9.85,6.2,0.09
7.45431918008785,7.768748159057434,5.953303964757708,0.5732064421669109,7.8,9.7,5.0,0.13,8.01,9.85,6.2,0.09,8.41,12.4,5.6,0.15
7.45431918008785,7.768748159057434,5.953303964757708,0.5732064421669109,8.01,9.85,6.2,0.09,8.41,12.4,5.6,0.15,8.06,12.3,5.7,0.15
7.45431918008785,7.768748159057434,5.953303964757708,0.5732064421669109,8.41,12.4,5.6,0.15,8.06,12.3,5.7,0.15,7.95,11.8,5.5,0.14
7.45431918008785,7.768748159057434,5.953303964757708,0.5732064421669109,8.06,12.3,5.7,0.15,7.95,11.8,5.5,0.14,7.45431918008785,7.768748159057434,5.953303964757708,0.5732064421669109
7.45431918008785,7.768748159057434,5.953303964757708,0.5732064421669109,7.95,11.8,5.5,0.14,7.45431918008785,7.768748159057434,5.953303964757708,0.5732064421669109,7.45431918008785,7.768748159057434,5.953303964757708,0.5732064421669109
7.45431918008785,7.768748159057434,5.953303964757708,0.5732064421669109,7.45431918008785,7.768748159057434,5.953303964757708,0.5732064421669109,7.45431918008785,7.768748159057434,5.953303964757708,0.5732064421669109,7.45431918008785,7.768748159057434,5.953303964757708,0.5732064421669109
7.39,8.4,6.0,1.36,7.45431918008785,7.768748159057434,5.953303964757708,0.5732064421669109,7.45431918008785,7.768748159057434,5.953303964757708,0.5732064421669109,7.45431918008785,7.768748159057434,5.953303964757708,0.5732064421669109
7.54,7.8,6.3,1.37,7.45431918008785,7.768748159057434,5.953303964757708,0.5732064421669109,7.45431918008785,7.768748159057434,5.953303964757708,0.5732064421669109,7.45431918008785,7.768748159057434,5.953303964757708,0.5732064421669109
7.45,7.2,5.9,1.23,7.45431918008785,7.768748159057434,5.953303964757708,0.5732064421669109,7.45431918008785,7.768748159057434,5.953303964757708,0.5732064421669109,7.45431918008785,7.768748159057434,5.953303964757708,0.5732064421669109
7.38,8.95,4.6,1.57,7.45431918008785,7.768748159057434,5.953303964757708,0.5732064421669109,7.45431918008785,7.768748159057434,5.953303964757708,0.5732064421669109,7.45431918008785,7.768748159057434,5.953303964757708,0.5732064421669109
7.39,5.85,5.4,1.24,7.45431918008785,7.768748159057434,5.953303964757708,0.5732064421669109,7.45431918008785,7.768748159057434,5.953303964757708,0.5732064421669109,7.39,8.4,6.0,1.36
7.14,6.45,5.9,1.6,7.45431918008785,7.768748159057434,5.953303964757708,0.5732064421669109,7.39,8.4,6.0,1.36,7.54,7.8,6.3,1.37
7.27,8.25,6.0,1.53,7.39,8.4,6.0,1.36,7.54,7.8,6.3,1.37,7.45,7.2,5.9,1.23
7.35,8.85,5.2,1.55,7.54,7.8,6.3,1.37,7.45,7.2,5.9,1.23,7.38,8.95,4.6,1.57
7.3,8.2,5.0,1.47,7.45,7.2,5.9,1.23,7.38,8.95,4.6,1.57,7.39,5.85,5.4,1.24
7.23,8.6,4.8,1.28,7.38,8.95,4.6,1.57,7.39,5.85,5.4,1.24,7.14,6.45,5.9,1.6
7.45431918008785,7.768748159057434,5.953303964757708,0.5732064421669109,7.39,5.85,5.4,1.24,7.14,6.45,5.9,1.6,7.27,8.25,6.0,1.53
7.45431918008785,7.768748159057434,5.953303964757708,0.5732064421669109,7.14,6.45,5.9,1.6,7.27,8.25,6.0,1.53,7.35,8.85,5.2,1.55
7.45431918008785,7.768748159057434,5.953303964757708,0.5732064421669109,7.27,8.25,6.0,1.53,7.35,8.85,5.2,1.55,7.3,8.2,5.0,1.47
7.45431918008785,7.768748159057434,5.953303964757708,0.5732064421669109,7.35,8.85,5.2,1.55,7.3,8.2,5.0,1.47,7.23,8.6,4.8,1.28
7.45431918008785,7.768748159057434,5.953303964757708,0.5732064421669109,7.3,8.2,5.0,1.47,7.23,8.6,4.8,1.28,7.45431918008785,7.768748159057434,5.953303964757708,0.5732064421669109
8.18,9.95,7.7,0.32,7.23,8.6,4.8,1.28,7.45431918008785,7.768748159057434,5.953303964757708,0.5732064421669109,7.45431918008785,7.768748159057434,5.953303964757708,0.5732064421669109
7.76,9.15,6.7,0.18,7.45431918008785,7.768748159057434,5.953303964757708,0.5732064421669109,7.45431918008785,7.768748159057434,5.953303964757708,0.5732064421669109,7.45431918008785,7.768748159057434,5.953303964757708,0.5732064421669109
7.65,10.2,7.4,0.11,7.45431918008785,7.768748159057434,5.953303964757708,0.5732064421669109,7.45431918008785,7.768748159057434,5.953303964757708,0.5732064421669109,7.45431918008785,7.768748159057434,5.953303964757708,0.5732064421669109
8.2,10.2,7.1,0.1,7.45431918008785,7.768748159057434,5.953303964757708,0.5732064421669109,7.45431918008785,7.768748159057434,5.953303964757708,0.5732064421669109,7.45431918008785,7.768748159057434,5.953303964757708,0.5732064421669109
7.99,9.05,6.8,0.08,7.45431918008785,7.768748159057434,5.953303964757708,0.5732064421669109,7.45431918008785,7.768748159057434,5.953303964757708,0.5732064421669109,8.18,9.95,7.7,0.32
7.84,7.9,7.9,0.2,7.45431918008785,7.768748159057434,5.953303964757708,0.5732064421669109,8.18,9.95,7.7,0.32,7.76,9.15,6.7,0.18
7.37,9.8,8.3,0.36,8.18,9.95,7.7,0.32,7.76,9.15,6.7,0.18,7.65,10.2,7.4,0.11
7.76,8.6,6.2,0.1,7.76,9.15,6.7,0.18,7.65,10.2,7.4,0.11,8.2,10.2,7.1,0.1
7.72,6.9,6.1,0.17,7.65,10.2,7.4,0.11,8.2,10.2,7.1,0.1,7.99,9.05,6.8,0.08
7.46,5.9,11.2,0.29,8.2,10.2,7.1,0.1,7.99,9.05,6.8,0.08,7.84,7.9,7.9,0.2
7.48,6.8,9.1,0.21,7.99,9.05,6.8,0.08,7.84,7.9,7.9,0.2,7.37,9.8,8.3,0.36
7.7,8.2,8.6,0.22,7.84,7.9,7.9,0.2,7.37,9.8,8.3,0.36,7.76,8.6,6.2,0.1
7.64,8.15,7.8,0.19,7.37,9.8,8.3,0.36,7.76,8.6,6.2,0.1,7.72,6.9,6.1,0.17
7.8,7.85,6.3,0.15,7.76,8.6,6.2,0.1,7.72,6.9,6.1,0.17,7.46,5.9,11.2,0.29
7.59,7.9,5.9,0.09,7.72,6.9,6.1,0.17,7.46,5.9,11.2,0.29,7.48,6.8,9.1,0.21
7.59,7.35,5.9,0.15,7.46,5.9,11.2,0.29,7.48,6.8,9.1,0.21,7.7,8.2,8.6,0.22
7.4,7.75,5.6,0.06,7.48,6.8,9.1,0.21,7.7,8.2,8.6,0.22,7.64,8.15,7.8,0.19
7.24,7.3,6.1,0.04,7.7,8.2,8.6,0.22,7.64,8.15,7.8,0.19,7.8,7.85,6.3,0.15
7.45,7.15,9.1,0.07,7.64,8.15,7.8,0.19,7.8,7.85,6.3,0.15,7.59,7.9,5.9,0.09
7.21,7.3,8.9,0.04,7.8,7.85,6.3,0.15,7.59,7.9,5.9,0.09,7.59,7.35,5.9,0.15
7.67,7.85,5.9,0.05,7.59,7.9,5.9,0.09,7.59,7.35,5.9,0.15,7.4,7.75,5.6,0.06
7.39,7.4,5.9,0.05,7.59,7.35,5.9,0.15,7.4,7.75,5.6,0.06,7.24,7.3,6.1,0.04
7.45,7.85,5.2,0.05,7.4,7.75,5.6,0.06,7.24,7.3,6.1,0.04,7.45,7.15,9.1,0.07
7.37,8.55,4.1,0.06,7.24,7.3,6.1,0.04,7.45,7.15,9.1,0.07,7.21,7.3,8.9,0.04
7.96,9.75,4.1,0.06,7.45,7.15,9.1,0.07,7.21,7.3,8.9,0.04,7.67,7.85,5.9,0.05
7.46,8.35,4.3,0.08,7.21,7.3,8.9,0.04,7.67,7.85,5.9,0.05,7.39,7.4,5.9,0.05
7.26,9.6,4.8,0.07,7.67,7.85,5.9,0.05,7.39,7.4,5.9,0.05,7.45,7.85,5.2,0.05
7.09,9.95,4.9,0.04,7.39,7.4,5.9,0.05,7.45,7.85,5.2,0.05,7.37,8.55,4.1,0.06
7.47,8.95,4.4,0.48,7.45,7.85,5.2,0.05,7.37,8.55,4.1,0.06,7.96,9.75,4.1,0.06
7.55,8.45,3.3,0.81,7.37,8.55,4.1,0.06,7.96,9.75,4.1,0.06,7.46,8.35,4.3,0.08
7.3,12.6,7.3,0.21,7.96,9.75,4.1,0.06,7.46,8.35,4.3,0.08,7.26,9.6,4.8,0.07
7.5,12.4,7.0,0.09,7.46,8.35,4.3,0.08,7.26,9.6,4.8,0.07,7.09,9.95,4.9,0.04
7.21,11.1,5.5,0.19,7.26,9.6,4.8,0.07,7.09,9.95,4.9,0.04,7.47,8.95,4.4,0.48
7.33,12.4,6.0,0.37,7.09,9.95,4.9,0.04,7.47,8.95,4.4,0.48,7.55,8.45,3.3,0.81
7.34,12.2,5.9,0.66,7.47,8.95,4.4,0.48,7.55,8.45,3.3,0.81,7.3,12.6,7.3,0.21
7.21,11.1,5.8,0.81,7.55,8.45,3.3,0.81,7.3,12.6,7.3,0.21,7.5,12.4,7.0,0.09
7.26,7.04,5.8,0.51,7.3,12.6,7.3,0.21,7.5,12.4,7.0,0.09,7.21,11.1,5.5,0.19
7.24,6.71,6.0,0.37,7.5,12.4,7.0,0.09,7.21,11.1,5.5,0.19,7.33,12.4,6.0,0.37
7.15,6.62,6.1,1.16,7.21,11.1,5.5,0.19,7.33,12.4,6.0,0.37,7.34,12.2,5.9,0.66
7.11,6.95,5.8,0.76,7.33,12.4,6.0,0.37,7.34,12.2,5.9,0.66,7.21,11.1,5.8,0.81
7.04,7.08,5.7,0.77,7.34,12.2,5.9,0.66,7.21,11.1,5.8,0.81,7.26,7.04,5.8,0.51
7.01,7.22,5.3,0.75,7.21,11.1,5.8,0.81,7.26,7.04,5.8,0.51,7.24,6.71,6.0,0.37
6.99,7.98,5.5,0.61,7.26,7.04,5.8,0.51,7.24,6.71,6.0,0.37,7.15,6.62,6.1,1.16
7.03,9.81,6.5,0.32,7.24,6.71,6.0,0.37,7.15,6.62,6.1,1.16,7.11,6.95,5.8,0.76
7.1,12.2,7.7,0.22,7.15,6.62,6.1,1.16,7.11,6.95,5.8,0.76,7.04,7.08,5.7,0.77
7.16,10.0,8.3,0.33,7.11,6.95,5.8,0.76,7.04,7.08,5.7,0.77,7.01,7.22,5.3,0.75
7.21,10.0,9.0,0.41,7.04,7.08,5.7,0.77,7.01,7.22,5.3,0.75,6.99,7.98,5.5,0.61
6.93,8.2,7.9,0.23,7.01,7.22,5.3,0.75,6.99,7.98,5.5,0.61,7.03,9.81,6.5,0.32
7.12,9.54,7.9,0.14,6.99,7.98,5.5,0.61,7.03,9.81,6.5,0.32,7.1,12.2,7.7,0.22
7.53,8.52,6.4,0.29,7.03,9.81,6.5,0.32,7.1,12.2,7.7,0.22,7.16,10.0,8.3,0.33
7.89,7.89,7.4,0.14,7.1,12.2,7.7,0.22,7.16,10.0,8.3,0.33,7.21,10.0,9.0,0.41
7.7,8.7,9.1,0.1,7.16,10.0,8.3,0.33,7.21,10.0,9.0,0.41,6.93,8.2,7.9,0.23
7.36,7.57,9.3,0.14,7.21,10.0,9.0,0.41,6.93,8.2,7.9,0.23,7.12,9.54,7.9,0.14
8.33,8.59,12.7,0.13,6.93,8.2,7.9,0.23,7.12,9.54,7.9,0.14,7.53,8.52,6.4,0.29
8.32,7.7,8.7,0.11,7.12,9.54,7.9,0.14,7.53,8.52,6.4,0.29,7.89,7.89,7.4,0.14
8.09,8.18,7.3,0.16,7.53,8.52,6.4,0.29,7.89,7.89,7.4,0.14,7.7,8.7,9.1,0.1
7.77,9.36,7.9,0.1,7.89,7.89,7.4,0.14,7.7,8.7,9.1,0.1,7.36,7.57,9.3,0.14
7.58,9.27,7.7,0.1,7.7,8.7,9.1,0.1,7.36,7.57,9.3,0.14,8.33,8.59,12.7,0.13
7.3,8.36,6.7,0.12,7.36,7.57,9.3,0.14,8.33,8.59,12.7,0.13,8.32,7.7,8.7,0.11
7.15,8.4,4.3,0.14,8.33,8.59,12.7,0.13,8.32,7.7,8.7,0.11,8.09,8.18,7.3,0.16
7.07,9.08,3.3,0.11,8.32,7.7,8.7,0.11,8.09,8.18,7.3,0.16,7.77,9.36,7.9,0.1
7.45431918008785,7.768748159057434,5.953303964757708,0.5732064421669109,8.09,8.18,7.3,0.16,7.77,9.36,7.9,0.1,7.58,9.27,7.7,0.1
7.45431918008785,7.768748159057434,5.953303964757708,0.5732064421669109,7.77,9.36,7.9,0.1,7.58,9.27,7.7,0.1,7.3,8.36,6.7,0.12
7.13,7.45,5.1,0.38,7.58,9.27,7.7,0.1,7.3,8.36,6.7,0.12,7.15,8.4,4.3,0.14
7.16,6.76,5.8,0.09,7.3,8.36,6.7,0.12,7.15,8.4,4.3,0.14,7.07,9.08,3.3,0.11
7.13,6.64,5.2,0.12,7.15,8.4,4.3,0.14,7.07,9.08,3.3,0.11,7.45431918008785,7.768748159057434,5.953303964757708,0.5732064421669109
7.19,6.28,4.4,0.15,7.07,9.08,3.3,0.11,7.45431918008785,7.768748159057434,5.953303964757708,0.5732064421669109,7.45431918008785,7.768748159057434,5.953303964757708,0.5732064421669109
7.22,6.7,2.9,0.39,7.45431918008785,7.768748159057434,5.953303964757708,0.5732064421669109,7.45431918008785,7.768748159057434,5.953303964757708,0.5732064421669109,7.13,7.45,5.1,0.38
8.14,9.42,6.1,0.73,7.45431918008785,7.768748159057434,5.953303964757708,0.5732064421669109,7.13,7.45,5.1,0.38,7.16,6.76,5.8,0.09
7.85,8.72,5.9,0.44,7.13,7.45,5.1,0.38,7.16,6.76,5.8,0.09,7.13,6.64,5.2,0.12
8.18,8.51,5.4,0.33,7.16,6.76,5.8,0.09,7.13,6.64,5.2,0.12,7.19,6.28,4.4,0.15
8.13,9.91,4.5,0.2,7.13,6.64,5.2,0.12,7.19,6.28,4.4,0.15,7.22,6.7,2.9,0.39
7.76,9.71,5.4,0.1,7.19,6.28,4.4,0.15,7.22,6.7,2.9,0.39,8.14,9.42,6.1,0.73
7.44,7.68,3.5,0.13,7.22,6.7,2.9,0.39,8.14,9.42,6.1,0.73,7.85,8.72,5.9,0.44
7.22,7.78,5.4,0.18,8.14,9.42,6.1,0.73,7.85,8.72,5.9,0.44,8.18,8.51,5.4,0.33
7.41,7.67,6.3,0.16,7.85,8.72,5.9,0.44,8.18,8.51,5.4,0.33,8.13,9.91,4.5,0.2
7.18,8.14,5.1,0.17,8.18,8.51,5.4,0.33,8.13,9.91,4.5,0.2,7.76,9.71,5.4,0.1
7.37,8.98,4.1,0.17,8.13,9.91,4.5,0.2,7.76,9.71,5.4,0.1,7.44,7.68,3.5,0.13
7.43,8.74,4.2,0.16,7.76,9.71,5.4,0.1,7.44,7.68,3.5,0.13,7.22,7.78,5.4,0.18
7.61,10.7,4.3,0.13,7.44,7.68,3.5,0.13,7.22,7.78,5.4,0.18,7.41,7.67,6.3,0.16
7.52,11.2,4.2,0.13,7.22,7.78,5.4,0.18,7.41,7.67,6.3,0.16,7.18,8.14,5.1,0.17
7.22,11.0,3.3,0.14,7.41,7.67,6.3,0.16,7.18,8.14,5.1,0.17,7.37,8.98,4.1,0.17
7.56,13.6,3.6,0.23,7.18,8.14,5.1,0.17,7.37,8.98,4.1,0.17,7.43,8.74,4.2,0.16
7.5,12.9,3.5,0.27,7.37,8.98,4.1,0.17,7.43,8.74,4.2,0.16,7.61,10.7,4.3,0.13
7.38,10.6,3.6,0.37,7.43,8.74,4.2,0.16,7.61,10.7,4.3,0.13,7.52,11.2,4.2,0.13
7.29,14.0,5.953303964757708,0.75,7.61,10.7,4.3,0.13,7.52,11.2,4.2,0.13,7.22,11.0,3.3,0.14
7.45431918008785,7.768748159057434,5.953303964757708,0.5732064421669109,7.52,11.2,4.2,0.13,7.22,11.0,3.3,0.14,7.56,13.6,3.6,0.23
7.26,9.89,3.2,0.41,7.22,11.0,3.3,0.14,7.56,13.6,3.6,0.23,7.5,12.9,3.5,0.27
7.16,9.66,3.2,0.45,7.56,13.6,3.6,0.23,7.5,12.9,3.5,0.27,7.38,10.6,3.6,0.37
7.09,8.5,3.0,0.37,7.5,12.9,3.5,0.27,7.38,10.6,3.6,0.37,7.29,14.0,5.953303964757708,0.75
7.06,7.8,4.2,0.49,7.38,10.6,3.6,0.37,7.29,14.0,5.953303964757708,0.75,7.45431918008785,7.768748159057434,5.953303964757708,0.5732064421669109
7.15,8.11,4.8,0.62,7.29,14.0,5.953303964757708,0.75,7.45431918008785,7.768748159057434,5.953303964757708,0.5732064421669109,7.26,9.89,3.2,0.41
7.18,7.75,4.7,0.68,7.45431918008785,7.768748159057434,5.953303964757708,0.5732064421669109,7.26,9.89,3.2,0.41,7.16,9.66,3.2,0.45
7.19,7.81,4.7,0.59,7.26,9.89,3.2,0.41,7.16,9.66,3.2,0.45,7.09,8.5,3.0,0.37
7.58,10.5,5.8,0.45,7.16,9.66,3.2,0.45,7.09,8.5,3.0,0.37,7.06,7.8,4.2,0.49
7.24,10.1,5.7,0.5,7.09,8.5,3.0,0.37,7.06,7.8,4.2,0.49,7.15,8.11,4.8,0.62
7.0,6.98,4.5,0.85,7.06,7.8,4.2,0.49,7.15,8.11,4.8,0.62,7.18,7.75,4.7,0.68
7.09,8.38,4.7,0.49,7.15,8.11,4.8,0.62,7.18,7.75,4.7,0.68,7.19,7.81,4.7,0.59
7.06,8.13,5.4,0.4,7.18,7.75,4.7,0.68,7.19,7.81,4.7,0.59,7.58,10.5,5.8,0.45
7.06,7.07,4.0,0.57,7.19,7.81,4.7,0.59,7.58,10.5,5.8,0.45,7.24,10.1,5.7,0.5
7.08,7.06,3.8,0.66,7.58,10.5,5.8,0.45,7.24,10.1,5.7,0.5,7.0,6.98,4.5,0.85
7.45431918008785,7.768748159057434,5.953303964757708,0.5732064421669109,7.24,10.1,5.7,0.5,7.0,6.98,4.5,0.85,7.09,8.38,4.7,0.49
7.2,6.66,4.8,0.33,7.0,6.98,4.5,0.85,7.09,8.38,4.7,0.49,7.06,8.13,5.4,0.4
7.51,6.34,5.2,0.17,7.09,8.38,4.7,0.49,7.06,8.13,5.4,0.4,7.06,7.07,4.0,0.57
7.45,6.51,4.9,0.16,7.06,8.13,5.4,0.4,7.06,7.07,4.0,0.57,7.08,7.06,3.8,0.66
8.06,6.25,5.4,0.33,7.06,7.07,4.0,0.57,7.08,7.06,3.8,0.66,7.45431918008785,7.768748159057434,5.953303964757708,0.5732064421669109
7.83,5.23,6.8,0.26,7.08,7.06,3.8,0.66,7.45431918008785,7.768748159057434,5.953303964757708,0.5732064421669109,7.2,6.66,4.8,0.33
7.54,4.94,4.0,0.19,7.45431918008785,7.768748159057434,5.953303964757708,0.5732064421669109,7.2,6.66,4.8,0.33,7.51,6.34,5.2,0.17
7.45431918008785,7.768748159057434,5.953303964757708,0.5732064421669109,7.2,6.66,4.8,0.33,7.51,6.34,5.2,0.17,7.45,6.51,4.9,0.16
7.68,5.98,3.9,0.22,7.51,6.34,5.2,0.17,7.45,6.51,4.9,0.16,8.06,6.25,5.4,0.33
7.6,6.25,3.2,0.2,7.45,6.51,4.9,0.16,8.06,6.25,5.4,0.33,7.83,5.23,6.8,0.26
7.45431918008785,7.768748159057434,5.953303964757708,0.5732064421669109,8.06,6.25,5.4,0.33,7.83,5.23,6.8,0.26,7.54,4.94,4.0,0.19
7.55,5.59,3.4,0.23,7.83,5.23,6.8,0.26,7.54,4.94,4.0,0.19,7.45431918008785,7.768748159057434,5.953303964757708,0.5732064421669109
7.46,5.3,4.6,0.22,7.54,4.94,4.0,0.19,7.45431918008785,7.768748159057434,5.953303964757708,0.5732064421669109,7.68,5.98,3.9,0.22
7.95,5.25,4.7,0.18,7.45431918008785,7.768748159057434,5.953303964757708,0.5732064421669109,7.68,5.98,3.9,0.22,7.6,6.25,3.2,0.2
7.45431918008785,7.768748159057434,5.953303964757708,0.5732064421669109,7.68,5.98,3.9,0.22,7.6,6.25,3.2,0.2,7.45431918008785,7.768748159057434,5.953303964757708,0.5732064421669109
8.05,4.78,4.8,0.15,7.6,6.25,3.2,0.2,7.45431918008785,7.768748159057434,5.953303964757708,0.5732064421669109,7.55,5.59,3.4,0.23
7.69,3.87,7.7,0.2,7.45431918008785,7.768748159057434,5.953303964757708,0.5732064421669109,7.55,5.59,3.4,0.23,7.46,5.3,4.6,0.22
7.45431918008785,7.768748159057434,5.953303964757708,0.5732064421669109,7.55,5.59,3.4,0.23,7.46,5.3,4.6,0.22,7.95,5.25,4.7,0.18
7.45431918008785,7.768748159057434,5.953303964757708,0.5732064421669109,7.46,5.3,4.6,0.22,7.95,5.25,4.7,0.18,7.45431918008785,7.768748159057434,5.953303964757708,0.5732064421669109
7.45431918008785,7.768748159057434,5.953303964757708,0.5732064421669109,7.95,5.25,4.7,0.18,7.45431918008785,7.768748159057434,5.953303964757708,0.5732064421669109,8.05,4.78,4.8,0.15
7.45431918008785,7.768748159057434,5.953303964757708,0.5732064421669109,7.45431918008785,7.768748159057434,5.953303964757708,0.5732064421669109,8.05,4.78,4.8,0.15,7.69,3.87,7.7,0.2
7.45431918008785,7.768748159057434,5.953303964757708,0.5732064421669109,8.05,4.78,4.8,0.15,7.69,3.87,7.7,0.2,7.45431918008785,7.768748159057434,5.953303964757708,0.5732064421669109
7.45431918008785,7.768748159057434,5.953303964757708,0.5732064421669109,7.69,3.87,7.7,0.2,7.45431918008785,7.768748159057434,5.953303964757708,0.5732064421669109,7.45431918008785,7.768748159057434,5.953303964757708,0.5732064421669109
7.45431918008785,7.768748159057434,5.953303964757708,0.5732064421669109,7.45431918008785,7.768748159057434,5.953303964757708,0.5732064421669109,7.45431918008785,7.768748159057434,5.953303964757708,0.5732064421669109,7.45431918008785,7.768748159057434,5.953303964757708,0.5732064421669109
7.45431918008785,7.768748159057434,5.953303964757708,0.5732064421669109,7.45431918008785,7.768748159057434,5.953303964757708,0.5732064421669109,7.45431918008785,7.768748159057434,5.953303964757708,0.5732064421669109,7.45431918008785,7.768748159057434,5.953303964757708,0.5732064421669109
7.45431918008785,7.768748159057434,5.953303964757708,0.5732064421669109,7.45431918008785,7.768748159057434,5.953303964757708,0.5732064421669109,7.45431918008785,7.768748159057434,5.953303964757708,0.5732064421669109,7.45431918008785,7.768748159057434,5.953303964757708,0.5732064421669109
7.45431918008785,7.768748159057434,5.953303964757708,0.5732064421669109,7.45431918008785,7.768748159057434,5.953303964757708,0.5732064421669109,7.45431918008785,7.768748159057434,5.953303964757708,0.5732064421669109,7.45431918008785,7.768748159057434,5.953303964757708,0.5732064421669109
7.45431918008785,7.768748159057434,5.953303964757708,0.5732064421669109,7.45431918008785,7.768748159057434,5.953303964757708,0.5732064421669109,7.45431918008785,7.768748159057434,5.953303964757708,0.5732064421669109,7.45431918008785,7.768748159057434,5.953303964757708,0.5732064421669109
7.69,9.1,5.953303964757708,0.15,7.45431918008785,7.768748159057434,5.953303964757708,0.5732064421669109,7.45431918008785,7.768748159057434,5.953303964757708,0.5732064421669109,7.45431918008785,7.768748159057434,5.953303964757708,0.5732064421669109
7.45431918008785,7.768748159057434,5.953303964757708,0.5732064421669109,7.45431918008785,7.768748159057434,5.953303964757708,0.5732064421669109,7.45431918008785,7.768748159057434,5.953303964757708,0.5732064421669109,7.45431918008785,7.768748159057434,5.953303964757708,0.5732064421669109
8.01,10.8,6.2,0.14,7.45431918008785,7.768748159057434,5.953303964757708,0.5732064421669109,7.45431918008785,7.768748159057434,5.953303964757708,0.5732064421669109,7.45431918008785,7.768748159057434,5.953303964757708,0.5732064421669109
7.9,10.3,5.9,0.16,7.45431918008785,7.768748159057434,5.953303964757708,0.5732064421669109,7.45431918008785,7.768748159057434,5.953303964757708,0.5732064421669109,7.45431918008785,7.768748159057434,5.953303964757708,0.5732064421669109
7.56,9.77,4.7,0.13,7.45431918008785,7.768748159057434,5.953303964757708,0.5732064421669109,7.45431918008785,7.768748159057434,5.953303964757708,0.5732064421669109,7.69,9.1,5.953303964757708,0.15
7.45431918008785,7.768748159057434,5.953303964757708,0.5732064421669109,7.45431918008785,7.768748159057434,5.953303964757708,0.5732064421669109,7.69,9.1,5.953303964757708,0.15,7.45431918008785,7.768748159057434,5.953303964757708,0.5732064421669109
7.45431918008785,7.768748159057434,5.953303964757708,0.5732064421669109,7.69,9.1,5.953303964757708,0.15,7.45431918008785,7.768748159057434,5.953303964757708,0.5732064421669109,8.01,10.8,6.2,0.14
7.84,12.9,5.1,0.08,7.45431918008785,7.768748159057434,5.953303964757708,0.5732064421669109,8.01,10.8,6.2,0.14,7.9,10.3,5.9,0.16
8.19,15.3,5.9,0.1,8.01,10.8,6.2,0.14,7.9,10.3,5.9,0.16,7.56,9.77,4.7,0.13
7.45431918008785,7.768748159057434,5.953303964757708,0.5732064421669109,7.9,10.3,5.9,0.16,7.56,9.77,4.7,0.13,7.45431918008785,7.768748159057434,5.953303964757708,0.5732064421669109
7.89,8.89,6.3,0.07,7.56,9.77,4.7,0.13,7.45431918008785,7.768748159057434,5.953303964757708,0.5732064421669109,7.45431918008785,7.768748159057434,5.953303964757708,0.5732064421669109
7.76,9.2,6.6,0.09,7.45431918008785,7.768748159057434,5.953303964757708,0.5732064421669109,7.45431918008785,7.768748159057434,5.953303964757708,0.5732064421669109,7.84,12.9,5.1,0.08
7.45431918008785,7.768748159057434,5.953303964757708,0.5732064421669109,7.45431918008785,7.768748159057434,5.953303964757708,0.5732064421669109,7.84,12.9,5.1,0.08,8.19,15.3,5.9,0.1
7.72,14.6,7.1,0.25,7.84,12.9,5.1,0.08,8.19,15.3,5.9,0.1,7.45431918008785,7.768748159057434,5.953303964757708,0.5732064421669109
7.45431918008785,7.768748159057434,5.953303964757708,0.5732064421669109,8.19,15.3,5.9,0.1,7.45431918008785,7.768748159057434,5.953303964757708,0.5732064421669109,7.89,8.89,6.3,0.07
7.45431918008785,7.768748159057434,5.953303964757708,0.5732064421669109,7.45431918008785,7.768748159057434,5.953303964757708,0.5732064421669109,7.89,8.89,6.3,0.07,7.76,9.2,6.6,0.09
7.05,6.17,6.0,0.58,7.89,8.89,6.3,0.07,7.76,9.2,6.6,0.09,7.45431918008785,7.768748159057434,5.953303964757708,0.5732064421669109
7.45431918008785,7.768748159057434,5.953303964757708,0.5732064421669109,7.76,9.2,6.6,0.09,7.45431918008785,7.768748159057434,5.953303964757708,0.5732064421669109,7.72,14.6,7.1,0.25
7.45431918008785,7.768748159057434,5.953303964757708,0.5732064421669109,7.45431918008785,7.768748159057434,5.953303964757708,0.5732064421669109,7.72,14.6,7.1,0.25,7.45431918008785,7.768748159057434,5.953303964757708,0.5732064421669109
7.06,3.17,6.4,0.93,7.72,14.6,7.1,0.25,7.45431918008785,7.768748159057434,5.953303964757708,0.5732064421669109,7.45431918008785,7.768748159057434,5.953303964757708,0.5732064421669109
7.32,9.18,7.9,0.97,7.45431918008785,7.768748159057434,5.953303964757708,0.5732064421669109,7.45431918008785,7.768748159057434,5.953303964757708,0.5732064421669109,7.05,6.17,6.0,0.58
7.45431918008785,7.768748159057434,5.953303964757708,0.5732064421669109,7.45431918008785,7.768748159057434,5.953303964757708,0.5732064421669109,7.05,6.17,6.0,0.58,7.45431918008785,7.768748159057434,5.953303964757708,0.5732064421669109
7.4,11.5,7.4,0.76,7.05,6.17,6.0,0.58,7.45431918008785,7.768748159057434,5.953303964757708,0.5732064421669109,7.45431918008785,7.768748159057434,5.953303964757708,0.5732064421669109
7.35,7.45,4.4,0.54,7.45431918008785,7.768748159057434,5.953303964757708,0.5732064421669109,7.45431918008785,7.768748159057434,5.953303964757708,0.5732064421669109,7.06,3.17,6.4,0.93
7.44,7.66,3.2,0.45,7.45431918008785,7.768748159057434,5.953303964757708,0.5732064421669109,7.06,3.17,6.4,0.93,7.32,9.18,7.9,0.97
7.46,8.54,4.2,0.63,7.06,3.17,6.4,0.93,7.32,9.18,7.9,0.97,7.45431918008785,7.768748159057434,5.953303964757708,0.5732064421669109
7.49,8.57,5.2,0.79,7.32,9.18,7.9,0.97,7.45431918008785,7.768748159057434,5.953303964757708,0.5732064421669109,7.4,11.5,7.4,0.76
7.6,8.21,4.8,0.57,7.45431918008785,7.768748159057434,5.953303964757708,0.5732064421669109,7.4,11.5,7.4,0.76,7.35,7.45,4.4,0.54
8.13,8.88,5.8,0.22,7.4,11.5,7.4,0.76,7.35,7.45,4.4,0.54,7.44,7.66,3.2,0.45
8.76,10.1,7.3,0.14,7.35,7.45,4.4,0.54,7.44,7.66,3.2,0.45,7.46,8.54,4.2,0.63
8.74,10.1,8.1,0.21,7.44,7.66,3.2,0.45,7.46,8.54,4.2,0.63,7.49,8.57,5.2,0.79
8.75,8.03,8.2,0.23,7.46,8.54,4.2,0.63,7.49,8.57,5.2,0.79,7.6,8.21,4.8,0.57
7.45431918008785,7.768748159057434,5.953303964757708,0.5732064421669109,7.49,8.57,5.2,0.79,7.6,8.21,4.8,0.57,8.13,8.88,5.8,0.22
7.81,8.4,6.5,0.37,7.6,8.21,4.8,0.57,8.13,8.88,5.8,0.22,8.76,10.1,7.3,0.14
7.45431918008785,7.768748159057434,5.953303964757708,0.5732064421669109,8.13,8.88,5.8,0.22,8.76,10.1,7.3,0.14,8.74,10.1,8.1,0.21
7.63,8.32,5.6,0.33,8.76,10.1,7.3,0.14,8.74,10.1,8.1,0.21,8.75,8.03,8.2,0.23
7.45431918008785,7.768748159057434,5.953303964757708,0.5732064421669109,8.74,10.1,8.1,0.21,8.75,8.03,8.2,0.23,7.45431918008785,7.768748159057434,5.953303964757708,0.5732064421669109
7.45431918008785,7.768748159057434,5.953303964757708,0.5732064421669109,8.75,8.03,8.2,0.23,7.45431918008785,7.768748159057434,5.953303964757708,0.5732064421669109,7.81,8.4,6.5,0.37
7.45431918008785,7.768748159057434,5.953303964757708,0.5732064421669109,7.45431918008785,7.768748159057434,5.953303964757708,0.5732064421669109,7.81,8.4,6.5,0.37,7.45431918008785,7.768748159057434,5.953303964757708,0.5732064421669109
7.45431918008785,7.768748159057434,5.953303964757708,0.5732064421669109,7.81,8.4,6.5,0.37,7.45431918008785,7.768748159057434,5.953303964757708,0.5732064421669109,7.63,8.32,5.6,0.33
7.45431918008785,7.768748159057434,5.953303964757708,0.5732064421669109,7.45431918008785,7.768748159057434,5.953303964757708,0.5732064421669109,7.63,8.32,5.6,0.33,7.45431918008785,7.768748159057434,5.953303964757708,0.5732064421669109
7.45431918008785,7.768748159057434,5.953303964757708,0.5732064421669109,7.63,8.32,5.6,0.33,7.45431918008785,7.768748159057434,5.953303964757708,0.5732064421669109,7.45431918008785,7.768748159057434,5.953303964757708,0.5732064421669109
7.78,7.54,8.8,0.13,7.45431918008785,7.768748159057434,5.953303964757708,0.5732064421669109,7.45431918008785,7.768748159057434,5.953303964757708,0.5732064421669109,7.45431918008785,7.768748159057434,5.953303964757708,0.5732064421669109
8.08,8.41,8.8,0.18,7.45431918008785,7.768748159057434,5.953303964757708,0.5732064421669109,7.45431918008785,7.768748159057434,5.953303964757708,0.5732064421669109,7.45431918008785,7.768748159057434,5.953303964757708,0.5732064421669109
7.45431918008785,7.768748159057434,5.953303964757708,0.5732064421669109,7.45431918008785,7.768748159057434,5.953303964757708,0.5732064421669109,7.45431918008785,7.768748159057434,5.953303964757708,0.5732064421669109,7.45431918008785,7.768748159057434,5.953303964757708,0.5732064421669109
7.45431918008785,7.768748159057434,5.953303964757708,0.5732064421669109,7.45431918008785,7.768748159057434,5.953303964757708,0.5732064421669109,7.45431918008785,7.768748159057434,5.953303964757708,0.5732064421669109,7.45431918008785,7.768748159057434,5.953303964757708,0.5732064421669109
7.45431918008785,7.768748159057434,5.953303964757708,0.5732064421669109,7.45431918008785,7.768748159057434,5.953303964757708,0.5732064421669109,7.45431918008785,7.768748159057434,5.953303964757708,0.5732064421669109,7.78,7.54,8.8,0.13
7.72,7.7,7.2,0.15,7.45431918008785,7.768748159057434,5.953303964757708,0.5732064421669109,7.78,7.54,8.8,0.13,8.08,8.41,8.8,0.18
7.45431918008785,7.768748159057434,5.953303964757708,0.5732064421669109,7.78,7.54,8.8,0.13,8.08,8.41,8.8,0.18,7.45431918008785,7.768748159057434,5.953303964757708,0.5732064421669109
7.79,9.21,7.2,0.14,8.08,8.41,8.8,0.18,7.45431918008785,7.768748159057434,5.953303964757708,0.5732064421669109,7.45431918008785,7.768748159057434,5.953303964757708,0.5732064421669109
7.45431918008785,7.768748159057434,5.953303964757708,0.5732064421669109,7.45431918008785,7.768748159057434,5.953303964757708,0.5732064421669109,7.45431918008785,7.768748159057434,5.953303964757708,0.5732064421669109,7.45431918008785,7.768748159057434,5.953303964757708,0.5732064421669109
7.45431918008785,7.768748159057434,5.953303964757708,0.5732064421669109,7.45431918008785,7.768748159057434,5.953303964757708,0.5732064421669109,7.45431918008785,7.768748159057434,5.953303964757708,0.5732064421669109,7.72,7.7,7.2,0.15
7.45431918008785,7.768748159057434,5.953303964757708,0.5732064421669109,7.45431918008785,7.768748159057434,5.953303964757708,0.5732064421669109,7.72,7.7,7.2,0.15,7.45431918008785,7.768748159057434,5.953303964757708,0.5732064421669109
7.45431918008785,7.768748159057434,5.953303964757708,0.5732064421669109,7.72,7.7,7.2,0.15,7.45431918008785,7.768748159057434,5.953303964757708,0.5732064421669109,7.79,9.21,7.2,0.14
7.45431918008785,7.768748159057434,5.953303964757708,0.5732064421669109,7.45431918008785,7.768748159057434,5.953303964757708,0.5732064421669109,7.79,9.21,7.2,0.14,7.45431918008785,7.768748159057434,5.953303964757708,0.5732064421669109
6.8,11.2,4.6,0.18,7.79,9.21,7.2,0.14,7.45431918008785,7.768748159057434,5.953303964757708,0.5732064421669109,7.45431918008785,7.768748159057434,5.953303964757708,0.5732064421669109
8.13,8.11,7.0,0.94,7.45431918008785,7.768748159057434,5.953303964757708,0.5732064421669109,7.45431918008785,7.768748159057434,5.953303964757708,0.5732064421669109,7.45431918008785,7.768748159057434,5.953303964757708,0.5732064421669109
7.51,9.45,5.1,0.32,7.45431918008785,7.768748159057434,5.953303964757708,0.5732064421669109,7.45431918008785,7.768748159057434,5.953303964757708,0.5732064421669109,7.45431918008785,7.768748159057434,5.953303964757708,0.5732064421669109
7.45431918008785,7.768748159057434,5.953303964757708,0.5732064421669109,7.45431918008785,7.768748159057434,5.953303964757708,0.5732064421669109,7.45431918008785,7.768748159057434,5.953303964757708,0.5732064421669109,7.45431918008785,7.768748159057434,5.953303964757708,0.5732064421669109
7.45431918008785,7.768748159057434,5.953303964757708,0.5732064421669109,7.45431918008785,7.768748159057434,5.953303964757708,0.5732064421669109,7.45431918008785,7.768748159057434,5.953303964757708,0.5732064421669109,6.8,11.2,4.6,0.18
7.45431918008785,7.768748159057434,5.953303964757708,0.5732064421669109,7.45431918008785,7.768748159057434,5.953303964757708,0.5732064421669109,6.8,11.2,4.6,0.18,8.13,8.11,7.0,0.94
7.45431918008785,7.768748159057434,5.953303964757708,0.5732064421669109,6.8,11.2,4.6,0.18,8.13,8.11,7.0,0.94,7.51,9.45,5.1,0.32
7.53,9.4,4.7,0.31,8.13,8.11,7.0,0.94,7.51,9.45,5.1,0.32,7.45431918008785,7.768748159057434,5.953303964757708,0.5732064421669109
7.69,10.4,4.9,0.28,7.51,9.45,5.1,0.32,7.45431918008785,7.768748159057434,5.953303964757708,0.5732064421669109,7.45431918008785,7.768748159057434,5.953303964757708,0.5732064421669109
