8.88,8.57,12.0,0.03,8.79,6.8,12.8,0.04,8.53,6.28,11.6,0.08
8.94,9.5,14.5,0.17,8.53,6.28,11.6,0.08,8.2618975069252,6.162271468144047,9.295423023578362,0.8162256267409469
8.62,6.67,10.8,1.43,8.2618975069252,6.162271468144047,9.295423023578362,0.8162256267409469,8.88,8.57,12.0,0.03
8.37,5.86,17.2,0.67,8.88,8.57,12.0,0.03,8.94,9.5,14.5,0.17
8.81,7.55,20.5,0.2,8.94,9.5,14.5,0.17,8.62,6.67,10.8,1.43
8.85,8.54,14.7,0.1,8.62,6.67,10.8,1.43,8.37,5.86,17.2,0.67
8.93,7.28,13.2,0.09,8.37,5.86,17.2,0.67,8.81,7.55,20.5,0.2
8.94,8.4,11.4,0.04,8.81,7.55,20.5,0.2,8.85,8.54,14.7,0.1
9.07,9.93,16.3,0.02,8.85,8.54,14.7,0.1,8.93,7.28,13.2,0.09
9.39,7.78,15.8,0.09,8.93,7.28,13.2,0.09,8.94,8.4,11.4,0.04
9.38,6.27,14.9,0.05,8.94,8.4,11.4,0.04,9.07,9.93,16.3,0.02
9.26,5.85,13.1,0.05,9.07,9.93,16.3,0.02,9.39,7.78,15.8,0.09
9.22,5.04,12.9,0.09,9.39,7.78,15.8,0.09,9.38,6.27,14.9,0.05
9.44,10.9,11.6,0.06,9.38,6.27,14.9,0.05,9.26,5.85,13.1,0.05
9.59,10.4,13.8,0.07,9.26,5.85,13.1,0.05,9.22,5.04,12.9,0.09
9.46,8.67,13.3,0.08,9.22,5.04,12.9,0.09,9.44,10.9,11.6,0.06
9.31,7.79,13.8,0.06,9.44,10.9,11.6,0.06,9.59,10.4,13.8,0.07
9.21,6.32,12.9,0.17,9.59,10.4,13.8,0.07,9.46,8.67,13.3,0.08
9.15,8.11,13.9,0.03,9.46,8.67,13.3,0.08,9.31,7.79,13.8,0.06
9.16,5.77,14.3,0.04,9.31,7.79,13.8,0.06,9.21,6.32,12.9,0.17
9.22,7.85,12.7,0.09,9.21,6.32,12.9,0.17,9.15,8.11,13.9,0.03
9.37,7.25,16.8,0.07,9.15,8.11,13.9,0.03,9.16,5.77,14.3,0.04
9.25,6.43,14.3,0.1,9.16,5.77,14.3,0.04,9.22,7.85,12.7,0.09
8.8,6.11,14.2,1.62,9.22,7.85,12.7,0.09,9.37,7.25,16.8,0.07
8.2618975069252,6.162271468144047,9.295423023578362,0.8162256267409469,9.37,7.25,16.8,0.07,9.25,6.43,14.3,0.1
8.2618975069252,6.162271468144047,9.295423023578362,0.8162256267409469,9.25,6.43,14.3,0.1,8.8,6.11,14.2,1.62
8.2618975069252,6.162271468144047,9.295423023578362,0.8162256267409469,8.8,6.11,14.2,1.62,8.2618975069252,6.162271468144047,9.295423023578362,0.8162256267409469
9.02,5.59,15.1,0.42,8.2618975069252,6.162271468144047,9.295423023578362,0.8162256267409469,8.2618975069252,6.162271468144047,9.295423023578362,0.8162256267409469
8.61,2.4,13.4,1.32,8.2618975069252,6.162271468144047,9.295423023578362,0.8162256267409469,8.2618975069252,6.162271468144047,9.295423023578362,0.8162256267409469
8.69,5.32,12.4,1.08,8.2618975069252,6.162271468144047,9.295423023578362,0.8162256267409469,9.02,5.59,15.1,0.42
8.93,4.79,12.6,0.65,9.02,5.59,15.1,0.42,8.61,2.4,13.4,1.32
9.16,5.64,11.3,0.5,8.61,2.4,13.4,1.32,8.69,5.32,12.4,1.08
8.84,4.72,11.2,1.41,8.69,5.32,12.4,1.08,8.93,4.79,12.6,0.65
8.5,4.02,10.1,1.49,8.93,4.79,12.6,0.65,9.16,5.64,11.3,0.5
8.71,5.22,9.7,0.82,9.16,5.64,11.3,0.5,8.84,4.72,11.2,1.41
8.2618975069252,6.162271468144047,9.295423023578362,0.8162256267409469,8.84,4.72,11.2,1.41,8.5,4.02,10.1,1.49
8.53,3.12,9.8,1.33,8.5,4.02,10.1,1.49,8.71,5.22,9.7,0.82
8.47,3.38,9.9,1.26,8.71,5.22,9.7,0.82,8.2618975069252,6.162271468144047,9.295423023578362,0.8162256267409469
8.6,3.82,9.8,0.67,8.2618975069252,6.162271468144047,9.295423023578362,0.8162256267409469,8.53,3.12,9.8,1.33
9.23,6.95,9.6,0.15,8.53,3.12,9.8,1.33,8.47,3.38,9.9,1.26
9.2,5.82,9.1,0.65,8.47,3.38,9.9,1.26,8.6,3.82,9.8,0.67
9.11,3.62,10.2,0.34,8.6,3.82,9.8,0.67,9.23,6.95,9.6,0.15
9.17,5.59,12.3,0.15,9.23,6.95,9.6,0.15,9.2,5.82,9.1,0.65
9.08,3.86,12.9,0.27,9.2,5.82,9.1,0.65,9.11,3.62,10.2,0.34
8.52,2.07,16.4,0.88,9.11,3.62,10.2,0.34,9.17,5.59,12.3,0.15
8.2,0.95,17.9,2.57,9.17,5.59,12.3,0.15,9.08,3.86,12.9,0.27
8.07,0.72,14.4,2.5,9.08,3.86,12.9,0.27,8.52,2.07,16.4,0.88
8.1,1.81,13.7,5.66,8.52,2.07,16.4,0.88,8.2,0.95,17.9,2.57
9.27,8.51,13.2,0.02,8.2,0.95,17.9,2.57,8.07,0.72,14.4,2.5
7.9,1.36,15.7,3.69,8.07,0.72,14.4,2.5,8.1,1.81,13.7,5.66
7.92,2.53,14.8,2.25,8.1,1.81,13.7,5.66,9.27,8.51,13.2,0.02
7.83,1.66,13.6,1.88,9.27,8.51,13.2,0.02,7.9,1.36,15.7,3.69
7.93,2.1,14.9,3.28,7.9,1.36,15.7,3.69,7.92,2.53,14.8,2.25
7.86,2.17,16.1,1.53,7.92,2.53,14.8,2.25,7.83,1.66,13.6,1.88
7.85,2.28,16.5,1.53,7.83,1.66,13.6,1.88,7.93,2.1,14.9,3.28
8.2618975069252,6.162271468144047,9.295423023578362,0.8162256267409469,7.93,2.1,14.9,3.28,7.86,2.17,16.1,1.53
8.71,4.21,16.4,0.13,7.86,2.17,16.1,1.53,7.85,2.28,16.5,1.53
8.61,7.21,15.6,0.21,7.85,2.28,16.5,1.53,8.2618975069252,6.162271468144047,9.295423023578362,0.8162256267409469
8.46,5.4,14.7,0.33,8.2618975069252,6.162271468144047,9.295423023578362,0.8162256267409469,8.71,4.21,16.4,0.13
8.08,3.85,16.1,1.66,8.71,4.21,16.4,0.13,8.61,7.21,15.6,0.21
9.46,10.0,8.7,0.15,8.61,7.21,15.6,0.21,8.46,5.4,14.7,0.33
9.31,7.19,6.8,0.15,8.46,5.4,14.7,0.33,8.08,3.85,16.1,1.66
9.63,8.95,6.5,0.06,8.08,3.85,16.1,1.66,9.46,10.0,8.7,0.15
9.7,8.39,7.3,0.07,9.46,10.0,8.7,0.15,9.31,7.19,6.8,0.15
9.56,8.73,8.5,0.23,9.31,7.19,6.8,0.15,9.63,8.95,6.5,0.06
9.75,11.7,8.5,0.08,9.63,8.95,6.5,0.06,9.7,8.39,7.3,0.07
9.9,9.95,8.3,0.07,9.7,8.39,7.3,0.07,9.56,8.73,8.5,0.23
10.0,9.9,8.5,0.07,9.56,8.73,8.5,0.23,9.75,11.7,8.5,0.08
9.78,9.76,7.7,0.17,9.75,11.7,8.5,0.08,9.9,9.95,8.3,0.07
9.88,8.82,7.8,0.25,9.9,9.95,8.3,0.07,10.0,9.9,8.5,0.07
10.31,8.93,8.6,0.11,10.0,9.9,8.5,0.07,9.78,9.76,7.7,0.17
10.4,6.35,8.6,0.06,9.78,9.76,7.7,0.17,9.88,8.82,7.8,0.25
10.37,7.08,10.0,0.03,9.88,8.82,7.8,0.25,10.31,8.93,8.6,0.11
9.6,5.14,10.2,0.03,10.31,8.93,8.6,0.11,10.4,6.35,8.6,0.06
8.69,3.85,9.1,0.02,10.4,6.35,8.6,0.06,10.37,7.08,10.0,0.03
8.83,4.71,9.1,0.02,10.37,7.08,10.0,0.03,9.6,5.14,10.2,0.03
9.36,5.06,9.0,0.04,9.6,5.14,10.2,0.03,8.69,3.85,9.1,0.02
8.93,5.31,8.2,0.13,8.69,3.85,9.1,0.02,8.83,4.71,9.1,0.02
8.98,5.67,7.8,0.04,8.83,4.71,9.1,0.02,9.36,5.06,9.0,0.04
9.06,5.62,7.4,0.08,9.36,5.06,9.0,0.04,8.93,5.31,8.2,0.13
9.65,7.08,7.7,0.04,8.93,5.31,8.2,0.13,8.98,5.67,7.8,0.04
9.42,6.56,7.3,0.5,8.98,5.67,7.8,0.04,9.06,5.62,7.4,0.08
9.45,7.27,6.3,1.3,9.06,5.62,7.4,0.08,9.65,7.08,7.7,0.04
8.32,3.12,6.9,1.14,9.65,7.08,7.7,0.04,9.42,6.56,7.3,0.5
9.15,7.56,5.6,0.21,9.42,6.56,7.3,0.5,9.45,7.27,6.3,1.3
9.1,7.23,7.2,0.14,9.45,7.27,6.3,1.3,8.32,3.12,6.9,1.14
8.81,7.23,8.2,0.02,8.32,3.12,6.9,1.14,9.15,7.56,5.6,0.21
8.96,6.05,7.9,0.02,9.15,7.56,5.6,0.21,9.1,7.23,7.2,0.14
8.63,5.38,7.8,0.02,9.1,7.23,7.2,0.14,8.81,7.23,8.2,0.02
8.55,5.49,7.2,0.64,8.81,7.23,8.2,0.02,8.96,6.05,7.9,0.02
8.94,7.06,8.0,1.38,8.96,6.05,7.9,0.02,8.63,5.38,7.8,0.02
8.62,4.3,7.7,0.19,8.63,5.38,7.8,0.02,8.55,5.49,7.2,0.64
8.75,5.14,6.9,0.05,8.55,5.49,7.2,0.64,8.94,7.06,8.0,1.38
9.14,7.24,5.7,0.03,8.94,7.06,8.0,1.38,8.62,4.3,7.7,0.19
9.33,6.55,7.1,0.89,8.62,4.3,7.7,0.19,8.75,5.14,6.9,0.05
9.33,7.18,8.4,0.31,8.75,5.14,6.9,0.05,9.14,7.24,5.7,0.03
9.27,6.92,8.6,0.08,9.14,7.24,5.7,0.03,9.33,6.55,7.1,0.89
9.54,9.19,9.0,0.01,9.33,6.55,7.1,0.89,9.33,7.18,8.4,0.31
9.43,9.43,8.0,0.01,9.33,7.18,8.4,0.31,9.27,6.92,8.6,0.08
8.97,6.32,11.1,0.01,9.27,6.92,8.6,0.08,9.54,9.19,9.0,0.01
9.0,9.17,5.7,0.02,9.54,9.19,9.0,0.01,9.43,9.43,8.0,0.01
8.96,9.54,7.3,0.08,9.43,9.43,8.0,0.01,8.97,6.32,11.1,0.01
9.03,10.4,6.9,0.46,8.97,6.32,11.1,0.01,9.0,9.17,5.7,0.02
9.06,10.3,7.8,1.53,9.0,9.17,5.7,0.02,8.96,9.54,7.3,0.08
8.91,10.1,3.9,2.23,8.96,9.54,7.3,0.08,9.03,10.4,6.9,0.46
8.61,8.15,8.9,2.11,9.03,10.4,6.9,0.46,9.06,10.3,7.8,1.53
8.84,9.49,9.7,2.55,9.06,10.3,7.8,1.53,8.91,10.1,3.9,2.23
8.62,8.46,9.3,2.78,8.91,10.1,3.9,2.23,8.61,8.15,8.9,2.11
8.82,9.75,8.2,2.15,8.61,8.15,8.9,2.11,8.84,9.49,9.7,2.55
8.85,11.2,9.8,0.77,8.84,9.49,9.7,2.55,8.62,8.46,9.3,2.78
8.68,7.12,7.4,1.33,8.62,8.46,9.3,2.78,8.82,9.75,8.2,2.15
8.56,5.93,7.8,2.71,8.82,9.75,8.2,2.15,8.85,11.2,9.8,0.77
8.7,7.48,6.7,3.12,8.85,11.2,9.8,0.77,8.68,7.12,7.4,1.33
9.34,11.1,8.4,1.01,8.68,7.12,7.4,1.33,8.56,5.93,7.8,2.71
9.67,11.8,11.8,0.26,8.56,5.93,7.8,2.71,8.7,7.48,6.7,3.12
9.76,11.8,7.9,0.19,8.7,7.48,6.7,3.12,9.34,11.1,8.4,1.01
9.91,11.3,8.7,0.05,9.34,11.1,8.4,1.01,9.67,11.8,11.8,0.26
9.63,11.6,9.8,0.58,9.67,11.8,11.8,0.26,9.76,11.8,7.9,0.19
8.2618975069252,6.162271468144047,9.295423023578362,0.8162256267409469,9.76,11.8,7.9,0.19,9.91,11.3,8.7,0.05
9.85,13.2,9.4,0.47,9.91,11.3,8.7,0.05,9.63,11.6,9.8,0.58
9.32,10.7,12.1,1.28,9.63,11.6,9.8,0.58,8.2618975069252,6.162271468144047,9.295423023578362,0.8162256267409469
8.73,11.3,11.8,2.51,8.2618975069252,6.162271468144047,9.295423023578362,0.8162256267409469,9.85,13.2,9.4,0.47
8.7,11.4,11.0,2.6,9.85,13.2,9.4,0.47,9.32,10.7,12.1,1.28
8.18,5.79,12.0,2.98,9.32,10.7,12.1,1.28,8.73,11.3,11.8,2.51
8.0,5.11,12.0,4.13,8.73,11.3,11.8,2.51,8.7,11.4,11.0,2.6
8.15,5.52,10.4,4.58,8.7,11.4,11.0,2.6,8.18,5.79,12.0,2.98
8.43,5.43,9.5,4.25,8.18,5.79,12.0,2.98,8.0,5.11,12.0,4.13
7.99,3.48,7.9,3.46,8.0,5.11,12.0,4.13,8.15,5.52,10.4,4.58
8.79,4.63,8.3,1.68,8.15,5.52,10.4,4.58,8.43,5.43,9.5,4.25
8.76,6.66,7.8,1.5,8.43,5.43,9.5,4.25,7.99,3.48,7.9,3.46
8.88,5.71,6.7,0.64,7.99,3.48,7.9,3.46,8.79,4.63,8.3,1.68
8.81,10.6,8.7,0.06,8.79,4.63,8.3,1.68,8.76,6.66,7.8,1.5
8.14,11.9,11.6,0.03,8.76,6.66,7.8,1.5,8.88,5.71,6.7,0.64
7.81,13.0,9.8,0.02,8.88,5.71,6.7,0.64,8.81,10.6,8.7,0.06
9.08,10.6,9.3,0.01,8.81,10.6,8.7,0.06,8.14,11.9,11.6,0.03
7.43,9.92,11.5,0.02,8.14,11.9,11.6,0.03,7.81,13.0,9.8,0.02
8.82,6.83,11.6,0.26,7.81,13.0,9.8,0.02,9.08,10.6,9.3,0.01
9.46,4.37,10.9,0.2,9.08,10.6,9.3,0.01,7.43,9.92,11.5,0.02
8.12,2.93,11.1,0.07,7.43,9.92,11.5,0.02,8.82,6.83,11.6,0.26
7.94,1.19,10.3,0.46,8.82,6.83,11.6,0.26,9.46,4.37,10.9,0.2
7.38,4.56,9.9,1.24,9.46,4.37,10.9,0.2,8.12,2.93,11.1,0.07
7.79,5.0,8.5,1.28,8.12,2.93,11.1,0.07,7.94,1.19,10.3,0.46
7.93,3.62,10.0,2.46,7.94,1.19,10.3,0.46,7.38,4.56,9.9,1.24
7.52,4.65,9.5,4.45,7.38,4.56,9.9,1.24,7.79,5.0,8.5,1.28
7.54,1.86,7.9,4.0,7.79,5.0,8.5,1.28,7.93,3.62,10.0,2.46
7.59,3.84,8.2,1.59,7.93,3.62,10.0,2.46,7.52,4.65,9.5,4.45
7.58,6.77,8.2,0.22,7.52,4.65,9.5,4.45,7.54,1.86,7.9,4.0
7.58,5.68,8.1,0.03,7.54,1.86,7.9,4.0,7.59,3.84,8.2,1.59
7.82,3.86,8.3,0.05,7.59,3.84,8.2,1.59,7.58,6.77,8.2,0.22
8.26,5.96,9.1,0.04,7.58,6.77,8.2,0.22,7.58,5.68,8.1,0.03
8.66,7.38,9.4,0.89,7.58,5.68,8.1,0.03,7.82,3.86,8.3,0.05
8.69,7.37,8.0,1.45,7.82,3.86,8.3,0.05,8.26,5.96,9.1,0.04
8.72,4.8,7.6,2.46,8.26,5.96,9.1,0.04,8.66,7.38,9.4,0.89
8.2618975069252,6.162271468144047,9.295423023578362,0.8162256267409469,8.66,7.38,9.4,0.89,8.69,7.37,8.0,1.45
8.73,6.94,9.6,3.43,8.69,7.37,8.0,1.45,8.72,4.8,7.6,2.46
8.72,5.4,9.5,3.11,8.72,4.8,7.6,2.46,8.2618975069252,6.162271468144047,9.295423023578362,0.8162256267409469
8.84,5.24,14.3,4.02,8.2618975069252,6.162271468144047,9.295423023578362,0.8162256267409469,8.73,6.94,9.6,3.43
8.6,5.58,12.0,2.7,8.73,6.94,9.6,3.43,8.72,5.4,9.5,3.11
8.84,1.6,0.3,4.63,8.72,5.4,9.5,3.11,8.84,5.24,14.3,4.02
8.91,3.64,11.8,2.07,8.84,5.24,14.3,4.02,8.6,5.58,12.0,2.7
8.89,5.17,7.4,1.31,8.6,5.58,12.0,2.7,8.84,1.6,0.3,4.63
8.99,5.48,9.9,3.74,8.84,1.6,0.3,4.63,8.91,3.64,11.8,2.07
8.83,4.41,9.1,0.24,8.91,3.64,11.8,2.07,8.89,5.17,7.4,1.31
9.08,4.86,7.4,0.27,8.89,5.17,7.4,1.31,8.99,5.48,9.9,3.74
9.21,9.0,9.4,0.06,8.99,5.48,9.9,3.74,8.83,4.41,9.1,0.24
9.0,4.02,13.1,0.03,8.83,4.41,9.1,0.24,9.08,4.86,7.4,0.27
9.06,6.21,11.6,0.04,9.08,4.86,7.4,0.27,9.21,9.0,9.4,0.06
9.02,3.22,16.6,0.24,9.21,9.0,9.4,0.06,9.0,4.02,13.1,0.03
8.96,3.2,16.7,0.18,9.0,4.02,13.1,0.03,9.06,6.21,11.6,0.04
8.61,1.99,17.3,2.43,9.06,6.21,11.6,0.04,9.02,3.22,16.6,0.24
8.27,7.2,18.4,0.73,9.02,3.22,16.6,0.24,8.96,3.2,16.7,0.18
8.17,6.64,13.7,1.26,8.96,3.2,16.7,0.18,8.61,1.99,17.3,2.43
8.48,7.54,14.7,0.8,8.61,1.99,17.3,2.43,8.27,7.2,18.4,0.73
7.91,9.93,6.7,2.76,8.27,7.2,18.4,0.73,8.17,6.64,13.7,1.26
8.04,4.25,16.2,0.4,8.17,6.64,13.7,1.26,8.48,7.54,14.7,0.8
8.57,5.48,14.7,0.25,8.48,7.54,14.7,0.8,7.91,9.93,6.7,2.76
8.21,3.1,13.9,0.78,7.91,9.93,6.7,2.76,8.04,4.25,16.2,0.4
7.97,2.84,13.4,0.31,8.04,4.25,16.2,0.4,8.57,5.48,14.7,0.25
8.18,3.46,16.0,0.29,8.57,5.48,14.7,0.25,8.21,3.1,13.9,0.78
9.18,2.17,15.4,0.09,8.21,3.1,13.9,0.78,7.97,2.84,13.4,0.31
9.22,1.14,13.6,0.08,7.97,2.84,13.4,0.31,8.18,3.46,16.0,0.29
9.13,1.0,11.2,0.17,8.18,3.46,16.0,0.29,9.18,2.17,15.4,0.09
8.4,3.76,9.3,0.1,9.18,2.17,15.4,0.09,9.22,1.14,13.6,0.08
7.8,3.95,6.5,2.19,9.22,1.14,13.6,0.08,9.13,1.0,11.2,0.17
7.83,4.14,7.7,1.36,9.13,1.0,11.2,0.17,8.4,3.76,9.3,0.1
8.75,9.61,10.1,0.04,8.4,3.76,9.3,0.1,7.8,3.95,6.5,2.19
8.22,4.98,11.5,0.42,7.8,3.95,6.5,2.19,7.83,4.14,7.7,1.36
8.48,3.81,10.2,0.09,7.83,4.14,7.7,1.36,8.75,9.61,10.1,0.04
8.38,4.25,7.9,0.15,8.75,9.61,10.1,0.04,8.22,4.98,11.5,0.42
8.66,4.89,5.3,0.8162256267409469,8.22,4.98,11.5,0.42,8.48,3.81,10.2,0.09
8.61,5.64,6.6,0.8162256267409469,8.48,3.81,10.2,0.09,8.38,4.25,7.9,0.15
9.18,11.8,8.7,0.01,8.38,4.25,7.9,0.15,8.66,4.89,5.3,0.8162256267409469
9.04,7.81,8.6,0.14,8.66,4.89,5.3,0.8162256267409469,8.61,5.64,6.6,0.8162256267409469
8.62,4.65,8.6,0.15,8.61,5.64,6.6,0.8162256267409469,9.18,11.8,8.7,0.01
7.75,4.55,7.8,1.21,9.18,11.8,8.7,0.01,9.04,7.81,8.6,0.14
6.94,4.39,7.0,2.09,9.04,7.81,8.6,0.14,8.62,4.65,8.6,0.15
7.09,4.77,9.0,0.66,8.62,4.65,8.6,0.15,7.75,4.55,7.8,1.21
7.33,3.5,8.0,0.36,7.75,4.55,7.8,1.21,6.94,4.39,7.0,2.09
6.98,5.13,8.2,0.38,6.94,4.39,7.0,2.09,7.09,4.77,9.0,0.66
7.15,1.62,9.6,2.08,7.09,4.77,9.0,0.66,7.33,3.5,8.0,0.36
6.94,4.47,9.8,2.81,7.33,3.5,8.0,0.36,6.98,5.13,8.2,0.38
7.0,3.84,10.8,4.91,6.98,5.13,8.2,0.38,7.15,1.62,9.6,2.08
6.94,4.48,8.3,3.17,7.15,1.62,9.6,2.08,6.94,4.47,9.8,2.81
7.17,3.11,10.7,1.41,6.94,4.47,9.8,2.81,7.0,3.84,10.8,4.91
7.11,3.24,10.5,2.29,7.0,3.84,10.8,4.91,6.94,4.48,8.3,3.17
7.2,3.74,11.0,1.38,6.94,4.48,8.3,3.17,7.17,3.11,10.7,1.41
7.11,3.41,10.0,2.24,7.17,3.11,10.7,1.41,7.11,3.24,10.5,2.29
7.07,4.47,10.0,4.86,7.11,3.24,10.5,2.29,7.2,3.74,11.0,1.38
7.21,3.26,14.5,0.8162256267409469,7.2,3.74,11.0,1.38,7.11,3.41,10.0,2.24
7.22,4.19,13.2,0.8162256267409469,7.11,3.41,10.0,2.24,7.07,4.47,10.0,4.86
7.2,5.63,10.3,2.68,7.07,4.47,10.0,4.86,7.21,3.26,14.5,0.8162256267409469
8.2618975069252,6.162271468144047,9.295423023578362,0.8162256267409469,7.21,3.26,14.5,0.8162256267409469,7.22,4.19,13.2,0.8162256267409469
7.13,2.18,11.6,3.65,7.22,4.19,13.2,0.8162256267409469,7.2,5.63,10.3,2.68
7.25,4.15,12.6,2.7,7.2,5.63,10.3,2.68,8.2618975069252,6.162271468144047,9.295423023578362,0.8162256267409469
7.14,4.35,8.6,3.94,8.2618975069252,6.162271468144047,9.295423023578362,0.8162256267409469,7.13,2.18,11.6,3.65
7.22,4.21,12.4,1.95,7.13,2.18,11.6,3.65,7.25,4.15,12.6,2.7
7.31,5.69,11.8,0.65,7.25,4.15,12.6,2.7,7.14,4.35,8.6,3.94
7.56,6.74,12.2,0.65,7.14,4.35,8.6,3.94,7.22,4.21,12.4,1.95
7.73,3.5,11.6,2.06,7.22,4.21,12.4,1.95,7.31,5.69,11.8,0.65
8.27,6.37,12.3,1.81,7.31,5.69,11.8,0.65,7.56,6.74,12.2,0.65
8.98,9.06,10.6,0.18,7.56,6.74,12.2,0.65,7.73,3.5,11.6,2.06
8.91,5.31,11.2,0.91,7.73,3.5,11.6,2.06,8.27,6.37,12.3,1.81
9.07,6.54,10.2,0.21,8.27,6.37,12.3,1.81,8.98,9.06,10.6,0.18
9.04,5.9,10.7,0.36,8.98,9.06,10.6,0.18,8.91,5.31,11.2,0.91
8.44,3.88,11.4,0.49,8.91,5.31,11.2,0.91,9.07,6.54,10.2,0.21
7.98,4.28,9.7,0.49,9.07,6.54,10.2,0.21,9.04,5.9,10.7,0.36
8.01,3.77,10.0,1.1,9.04,5.9,10.7,0.36,8.44,3.88,11.4,0.49
8.02,3.5,13.8,0.25,8.44,3.88,11.4,0.49,7.98,4.28,9.7,0.49
8.13,3.12,8.2,0.03,7.98,4.28,9.7,0.49,8.01,3.77,10.0,1.1
8.18,2.89,11.0,0.48,8.01,3.77,10.0,1.1,8.02,3.5,13.8,0.25
7.9,2.24,12.2,1.27,8.02,3.5,13.8,0.25,8.13,3.12,8.2,0.03
8.02,3.8,12.7,1.75,8.13,3.12,8.2,0.03,8.18,2.89,11.0,0.48
7.91,1.86,12.9,3.12,8.18,2.89,11.0,0.48,7.9,2.24,12.2,1.27
8.92,7.25,14.4,0.78,7.9,2.24,12.2,1.27,8.02,3.8,12.7,1.75
8.67,2.74,10.3,0.36,8.02,3.8,12.7,1.75,7.91,1.86,12.9,3.12
8.86,2.25,10.9,0.11,7.91,1.86,12.9,3.12,8.92,7.25,14.4,0.78
8.08,2.34,9.3,0.02,8.92,7.25,14.4,0.78,8.67,2.74,10.3,0.36
8.23,1.48,12.5,0.1,8.67,2.74,10.3,0.36,8.86,2.25,10.9,0.11
8.64,3.85,10.0,0.07,8.86,2.25,10.9,0.11,8.08,2.34,9.3,0.02
9.2,10.7,6.6,0.12,8.08,2.34,9.3,0.02,8.23,1.48,12.5,0.1
8.91,6.7,6.5,0.23,8.23,1.48,12.5,0.1,8.64,3.85,10.0,0.07
8.93,9.05,6.2,1.34,8.64,3.85,10.0,0.07,9.2,10.7,6.6,0.12
9.06,9.92,9.7,0.36,9.2,10.7,6.6,0.12,8.91,6.7,6.5,0.23
9.08,7.37,9.295423023578362,1.14,8.91,6.7,6.5,0.23,8.93,9.05,6.2,1.34
8.85,5.13,9.2,0.91,8.93,9.05,6.2,1.34,9.06,9.92,9.7,0.36
7.96,3.39,8.4,0.09,9.06,9.92,9.7,0.36,9.08,7.37,9.295423023578362,1.14
7.86,4.47,6.9,1.82,9.08,7.37,9.295423023578362,1.14,8.85,5.13,9.2,0.91
8.17,6.0,8.3,2.95,8.85,5.13,9.2,0.91,7.96,3.39,8.4,0.09
8.15,3.35,8.3,3.43,7.96,3.39,8.4,0.09,7.86,4.47,6.9,1.82
7.79,1.63,7.3,5.12,7.86,4.47,6.9,1.82,8.17,6.0,8.3,2.95
7.93,1.53,7.2,4.87,8.17,6.0,8.3,2.95,8.15,3.35,8.3,3.43
7.8,2.2,7.6,4.92,8.15,3.35,8.3,3.43,7.79,1.63,7.3,5.12
8.15,2.09,5.6,2.48,7.79,1.63,7.3,5.12,7.93,1.53,7.2,4.87
7.76,1.74,3.2,5.91,7.93,1.53,7.2,4.87,7.8,2.2,7.6,4.92
7.74,1.55,3.4,5.86,7.8,2.2,7.6,4.92,8.15,2.09,5.6,2.48
7.75,2.42,2.9,3.31,8.15,2.09,5.6,2.48,7.76,1.74,3.2,5.91
7.74,2.77,2.3,2.74,7.76,1.74,3.2,5.91,7.74,1.55,3.4,5.86
7.94,2.85,2.5,3.02,7.74,1.55,3.4,5.86,7.75,2.42,2.9,3.31
8.08,3.31,3.3,4.2,7.75,2.42,2.9,3.31,7.74,2.77,2.3,2.74
7.41,2.38,2.2,4.71,7.74,2.77,2.3,2.74,7.94,2.85,2.5,3.02
7.44,2.28,2.4,4.24,7.94,2.85,2.5,3.02,8.08,3.31,3.3,4.2
7.49,3.22,2.8,3.59,8.08,3.31,3.3,4.2,7.41,2.38,2.2,4.71
7.4,2.09,4.0,3.54,7.41,2.38,2.2,4.71,7.44,2.28,2.4,4.24
7.63,2.81,5.7,1.46,7.44,2.28,2.4,4.24,7.49,3.22,2.8,3.59
7.68,2.0,8.4,2.05,7.49,3.22,2.8,3.59,7.4,2.09,4.0,3.54
7.59,1.88,6.6,7.03,7.4,2.09,4.0,3.54,7.63,2.81,5.7,1.46
7.84,2.46,3.8,4.66,7.63,2.81,5.7,1.46,7.68,2.0,8.4,2.05
7.67,2.48,5.0,2.65,7.68,2.0,8.4,2.05,7.59,1.88,6.6,7.03
7.8,3.96,5.8,2.84,7.59,1.88,6.6,7.03,7.84,2.46,3.8,4.66
8.37,4.74,5.0,0.86,7.84,2.46,3.8,4.66,7.67,2.48,5.0,2.65
8.91,4.99,5.2,0.67,7.67,2.48,5.0,2.65,7.8,3.96,5.8,2.84
8.75,2.64,7.2,0.33,7.8,3.96,5.8,2.84,8.37,4.74,5.0,0.86
8.7,3.49,8.0,0.78,8.37,4.74,5.0,0.86,8.91,4.99,5.2,0.67
8.55,3.28,7.4,0.3,8.91,4.99,5.2,0.67,8.75,2.64,7.2,0.33
8.13,1.57,7.2,0.56,8.75,2.64,7.2,0.33,8.7,3.49,8.0,0.78
7.9,1.18,14.6,0.65,8.7,3.49,8.0,0.78,8.55,3.28,7.4,0.3
7.96,2.1,8.2,1.39,8.55,3.28,7.4,0.3,8.13,1.57,7.2,0.56
8.1,1.2,7.5,3.31,8.13,1.57,7.2,0.56,7.9,1.18,14.6,0.65
7.98,0.77,7.6,3.76,7.9,1.18,14.6,0.65,7.96,2.1,8.2,1.39
7.69,1.03,7.4,6.92,7.96,2.1,8.2,1.39,8.1,1.2,7.5,3.31
7.67,1.41,6.6,2.34,8.1,1.2,7.5,3.31,7.98,0.77,7.6,3.76
7.92,1.02,5.1,1.52,7.98,0.77,7.6,3.76,7.69,1.03,7.4,6.92
7.48,1.05,10.3,2.5,7.69,1.03,7.4,6.92,7.67,1.41,6.6,2.34
7.75,0.52,9.3,4.59,7.67,1.41,6.6,2.34,7.92,1.02,5.1,1.52
7.43,0.74,8.1,6.74,7.92,1.02,5.1,1.52,7.48,1.05,10.3,2.5
7.44,1.11,7.3,4.66,7.48,1.05,10.3,2.5,7.75,0.52,9.3,4.59
8.21,2.1,8.6,0.83,7.75,0.52,9.3,4.59,7.43,0.74,8.1,6.74
8.39,1.87,9.2,0.65,7.43,0.74,8.1,6.74,7.44,1.11,7.3,4.66
8.14,1.33,7.6,1.28,7.44,1.11,7.3,4.66,8.21,2.1,8.6,0.83
8.12,1.97,8.3,0.66,8.21,2.1,8.6,0.83,8.39,1.87,9.2,0.65
8.51,1.39,8.4,1.03,8.39,1.87,9.2,0.65,8.14,1.33,7.6,1.28
7.76,1.27,7.2,2.94,8.14,1.33,7.6,1.28,8.12,1.97,8.3,0.66
8.65,2.29,7.3,0.6,8.12,1.97,8.3,0.66,8.51,1.39,8.4,1.03
8.9,1.74,7.4,0.48,8.51,1.39,8.4,1.03,7.76,1.27,7.2,2.94
8.46,1.79,8.4,4.33,7.76,1.27,7.2,2.94,8.65,2.29,7.3,0.6
7.86,3.08,6.9,1.51,8.65,2.29,7.3,0.6,8.9,1.74,7.4,0.48
7.64,1.2,6.2,1.77,8.9,1.74,7.4,0.48,8.46,1.79,8.4,4.33
7.33,1.11,6.1,2.75,8.46,1.79,8.4,4.33,7.86,3.08,6.9,1.51
7.2,1.4,9.2,1.85,7.86,3.08,6.9,1.51,7.64,1.2,6.2,1.77
7.7,1.27,6.7,2.08,7.64,1.2,6.2,1.77,7.33,1.11,6.1,2.75
8.35,2.44,8.6,1.18,7.33,1.11,6.1,2.75,7.2,1.4,9.2,1.85
7.96,1.77,9.3,0.32,7.2,1.4,9.2,1.85,7.7,1.27,6.7,2.08
8.09,1.19,8.6,0.19,7.7,1.27,6.7,2.08,8.35,2.44,8.6,1.18
8.37,2.62,8.3,0.27,8.35,2.44,8.6,1.18,7.96,1.77,9.3,0.32
8.76,6.99,7.6,1.41,7.96,1.77,9.3,0.32,8.09,1.19,8.6,0.19
8.55,8.5,7.7,1.31,8.09,1.19,8.6,0.19,8.37,2.62,8.3,0.27
8.11,8.57,5.7,2.26,8.37,2.62,8.3,0.27,8.76,6.99,7.6,1.41
7.69,7.57,6.3,1.89,8.76,6.99,7.6,1.41,8.55,8.5,7.7,1.31
7.63,7.38,6.1,0.76,8.55,8.5,7.7,1.31,8.11,8.57,5.7,2.26
8.2618975069252,6.162271468144047,9.295423023578362,0.8162256267409469,8.11,8.57,5.7,2.26,7.69,7.57,6.3,1.89
8.22,10.7,9.8,0.63,7.69,7.57,6.3,1.89,7.63,7.38,6.1,0.76
8.72,12.2,10.5,0.06,7.63,7.38,6.1,0.76,8.2618975069252,6.162271468144047,9.295423023578362,0.8162256267409469
8.88,12.3,10.7,0.08,8.2618975069252,6.162271468144047,9.295423023578362,0.8162256267409469,8.22,10.7,9.8,0.63
9.21,14.8,10.4,0.06,8.22,10.7,9.8,0.63,8.72,12.2,10.5,0.06
9.16,13.1,10.4,0.07,8.72,12.2,10.5,0.06,8.88,12.3,10.7,0.08
9.56,15.4,10.8,0.07,8.88,12.3,10.7,0.08,9.21,14.8,10.4,0.06
9.66,15.1,12.5,0.06,9.21,14.8,10.4,0.06,9.16,13.1,10.4,0.07
9.69,13.9,10.0,0.09,9.16,13.1,10.4,0.07,9.56,15.4,10.8,0.07
9.77,13.5,10.1,0.11,9.56,15.4,10.8,0.07,9.66,15.1,12.5,0.06
9.94,11.8,9.9,0.14,9.66,15.1,12.5,0.06,9.69,13.9,10.0,0.09
9.67,9.9,10.0,0.23,9.69,13.9,10.0,0.09,9.77,13.5,10.1,0.11
9.29,9.16,10.8,0.28,9.77,13.5,10.1,0.11,9.94,11.8,9.9,0.14
9.06,8.33,13.1,0.44,9.94,11.8,9.9,0.14,9.67,9.9,10.0,0.23
8.52,8.05,9.9,0.67,9.67,9.9,10.0,0.23,9.29,9.16,10.8,0.28
9.03,7.87,10.7,0.6,9.29,9.16,10.8,0.28,9.06,8.33,13.1,0.44
7.85,3.61,12.9,0.7,9.06,8.33,13.1,0.44,8.52,8.05,9.9,0.67
9.72,7.48,12.3,0.25,8.52,8.05,9.9,0.67,9.03,7.87,10.7,0.6
9.64,7.14,12.9,0.16,9.03,7.87,10.7,0.6,7.85,3.61,12.9,0.7
9.32,7.31,13.4,0.28,7.85,3.61,12.9,0.7,9.72,7.48,12.3,0.25
9.11,7.37,12.1,0.28,9.72,7.48,12.3,0.25,9.64,7.14,12.9,0.16
9.36,7.25,12.0,0.07,9.64,7.14,12.9,0.16,9.32,7.31,13.4,0.28
9.31,7.26,11.4,0.1,9.32,7.31,13.4,0.28,9.11,7.37,12.1,0.28
8.44,6.96,10.1,0.38,9.11,7.37,12.1,0.28,9.36,7.25,12.0,0.07
8.64,7.53,10.4,0.17,9.36,7.25,12.0,0.07,9.31,7.26,11.4,0.1
7.34,4.39,14.1,1.34,9.31,7.26,11.4,0.1,8.44,6.96,10.1,0.38
8.73,3.89,6.3,0.26,8.44,6.96,10.1,0.38,8.64,7.53,10.4,0.17
8.72,5.28,7.4,0.26,8.64,7.53,10.4,0.17,7.34,4.39,14.1,1.34
8.61,5.85,9.8,0.26,7.34,4.39,14.1,1.34,8.73,3.89,6.3,0.26
8.85,5.6,8.7,0.08,8.73,3.89,6.3,0.26,8.72,5.28,7.4,0.26
8.6,5.04,8.4,0.36,8.72,5.28,7.4,0.26,8.61,5.85,9.8,0.26
8.18,4.24,8.4,1.85,8.61,5.85,9.8,0.26,8.85,5.6,8.7,0.08
8.06,4.68,7.9,1.11,8.85,5.6,8.7,0.08,8.6,5.04,8.4,0.36
7.97,2.94,8.1,0.92,8.6,5.04,8.4,0.36,8.18,4.24,8.4,1.85
7.8,2.36,7.4,0.92,8.18,4.24,8.4,1.85,8.06,4.68,7.9,1.11
7.93,2.73,7.5,0.28,8.06,4.68,7.9,1.11,7.97,2.94,8.1,0.92
8.51,3.79,7.1,0.1,7.97,2.94,8.1,0.92,7.8,2.36,7.4,0.92
8.57,4.68,5.1,0.15,7.8,2.36,7.4,0.92,7.93,2.73,7.5,0.28
8.3,3.89,6.1,0.26,7.93,2.73,7.5,0.28,8.51,3.79,7.1,0.1
8.33,4.04,7.0,0.26,8.51,3.79,7.1,0.1,8.57,4.68,5.1,0.15
7.49,4.83,6.2,0.3,8.57,4.68,5.1,0.15,8.3,3.89,6.1,0.26
7.73,5.12,5.8,0.31,8.3,3.89,6.1,0.26,8.33,4.04,7.0,0.26
7.75,5.35,5.5,0.82,8.33,4.04,7.0,0.26,7.49,4.83,6.2,0.3
7.79,4.91,5.2,0.9,7.49,4.83,6.2,0.3,7.73,5.12,5.8,0.31
7.8,4.93,4.6,0.61,7.73,5.12,5.8,0.31,7.75,5.35,5.5,0.82
8.04,6.58,3.9,0.31,7.75,5.35,5.5,0.82,7.79,4.91,5.2,0.9
8.2618975069252,6.162271468144047,9.295423023578362,0.8162256267409469,7.79,4.91,5.2,0.9,7.8,4.93,4.6,0.61
8.01,6.01,3.3,0.17,7.8,4.93,4.6,0.61,8.04,6.58,3.9,0.31
7.71,5.7,4.3,0.19,8.04,6.58,3.9,0.31,8.2618975069252,6.162271468144047,9.295423023578362,0.8162256267409469
8.14,5.71,1.6,0.27,8.2618975069252,6.162271468144047,9.295423023578362,0.8162256267409469,8.01,6.01,3.3,0.17
8.37,4.07,2.1,0.88,8.01,6.01,3.3,0.17,7.71,5.7,4.3,0.19
8.5,4.9,2.4,2.32,7.71,5.7,4.3,0.19,8.14,5.71,1.6,0.27
8.74,7.11,2.1,0.1,8.14,5.71,1.6,0.27,8.37,4.07,2.1,0.88
8.87,9.53,2.9,0.08,8.37,4.07,2.1,0.88,8.5,4.9,2.4,2.32
8.89,10.3,3.1,0.1,8.5,4.9,2.4,2.32,8.74,7.11,2.1,0.1
8.56,8.04,3.8,0.2,8.74,7.11,2.1,0.1,8.87,9.53,2.9,0.08
8.6,7.79,3.9,0.19,8.87,9.53,2.9,0.08,8.89,10.3,3.1,0.1
8.81,11.4,7.0,0.13,8.89,10.3,3.1,0.1,8.56,8.04,3.8,0.2
8.49,7.73,9.2,0.21,8.56,8.04,3.8,0.2,8.6,7.79,3.9,0.19
7.91,4.64,9.8,0.49,8.6,7.79,3.9,0.19,8.81,11.4,7.0,0.13
7.24,3.44,10.0,1.05,8.81,11.4,7.0,0.13,8.49,7.73,9.2,0.21
7.97,7.26,10.4,0.82,8.49,7.73,9.2,0.21,7.91,4.64,9.8,0.49
8.32,6.81,10.9,1.03,7.91,4.64,9.8,0.49,7.24,3.44,10.0,1.05
8.06,6.61,10.7,1.42,7.24,3.44,10.0,1.05,7.97,7.26,10.4,0.82
7.66,5.17,20.3,1.47,7.97,7.26,10.4,0.82,8.32,6.81,10.9,1.03
8.36,5.78,5.9,1.46,8.32,6.81,10.9,1.03,8.06,6.61,10.7,1.42
8.32,6.56,7.2,1.78,8.06,6.61,10.7,1.42,7.66,5.17,20.3,1.47
8.18,7.71,8.9,1.49,7.66,5.17,20.3,1.47,8.36,5.78,5.9,1.46
7.47,7.67,10.5,0.97,8.36,5.78,5.9,1.46,8.32,6.56,7.2,1.78
8.61,7.98,11.3,1.38,8.32,6.56,7.2,1.78,8.18,7.71,8.9,1.49
7.69,6.91,13.5,1.53,8.18,7.71,8.9,1.49,7.47,7.67,10.5,0.97
8.53,7.68,10.2,0.3,7.47,7.67,10.5,0.97,8.61,7.98,11.3,1.38
9.29,5.62,10.6,0.26,8.61,7.98,11.3,1.38,7.69,6.91,13.5,1.53
8.62,3.09,7.2,0.73,7.69,6.91,13.5,1.53,8.53,7.68,10.2,0.3
7.93,1.71,4.4,1.1,8.53,7.68,10.2,0.3,9.29,5.62,10.6,0.26
8.46,2.53,5.9,0.58,9.29,5.62,10.6,0.26,8.62,3.09,7.2,0.73
8.92,5.64,7.2,0.16,8.62,3.09,7.2,0.73,7.93,1.71,4.4,1.1
8.7,4.59,5.4,0.13,7.93,1.71,4.4,1.1,8.46,2.53,5.9,0.58
8.66,4.95,8.0,0.13,8.46,2.53,5.9,0.58,8.92,5.64,7.2,0.16
8.41,4.42,8.1,0.13,8.92,5.64,7.2,0.16,8.7,4.59,5.4,0.13
8.18,4.6,5.9,0.19,8.7,4.59,5.4,0.13,8.66,4.95,8.0,0.13
7.88,4.43,4.8,0.16,8.66,4.95,8.0,0.13,8.41,4.42,8.1,0.13
7.87,4.75,4.8,0.23,8.41,4.42,8.1,0.13,8.18,4.6,5.9,0.19
7.78,4.94,8.2,0.28,8.18,4.6,5.9,0.19,7.88,4.43,4.8,0.16
7.63,4.56,5.8,0.22,7.88,4.43,4.8,0.16,7.87,4.75,4.8,0.23
7.83,5.55,5.6,0.58,7.87,4.75,4.8,0.23,7.78,4.94,8.2,0.28
7.84,5.45,6.5,0.18,7.78,4.94,8.2,0.28,7.63,4.56,5.8,0.22
7.8,5.23,9.1,0.13,7.63,4.56,5.8,0.22,7.83,5.55,5.6,0.58
7.52,4.49,9.0,0.09,7.83,5.55,5.6,0.58,7.84,5.45,6.5,0.18
7.45,4.28,8.9,0.13,7.84,5.45,6.5,0.18,7.8,5.23,9.1,0.13
7.46,4.46,9.5,0.15,7.8,5.23,9.1,0.13,7.52,4.49,9.0,0.09
7.43,3.71,8.8,0.18,7.52,4.49,9.0,0.09,7.45,4.28,8.9,0.13
7.48,4.52,9.2,0.23,7.45,4.28,8.9,0.13,7.46,4.46,9.5,0.15
7.63,5.74,9.2,0.27,7.46,4.46,9.5,0.15,7.43,3.71,8.8,0.18
7.37,4.79,10.0,0.23,7.43,3.71,8.8,0.18,7.48,4.52,9.2,0.23
7.23,3.99,9.3,0.31,7.48,4.52,9.2,0.23,7.63,5.74,9.2,0.27
7.22,5.23,9.0,0.3,7.63,5.74,9.2,0.27,7.37,4.79,10.0,0.23
7.24,4.89,7.1,0.36,7.37,4.79,10.0,0.23,7.23,3.99,9.3,0.31
7.38,5.6,5.9,0.52,7.23,3.99,9.3,0.31,7.22,5.23,9.0,0.3
7.38,5.02,8.9,0.25,7.22,5.23,9.0,0.3,7.24,4.89,7.1,0.36
7.48,5.98,10.8,0.2,7.24,4.89,7.1,0.36,7.38,5.6,5.9,0.52
7.54,5.59,14.2,0.27,7.38,5.6,5.9,0.52,7.38,5.02,8.9,0.25
7.59,4.6,17.4,0.3,7.38,5.02,8.9,0.25,7.48,5.98,10.8,0.2
7.62,4.6,20.2,0.31,7.48,5.98,10.8,0.2,7.54,5.59,14.2,0.27
7.71,5.66,10.1,0.34,7.54,5.59,14.2,0.27,7.59,4.6,17.4,0.3
7.89,7.03,10.7,0.46,7.59,4.6,17.4,0.3,7.62,4.6,20.2,0.31
7.17,7.31,11.8,0.36,7.62,4.6,20.2,0.31,7.71,5.66,10.1,0.34
6.72,8.82,11.2,0.37,7.71,5.66,10.1,0.34,7.89,7.03,10.7,0.46
7.4,9.12,9.8,0.33,7.89,7.03,10.7,0.46,7.17,7.31,11.8,0.36
8.38,7.91,9.7,0.31,7.17,7.31,11.8,0.36,6.72,8.82,11.2,0.37
8.28,6.74,10.1,0.33,6.72,8.82,11.2,0.37,7.4,9.12,9.8,0.33
8.37,6.65,10.2,0.4,7.4,9.12,9.8,0.33,8.38,7.91,9.7,0.31
8.12,5.09,10.5,0.48,8.38,7.91,9.7,0.31,8.28,6.74,10.1,0.33
7.74,2.21,10.3,0.6,8.28,6.74,10.1,0.33,8.37,6.65,10.2,0.4
7.84,3.46,9.4,0.66,8.37,6.65,10.2,0.4,8.12,5.09,10.5,0.48
8.43,7.12,10.7,0.58,8.12,5.09,10.5,0.48,7.74,2.21,10.3,0.6
8.11,6.44,11.6,0.55,7.74,2.21,10.3,0.6,7.84,3.46,9.4,0.66
7.9,3.91,11.8,0.68,7.84,3.46,9.4,0.66,8.43,7.12,10.7,0.58
8.38,6.8,11.5,0.69,8.43,7.12,10.7,0.58,8.11,6.44,11.6,0.55
8.24,5.67,11.7,0.69,8.11,6.44,11.6,0.55,7.9,3.91,11.8,0.68
8.2618975069252,6.162271468144047,9.295423023578362,0.8162256267409469,7.9,3.91,11.8,0.68,8.38,6.8,11.5,0.69
8.43,6.34,18.7,0.75,8.38,6.8,11.5,0.69,8.24,5.67,11.7,0.69
8.06,3.98,11.8,0.72,8.24,5.67,11.7,0.69,8.2618975069252,6.162271468144047,9.295423023578362,0.8162256267409469
8.23,4.76,7.4,0.64,8.2618975069252,6.162271468144047,9.295423023578362,0.8162256267409469,8.43,6.34,18.7,0.75
8.07,4.42,7.3,0.55,8.43,6.34,18.7,0.75,8.06,3.98,11.8,0.72
8.48,6.53,7.3,0.56,8.06,3.98,11.8,0.72,8.23,4.76,7.4,0.64
8.29,6.13,8.0,0.46,8.23,4.76,7.4,0.64,8.07,4.42,7.3,0.55
7.47,5.81,8.6,0.54,8.07,4.42,7.3,0.55,8.48,6.53,7.3,0.56
7.54,6.4,9.0,0.58,8.48,6.53,7.3,0.56,8.29,6.13,8.0,0.46
8.01,5.72,8.9,0.56,8.29,6.13,8.0,0.46,7.47,5.81,8.6,0.54
7.69,4.84,9.0,0.66,7.47,5.81,8.6,0.54,7.54,6.4,9.0,0.58
7.94,7.04,9.2,0.81,7.54,6.4,9.0,0.58,8.01,5.72,8.9,0.56
7.73,5.73,10.3,0.66,8.01,5.72,8.9,0.56,7.69,4.84,9.0,0.66
7.9,7.03,16.9,0.67,7.69,4.84,9.0,0.66,7.94,7.04,9.2,0.81
7.53,6.03,8.1,0.86,7.94,7.04,9.2,0.81,7.73,5.73,10.3,0.66
7.58,5.79,16.2,0.96,7.73,5.73,10.3,0.66,7.9,7.03,16.9,0.67
7.44,6.26,11.9,1.05,7.9,7.03,16.9,0.67,7.53,6.03,8.1,0.86
7.74,6.65,7.1,1.4,7.53,6.03,8.1,0.86,7.58,5.79,16.2,0.96
7.74,5.84,6.7,1.3,7.58,5.79,16.2,0.96,7.44,6.26,11.9,1.05
7.89,5.77,6.5,1.56,7.44,6.26,11.9,1.05,7.74,6.65,7.1,1.4
7.71,5.56,7.5,1.45,7.74,6.65,7.1,1.4,7.74,5.84,6.7,1.3
7.84,5.87,10.5,1.97,7.74,5.84,6.7,1.3,7.89,5.77,6.5,1.56
7.76,5.12,11.3,2.08,7.89,5.77,6.5,1.56,7.71,5.56,7.5,1.45
7.57,5.46,12.4,2.21,7.71,5.56,7.5,1.45,7.84,5.87,10.5,1.97
7.58,5.16,13.0,2.21,7.84,5.87,10.5,1.97,7.76,5.12,11.3,2.08
7.27,4.22,12.9,2.2,7.76,5.12,11.3,2.08,7.57,5.46,12.4,2.21
8.1,6.29,13.0,2.2,7.57,5.46,12.4,2.21,7.58,5.16,13.0,2.21
8.97,10.4,12.9,0.49,7.58,5.16,13.0,2.21,7.27,4.22,12.9,2.2
9.16,10.7,11.6,0.46,7.27,4.22,12.9,2.2,8.1,6.29,13.0,2.2
9.11,8.58,6.2,0.23,8.1,6.29,13.0,2.2,8.97,10.4,12.9,0.49
7.8,6.37,6.5,0.35,8.97,10.4,12.9,0.49,9.16,10.7,11.6,0.46
8.11,7.51,6.4,0.46,9.16,10.7,11.6,0.46,9.11,8.58,6.2,0.23
8.25,5.82,5.9,0.47,9.11,8.58,6.2,0.23,7.8,6.37,6.5,0.35
8.28,5.37,12.0,0.35,7.8,6.37,6.5,0.35,8.11,7.51,6.4,0.46
8.15,5.12,10.3,0.39,8.11,7.51,6.4,0.46,8.25,5.82,5.9,0.47
8.32,6.32,12.7,0.26,8.25,5.82,5.9,0.47,8.28,5.37,12.0,0.35
8.4,6.5,12.0,0.28,8.28,5.37,12.0,0.35,8.15,5.12,10.3,0.39
8.19,7.06,9.9,0.19,8.15,5.12,10.3,0.39,8.32,6.32,12.7,0.26
8.36,8.23,11.5,0.23,8.32,6.32,12.7,0.26,8.4,6.5,12.0,0.28
8.12,7.15,9.9,0.61,8.4,6.5,12.0,0.28,8.19,7.06,9.9,0.19
7.94,6.8,9.0,0.52,8.19,7.06,9.9,0.19,8.36,8.23,11.5,0.23
8.08,7.83,9.4,0.34,8.36,8.23,11.5,0.23,8.12,7.15,9.9,0.61
8.17,7.93,10.3,0.15,8.12,7.15,9.9,0.61,7.94,6.8,9.0,0.52
8.56,7.71,10.6,0.24,7.94,6.8,9.0,0.52,8.08,7.83,9.4,0.34
8.35,6.0,9.7,0.43,8.08,7.83,9.4,0.34,8.17,7.93,10.3,0.15
7.89,4.01,9.0,0.89,8.17,7.93,10.3,0.15,8.56,7.71,10.6,0.24
8.02,5.49,9.3,0.94,8.56,7.71,10.6,0.24,8.35,6.0,9.7,0.43
8.02,7.22,9.5,0.71,8.35,6.0,9.7,0.43,7.89,4.01,9.0,0.89
8.09,7.43,10.1,0.22,7.89,4.01,9.0,0.89,8.02,5.49,9.3,0.94
8.01,5.12,10.9,0.58,8.02,5.49,9.3,0.94,8.02,7.22,9.5,0.71
8.12,6.47,11.3,0.5,8.02,7.22,9.5,0.71,8.09,7.43,10.1,0.22
8.33,6.9,12.5,0.36,8.09,7.43,10.1,0.22,8.01,5.12,10.9,0.58
8.09,4.39,11.5,0.34,8.01,5.12,10.9,0.58,8.12,6.47,11.3,0.5
8.09,3.53,11.6,0.26,8.12,6.47,11.3,0.5,8.33,6.9,12.5,0.36
8.52,5.5,11.7,0.16,8.33,6.9,12.5,0.36,8.09,4.39,11.5,0.34
8.59,4.0,12.5,0.13,8.09,4.39,11.5,0.34,8.09,3.53,11.6,0.26
8.52,5.4,12.0,0.14,8.09,3.53,11.6,0.26,8.52,5.5,11.7,0.16
8.85,5.38,13.3,0.13,8.52,5.5,11.7,0.16,8.59,4.0,12.5,0.13
9.3,6.18,13.8,0.16,8.59,4.0,12.5,0.13,8.52,5.4,12.0,0.14
9.17,4.71,13.6,0.27,8.52,5.4,12.0,0.14,8.85,5.38,13.3,0.13
9.19,5.09,12.8,0.5,8.85,5.38,13.3,0.13,9.3,6.18,13.8,0.16
9.21,6.26,13.0,0.31,9.3,6.18,13.8,0.16,9.17,4.71,13.6,0.27
9.57,6.97,12.2,0.19,9.17,4.71,13.6,0.27,9.19,5.09,12.8,0.5
9.39,5.45,14.9,0.21,9.19,5.09,12.8,0.5,9.21,6.26,13.0,0.31
9.26,5.66,15.4,0.33,9.21,6.26,13.0,0.31,9.57,6.97,12.2,0.19
9.07,5.19,15.0,0.62,9.57,6.97,12.2,0.19,9.39,5.45,14.9,0.21
9.02,6.14,13.2,0.65,9.39,5.45,14.9,0.21,9.26,5.66,15.4,0.33
8.46,5.01,10.7,1.12,9.26,5.66,15.4,0.33,9.07,5.19,15.0,0.62
8.16,5.51,10.7,0.65,9.07,5.19,15.0,0.62,9.02,6.14,13.2,0.65
7.86,5.42,10.3,0.37,9.02,6.14,13.2,0.65,8.46,5.01,10.7,1.12
7.65,4.53,9.1,0.37,8.46,5.01,10.7,1.12,8.16,5.51,10.7,0.65
7.73,6.04,9.3,0.89,8.16,5.51,10.7,0.65,7.86,5.42,10.3,0.37
7.25,4.31,8.9,0.43,7.86,5.42,10.3,0.37,7.65,4.53,9.1,0.37
6.92,2.15,7.3,0.56,7.65,4.53,9.1,0.37,7.73,6.04,9.3,0.89
7.13,5.49,7.8,0.97,7.73,6.04,9.3,0.89,7.25,4.31,8.9,0.43
7.07,5.63,7.6,0.39,7.25,4.31,8.9,0.43,6.92,2.15,7.3,0.56
6.93,4.56,7.2,0.42,6.92,2.15,7.3,0.56,7.13,5.49,7.8,0.97
6.87,5.34,7.5,0.28,7.13,5.49,7.8,0.97,7.07,5.63,7.6,0.39
7.6,6.49,7.4,0.28,7.07,5.63,7.6,0.39,6.93,4.56,7.2,0.42
7.73,6.16,7.5,0.44,6.93,4.56,7.2,0.42,6.87,5.34,7.5,0.28
7.79,5.72,9.4,0.86,6.87,5.34,7.5,0.28,7.6,6.49,7.4,0.28
7.61,5.34,12.2,0.61,7.6,6.49,7.4,0.28,7.73,6.16,7.5,0.44
7.71,6.38,11.3,0.32,7.73,6.16,7.5,0.44,7.79,5.72,9.4,0.86
7.83,6.7,11.1,0.25,7.79,5.72,9.4,0.86,7.61,5.34,12.2,0.61
7.9,5.8,13.6,0.37,7.61,5.34,12.2,0.61,7.71,6.38,11.3,0.32
8.29,6.33,14.2,0.19,7.71,6.38,11.3,0.32,7.83,6.7,11.1,0.25
7.82,5.2,13.2,0.14,7.83,6.7,11.1,0.25,7.9,5.8,13.6,0.37
8.03,6.23,13.1,0.15,7.9,5.8,13.6,0.37,8.29,6.33,14.2,0.19
8.45,6.84,12.9,0.3,8.29,6.33,14.2,0.19,7.82,5.2,13.2,0.14
8.03,6.66,11.1,0.56,7.82,5.2,13.2,0.14,8.03,6.23,13.1,0.15
8.11,7.0,11.0,0.53,8.03,6.23,13.1,0.15,8.45,6.84,12.9,0.3
7.95,6.9,9.5,0.39,8.45,6.84,12.9,0.3,8.03,6.66,11.1,0.56
8.15,7.5,8.4,0.26,8.03,6.66,11.1,0.56,8.11,7.0,11.0,0.53
8.32,7.99,8.3,0.51,8.11,7.0,11.0,0.53,7.95,6.9,9.5,0.39
8.26,7.29,7.3,0.29,7.95,6.9,9.5,0.39,8.15,7.5,8.4,0.26
8.39,7.22,8.4,0.14,8.15,7.5,8.4,0.26,8.32,7.99,8.3,0.51
8.32,6.99,8.5,0.19,8.32,7.99,8.3,0.51,8.26,7.29,7.3,0.29
8.23,7.02,9.9,1.18,8.26,7.29,7.3,0.29,8.39,7.22,8.4,0.14
8.39,8.69,10.5,0.26,8.39,7.22,8.4,0.14,8.32,6.99,8.5,0.19
8.67,9.4,11.7,0.26,8.32,6.99,8.5,0.19,8.23,7.02,9.9,1.18
8.62,9.1,10.7,0.15,8.23,7.02,9.9,1.18,8.39,8.69,10.5,0.26
8.61,9.22,9.8,0.12,8.39,8.69,10.5,0.26,8.67,9.4,11.7,0.26
8.37,8.01,9.4,0.21,8.67,9.4,11.7,0.26,8.62,9.1,10.7,0.15
8.25,7.65,9.4,0.55,8.62,9.1,10.7,0.15,8.61,9.22,9.8,0.12
8.33,8.15,9.6,0.45,8.61,9.22,9.8,0.12,8.37,8.01,9.4,0.21
8.73,8.97,10.1,0.14,8.37,8.01,9.4,0.21,8.25,7.65,9.4,0.55
8.55,8.06,10.7,0.23,8.25,7.65,9.4,0.55,8.33,8.15,9.6,0.45
8.46,8.18,10.4,0.29,8.33,8.15,9.6,0.45,8.73,8.97,10.1,0.14
8.47,7.73,9.7,0.39,8.73,8.97,10.1,0.14,8.55,8.06,10.7,0.23
8.86,9.49,10.7,0.24,8.55,8.06,10.7,0.23,8.46,8.18,10.4,0.29
8.93,8.91,11.8,0.18,8.46,8.18,10.4,0.29,8.47,7.73,9.7,0.39
9.04,8.36,13.4,0.2,8.47,7.73,9.7,0.39,8.86,9.49,10.7,0.24
8.97,7.69,14.2,0.15,8.86,9.49,10.7,0.24,8.93,8.91,11.8,0.18
8.79,7.08,14.4,0.3,8.93,8.91,11.8,0.18,9.04,8.36,13.4,0.2
8.82,9.36,13.6,0.15,9.04,8.36,13.4,0.2,8.97,7.69,14.2,0.15
8.82,9.0,14.2,0.07,8.97,7.69,14.2,0.15,8.79,7.08,14.4,0.3
8.76,9.37,14.6,0.11,8.79,7.08,14.4,0.3,8.82,9.36,13.6,0.15
8.89,9.68,15.3,0.04,8.82,9.36,13.6,0.15,8.82,9.0,14.2,0.07
8.58,7.71,14.6,0.09,8.82,9.0,14.2,0.07,8.76,9.37,14.6,0.11
8.2,6.77,13.5,0.14,8.76,9.37,14.6,0.11,8.89,9.68,15.3,0.04
8.49,7.38,14.8,0.24,8.89,9.68,15.3,0.04,8.58,7.71,14.6,0.09
8.42,7.71,14.6,0.32,8.58,7.71,14.6,0.09,8.2,6.77,13.5,0.14
8.08,6.1,13.6,0.24,8.2,6.77,13.5,0.14,8.49,7.38,14.8,0.24
6.99,4.0,8.3,1.16,8.49,7.38,14.8,0.24,8.42,7.71,14.6,0.32
7.02,3.63,8.7,2.66,8.42,7.71,14.6,0.32,8.08,6.1,13.6,0.24
8.0,7.38,12.9,0.33,8.08,6.1,13.6,0.24,6.99,4.0,8.3,1.16
8.67,8.51,13.9,0.1,6.99,4.0,8.3,1.16,7.02,3.63,8.7,2.66
8.22,6.92,13.8,0.21,7.02,3.63,8.7,2.66,8.0,7.38,12.9,0.33
7.7,4.66,11.8,0.34,8.0,7.38,12.9,0.33,8.67,8.51,13.9,0.1
8.33,8.25,10.4,0.05,8.67,8.51,13.9,0.1,8.22,6.92,13.8,0.21
8.44,9.52,10.6,0.04,8.22,6.92,13.8,0.21,7.7,4.66,11.8,0.34
7.26,5.14,7.8,0.44,7.7,4.66,11.8,0.34,8.33,8.25,10.4,0.05
7.22,6.76,6.7,0.22,8.33,8.25,10.4,0.05,8.44,9.52,10.6,0.04
7.65,7.2,8.4,0.16,8.44,9.52,10.6,0.04,7.26,5.14,7.8,0.44
7.72,7.69,8.5,0.05,7.26,5.14,7.8,0.44,7.22,6.76,6.7,0.22
7.35,6.06,7.5,0.18,7.22,6.76,6.7,0.22,7.65,7.2,8.4,0.16
7.16,4.77,6.8,0.14,7.65,7.2,8.4,0.16,7.72,7.69,8.5,0.05
8.09,7.25,8.5,0.11,7.72,7.69,8.5,0.05,7.35,6.06,7.5,0.18
7.22,7.72,8.1,0.25,7.35,6.06,7.5,0.18,7.16,4.77,6.8,0.14
7.35,8.41,5.3,0.26,7.16,4.77,6.8,0.14,8.09,7.25,8.5,0.11
7.76,8.94,8.6,0.5,8.09,7.25,8.5,0.11,7.22,7.72,8.1,0.25
7.12,7.97,5.9,0.76,7.22,7.72,8.1,0.25,7.35,8.41,5.3,0.26
7.2,8.97,7.7,0.29,7.35,8.41,5.3,0.26,7.76,8.94,8.6,0.5
6.93,6.47,7.7,0.43,7.76,8.94,8.6,0.5,7.12,7.97,5.9,0.76
6.98,4.89,7.7,1.01,7.12,7.97,5.9,0.76,7.2,8.97,7.7,0.29
7.02,5.43,7.6,1.17,7.2,8.97,7.7,0.29,6.93,6.47,7.7,0.43
7.61,7.9,7.6,0.9,6.93,6.47,7.7,0.43,6.98,4.89,7.7,1.01
8.15,7.82,7.2,0.72,6.98,4.89,7.7,1.01,7.02,5.43,7.6,1.17
7.9,6.69,7.2,0.99,7.02,5.43,7.6,1.17,7.61,7.9,7.6,0.9
8.09,7.67,7.2,0.71,7.61,7.9,7.6,0.9,8.15,7.82,7.2,0.72
8.04,6.41,7.3,0.51,8.15,7.82,7.2,0.72,7.9,6.69,7.2,0.99
7.99,5.59,7.3,0.47,7.9,6.69,7.2,0.99,8.09,7.67,7.2,0.71
8.42,7.51,7.3,0.33,8.09,7.67,7.2,0.71,8.04,6.41,7.3,0.51
8.5,7.92,7.4,0.19,8.04,6.41,7.3,0.51,7.99,5.59,7.3,0.47
8.36,7.08,7.9,0.16,7.99,5.59,7.3,0.47,8.42,7.51,7.3,0.33
8.54,7.0,7.9,0.24,8.42,7.51,7.3,0.33,8.5,7.92,7.4,0.19
8.57,6.96,8.0,0.17,8.5,7.92,7.4,0.19,8.36,7.08,7.9,0.16
8.45,6.31,8.1,0.23,8.36,7.08,7.9,0.16,8.54,7.0,7.9,0.24
8.45,4.85,8.1,0.29,8.54,7.0,7.9,0.24,8.57,6.96,8.0,0.17
8.58,6.93,8.1,0.25,8.57,6.96,8.0,0.17,8.45,6.31,8.1,0.23
8.93,7.81,8.2,0.21,8.45,6.31,8.1,0.23,8.45,4.85,8.1,0.29
8.73,4.76,8.2,0.22,8.45,4.85,8.1,0.29,8.58,6.93,8.1,0.25
8.42,2.08,8.2,0.24,8.58,6.93,8.1,0.25,8.93,7.81,8.2,0.21
8.42,6.45,8.7,0.3,8.93,7.81,8.2,0.21,8.73,4.76,8.2,0.22
8.33,5.8,8.7,0.34,8.73,4.76,8.2,0.22,8.42,2.08,8.2,0.24
8.08,4.67,8.8,0.55,8.42,2.08,8.2,0.24,8.42,6.45,8.7,0.3
7.98,5.2,9.0,0.57,8.42,6.45,8.7,0.3,8.33,5.8,8.7,0.34
7.91,4.58,8.9,0.72,8.33,5.8,8.7,0.34,8.08,4.67,8.8,0.55
7.96,5.68,8.9,0.62,8.08,4.67,8.8,0.55,7.98,5.2,9.0,0.57
7.6,6.52,9.0,0.57,7.98,5.2,9.0,0.57,7.91,4.58,8.9,0.72
8.12,7.91,9.0,0.09,7.91,4.58,8.9,0.72,7.96,5.68,8.9,0.62
7.83,5.23,9.0,0.2,7.96,5.68,8.9,0.62,7.6,6.52,9.0,0.57
8.03,6.42,9.1,0.19,7.6,6.52,9.0,0.57,8.12,7.91,9.0,0.09
7.86,6.18,9.1,0.66,8.12,7.91,9.0,0.09,7.83,5.23,9.0,0.2
7.55,5.19,9.0,1.21,7.83,5.23,9.0,0.2,8.03,6.42,9.1,0.19
7.57,5.1,9.0,0.61,8.03,6.42,9.1,0.19,7.86,6.18,9.1,0.66
8.07,5.42,9.5,0.42,7.86,6.18,9.1,0.66,7.55,5.19,9.0,1.21
8.02,3.88,9.2,0.77,7.55,5.19,9.0,1.21,7.57,5.1,9.0,0.61
7.75,4.6,9.3,1.44,7.57,5.1,9.0,0.61,8.07,5.42,9.5,0.42
7.91,4.62,9.4,1.02,8.07,5.42,9.5,0.42,8.02,3.88,9.2,0.77
8.04,7.79,9.5,0.32,8.02,3.88,9.2,0.77,7.75,4.6,9.3,1.44
8.09,7.97,9.5,0.18,7.75,4.6,9.3,1.44,7.91,4.62,9.4,1.02
8.02,6.97,9.6,0.38,7.91,4.62,9.4,1.02,8.04,7.79,9.5,0.32
7.77,6.78,9.7,1.61,8.04,7.79,9.5,0.32,8.09,7.97,9.5,0.18
8.05,10.8,9.8,1.01,8.09,7.97,9.5,0.18,8.02,6.97,9.6,0.38
8.08,8.51,11.8,0.63,8.02,6.97,9.6,0.38,7.77,6.78,9.7,1.61
8.05,4.33,9.3,0.6,7.77,6.78,9.7,1.61,8.05,10.8,9.8,1.01
7.48,2.53,8.0,0.58,8.05,10.8,9.8,1.01,8.08,8.51,11.8,0.63
7.24,2.13,12.7,0.65,8.08,8.51,11.8,0.63,8.05,4.33,9.3,0.6
7.61,8.41,13.0,0.56,8.05,4.33,9.3,0.6,7.48,2.53,8.0,0.58
7.88,8.09,10.3,0.4,7.48,2.53,8.0,0.58,7.24,2.13,12.7,0.65
8.12,8.17,13.0,0.2,7.24,2.13,12.7,0.65,7.61,8.41,13.0,0.56
8.18,7.46,12.1,0.12,7.61,8.41,13.0,0.56,7.88,8.09,10.3,0.4
8.12,7.67,8.7,0.1,7.88,8.09,10.3,0.4,8.12,8.17,13.0,0.2
7.87,7.05,7.4,0.13,8.12,8.17,13.0,0.2,8.18,7.46,12.1,0.12
7.85,6.86,4.7,0.12,8.18,7.46,12.1,0.12,8.12,7.67,8.7,0.1
7.85,5.98,3.7,0.15,8.12,7.67,8.7,0.1,7.87,7.05,7.4,0.13
7.84,5.53,3.5,0.18,7.87,7.05,7.4,0.13,7.85,6.86,4.7,0.12
7.96,8.52,5.2,0.25,7.85,6.86,4.7,0.12,7.85,5.98,3.7,0.15
8.22,10.3,5.7,0.2,7.85,5.98,3.7,0.15,7.84,5.53,3.5,0.18
7.9,6.64,7.7,0.21,7.84,5.53,3.5,0.18,7.96,8.52,5.2,0.25
7.85,6.99,8.1,0.25,7.96,8.52,5.2,0.25,8.22,10.3,5.7,0.2
7.93,7.69,8.0,0.34,8.22,10.3,5.7,0.2,7.9,6.64,7.7,0.21
7.81,9.42,5.7,0.34,7.9,6.64,7.7,0.21,7.85,6.99,8.1,0.25
7.92,8.96,5.7,0.33,7.85,6.99,8.1,0.25,7.93,7.69,8.0,0.34
8.04,7.25,6.1,0.26,7.93,7.69,8.0,0.34,7.81,9.42,5.7,0.34
8.04,7.24,5.7,0.24,7.81,9.42,5.7,0.34,7.92,8.96,5.7,0.33
7.88,6.07,6.7,0.3,7.92,8.96,5.7,0.33,8.04,7.25,6.1,0.26
7.57,4.56,7.1,0.44,8.04,7.25,6.1,0.26,8.04,7.24,5.7,0.24
8.1,7.9,8.2,0.25,8.04,7.24,5.7,0.24,7.88,6.07,6.7,0.3
8.12,8.05,8.7,0.22,7.88,6.07,6.7,0.3,7.57,4.56,7.1,0.44
7.92,6.71,7.0,0.19,7.57,4.56,7.1,0.44,8.1,7.9,8.2,0.25
7.38,6.9,6.7,1.26,8.1,7.9,8.2,0.25,8.12,8.05,8.7,0.22
7.95,7.8,7.0,0.27,8.12,8.05,8.7,0.22,7.92,6.71,7.0,0.19
7.37,2.97,7.3,0.24,7.92,6.71,7.0,0.19,7.38,6.9,6.7,1.26
8.23,11.6,6.1,0.18,7.38,6.9,6.7,1.26,7.95,7.8,7.0,0.27
8.17,10.1,7.4,0.14,7.95,7.8,7.0,0.27,7.37,2.97,7.3,0.24
8.31,9.57,6.7,0.17,7.37,2.97,7.3,0.24,8.23,11.6,6.1,0.18
8.39,9.23,5.2,0.16,8.23,11.6,6.1,0.18,8.17,10.1,7.4,0.14
8.2618975069252,6.162271468144047,9.295423023578362,0.8162256267409469,8.17,10.1,7.4,0.14,8.31,9.57,6.7,0.17
8.2618975069252,6.162271468144047,9.295423023578362,0.8162256267409469,8.31,9.57,6.7,0.17,8.39,9.23,5.2,0.16
8.69,9.04,11.6,0.1,8.39,9.23,5.2,0.16,8.2618975069252,6.162271468144047,9.295423023578362,0.8162256267409469
8.76,9.42,12.1,0.11,8.2618975069252,6.162271468144047,9.295423023578362,0.8162256267409469,8.2618975069252,6.162271468144047,9.295423023578362,0.8162256267409469
8.43,6.56,10.6,0.16,8.2618975069252,6.162271468144047,9.295423023578362,0.8162256267409469,8.69,9.04,11.6,0.1
8.23,9.45,10.0,0.14,8.69,9.04,11.6,0.1,8.76,9.42,12.1,0.11
7.85,8.6,11.2,0.14,8.76,9.42,12.1,0.11,8.43,6.56,10.6,0.16
7.68,8.62,8.5,0.13,8.43,6.56,10.6,0.16,8.23,9.45,10.0,0.14
7.67,7.34,9.1,0.14,8.23,9.45,10.0,0.14,7.85,8.6,11.2,0.14
7.46,6.91,7.0,0.1,7.85,8.6,11.2,0.14,7.68,8.62,8.5,0.13
7.3,5.58,6.6,0.11,7.68,8.62,8.5,0.13,7.67,7.34,9.1,0.14
7.45,6.68,6.9,0.13,7.67,7.34,9.1,0.14,7.46,6.91,7.0,0.1
7.59,9.01,6.3,0.11,7.46,6.91,7.0,0.1,7.3,5.58,6.6,0.11
7.54,7.13,5.8,0.17,7.3,5.58,6.6,0.11,7.45,6.68,6.9,0.13
7.68,9.93,5.9,0.18,7.45,6.68,6.9,0.13,7.59,9.01,6.3,0.11
7.61,10.7,6.0,0.17,7.59,9.01,6.3,0.11,7.54,7.13,5.8,0.17
7.59,8.16,5.9,0.18,7.54,7.13,5.8,0.17,7.68,9.93,5.9,0.18
7.66,9.19,5.9,0.2,7.68,9.93,5.9,0.18,7.61,10.7,6.0,0.17
7.66,9.66,6.1,0.19,7.61,10.7,6.0,0.17,7.59,8.16,5.9,0.18
7.75,7.75,5.8,0.23,7.59,8.16,5.9,0.18,7.66,9.19,5.9,0.2
7.79,8.37,4.8,0.39,7.66,9.19,5.9,0.2,7.66,9.66,6.1,0.19
7.74,10.2,4.7,0.12,7.66,9.66,6.1,0.19,7.75,7.75,5.8,0.23
7.88,9.25,4.8,0.16,7.75,7.75,5.8,0.23,7.79,8.37,4.8,0.39
7.87,8.39,4.0,0.26,7.79,8.37,4.8,0.39,7.74,10.2,4.7,0.12
8.1,12.0,4.4,0.19,7.74,10.2,4.7,0.12,7.88,9.25,4.8,0.16
8.2618975069252,6.162271468144047,9.295423023578362,0.8162256267409469,7.88,9.25,4.8,0.16,7.87,8.39,4.0,0.26
7.66,8.36,3.4,0.26,7.87,8.39,4.0,0.26,8.1,12.0,4.4,0.19
7.66,8.24,3.5,0.26,8.1,12.0,4.4,0.19,8.2618975069252,6.162271468144047,9.295423023578362,0.8162256267409469
7.61,8.35,3.2,0.28,8.2618975069252,6.162271468144047,9.295423023578362,0.8162256267409469,7.66,8.36,3.4,0.26
7.65,9.05,3.7,0.23,7.66,8.36,3.4,0.26,7.66,8.24,3.5,0.26
7.56,9.79,4.2,0.19,7.66,8.24,3.5,0.26,7.61,8.35,3.2,0.28
7.43,8.33,10.2,0.19,7.61,8.35,3.2,0.28,7.65,9.05,3.7,0.23
7.35,7.21,12.3,0.26,7.65,9.05,3.7,0.23,7.56,9.79,4.2,0.19
7.62,8.38,3.9,0.24,7.56,9.79,4.2,0.19,7.43,8.33,10.2,0.19
7.56,8.96,4.3,0.18,7.43,8.33,10.2,0.19,7.35,7.21,12.3,0.26
7.54,8.54,4.6,0.2,7.35,7.21,12.3,0.26,7.62,8.38,3.9,0.24
7.57,8.56,4.8,0.11,7.62,8.38,3.9,0.24,7.56,8.96,4.3,0.18
7.63,9.38,5.3,0.07,7.56,8.96,4.3,0.18,7.54,8.54,4.6,0.2
7.57,9.89,5.6,0.06,7.54,8.54,4.6,0.2,7.57,8.56,4.8,0.11
7.67,11.1,5.1,0.04,7.57,8.56,4.8,0.11,7.63,9.38,5.3,0.07
8.2618975069252,6.162271468144047,9.295423023578362,0.8162256267409469,7.63,9.38,5.3,0.07,7.57,9.89,5.6,0.06
7.64,9.31,4.7,0.06,7.57,9.89,5.6,0.06,7.67,11.1,5.1,0.04
7.65,9.36,4.7,0.03,7.67,11.1,5.1,0.04,8.2618975069252,6.162271468144047,9.295423023578362,0.8162256267409469
7.41,7.79,4.1,0.08,8.2618975069252,6.162271468144047,9.295423023578362,0.8162256267409469,7.64,9.31,4.7,0.06
7.69,9.85,4.2,0.04,7.64,9.31,4.7,0.06,7.65,9.36,4.7,0.03
8.29,10.8,4.6,0.05,7.65,9.36,4.7,0.03,7.41,7.79,4.1,0.08
8.96,11.5,6.6,0.07,7.41,7.79,4.1,0.08,7.69,9.85,4.2,0.04
8.2618975069252,6.162271468144047,9.295423023578362,0.8162256267409469,7.69,9.85,4.2,0.04,8.29,10.8,4.6,0.05
8.65,8.13,7.1,0.12,8.29,10.8,4.6,0.05,8.96,11.5,6.6,0.07
8.74,7.64,8.1,0.12,8.96,11.5,6.6,0.07,8.2618975069252,6.162271468144047,9.295423023578362,0.8162256267409469
8.2618975069252,6.162271468144047,9.295423023578362,0.8162256267409469,8.2618975069252,6.162271468144047,9.295423023578362,0.8162256267409469,8.65,8.13,7.1,0.12
8.38,6.43,9.1,0.14,8.65,8.13,7.1,0.12,8.74,7.64,8.1,0.12
8.07,4.93,7.9,0.19,8.74,7.64,8.1,0.12,8.2618975069252,6.162271468144047,9.295423023578362,0.8162256267409469
7.61,2.8,7.8,0.49,8.2618975069252,6.162271468144047,9.295423023578362,0.8162256267409469,8.38,6.43,9.1,0.14
8.2618975069252,6.162271468144047,9.295423023578362,0.8162256267409469,8.38,6.43,9.1,0.14,8.07,4.93,7.9,0.19
7.55,3.44,7.7,0.91,8.07,4.93,7.9,0.19,7.61,2.8,7.8,0.49
7.52,3.84,8.3,0.72,7.61,2.8,7.8,0.49,8.2618975069252,6.162271468144047,9.295423023578362,0.8162256267409469
8.2618975069252,6.162271468144047,9.295423023578362,0.8162256267409469,8.2618975069252,6.162271468144047,9.295423023578362,0.8162256267409469,7.55,3.44,7.7,0.91
8.2618975069252,6.162271468144047,9.295423023578362,0.8162256267409469,7.55,3.44,7.7,0.91,7.52,3.84,8.3,0.72
8.2618975069252,6.162271468144047,9.295423023578362,0.8162256267409469,7.52,3.84,8.3,0.72,8.2618975069252,6.162271468144047,9.295423023578362,0.8162256267409469
8.2618975069252,6.162271468144047,9.295423023578362,0.8162256267409469,8.2618975069252,6.162271468144047,9.295423023578362,0.8162256267409469,8.2618975069252,6.162271468144047,9.295423023578362,0.8162256267409469
8.2618975069252,6.162271468144047,9.295423023578362,0.8162256267409469,8.2618975069252,6.162271468144047,9.295423023578362,0.8162256267409469,8.2618975069252,6.162271468144047,9.295423023578362,0.8162256267409469
8.2618975069252,6.162271468144047,9.295423023578362,0.8162256267409469,8.2618975069252,6.162271468144047,9.295423023578362,0.8162256267409469,8.2618975069252,6.162271468144047,9.295423023578362,0.8162256267409469
8.2618975069252,6.162271468144047,9.295423023578362,0.8162256267409469,8.2618975069252,6.162271468144047,9.295423023578362,0.8162256267409469,8.2618975069252,6.162271468144047,9.295423023578362,0.8162256267409469
8.2618975069252,6.162271468144047,9.295423023578362,0.8162256267409469,8.2618975069252,6.162271468144047,9.295423023578362,0.8162256267409469,8.2618975069252,6.162271468144047,9.295423023578362,0.8162256267409469
8.2618975069252,6.162271468144047,9.295423023578362,0.8162256267409469,8.2618975069252,6.162271468144047,9.295423023578362,0.8162256267409469,8.2618975069252,6.162271468144047,9.295423023578362,0.8162256267409469
8.2618975069252,6.162271468144047,9.295423023578362,0.8162256267409469,8.2618975069252,6.162271468144047,9.295423023578362,0.8162256267409469,8.2618975069252,6.162271468144047,9.295423023578362,0.8162256267409469
8.2618975069252,6.162271468144047,9.295423023578362,0.8162256267409469,8.2618975069252,6.162271468144047,9.295423023578362,0.8162256267409469,8.2618975069252,6.162271468144047,9.295423023578362,0.8162256267409469
7.44,5.59,6.7,0.36,8.2618975069252,6.162271468144047,9.295423023578362,0.8162256267409469,8.2618975069252,6.162271468144047,9.295423023578362,0.8162256267409469
8.2618975069252,6.162271468144047,9.295423023578362,0.8162256267409469,8.2618975069252,6.162271468144047,9.295423023578362,0.8162256267409469,8.2618975069252,6.162271468144047,9.295423023578362,0.8162256267409469
7.11,4.0,7.6,1.36,8.2618975069252,6.162271468144047,9.295423023578362,0.8162256267409469,7.44,5.59,6.7,0.36
7.95,7.56,9.4,0.42,7.44,5.59,6.7,0.36,8.2618975069252,6.162271468144047,9.295423023578362,0.8162256267409469
8.09,8.33,8.9,0.23,8.2618975069252,6.162271468144047,9.295423023578362,0.8162256267409469,7.11,4.0,7.6,1.36
8.2618975069252,6.162271468144047,9.295423023578362,0.8162256267409469,7.11,4.0,7.6,1.36,7.95,7.56,9.4,0.42
8.2618975069252,6.162271468144047,9.295423023578362,0.8162256267409469,7.95,7.56,9.4,0.42,8.09,8.33,8.9,0.23
7.9,6.42,6.4,0.4,8.09,8.33,8.9,0.23,8.2618975069252,6.162271468144047,9.295423023578362,0.8162256267409469
8.11,8.1,6.7,0.34,8.2618975069252,6.162271468144047,9.295423023578362,0.8162256267409469,8.2618975069252,6.162271468144047,9.295423023578362,0.8162256267409469
8.2618975069252,6.162271468144047,9.295423023578362,0.8162256267409469,8.2618975069252,6.162271468144047,9.295423023578362,0.8162256267409469,7.9,6.42,6.4,0.4
8.29,8.03,5.6,0.33,7.9,6.42,6.4,0.4,8.11,8.1,6.7,0.34
8.39,9.57,5.9,0.42,8.11,8.1,6.7,0.34,8.2618975069252,6.162271468144047,9.295423023578362,0.8162256267409469
8.2618975069252,6.162271468144047,9.295423023578362,0.8162256267409469,8.2618975069252,6.162271468144047,9.295423023578362,0.8162256267409469,8.29,8.03,5.6,0.33
8.44,7.63,5.7,0.28,8.29,8.03,5.6,0.33,8.39,9.57,5.9,0.42
8.2618975069252,6.162271468144047,9.295423023578362,0.8162256267409469,8.39,9.57,5.9,0.42,8.2618975069252,6.162271468144047,9.295423023578362,0.8162256267409469
8.2618975069252,6.162271468144047,9.295423023578362,0.8162256267409469,8.2618975069252,6.162271468144047,9.295423023578362,0.8162256267409469,8.44,7.63,5.7,0.28
8.27,7.89,5.0,0.36,8.44,7.63,5.7,0.28,8.2618975069252,6.162271468144047,9.295423023578362,0.8162256267409469
8.2618975069252,6.162271468144047,9.295423023578362,0.8162256267409469,8.2618975069252,6.162271468144047,9.295423023578362,0.8162256267409469,8.2618975069252,6.162271468144047,9.295423023578362,0.8162256267409469
8.2618975069252,6.162271468144047,9.295423023578362,0.8162256267409469,8.2618975069252,6.162271468144047,9.295423023578362,0.8162256267409469,8.27,7.89,5.0,0.36
7.94,8.1,7.1,0.37,8.27,7.89,5.0,0.36,8.2618975069252,6.162271468144047,9.295423023578362,0.8162256267409469
8.29,7.29,7.4,0.29,8.2618975069252,6.162271468144047,9.295423023578362,0.8162256267409469,8.2618975069252,6.162271468144047,9.295423023578362,0.8162256267409469
8.2618975069252,6.162271468144047,9.295423023578362,0.8162256267409469,8.2618975069252,6.162271468144047,9.295423023578362,0.8162256267409469,7.94,8.1,7.1,0.37
8.33,8.33,10.4,0.29,7.94,8.1,7.1,0.37,8.29,7.29,7.4,0.29
8.26,7.05,5.7,0.31,8.29,7.29,7.4,0.29,8.2618975069252,6.162271468144047,9.295423023578362,0.8162256267409469
8.13,6.52,6.3,0.38,8.2618975069252,6.162271468144047,9.295423023578362,0.8162256267409469,8.33,8.33,10.4,0.29
8.01,5.81,5.6,0.41,8.33,8.33,10.4,0.29,8.26,7.05,5.7,0.31
8.19,6.74,8.0,0.34,8.26,7.05,5.7,0.31,8.13,6.52,6.3,0.38
8.23,6.86,11.3,0.42,8.13,6.52,6.3,0.38,8.01,5.81,5.6,0.41
8.35,6.26,11.8,0.37,8.01,5.81,5.6,0.41,8.19,6.74,8.0,0.34
8.45,6.4,10.4,0.4,8.19,6.74,8.0,0.34,8.23,6.86,11.3,0.42
8.56,6.98,9.8,0.29,8.23,6.86,11.3,0.42,8.35,6.26,11.8,0.37
8.65,6.57,10.3,0.33,8.35,6.26,11.8,0.37,8.45,6.4,10.4,0.4
8.2618975069252,6.162271468144047,9.295423023578362,0.8162256267409469,8.45,6.4,10.4,0.4,8.56,6.98,9.8,0.29
8.2,5.0,10.6,0.51,8.56,6.98,9.8,0.29,8.65,6.57,10.3,0.33
8.2618975069252,6.162271468144047,9.295423023578362,0.8162256267409469,8.65,6.57,10.3,0.33,8.2618975069252,6.162271468144047,9.295423023578362,0.8162256267409469
7.59,4.0,11.0,2.74,8.2618975069252,6.162271468144047,9.295423023578362,0.8162256267409469,8.2,5.0,10.6,0.51
8.2618975069252,6.162271468144047,9.295423023578362,0.8162256267409469,8.2,5.0,10.6,0.51,8.2618975069252,6.162271468144047,9.295423023578362,0.8162256267409469
8.2618975069252,6.162271468144047,9.295423023578362,0.8162256267409469,8.2618975069252,6.162271468144047,9.295423023578362,0.8162256267409469,7.59,4.0,11.0,2.74
8.2618975069252,6.162271468144047,9.295423023578362,0.8162256267409469,7.59,4.0,11.0,2.74,8.2618975069252,6.162271468144047,9.295423023578362,0.8162256267409469
8.2618975069252,6.162271468144047,9.295423023578362,0.8162256267409469,8.2618975069252,6.162271468144047,9.295423023578362,0.8162256267409469,8.2618975069252,6.162271468144047,9.295423023578362,0.8162256267409469
8.2618975069252,6.162271468144047,9.295423023578362,0.8162256267409469,8.2618975069252,6.162271468144047,9.295423023578362,0.8162256267409469,8.2618975069252,6.162271468144047,9.295423023578362,0.8162256267409469
8.2618975069252,6.162271468144047,9.295423023578362,0.8162256267409469,8.2618975069252,6.162271468144047,9.295423023578362,0.8162256267409469,8.2618975069252,6.162271468144047,9.295423023578362,0.8162256267409469
7.63,3.57,13.0,0.69,8.2618975069252,6.162271468144047,9.295423023578362,0.8162256267409469,8.2618975069252,6.162271468144047,9.295423023578362,0.8162256267409469
7.61,5.06,10.7,0.57,8.2618975069252,6.162271468144047,9.295423023578362,0.8162256267409469,8.2618975069252,6.162271468144047,9.295423023578362,0.8162256267409469
8.2618975069252,6.162271468144047,9.295423023578362,0.8162256267409469,8.2618975069252,6.162271468144047,9.295423023578362,0.8162256267409469,7.63,3.57,13.0,0.69
8.2618975069252,6.162271468144047,9.295423023578362,0.8162256267409469,7.63,3.57,13.0,0.69,7.61,5.06,10.7,0.57
8.2618975069252,6.162271468144047,9.295423023578362,0.8162256267409469,7.61,5.06,10.7,0.57,8.2618975069252,6.162271468144047,9.295423023578362,0.8162256267409469
8.38,6.22,9.4,0.32,8.2618975069252,6.162271468144047,9.295423023578362,0.8162256267409469,8.2618975069252,6.162271468144047,9.295423023578362,0.8162256267409469
8.2618975069252,6.162271468144047,9.295423023578362,0.8162256267409469,8.2618975069252,6.162271468144047,9.295423023578362,0.8162256267409469,8.2618975069252,6.162271468144047,9.295423023578362,0.8162256267409469
8.43,7.07,8.3,0.37,8.2618975069252,6.162271468144047,9.295423023578362,0.8162256267409469,8.38,6.22,9.4,0.32
8.2618975069252,6.162271468144047,9.295423023578362,0.8162256267409469,8.38,6.22,9.4,0.32,8.2618975069252,6.162271468144047,9.295423023578362,0.8162256267409469
8.2618975069252,6.162271468144047,9.295423023578362,0.8162256267409469,8.2618975069252,6.162271468144047,9.295423023578362,0.8162256267409469,8.43,7.07,8.3,0.37
8.2618975069252,6.162271468144047,9.295423023578362,0.8162256267409469,8.43,7.07,8.3,0.37,8.2618975069252,6.162271468144047,9.295423023578362,0.8162256267409469
8.2618975069252,6.162271468144047,9.295423023578362,0.8162256267409469,8.2618975069252,6.162271468144047,9.295423023578362,0.8162256267409469,8.2618975069252,6.162271468144047,9.295423023578362,0.8162256267409469
8.2618975069252,6.162271468144047,9.295423023578362,0.8162256267409469,8.2618975069252,6.162271468144047,9.295423023578362,0.8162256267409469,8.2618975069252,6.162271468144047,9.295423023578362,0.8162256267409469
8.45,8.52,3.6,0.46,8.2618975069252,6.162271468144047,9.295423023578362,0.8162256267409469,8.2618975069252,6.162271468144047,9.295423023578362,0.8162256267409469
8.42,8.51,2.9,0.53,8.2618975069252,6.162271468144047,9.295423023578362,0.8162256267409469,8.2618975069252,6.162271468144047,9.295423023578362,0.8162256267409469
8.41,8.52,3.3,0.53,8.2618975069252,6.162271468144047,9.295423023578362,0.8162256267409469,8.45,8.52,3.6,0.46
8.2618975069252,6.162271468144047,9.295423023578362,0.8162256267409469,8.45,8.52,3.6,0.46,8.42,8.51,2.9,0.53
8.2618975069252,6.162271468144047,9.295423023578362,0.8162256267409469,8.42,8.51,2.9,0.53,8.41,8.52,3.3,0.53
8.2618975069252,6.162271468144047,9.295423023578362,0.8162256267409469,8.41,8.52,3.3,0.53,8.2618975069252,6.162271468144047,9.295423023578362,0.8162256267409469
8.2618975069252,6.162271468144047,9.295423023578362,0.8162256267409469,8.2618975069252,6.162271468144047,9.295423023578362,0.8162256267409469,8.2618975069252,6.162271468144047,9.295423023578362,0.8162256267409469
8.36,9.89,5.6,0.25,8.2618975069252,6.162271468144047,9.295423023578362,0.8162256267409469,8.2618975069252,6.162271468144047,9.295423023578362,0.8162256267409469
8.56,10.0,5.2,0.24,8.2618975069252,6.162271468144047,9.295423023578362,0.8162256267409469,8.2618975069252,6.162271468144047,9.295423023578362,0.8162256267409469
