6.97,5.18,3.3,0.25,7.05,5.51,3.6,0.37,7.07,5.23,3.4,0.34
7.02,4.33,3.5,0.33,7.07,5.23,3.4,0.34,7.373467406380018,8.648763888888887,4.910277777777777,0.565866851595007
6.96,4.07,3.9,0.34,7.373467406380018,8.648763888888887,4.910277777777777,0.565866851595007,6.97,5.18,3.3,0.25
7.6,5.38,3.9,0.32,6.97,5.18,3.3,0.25,7.02,4.33,3.5,0.33
7.66,5.21,3.6,0.28,7.02,4.33,3.5,0.33,6.96,4.07,3.9,0.34
7.58,5.43,2.9,0.17,6.96,4.07,3.9,0.34,7.6,5.38,3.9,0.32
7.58,4.54,3.1,0.31,7.6,5.38,3.9,0.32,7.66,5.21,3.6,0.28
7.57,4.53,2.9,0.32,7.66,5.21,3.6,0.28,7.58,5.43,2.9,0.17
7.54,8.18,3.1,0.39,7.58,5.43,2.9,0.17,7.58,4.54,3.1,0.31
7.49,5.44,2.4,0.29,7.58,4.54,3.1,0.31,7.57,4.53,2.9,0.32
7.54,4.92,2.2,0.37,7.57,4.53,2.9,0.32,7.54,8.18,3.1,0.39
7.52,6.53,2.6,0.38,7.54,8.18,3.1,0.39,7.49,5.44,2.4,0.29
7.5,6.38,2.4,0.46,7.49,5.44,2.4,0.29,7.54,4.92,2.2,0.37
7.34,6.07,6.4,0.39,7.54,4.92,2.2,0.37,7.52,6.53,2.6,0.38
7.28,5.69,5.4,0.36,7.52,6.53,2.6,0.38,7.5,6.38,2.4,0.46
7.2,5.3,4.5,0.32,7.5,6.38,2.4,0.46,7.34,6.07,6.4,0.39
7.13,5.65,4.4,0.44,7.34,6.07,6.4,0.39,7.28,5.69,5.4,0.36
7.16,5.43,3.0,0.26,7.28,5.69,5.4,0.36,7.2,5.3,4.5,0.32
6.99,6.64,4.5,0.29,7.2,5.3,4.5,0.32,7.13,5.65,4.4,0.44
6.91,6.38,7.7,0.32,7.13,5.65,4.4,0.44,7.16,5.43,3.0,0.26
7.06,6.21,6.5,0.34,7.16,5.43,3.0,0.26,6.99,6.64,4.5,0.29
6.96,5.53,5.1,0.36,6.99,6.64,4.5,0.29,6.91,6.38,7.7,0.32
6.92,8.16,6.3,0.45,6.91,6.38,7.7,0.32,7.06,6.21,6.5,0.34
7.14,6.49,2.8,0.36,7.06,6.21,6.5,0.34,6.96,5.53,5.1,0.36
7.373467406380018,8.648763888888887,4.910277777777777,0.565866851595007,6.96,5.53,5.1,0.36,6.92,8.16,6.3,0.45
7.373467406380018,8.648763888888887,4.910277777777777,0.565866851595007,6.92,8.16,6.3,0.45,7.14,6.49,2.8,0.36
7.373467406380018,8.648763888888887,4.910277777777777,0.565866851595007,7.14,6.49,2.8,0.36,7.373467406380018,8.648763888888887,4.910277777777777,0.565866851595007
7.19,3.47,2.5,0.33,7.373467406380018,8.648763888888887,4.910277777777777,0.565866851595007,7.373467406380018,8.648763888888887,4.910277777777777,0.565866851595007
7.14,3.39,3.3,0.08,7.373467406380018,8.648763888888887,4.910277777777777,0.565866851595007,7.373467406380018,8.648763888888887,4.910277777777777,0.565866851595007
7.08,3.51,3.5,0.09,7.373467406380018,8.648763888888887,4.910277777777777,0.565866851595007,7.19,3.47,2.5,0.33
7.02,3.51,3.4,0.23,7.19,3.47,2.5,0.33,7.14,3.39,3.3,0.08
6.96,3.21,5.5,0.33,7.14,3.39,3.3,0.08,7.08,3.51,3.5,0.09
6.9,3.47,3.2,0.4,7.08,3.51,3.5,0.09,7.02,3.51,3.4,0.23
6.92,3.48,3.8,0.6,7.02,3.51,3.4,0.23,6.96,3.21,5.5,0.33
6.87,3.62,3.8,0.48,6.96,3.21,5.5,0.33,6.9,3.47,3.2,0.4
7.373467406380018,8.648763888888887,4.910277777777777,0.565866851595007,6.9,3.47,3.2,0.4,6.92,3.48,3.8,0.6
6.97,4.01,4.3,0.44,6.92,3.48,3.8,0.6,6.87,3.62,3.8,0.48
7.0,4.24,3.8,0.4,6.87,3.62,3.8,0.48,7.373467406380018,8.648763888888887,4.910277777777777,0.565866851595007
6.91,5.24,3.7,0.19,7.373467406380018,8.648763888888887,4.910277777777777,0.565866851595007,6.97,4.01,4.3,0.44
7.4,3.25,3.2,0.57,6.97,4.01,4.3,0.44,7.0,4.24,3.8,0.4
7.44,3.33,4.5,0.69,7.0,4.24,3.8,0.4,6.91,5.24,3.7,0.19
7.42,3.5,4.1,0.7,6.91,5.24,3.7,0.19,7.4,3.25,3.2,0.57
7.42,3.52,3.2,0.7,7.4,3.25,3.2,0.57,7.44,3.33,4.5,0.69
7.37,3.48,4.3,0.71,7.44,3.33,4.5,0.69,7.42,3.5,4.1,0.7
7.37,3.56,4.3,0.36,7.42,3.5,4.1,0.7,7.42,3.52,3.2,0.7
7.32,3.42,4.3,0.33,7.42,3.52,3.2,0.7,7.37,3.48,4.3,0.71
7.36,4.33,4.2,0.27,7.37,3.48,4.3,0.71,7.37,3.56,4.3,0.36
7.33,4.33,4.4,0.28,7.37,3.56,4.3,0.36,7.32,3.42,4.3,0.33
7.42,4.3,2.8,0.25,7.32,3.42,4.3,0.33,7.36,4.33,4.2,0.27
7.38,2.33,2.0,0.28,7.36,4.33,4.2,0.27,7.33,4.33,4.4,0.28
7.43,2.41,1.1,0.25,7.33,4.33,4.4,0.28,7.42,4.3,2.8,0.25
7.23,1.85,1.1,0.31,7.42,4.3,2.8,0.25,7.38,2.33,2.0,0.28
7.29,1.8,1.1,0.2,7.38,2.33,2.0,0.28,7.43,2.41,1.1,0.25
7.04,2.94,1.1,0.3,7.43,2.41,1.1,0.25,7.23,1.85,1.1,0.31
7.13,3.27,1.0,0.28,7.23,1.85,1.1,0.31,7.29,1.8,1.1,0.2
7.373467406380018,8.648763888888887,4.910277777777777,0.565866851595007,7.29,1.8,1.1,0.2,7.04,2.94,1.1,0.3
7.33,3.71,1.1,0.22,7.04,2.94,1.1,0.3,7.13,3.27,1.0,0.28
7.44,3.92,1.3,0.25,7.13,3.27,1.0,0.28,7.373467406380018,8.648763888888887,4.910277777777777,0.565866851595007
7.4,4.21,1.3,0.33,7.373467406380018,8.648763888888887,4.910277777777777,0.565866851595007,7.33,3.71,1.1,0.22
7.35,2.92,1.2,0.31,7.33,3.71,1.1,0.22,7.44,3.92,1.3,0.25
7.41,3.46,3.7,0.31,7.44,3.92,1.3,0.25,7.4,4.21,1.3,0.33
7.31,4.6,2.5,0.3,7.4,4.21,1.3,0.33,7.35,2.92,1.2,0.31
7.29,3.84,1.9,0.3,7.35,2.92,1.2,0.31,7.41,3.46,3.7,0.31
7.25,3.1,1.5,0.43,7.41,3.46,3.7,0.31,7.31,4.6,2.5,0.3
7.35,3.07,1.3,0.37,7.31,4.6,2.5,0.3,7.29,3.84,1.9,0.3
7.26,2.97,1.4,0.43,7.29,3.84,1.9,0.3,7.25,3.1,1.5,0.43
7.17,3.09,1.5,0.46,7.25,3.1,1.5,0.43,7.35,3.07,1.3,0.37
7.31,3.18,1.6,0.42,7.35,3.07,1.3,0.37,7.26,2.97,1.4,0.43
7.0,3.63,2.9,0.76,7.26,2.97,1.4,0.43,7.17,3.09,1.5,0.46
7.17,3.81,3.0,0.62,7.17,3.09,1.5,0.46,7.31,3.18,1.6,0.42
7.18,5.01,3.6,0.54,7.31,3.18,1.6,0.42,7.0,3.63,2.9,0.76
7.17,5.02,3.6,0.52,7.0,3.63,2.9,0.76,7.17,3.81,3.0,0.62
7.07,4.17,3.4,0.66,7.17,3.81,3.0,0.62,7.18,5.01,3.6,0.54
7.04,4.12,3.3,0.57,7.18,5.01,3.6,0.54,7.17,5.02,3.6,0.52
6.9,3.82,3.4,0.67,7.17,5.02,3.6,0.52,7.07,4.17,3.4,0.66
6.94,3.23,3.3,0.62,7.07,4.17,3.4,0.66,7.04,4.12,3.3,0.57
6.97,4.38,3.3,0.6,7.04,4.12,3.3,0.57,6.9,3.82,3.4,0.67
6.79,7.89,3.3,0.72,6.9,3.82,3.4,0.67,6.94,3.23,3.3,0.62
6.77,7.97,3.5,0.7,6.94,3.23,3.3,0.62,6.97,4.38,3.3,0.6
6.79,8.22,3.4,0.76,6.97,4.38,3.3,0.6,6.79,7.89,3.3,0.72
6.75,8.58,3.7,0.79,6.79,7.89,3.3,0.72,6.77,7.97,3.5,0.7
6.72,3.49,4.4,1.0,6.77,7.97,3.5,0.7,6.79,8.22,3.4,0.76
6.92,4.64,3.5,0.63,6.79,8.22,3.4,0.76,6.75,8.58,3.7,0.79
6.89,3.71,3.9,0.45,6.75,8.58,3.7,0.79,6.72,3.49,4.4,1.0
6.96,4.41,3.4,0.38,6.72,3.49,4.4,1.0,6.92,4.64,3.5,0.63
7.01,2.79,4.7,0.4,6.92,4.64,3.5,0.63,6.89,3.71,3.9,0.45
7.13,2.75,4.8,0.26,6.89,3.71,3.9,0.45,6.96,4.41,3.4,0.38
7.21,3.09,4.4,0.29,6.96,4.41,3.4,0.38,7.01,2.79,4.7,0.4
7.28,1.85,2.8,0.35,7.01,2.79,4.7,0.4,7.13,2.75,4.8,0.26
7.32,3.03,2.6,0.27,7.13,2.75,4.8,0.26,7.21,3.09,4.4,0.29
7.32,2.93,2.8,0.35,7.21,3.09,4.4,0.29,7.28,1.85,2.8,0.35
7.28,3.0,1.8,0.29,7.28,1.85,2.8,0.35,7.32,3.03,2.6,0.27
7.37,2.98,2.0,0.25,7.32,3.03,2.6,0.27,7.32,2.93,2.8,0.35
7.43,2.61,2.9,0.22,7.32,2.93,2.8,0.35,7.28,3.0,1.8,0.29
7.46,2.65,3.0,0.23,7.28,3.0,1.8,0.29,7.37,2.98,2.0,0.25
7.42,2.84,2.9,0.3,7.37,2.98,2.0,0.25,7.43,2.61,2.9,0.22
7.49,2.98,2.3,0.31,7.43,2.61,2.9,0.22,7.46,2.65,3.0,0.23
7.45,2.56,1.7,0.35,7.46,2.65,3.0,0.23,7.42,2.84,2.9,0.3
7.41,2.2,2.2,0.29,7.42,2.84,2.9,0.3,7.49,2.98,2.3,0.31
7.37,2.6,2.3,0.24,7.49,2.98,2.3,0.31,7.45,2.56,1.7,0.35
7.42,10.8,2.9,0.18,7.45,2.56,1.7,0.35,7.41,2.2,2.2,0.29
7.56,10.1,3.8,1.56,7.41,2.2,2.2,0.29,7.37,2.6,2.3,0.24
6.74,8.47,3.1,1.67,7.37,2.6,2.3,0.24,7.42,10.8,2.9,0.18
5.23,11.2,3.7,1.99,7.42,10.8,2.9,0.18,7.56,10.1,3.8,1.56
6.99,6.32,2.8,2.53,7.56,10.1,3.8,1.56,6.74,8.47,3.1,1.67
6.9,6.39,2.6,4.08,6.74,8.47,3.1,1.67,5.23,11.2,3.7,1.99
7.08,5.89,2.2,5.24,5.23,11.2,3.7,1.99,6.99,6.32,2.8,2.53
7.28,6.65,2.6,6.0,6.99,6.32,2.8,2.53,6.9,6.39,2.6,4.08
7.14,7.44,2.0,3.22,6.9,6.39,2.6,4.08,7.08,5.89,2.2,5.24
7.04,7.39,1.8,2.31,7.08,5.89,2.2,5.24,7.28,6.65,2.6,6.0
7.03,7.01,2.8,3.51,7.28,6.65,2.6,6.0,7.14,7.44,2.0,3.22
7.41,8.44,2.9,3.11,7.14,7.44,2.0,3.22,7.04,7.39,1.8,2.31
7.31,11.4,2.6,0.81,7.04,7.39,1.8,2.31,7.03,7.01,2.8,3.51
7.66,10.9,2.5,2.23,7.03,7.01,2.8,3.51,7.41,8.44,2.9,3.11
7.62,11.6,2.9,2.24,7.41,8.44,2.9,3.11,7.31,11.4,2.6,0.81
7.82,12.3,2.3,2.7,7.31,11.4,2.6,0.81,7.66,10.9,2.5,2.23
8.01,12.2,2.3,1.39,7.66,10.9,2.5,2.23,7.62,11.6,2.9,2.24
8.08,12.2,3.3,0.68,7.62,11.6,2.9,2.24,7.82,12.3,2.3,2.7
7.373467406380018,8.648763888888887,4.910277777777777,0.565866851595007,7.82,12.3,2.3,2.7,8.01,12.2,2.3,1.39
7.61,6.68,5.1,0.43,8.01,12.2,2.3,1.39,8.08,12.2,3.3,0.68
7.36,7.43,4.2,0.56,8.08,12.2,3.3,0.68,7.373467406380018,8.648763888888887,4.910277777777777,0.565866851595007
7.09,9.26,8.5,0.62,7.373467406380018,8.648763888888887,4.910277777777777,0.565866851595007,7.61,6.68,5.1,0.43
8.51,8.99,4.3,0.85,7.61,6.68,5.1,0.43,7.36,7.43,4.2,0.56
7.3,7.54,4.0,1.02,7.36,7.43,4.2,0.56,7.09,9.26,8.5,0.62
7.43,7.04,4.4,0.62,7.09,9.26,8.5,0.62,8.51,8.99,4.3,0.85
8.0,6.42,4.2,0.69,8.51,8.99,4.3,0.85,7.3,7.54,4.0,1.02
6.94,5.46,3.5,0.83,7.3,7.54,4.0,1.02,7.43,7.04,4.4,0.62
6.91,7.4,6.6,1.47,7.43,7.04,4.4,0.62,8.0,6.42,4.2,0.69
6.68,7.47,5.9,0.81,8.0,6.42,4.2,0.69,6.94,5.46,3.5,0.83
6.65,7.7,7.6,0.87,6.94,5.46,3.5,0.83,6.91,7.4,6.6,1.47
6.5,7.58,6.5,1.59,6.91,7.4,6.6,1.47,6.68,7.47,5.9,0.81
6.56,7.67,8.4,1.35,6.68,7.47,5.9,0.81,6.65,7.7,7.6,0.87
7.29,6.92,7.2,0.7,6.65,7.7,7.6,0.87,6.5,7.58,6.5,1.59
6.77,6.67,6.8,0.68,6.5,7.58,6.5,1.59,6.56,7.67,8.4,1.35
6.54,6.99,6.5,0.6,6.56,7.67,8.4,1.35,7.29,6.92,7.2,0.7
6.66,7.35,6.8,0.73,7.29,6.92,7.2,0.7,6.77,6.67,6.8,0.68
6.91,7.72,6.1,0.68,6.77,6.67,6.8,0.68,6.54,6.99,6.5,0.6
7.06,8.74,5.5,0.84,6.54,6.99,6.5,0.6,6.66,7.35,6.8,0.73
7.1,9.15,5.7,0.85,6.66,7.35,6.8,0.73,6.91,7.72,6.1,0.68
7.12,8.99,6.4,0.8,6.91,7.72,6.1,0.68,7.06,8.74,5.5,0.84
7.22,8.57,5.0,0.8,7.06,8.74,5.5,0.84,7.1,9.15,5.7,0.85
7.32,9.36,4.0,0.88,7.1,9.15,5.7,0.85,7.12,8.99,6.4,0.8
7.36,10.5,5.5,0.95,7.12,8.99,6.4,0.8,7.22,8.57,5.0,0.8
7.18,11.1,6.3,0.91,7.22,8.57,5.0,0.8,7.32,9.36,4.0,0.88
6.64,10.7,3.7,1.21,7.32,9.36,4.0,0.88,7.36,10.5,5.5,0.95
6.37,11.2,4.3,1.12,7.36,10.5,5.5,0.95,7.18,11.1,6.3,0.91
7.43,10.2,3.3,1.13,7.18,11.1,6.3,0.91,6.64,10.7,3.7,1.21
7.36,9.5,3.7,0.86,6.64,10.7,3.7,1.21,6.37,11.2,4.3,1.12
7.15,9.31,2.6,1.03,6.37,11.2,4.3,1.12,7.43,10.2,3.3,1.13
7.43,8.74,3.0,1.03,7.43,10.2,3.3,1.13,7.36,9.5,3.7,0.86
7.25,8.52,4.6,1.29,7.36,9.5,3.7,0.86,7.15,9.31,2.6,1.03
7.73,8.73,6.3,1.19,7.15,9.31,2.6,1.03,7.43,8.74,3.0,1.03
7.68,10.8,5.9,1.26,7.43,8.74,3.0,1.03,7.25,8.52,4.6,1.29
7.373467406380018,8.648763888888887,4.910277777777777,0.565866851595007,7.25,8.52,4.6,1.29,7.73,8.73,6.3,1.19
7.58,9.63,5.5,0.85,7.73,8.73,6.3,1.19,7.68,10.8,5.9,1.26
7.6,9.03,5.7,0.75,7.68,10.8,5.9,1.26,7.373467406380018,8.648763888888887,4.910277777777777,0.565866851595007
7.58,9.64,6.0,0.65,7.373467406380018,8.648763888888887,4.910277777777777,0.565866851595007,7.58,9.63,5.5,0.85
7.61,9.65,5.5,0.9,7.58,9.63,5.5,0.85,7.6,9.03,5.7,0.75
7.39,9.01,6.0,0.97,7.6,9.03,5.7,0.75,7.58,9.64,6.0,0.65
7.53,10.2,6.7,1.23,7.58,9.64,6.0,0.65,7.61,9.65,5.5,0.9
7.53,8.93,6.9,0.93,7.61,9.65,5.5,0.9,7.39,9.01,6.0,0.97
7.35,9.67,7.1,0.9,7.39,9.01,6.0,0.97,7.53,10.2,6.7,1.23
7.48,9.02,6.5,0.91,7.53,10.2,6.7,1.23,7.53,8.93,6.9,0.93
7.26,8.09,6.5,0.9,7.53,8.93,6.9,0.93,7.35,9.67,7.1,0.9
7.48,10.2,7.3,0.99,7.35,9.67,7.1,0.9,7.48,9.02,6.5,0.91
7.28,9.65,8.3,1.07,7.48,9.02,6.5,0.91,7.26,8.09,6.5,0.9
7.34,10.2,7.3,1.18,7.26,8.09,6.5,0.9,7.48,10.2,7.3,0.99
7.38,10.0,6.6,0.93,7.48,10.2,7.3,0.99,7.28,9.65,8.3,1.07
7.32,10.1,5.9,0.49,7.28,9.65,8.3,1.07,7.34,10.2,7.3,1.18
7.42,19.4,4.0,0.74,7.34,10.2,7.3,1.18,7.38,10.0,6.6,0.93
7.42,8.648763888888887,3.8,0.63,7.38,10.0,6.6,0.93,7.32,10.1,5.9,0.49
7.41,18.6,6.5,0.82,7.32,10.1,5.9,0.49,7.42,19.4,4.0,0.74
7.41,18.8,6.8,0.87,7.42,19.4,4.0,0.74,7.42,8.648763888888887,3.8,0.63
7.84,19.3,7.7,0.59,7.42,8.648763888888887,3.8,0.63,7.41,18.6,6.5,0.82
7.7,17.6,6.4,0.38,7.41,18.6,6.5,0.82,7.41,18.8,6.8,0.87
7.68,14.9,5.3,0.43,7.41,18.8,6.8,0.87,7.84,19.3,7.7,0.59
7.44,16.7,5.6,0.73,7.84,19.3,7.7,0.59,7.7,17.6,6.4,0.38
6.92,15.3,4.8,0.72,7.7,17.6,6.4,0.38,7.68,14.9,5.3,0.43
7.55,14.7,3.1,0.62,7.68,14.9,5.3,0.43,7.44,16.7,5.6,0.73
7.62,13.6,6.4,0.63,7.44,16.7,5.6,0.73,6.92,15.3,4.8,0.72
7.74,14.4,5.4,0.81,6.92,15.3,4.8,0.72,7.55,14.7,3.1,0.62
7.7,14.0,7.0,0.62,7.55,14.7,3.1,0.62,7.62,13.6,6.4,0.63
7.47,10.7,4.2,0.47,7.62,13.6,6.4,0.63,7.74,14.4,5.4,0.81
7.35,12.9,3.9,0.43,7.74,14.4,5.4,0.81,7.7,14.0,7.0,0.62
7.29,7.33,3.9,0.47,7.7,14.0,7.0,0.62,7.47,10.7,4.2,0.47
7.86,6.91,2.3,0.58,7.47,10.7,4.2,0.47,7.35,12.9,3.9,0.43
7.74,8.67,3.9,0.42,7.35,12.9,3.9,0.43,7.29,7.33,3.9,0.47
7.19,9.06,3.3,0.22,7.29,7.33,3.9,0.47,7.86,6.91,2.3,0.58
7.31,11.8,4.4,0.33,7.86,6.91,2.3,0.58,7.74,8.67,3.9,0.42
9.0,12.7,6.8,0.5,7.74,8.67,3.9,0.42,7.19,9.06,3.3,0.22
8.84,10.4,6.2,0.5,7.19,9.06,3.3,0.22,7.31,11.8,4.4,0.33
7.83,5.57,4.9,0.25,7.31,11.8,4.4,0.33,9.0,12.7,6.8,0.5
7.76,5.14,5.1,0.21,9.0,12.7,6.8,0.5,8.84,10.4,6.2,0.5
6.9,5.22,5.0,0.13,8.84,10.4,6.2,0.5,7.83,5.57,4.9,0.25
6.83,5.46,6.0,0.08,7.83,5.57,4.9,0.25,7.76,5.14,5.1,0.21
7.0,6.64,6.1,0.18,7.76,5.14,5.1,0.21,6.9,5.22,5.0,0.13
8.6,12.2,6.3,0.22,6.9,5.22,5.0,0.13,6.83,5.46,6.0,0.08
8.41,13.3,3.5,0.19,6.83,5.46,6.0,0.08,7.0,6.64,6.1,0.18
8.5,12.2,2.8,0.17,7.0,6.64,6.1,0.18,8.6,12.2,6.3,0.22
7.52,12.3,2.8,0.11,8.6,12.2,6.3,0.22,8.41,13.3,3.5,0.19
8.07,11.7,4.0,0.47,8.41,13.3,3.5,0.19,8.5,12.2,2.8,0.17
8.06,9.65,2.7,0.54,8.5,12.2,2.8,0.17,7.52,12.3,2.8,0.11
7.71,9.37,3.4,0.63,7.52,12.3,2.8,0.11,8.07,11.7,4.0,0.47
7.77,10.7,2.5,0.77,8.07,11.7,4.0,0.47,8.06,9.65,2.7,0.54
7.77,8.85,4.3,0.79,8.06,9.65,2.7,0.54,7.71,9.37,3.4,0.63
7.85,17.9,2.3,2.78,7.71,9.37,3.4,0.63,7.77,10.7,2.5,0.77
7.72,11.3,4.1,1.68,7.77,10.7,2.5,0.77,7.77,8.85,4.3,0.79
7.86,11.3,2.5,1.46,7.77,8.85,4.3,0.79,7.85,17.9,2.3,2.78
7.57,12.8,3.5,1.42,7.85,17.9,2.3,2.78,7.72,11.3,4.1,1.68
7.86,10.6,3.0,1.41,7.72,11.3,4.1,1.68,7.86,11.3,2.5,1.46
7.54,11.2,3.4,1.93,7.86,11.3,2.5,1.46,7.57,12.8,3.5,1.42
7.373467406380018,8.648763888888887,4.910277777777777,0.565866851595007,7.57,12.8,3.5,1.42,7.86,10.6,3.0,1.41
7.39,11.0,3.2,1.66,7.86,10.6,3.0,1.41,7.54,11.2,3.4,1.93
7.6,11.0,2.8,1.86,7.54,11.2,3.4,1.93,7.373467406380018,8.648763888888887,4.910277777777777,0.565866851595007
7.33,11.0,3.2,2.25,7.373467406380018,8.648763888888887,4.910277777777777,0.565866851595007,7.39,11.0,3.2,1.66
7.51,10.6,3.5,2.39,7.39,11.0,3.2,1.66,7.6,11.0,2.8,1.86
7.27,11.0,3.8,1.39,7.6,11.0,2.8,1.86,7.33,11.0,3.2,2.25
7.14,10.7,3.7,0.57,7.33,11.0,3.2,2.25,7.51,10.6,3.5,2.39
7.39,9.22,3.7,1.16,7.51,10.6,3.5,2.39,7.27,11.0,3.8,1.39
7.26,8.85,3.2,0.53,7.27,11.0,3.8,1.39,7.14,10.7,3.7,0.57
7.39,10.4,3.4,0.35,7.14,10.7,3.7,0.57,7.39,9.22,3.7,1.16
7.32,9.9,3.3,0.37,7.39,9.22,3.7,1.16,7.26,8.85,3.2,0.53
7.32,9.98,4.0,0.7,7.26,8.85,3.2,0.53,7.39,10.4,3.4,0.35
7.35,9.78,4.0,0.34,7.39,10.4,3.4,0.35,7.32,9.9,3.3,0.37
7.44,9.73,6.3,0.5,7.32,9.9,3.3,0.37,7.32,9.98,4.0,0.7
7.2,9.03,7.9,0.54,7.32,9.98,4.0,0.7,7.35,9.78,4.0,0.34
7.18,10.1,8.1,0.62,7.35,9.78,4.0,0.34,7.44,9.73,6.3,0.5
6.63,10.2,7.0,0.35,7.44,9.73,6.3,0.5,7.2,9.03,7.9,0.54
7.66,9.9,7.4,0.65,7.2,9.03,7.9,0.54,7.18,10.1,8.1,0.62
6.98,10.8,7.8,0.89,7.18,10.1,8.1,0.62,6.63,10.2,7.0,0.35
7.25,9.15,7.2,0.81,6.63,10.2,7.0,0.35,7.66,9.9,7.4,0.65
8.2,9.4,12.3,0.55,7.66,9.9,7.4,0.65,6.98,10.8,7.8,0.89
7.9,9.71,14.8,0.96,6.98,10.8,7.8,0.89,7.25,9.15,7.2,0.81
7.86,9.64,11.1,0.67,7.25,9.15,7.2,0.81,8.2,9.4,12.3,0.55
7.02,9.1,12.3,0.83,8.2,9.4,12.3,0.55,7.9,9.71,14.8,0.96
7.7,9.06,11.3,0.87,7.9,9.71,14.8,0.96,7.86,9.64,11.1,0.67
6.82,9.41,8.5,0.16,7.86,9.64,11.1,0.67,7.02,9.1,12.3,0.83
6.63,7.99,7.1,0.38,7.02,9.1,12.3,0.83,7.7,9.06,11.3,0.87
6.37,10.2,6.1,0.64,7.7,9.06,11.3,0.87,6.82,9.41,8.5,0.16
6.62,9.76,1.8,0.31,6.82,9.41,8.5,0.16,6.63,7.99,7.1,0.38
6.58,10.7,3.7,0.2,6.63,7.99,7.1,0.38,6.37,10.2,6.1,0.64
6.97,11.0,1.5,0.17,6.37,10.2,6.1,0.64,6.62,9.76,1.8,0.31
6.85,9.69,2.2,0.58,6.62,9.76,1.8,0.31,6.58,10.7,3.7,0.2
6.47,10.0,2.4,0.53,6.58,10.7,3.7,0.2,6.97,11.0,1.5,0.17
6.72,10.3,2.5,0.19,6.97,11.0,1.5,0.17,6.85,9.69,2.2,0.58
6.93,10.5,3.4,0.33,6.85,9.69,2.2,0.58,6.47,10.0,2.4,0.53
6.8,10.8,4.1,0.47,6.47,10.0,2.4,0.53,6.72,10.3,2.5,0.19
6.41,9.95,4.2,0.62,6.72,10.3,2.5,0.19,6.93,10.5,3.4,0.33
7.41,10.9,3.4,0.43,6.93,10.5,3.4,0.33,6.8,10.8,4.1,0.47
6.79,10.3,4.5,0.79,6.8,10.8,4.1,0.47,6.41,9.95,4.2,0.62
7.03,9.82,3.7,0.56,6.41,9.95,4.2,0.62,7.41,10.9,3.4,0.43
7.09,10.0,2.6,0.72,7.41,10.9,3.4,0.43,6.79,10.3,4.5,0.79
7.28,9.57,2.2,0.59,6.79,10.3,4.5,0.79,7.03,9.82,3.7,0.56
7.31,10.6,1.8,0.76,7.03,9.82,3.7,0.56,7.09,10.0,2.6,0.72
7.32,10.5,1.8,0.6,7.09,10.0,2.6,0.72,7.28,9.57,2.2,0.59
7.48,11.2,2.6,0.73,7.28,9.57,2.2,0.59,7.31,10.6,1.8,0.76
7.26,11.4,3.3,0.63,7.31,10.6,1.8,0.76,7.32,10.5,1.8,0.6
7.38,11.9,3.4,0.71,7.32,10.5,1.8,0.6,7.48,11.2,2.6,0.73
7.2,11.0,3.4,0.67,7.48,11.2,2.6,0.73,7.26,11.4,3.3,0.63
6.91,11.3,3.6,0.8,7.26,11.4,3.3,0.63,7.38,11.9,3.4,0.71
6.57,11.8,3.4,0.84,7.38,11.9,3.4,0.71,7.2,11.0,3.4,0.67
7.14,11.7,3.3,0.73,7.2,11.0,3.4,0.67,6.91,11.3,3.6,0.8
7.29,12.1,3.7,0.78,6.91,11.3,3.6,0.8,6.57,11.8,3.4,0.84
6.92,14.5,3.5,0.82,6.57,11.8,3.4,0.84,7.14,11.7,3.3,0.73
7.08,12.3,3.7,0.77,7.14,11.7,3.3,0.73,7.29,12.1,3.7,0.78
7.59,12.1,2.5,0.85,7.29,12.1,3.7,0.78,6.92,14.5,3.5,0.82
7.55,12.6,2.4,0.81,6.92,14.5,3.5,0.82,7.08,12.3,3.7,0.77
7.77,9.26,2.5,0.83,7.08,12.3,3.7,0.77,7.59,12.1,2.5,0.85
6.87,9.99,2.5,0.7,7.59,12.1,2.5,0.85,7.55,12.6,2.4,0.81
7.16,8.7,2.0,0.94,7.55,12.6,2.4,0.81,7.77,9.26,2.5,0.83
7.71,11.6,1.6,1.0,7.77,9.26,2.5,0.83,6.87,9.99,2.5,0.7
8.76,10.4,2.5,0.48,6.87,9.99,2.5,0.7,7.16,8.7,2.0,0.94
8.52,10.4,4.910277777777777,0.44,7.16,8.7,2.0,0.94,7.71,11.6,1.6,1.0
8.71,9.74,2.6,0.42,7.71,11.6,1.6,1.0,8.76,10.4,2.5,0.48
8.76,9.85,3.8,0.5,8.76,10.4,2.5,0.48,8.52,10.4,4.910277777777777,0.44
8.77,9.79,3.7,0.54,8.52,10.4,4.910277777777777,0.44,8.71,9.74,2.6,0.42
7.76,10.0,3.4,0.69,8.71,9.74,2.6,0.42,8.76,9.85,3.8,0.5
7.85,10.7,3.6,0.73,8.76,9.85,3.8,0.5,8.77,9.79,3.7,0.54
7.38,10.3,3.0,0.72,8.77,9.79,3.7,0.54,7.76,10.0,3.4,0.69
7.67,9.47,2.5,0.79,7.76,10.0,3.4,0.69,7.85,10.7,3.6,0.73
7.54,7.22,2.4,0.67,7.85,10.7,3.6,0.73,7.38,10.3,3.0,0.72
7.38,9.56,4.1,0.62,7.38,10.3,3.0,0.72,7.67,9.47,2.5,0.79
7.98,11.3,4.4,0.33,7.67,9.47,2.5,0.79,7.54,7.22,2.4,0.67
7.81,11.4,4.5,0.38,7.54,7.22,2.4,0.67,7.38,9.56,4.1,0.62
7.2,9.06,7.2,0.33,7.38,9.56,4.1,0.62,7.98,11.3,4.4,0.33
7.01,9.93,8.3,0.36,7.98,11.3,4.4,0.33,7.81,11.4,4.5,0.38
7.05,8.94,6.6,0.48,7.81,11.4,4.5,0.38,7.2,9.06,7.2,0.33
7.0,7.39,5.1,0.37,7.2,9.06,7.2,0.33,7.01,9.93,8.3,0.36
6.98,7.53,4.3,0.43,7.01,9.93,8.3,0.36,7.05,8.94,6.6,0.48
6.69,6.85,6.0,0.54,7.05,8.94,6.6,0.48,7.0,7.39,5.1,0.37
6.96,6.26,5.6,0.38,7.0,7.39,5.1,0.37,6.98,7.53,4.3,0.43
6.64,7.53,2.4,0.33,6.98,7.53,4.3,0.43,6.69,6.85,6.0,0.54
6.95,7.23,2.8,0.34,6.69,6.85,6.0,0.54,6.96,6.26,5.6,0.38
7.05,7.36,3.2,1.0,6.96,6.26,5.6,0.38,6.64,7.53,2.4,0.33
6.91,7.59,5.5,0.34,6.64,7.53,2.4,0.33,6.95,7.23,2.8,0.34
6.91,8.23,4.1,0.41,6.95,7.23,2.8,0.34,7.05,7.36,3.2,1.0
6.92,6.53,3.7,0.41,7.05,7.36,3.2,1.0,6.91,7.59,5.5,0.34
7.25,6.11,5.2,0.6,6.91,7.59,5.5,0.34,6.91,8.23,4.1,0.41
6.97,5.97,4.8,0.54,6.91,8.23,4.1,0.41,6.92,6.53,3.7,0.41
7.17,5.33,5.0,0.52,6.92,6.53,3.7,0.41,7.25,6.11,5.2,0.6
7.34,6.0,4.7,0.46,7.25,6.11,5.2,0.6,6.97,5.97,4.8,0.54
7.24,6.53,4.0,0.41,6.97,5.97,4.8,0.54,7.17,5.33,5.0,0.52
6.76,7.79,4.0,0.84,7.17,5.33,5.0,0.52,7.34,6.0,4.7,0.46
6.83,7.62,4.3,0.53,7.34,6.0,4.7,0.46,7.24,6.53,4.0,0.41
6.89,7.99,3.9,0.7,7.24,6.53,4.0,0.41,6.76,7.79,4.0,0.84
6.93,7.85,4.3,0.52,6.76,7.79,4.0,0.84,6.83,7.62,4.3,0.53
7.01,11.1,4.2,0.5,6.83,7.62,4.3,0.53,6.89,7.99,3.9,0.7
6.64,11.0,4.6,0.49,6.89,7.99,3.9,0.7,6.93,7.85,4.3,0.52
6.69,10.5,5.5,0.38,6.93,7.85,4.3,0.52,7.01,11.1,4.2,0.5
7.373467406380018,8.648763888888887,4.910277777777777,0.565866851595007,7.01,11.1,4.2,0.5,6.64,11.0,4.6,0.49
6.7,11.1,3.8,0.54,6.64,11.0,4.6,0.49,6.69,10.5,5.5,0.38
6.72,9.2,4.4,0.55,6.69,10.5,5.5,0.38,7.373467406380018,8.648763888888887,4.910277777777777,0.565866851595007
6.82,10.0,4.4,0.48,7.373467406380018,8.648763888888887,4.910277777777777,0.565866851595007,6.7,11.1,3.8,0.54
6.96,9.25,6.7,0.47,6.7,11.1,3.8,0.54,6.72,9.2,4.4,0.55
6.79,7.91,7.8,0.39,6.72,9.2,4.4,0.55,6.82,10.0,4.4,0.48
7.08,7.59,5.6,0.33,6.82,10.0,4.4,0.48,6.96,9.25,6.7,0.47
7.55,8.23,4.3,0.4,6.96,9.25,6.7,0.47,6.79,7.91,7.8,0.39
7.56,8.16,4.0,0.8,6.79,7.91,7.8,0.39,7.08,7.59,5.6,0.33
7.32,8.18,4.6,0.58,7.08,7.59,5.6,0.33,7.55,8.23,4.3,0.4
8.06,8.24,4.2,0.66,7.55,8.23,4.3,0.4,7.56,8.16,4.0,0.8
7.8,7.34,5.8,0.46,7.56,8.16,4.0,0.8,7.32,8.18,4.6,0.58
8.16,7.08,5.8,0.66,7.32,8.18,4.6,0.58,8.06,8.24,4.2,0.66
7.92,8.39,4.0,0.49,8.06,8.24,4.2,0.66,7.8,7.34,5.8,0.46
7.46,8.46,4.1,0.32,7.8,7.34,5.8,0.46,8.16,7.08,5.8,0.66
7.22,7.7,4.3,0.19,8.16,7.08,5.8,0.66,7.92,8.39,4.0,0.49
7.5,8.87,3.4,0.86,7.92,8.39,4.0,0.49,7.46,8.46,4.1,0.32
7.58,7.93,3.9,0.39,7.46,8.46,4.1,0.32,7.22,7.7,4.3,0.19
7.29,7.55,3.8,0.38,7.22,7.7,4.3,0.19,7.5,8.87,3.4,0.86
7.78,7.33,4.6,0.56,7.5,8.87,3.4,0.86,7.58,7.93,3.9,0.39
7.96,7.7,6.5,0.66,7.58,7.93,3.9,0.39,7.29,7.55,3.8,0.38
7.23,7.8,6.3,0.41,7.29,7.55,3.8,0.38,7.78,7.33,4.6,0.56
7.6,8.04,6.6,0.75,7.78,7.33,4.6,0.56,7.96,7.7,6.5,0.66
7.22,8.5,6.7,0.73,7.96,7.7,6.5,0.66,7.23,7.8,6.3,0.41
7.38,8.29,5.0,0.55,7.23,7.8,6.3,0.41,7.6,8.04,6.6,0.75
7.36,8.34,4.5,0.54,7.6,8.04,6.6,0.75,7.22,8.5,6.7,0.73
7.44,10.8,3.7,0.88,7.22,8.5,6.7,0.73,7.38,8.29,5.0,0.55
7.15,10.6,3.9,0.96,7.38,8.29,5.0,0.55,7.36,8.34,4.5,0.54
6.8,10.8,3.7,0.92,7.36,8.34,4.5,0.54,7.44,10.8,3.7,0.88
6.94,10.1,3.9,0.76,7.44,10.8,3.7,0.88,7.15,10.6,3.9,0.96
6.88,9.18,7.4,0.68,7.15,10.6,3.9,0.96,6.8,10.8,3.7,0.92
7.09,9.93,6.5,0.67,6.8,10.8,3.7,0.92,6.94,10.1,3.9,0.76
6.92,9.47,4.0,0.66,6.94,10.1,3.9,0.76,6.88,9.18,7.4,0.68
7.29,9.56,2.9,0.76,6.88,9.18,7.4,0.68,7.09,9.93,6.5,0.67
6.65,9.27,4.7,0.72,7.09,9.93,6.5,0.67,6.92,9.47,4.0,0.66
6.98,9.54,5.8,0.71,6.92,9.47,4.0,0.66,7.29,9.56,2.9,0.76
7.0,9.15,5.8,0.78,7.29,9.56,2.9,0.76,6.65,9.27,4.7,0.72
7.05,8.44,5.9,0.98,6.65,9.27,4.7,0.72,6.98,9.54,5.8,0.71
7.12,8.58,5.7,0.75,6.98,9.54,5.8,0.71,7.0,9.15,5.8,0.78
7.03,9.59,6.4,0.81,7.0,9.15,5.8,0.78,7.05,8.44,5.9,0.98
7.06,10.2,5.3,0.88,7.05,8.44,5.9,0.98,7.12,8.58,5.7,0.75
6.99,10.8,4.8,0.87,7.12,8.58,5.7,0.75,7.03,9.59,6.4,0.81
7.54,12.1,5.4,1.51,7.03,9.59,6.4,0.81,7.06,10.2,5.3,0.88
7.0,13.2,5.6,1.74,7.06,10.2,5.3,0.88,6.99,10.8,4.8,0.87
7.08,12.3,4.9,1.6,6.99,10.8,4.8,0.87,7.54,12.1,5.4,1.51
7.54,10.6,5.0,0.78,7.54,12.1,5.4,1.51,7.0,13.2,5.6,1.74
7.373467406380018,8.648763888888887,4.910277777777777,0.565866851595007,7.0,13.2,5.6,1.74,7.08,12.3,4.9,1.6
7.64,12.6,4.6,0.66,7.08,12.3,4.9,1.6,7.54,10.6,5.0,0.78
7.71,11.6,4.5,0.94,7.54,10.6,5.0,0.78,7.373467406380018,8.648763888888887,4.910277777777777,0.565866851595007
7.24,11.6,3.7,1.03,7.373467406380018,8.648763888888887,4.910277777777777,0.565866851595007,7.64,12.6,4.6,0.66
6.92,11.4,3.8,1.21,7.64,12.6,4.6,0.66,7.71,11.6,4.5,0.94
7.09,11.6,4.4,1.33,7.71,11.6,4.5,0.94,7.24,11.6,3.7,1.03
7.29,7.69,5.4,1.47,7.24,11.6,3.7,1.03,6.92,11.4,3.8,1.21
7.18,7.51,5.7,1.07,6.92,11.4,3.8,1.21,7.09,11.6,4.4,1.33
7.52,6.73,5.8,0.98,7.09,11.6,4.4,1.33,7.29,7.69,5.4,1.47
7.56,8.1,5.0,0.89,7.29,7.69,5.4,1.47,7.18,7.51,5.7,1.07
7.11,10.5,5.5,0.55,7.18,7.51,5.7,1.07,7.52,6.73,5.8,0.98
7.33,8.92,5.2,0.77,7.52,6.73,5.8,0.98,7.56,8.1,5.0,0.89
7.41,8.63,5.7,1.13,7.56,8.1,5.0,0.89,7.11,10.5,5.5,0.55
7.4,7.29,5.5,1.38,7.11,10.5,5.5,0.55,7.33,8.92,5.2,0.77
7.17,10.3,5.4,0.72,7.33,8.92,5.2,0.77,7.41,8.63,5.7,1.13
7.12,9.96,5.7,0.79,7.41,8.63,5.7,1.13,7.4,7.29,5.5,1.38
7.44,9.1,3.4,0.86,7.4,7.29,5.5,1.38,7.17,10.3,5.4,0.72
7.78,6.52,3.4,0.72,7.17,10.3,5.4,0.72,7.12,9.96,5.7,0.79
7.53,7.11,3.5,0.63,7.12,9.96,5.7,0.79,7.44,9.1,3.4,0.86
7.63,6.76,5.6,0.75,7.44,9.1,3.4,0.86,7.78,6.52,3.4,0.72
7.13,6.8,5.3,0.98,7.78,6.52,3.4,0.72,7.53,7.11,3.5,0.63
6.72,7.85,4.0,1.0,7.53,7.11,3.5,0.63,7.63,6.76,5.6,0.75
6.62,10.2,5.0,1.12,7.63,6.76,5.6,0.75,7.13,6.8,5.3,0.98
7.45,11.0,5.1,0.65,7.13,6.8,5.3,0.98,6.72,7.85,4.0,1.0
7.08,8.66,5.2,0.54,6.72,7.85,4.0,1.0,6.62,10.2,5.0,1.12
6.81,10.2,7.8,0.8,6.62,10.2,5.0,1.12,7.45,11.0,5.1,0.65
6.76,9.93,8.0,0.89,7.45,11.0,5.1,0.65,7.08,8.66,5.2,0.54
7.32,8.7,6.5,0.87,7.08,8.66,5.2,0.54,6.81,10.2,7.8,0.8
6.72,11.1,6.7,0.74,6.81,10.2,7.8,0.8,6.76,9.93,8.0,0.89
6.87,9.94,6.3,0.81,6.76,9.93,8.0,0.89,7.32,8.7,6.5,0.87
7.04,10.2,9.1,0.78,7.32,8.7,6.5,0.87,6.72,11.1,6.7,0.74
7.3,8.71,7.2,0.76,6.72,11.1,6.7,0.74,6.87,9.94,6.3,0.81
7.14,7.51,3.8,0.38,6.87,9.94,6.3,0.81,7.04,10.2,9.1,0.78
7.33,7.4,5.0,0.26,7.04,10.2,9.1,0.78,7.3,8.71,7.2,0.76
7.4,8.75,5.4,0.23,7.3,8.71,7.2,0.76,7.14,7.51,3.8,0.38
7.09,9.8,5.9,0.25,7.14,7.51,3.8,0.38,7.33,7.4,5.0,0.26
6.49,10.8,7.6,0.22,7.33,7.4,5.0,0.26,7.4,8.75,5.4,0.23
6.94,10.2,7.3,0.22,7.4,8.75,5.4,0.23,7.09,9.8,5.9,0.25
6.79,11.3,7.8,0.28,7.09,9.8,5.9,0.25,6.49,10.8,7.6,0.22
6.96,9.48,7.1,0.71,6.49,10.8,7.6,0.22,6.94,10.2,7.3,0.22
7.37,9.69,5.0,0.85,6.94,10.2,7.3,0.22,6.79,11.3,7.8,0.28
7.27,6.83,4.5,0.89,6.79,11.3,7.8,0.28,6.96,9.48,7.1,0.71
7.19,9.33,4.7,0.91,6.96,9.48,7.1,0.71,7.37,9.69,5.0,0.85
7.2,7.46,5.5,0.93,7.37,9.69,5.0,0.85,7.27,6.83,4.5,0.89
7.12,7.83,5.6,0.85,7.27,6.83,4.5,0.89,7.19,9.33,4.7,0.91
7.22,8.2,5.7,0.9,7.19,9.33,4.7,0.91,7.2,7.46,5.5,0.93
7.13,8.55,5.2,0.98,7.2,7.46,5.5,0.93,7.12,7.83,5.6,0.85
7.12,8.81,4.9,0.96,7.12,7.83,5.6,0.85,7.22,8.2,5.7,0.9
7.17,8.47,4.7,0.59,7.22,8.2,5.7,0.9,7.13,8.55,5.2,0.98
7.15,8.66,5.7,0.93,7.13,8.55,5.2,0.98,7.12,8.81,4.9,0.96
7.21,8.72,6.2,1.15,7.12,8.81,4.9,0.96,7.17,8.47,4.7,0.59
7.61,8.91,6.8,1.16,7.17,8.47,4.7,0.59,7.15,8.66,5.7,0.93
7.8,9.37,6.7,1.22,7.15,8.66,5.7,0.93,7.21,8.72,6.2,1.15
7.61,9.53,5.3,1.21,7.21,8.72,6.2,1.15,7.61,8.91,6.8,1.16
7.6,10.1,5.6,1.24,7.61,8.91,6.8,1.16,7.8,9.37,6.7,1.22
7.7,10.5,4.9,1.43,7.8,9.37,6.7,1.22,7.61,9.53,5.3,1.21
7.72,10.3,4.6,0.95,7.61,9.53,5.3,1.21,7.6,10.1,5.6,1.24
7.73,8.18,6.3,0.87,7.6,10.1,5.6,1.24,7.7,10.5,4.9,1.43
7.52,8.73,6.7,1.04,7.7,10.5,4.9,1.43,7.72,10.3,4.6,0.95
7.63,8.33,5.4,0.97,7.72,10.3,4.6,0.95,7.73,8.18,6.3,0.87
7.83,7.86,5.5,0.73,7.73,8.18,6.3,0.87,7.52,8.73,6.7,1.04
7.69,8.87,5.6,0.51,7.52,8.73,6.7,1.04,7.63,8.33,5.4,0.97
7.76,8.91,5.8,0.97,7.63,8.33,5.4,0.97,7.83,7.86,5.5,0.73
7.63,8.47,5.3,0.88,7.83,7.86,5.5,0.73,7.69,8.87,5.6,0.51
7.7,8.98,5.4,0.7,7.69,8.87,5.6,0.51,7.76,8.91,5.8,0.97
7.54,7.69,5.6,0.89,7.76,8.91,5.8,0.97,7.63,8.47,5.3,0.88
7.62,6.63,5.1,0.94,7.63,8.47,5.3,0.88,7.7,8.98,5.4,0.7
7.66,9.8,4.0,0.87,7.7,8.98,5.4,0.7,7.54,7.69,5.6,0.89
7.64,9.86,3.1,0.84,7.54,7.69,5.6,0.89,7.62,6.63,5.1,0.94
7.61,9.88,3.0,0.86,7.62,6.63,5.1,0.94,7.66,9.8,4.0,0.87
7.4,10.8,3.0,0.81,7.66,9.8,4.0,0.87,7.64,9.86,3.1,0.84
7.47,9.99,3.8,0.83,7.64,9.86,3.1,0.84,7.61,9.88,3.0,0.86
7.6,9.79,3.8,0.71,7.61,9.88,3.0,0.86,7.4,10.8,3.0,0.81
7.66,8.66,3.8,0.69,7.4,10.8,3.0,0.81,7.47,9.99,3.8,0.83
7.373467406380018,8.648763888888887,4.910277777777777,0.565866851595007,7.47,9.99,3.8,0.83,7.6,9.79,3.8,0.71
7.41,9.42,4.1,0.76,7.6,9.79,3.8,0.71,7.66,8.66,3.8,0.69
7.54,9.4,4.2,0.47,7.66,8.66,3.8,0.69,7.373467406380018,8.648763888888887,4.910277777777777,0.565866851595007
7.37,10.2,5.5,0.73,7.373467406380018,8.648763888888887,4.910277777777777,0.565866851595007,7.41,9.42,4.1,0.76
8.08,10.5,8.4,0.44,7.41,9.42,4.1,0.76,7.54,9.4,4.2,0.47
7.84,10.5,8.6,0.31,7.54,9.4,4.2,0.47,7.37,10.2,5.5,0.73
8.11,9.37,6.3,0.38,7.37,10.2,5.5,0.73,8.08,10.5,8.4,0.44
7.96,10.7,4.8,0.27,8.08,10.5,8.4,0.44,7.84,10.5,8.6,0.31
7.3,10.3,3.7,0.37,7.84,10.5,8.6,0.31,8.11,9.37,6.3,0.38
7.0,11.2,4.5,0.63,8.11,9.37,6.3,0.38,7.96,10.7,4.8,0.27
6.9,10.9,5.4,1.02,7.96,10.7,4.8,0.27,7.3,10.3,3.7,0.37
7.11,9.59,3.8,0.96,7.3,10.3,3.7,0.37,7.0,11.2,4.5,0.63
7.87,9.45,6.7,0.66,7.0,11.2,4.5,0.63,6.9,10.9,5.4,1.02
7.53,11.0,7.9,0.44,6.9,10.9,5.4,1.02,7.11,9.59,3.8,0.96
7.49,10.5,8.5,0.58,7.11,9.59,3.8,0.96,7.87,9.45,6.7,0.66
7.46,9.54,6.9,0.43,7.87,9.45,6.7,0.66,7.53,11.0,7.9,0.44
7.43,10.1,7.3,0.47,7.53,11.0,7.9,0.44,7.49,10.5,8.5,0.58
7.62,9.88,5.2,0.52,7.49,10.5,8.5,0.58,7.46,9.54,6.9,0.43
7.73,9.42,3.8,0.53,7.46,9.54,6.9,0.43,7.43,10.1,7.3,0.47
7.59,9.48,3.3,0.57,7.43,10.1,7.3,0.47,7.62,9.88,5.2,0.52
7.64,9.57,3.7,0.47,7.62,9.88,5.2,0.52,7.73,9.42,3.8,0.53
7.69,8.44,3.6,0.32,7.73,9.42,3.8,0.53,7.59,9.48,3.3,0.57
7.63,7.88,3.4,0.33,7.59,9.48,3.3,0.57,7.64,9.57,3.7,0.47
7.59,7.62,5.7,0.47,7.64,9.57,3.7,0.47,7.69,8.44,3.6,0.32
7.28,7.22,5.6,0.56,7.69,8.44,3.6,0.32,7.63,7.88,3.4,0.33
7.42,7.4,5.5,0.57,7.63,7.88,3.4,0.33,7.59,7.62,5.7,0.47
7.34,6.7,4.9,0.49,7.59,7.62,5.7,0.47,7.28,7.22,5.6,0.56
7.25,9.47,3.1,0.54,7.28,7.22,5.6,0.56,7.42,7.4,5.5,0.57
7.28,11.5,5.2,0.62,7.42,7.4,5.5,0.57,7.34,6.7,4.9,0.49
7.28,9.96,6.1,0.75,7.34,6.7,4.9,0.49,7.25,9.47,3.1,0.54
7.14,8.58,5.4,0.53,7.25,9.47,3.1,0.54,7.28,11.5,5.2,0.62
7.15,9.7,5.3,0.62,7.28,11.5,5.2,0.62,7.28,9.96,6.1,0.75
7.38,13.7,3.8,0.47,7.28,9.96,6.1,0.75,7.14,8.58,5.4,0.53
7.35,13.9,3.7,0.19,7.14,8.58,5.4,0.53,7.15,9.7,5.3,0.62
7.17,13.3,3.8,0.32,7.15,9.7,5.3,0.62,7.38,13.7,3.8,0.47
6.98,12.0,3.4,0.42,7.38,13.7,3.8,0.47,7.35,13.9,3.7,0.19
7.0,10.6,2.8,0.47,7.35,13.9,3.7,0.19,7.17,13.3,3.8,0.32
7.373467406380018,8.648763888888887,4.910277777777777,0.565866851595007,7.17,13.3,3.8,0.32,6.98,12.0,3.4,0.42
6.99,8.86,2.2,0.6,6.98,12.0,3.4,0.42,7.0,10.6,2.8,0.47
6.94,8.17,2.3,0.56,7.0,10.6,2.8,0.47,7.373467406380018,8.648763888888887,4.910277777777777,0.565866851595007
6.99,8.4,2.8,0.44,7.373467406380018,8.648763888888887,4.910277777777777,0.565866851595007,6.99,8.86,2.2,0.6
7.03,8.52,3.0,0.25,6.99,8.86,2.2,0.6,6.94,8.17,2.3,0.56
7.04,8.6,3.3,0.48,6.94,8.17,2.3,0.56,6.99,8.4,2.8,0.44
7.01,8.18,3.4,0.41,6.99,8.4,2.8,0.44,7.03,8.52,3.0,0.25
6.95,8.12,3.0,0.48,7.03,8.52,3.0,0.25,7.04,8.6,3.3,0.48
6.96,9.25,3.4,0.5,7.04,8.6,3.3,0.48,7.01,8.18,3.4,0.41
6.87,9.61,3.5,0.63,7.01,8.18,3.4,0.41,6.95,8.12,3.0,0.48
6.86,9.94,3.6,0.42,6.95,8.12,3.0,0.48,6.96,9.25,3.4,0.5
7.11,9.16,3.6,0.58,6.96,9.25,3.4,0.5,6.87,9.61,3.5,0.63
7.28,9.49,3.4,0.5,6.87,9.61,3.5,0.63,6.86,9.94,3.6,0.42
7.45,12.3,3.7,0.45,6.86,9.94,3.6,0.42,7.11,9.16,3.6,0.58
6.75,12.9,3.5,0.47,7.11,9.16,3.6,0.58,7.28,9.49,3.4,0.5
7.3,11.9,4.3,0.24,7.28,9.49,3.4,0.5,7.45,12.3,3.7,0.45
7.69,9.86,4.7,0.21,7.45,12.3,3.7,0.45,6.75,12.9,3.5,0.47
7.65,7.15,5.3,0.36,6.75,12.9,3.5,0.47,7.3,11.9,4.3,0.24
7.64,6.88,7.2,0.27,7.3,11.9,4.3,0.24,7.69,9.86,4.7,0.21
7.56,5.91,5.9,0.21,7.69,9.86,4.7,0.21,7.65,7.15,5.3,0.36
7.78,7.53,5.7,0.2,7.65,7.15,5.3,0.36,7.64,6.88,7.2,0.27
7.66,6.91,7.0,0.21,7.64,6.88,7.2,0.27,7.56,5.91,5.9,0.21
7.64,6.92,5.9,0.2,7.56,5.91,5.9,0.21,7.78,7.53,5.7,0.2
7.58,7.22,5.3,0.18,7.78,7.53,5.7,0.2,7.66,6.91,7.0,0.21
7.45,6.89,5.9,0.21,7.66,6.91,7.0,0.21,7.64,6.92,5.9,0.2
7.48,7.04,7.5,0.24,7.64,6.92,5.9,0.2,7.58,7.22,5.3,0.18
7.69,9.01,8.4,0.25,7.58,7.22,5.3,0.18,7.45,6.89,5.9,0.21
7.62,9.05,9.8,0.23,7.45,6.89,5.9,0.21,7.48,7.04,7.5,0.24
7.28,8.16,8.1,0.25,7.48,7.04,7.5,0.24,7.69,9.01,8.4,0.25
7.53,8.8,6.8,0.26,7.69,9.01,8.4,0.25,7.62,9.05,9.8,0.23
7.89,8.45,7.0,0.25,7.62,9.05,9.8,0.23,7.28,8.16,8.1,0.25
7.61,8.21,7.8,0.25,7.28,8.16,8.1,0.25,7.53,8.8,6.8,0.26
6.81,7.01,7.7,0.26,7.53,8.8,6.8,0.26,7.89,8.45,7.0,0.25
7.02,7.35,6.5,0.3,7.89,8.45,7.0,0.25,7.61,8.21,7.8,0.25
6.93,7.66,7.1,0.3,7.61,8.21,7.8,0.25,6.81,7.01,7.7,0.26
7.15,9.74,6.9,0.29,6.81,7.01,7.7,0.26,7.02,7.35,6.5,0.3
7.31,10.2,6.2,0.26,7.02,7.35,6.5,0.3,6.93,7.66,7.1,0.3
7.37,9.67,6.2,0.28,6.93,7.66,7.1,0.3,7.15,9.74,6.9,0.29
7.29,9.54,6.2,0.28,7.15,9.74,6.9,0.29,7.31,10.2,6.2,0.26
7.32,9.53,6.5,0.3,7.31,10.2,6.2,0.26,7.37,9.67,6.2,0.28
7.35,10.1,6.0,0.32,7.37,9.67,6.2,0.28,7.29,9.54,6.2,0.28
7.4,9.36,5.3,0.35,7.29,9.54,6.2,0.28,7.32,9.53,6.5,0.3
7.31,9.34,5.1,0.35,7.32,9.53,6.5,0.3,7.35,10.1,6.0,0.32
7.24,8.65,5.0,0.35,7.35,10.1,6.0,0.32,7.4,9.36,5.3,0.35
7.37,6.52,4.4,0.31,7.4,9.36,5.3,0.35,7.31,9.34,5.1,0.35
7.39,5.98,4.3,0.28,7.31,9.34,5.1,0.35,7.24,8.65,5.0,0.35
7.49,9.13,4.2,0.36,7.24,8.65,5.0,0.35,7.37,6.52,4.4,0.31
7.5,6.7,4.3,0.44,7.37,6.52,4.4,0.31,7.39,5.98,4.3,0.28
7.57,6.65,4.2,0.35,7.39,5.98,4.3,0.28,7.49,9.13,4.2,0.36
7.67,6.59,4.4,0.33,7.49,9.13,4.2,0.36,7.5,6.7,4.3,0.44
7.64,6.7,4.5,0.34,7.5,6.7,4.3,0.44,7.57,6.65,4.2,0.35
7.69,7.29,5.3,0.35,7.57,6.65,4.2,0.35,7.67,6.59,4.4,0.33
7.76,7.39,6.0,0.36,7.67,6.59,4.4,0.33,7.64,6.7,4.5,0.34
7.74,7.63,5.5,0.35,7.64,6.7,4.5,0.34,7.69,7.29,5.3,0.35
7.59,9.25,5.7,0.63,7.69,7.29,5.3,0.35,7.76,7.39,6.0,0.36
7.57,10.1,5.5,0.57,7.76,7.39,6.0,0.36,7.74,7.63,5.5,0.35
7.55,10.1,6.0,0.56,7.74,7.63,5.5,0.35,7.59,9.25,5.7,0.63
7.52,9.67,5.9,0.38,7.59,9.25,5.7,0.63,7.57,10.1,5.5,0.57
7.55,9.51,5.9,0.33,7.57,10.1,5.5,0.57,7.55,10.1,6.0,0.56
7.46,8.7,6.2,0.54,7.55,10.1,6.0,0.56,7.52,9.67,5.9,0.38
7.46,8.49,6.2,0.53,7.52,9.67,5.9,0.38,7.55,9.51,5.9,0.33
7.31,7.44,5.9,0.88,7.55,9.51,5.9,0.33,7.46,8.7,6.2,0.54
7.43,7.9,6.0,0.73,7.46,8.7,6.2,0.54,7.46,8.49,6.2,0.53
7.49,9.16,5.6,0.41,7.46,8.49,6.2,0.53,7.31,7.44,5.9,0.88
7.51,9.17,5.1,0.28,7.31,7.44,5.9,0.88,7.43,7.9,6.0,0.73
7.5,9.5,4.4,0.28,7.43,7.9,6.0,0.73,7.49,9.16,5.6,0.41
7.4,9.37,4.9,0.27,7.49,9.16,5.6,0.41,7.51,9.17,5.1,0.28
7.25,8.61,5.6,0.31,7.51,9.17,5.1,0.28,7.5,9.5,4.4,0.28
7.5,8.21,4.6,0.23,7.5,9.5,4.4,0.28,7.4,9.37,4.9,0.27
7.79,8.06,4.4,0.17,7.4,9.37,4.9,0.27,7.25,8.61,5.6,0.31
7.97,8.08,5.1,0.17,7.25,8.61,5.6,0.31,7.5,8.21,4.6,0.23
7.88,8.58,5.2,0.19,7.5,8.21,4.6,0.23,7.79,8.06,4.4,0.17
8.22,8.2,4.9,0.17,7.79,8.06,4.4,0.17,7.97,8.08,5.1,0.17
8.52,8.07,5.1,0.19,7.97,8.08,5.1,0.17,7.88,8.58,5.2,0.19
8.62,9.03,6.8,0.14,7.88,8.58,5.2,0.19,8.22,8.2,4.9,0.17
7.98,6.5,6.8,0.15,8.22,8.2,4.9,0.17,8.52,8.07,5.1,0.19
8.15,6.69,7.1,0.19,8.52,8.07,5.1,0.19,8.62,9.03,6.8,0.14
7.99,6.89,8.8,0.24,8.62,9.03,6.8,0.14,7.98,6.5,6.8,0.15
7.92,7.51,6.0,0.21,7.98,6.5,6.8,0.15,8.15,6.69,7.1,0.19
8.01,7.17,6.7,0.2,8.15,6.69,7.1,0.19,7.99,6.89,8.8,0.24
8.13,7.33,8.7,0.46,7.99,6.89,8.8,0.24,7.92,7.51,6.0,0.21
7.83,6.75,9.8,0.26,7.92,7.51,6.0,0.21,8.01,7.17,6.7,0.2
7.84,6.87,7.1,0.23,8.01,7.17,6.7,0.2,8.13,7.33,8.7,0.46
7.97,6.88,8.2,0.22,8.13,7.33,8.7,0.46,7.83,6.75,9.8,0.26
7.96,6.78,7.2,0.23,7.83,6.75,9.8,0.26,7.84,6.87,7.1,0.23
8.11,7.15,6.4,0.2,7.84,6.87,7.1,0.23,7.97,6.88,8.2,0.22
8.14,7.15,5.6,0.2,7.97,6.88,8.2,0.22,7.96,6.78,7.2,0.23
8.11,7.14,5.8,0.2,7.96,6.78,7.2,0.23,8.11,7.15,6.4,0.2
7.73,7.4,8.4,0.22,8.11,7.15,6.4,0.2,8.14,7.15,5.6,0.2
7.88,8.18,6.0,0.13,8.14,7.15,5.6,0.2,8.11,7.14,5.8,0.2
8.16,8.9,5.1,0.11,8.11,7.14,5.8,0.2,7.73,7.4,8.4,0.22
7.85,9.01,4.3,0.13,7.73,7.4,8.4,0.22,7.88,8.18,6.0,0.13
7.11,10.2,3.6,0.14,7.88,8.18,6.0,0.13,8.16,8.9,5.1,0.11
7.52,10.4,3.8,0.12,8.16,8.9,5.1,0.11,7.85,9.01,4.3,0.13
7.55,10.8,3.6,0.12,7.85,9.01,4.3,0.13,7.11,10.2,3.6,0.14
7.51,11.4,4.2,0.17,7.11,10.2,3.6,0.14,7.52,10.4,3.8,0.12
7.27,9.82,4.2,0.22,7.52,10.4,3.8,0.12,7.55,10.8,3.6,0.12
7.34,9.1,4.5,0.1,7.55,10.8,3.6,0.12,7.51,11.4,4.2,0.17
7.36,10.1,4.0,0.16,7.51,11.4,4.2,0.17,7.27,9.82,4.2,0.22
7.4,10.4,3.9,0.24,7.27,9.82,4.2,0.22,7.34,9.1,4.5,0.1
7.59,10.9,4.7,0.31,7.34,9.1,4.5,0.1,7.36,10.1,4.0,0.16
7.68,10.8,5.2,0.42,7.36,10.1,4.0,0.16,7.4,10.4,3.9,0.24
7.65,10.8,4.8,0.57,7.4,10.4,3.9,0.24,7.59,10.9,4.7,0.31
7.53,10.5,5.0,0.57,7.59,10.9,4.7,0.31,7.68,10.8,5.2,0.42
7.53,9.3,5.4,0.51,7.68,10.8,5.2,0.42,7.65,10.8,4.8,0.57
7.55,9.0,5.8,0.43,7.65,10.8,4.8,0.57,7.53,10.5,5.0,0.57
7.5,8.89,5.3,0.48,7.53,10.5,5.0,0.57,7.53,9.3,5.4,0.51
7.48,8.59,5.3,0.4,7.53,9.3,5.4,0.51,7.55,9.0,5.8,0.43
7.47,9.17,5.4,0.37,7.55,9.0,5.8,0.43,7.5,8.89,5.3,0.48
7.46,8.73,4.9,0.54,7.5,8.89,5.3,0.48,7.48,8.59,5.3,0.4
7.72,9.36,4.7,0.67,7.48,8.59,5.3,0.4,7.47,9.17,5.4,0.37
7.76,10.1,4.5,0.44,7.47,9.17,5.4,0.37,7.46,8.73,4.9,0.54
7.75,8.98,4.4,0.52,7.46,8.73,4.9,0.54,7.72,9.36,4.7,0.67
7.45,7.9,4.3,0.55,7.72,9.36,4.7,0.67,7.76,10.1,4.5,0.44
7.17,7.91,4.4,0.55,7.76,10.1,4.5,0.44,7.75,8.98,4.4,0.52
7.21,8.58,4.8,0.4,7.75,8.98,4.4,0.52,7.45,7.9,4.3,0.55
7.28,8.42,4.9,0.34,7.45,7.9,4.3,0.55,7.17,7.91,4.4,0.55
7.37,8.8,4.3,0.29,7.17,7.91,4.4,0.55,7.21,8.58,4.8,0.4
7.49,8.94,4.2,0.27,7.21,8.58,4.8,0.4,7.28,8.42,4.9,0.34
7.63,8.97,5.8,0.33,7.28,8.42,4.9,0.34,7.37,8.8,4.3,0.29
7.52,8.62,6.1,0.28,7.37,8.8,4.3,0.29,7.49,8.94,4.2,0.27
7.56,8.66,6.4,0.28,7.49,8.94,4.2,0.27,7.63,8.97,5.8,0.33
7.54,8.06,6.3,0.25,7.63,8.97,5.8,0.33,7.52,8.62,6.1,0.28
7.53,8.96,6.4,0.29,7.52,8.62,6.1,0.28,7.56,8.66,6.4,0.28
7.57,8.87,6.7,0.33,7.56,8.66,6.4,0.28,7.54,8.06,6.3,0.25
7.61,7.95,7.4,0.36,7.54,8.06,6.3,0.25,7.53,8.96,6.4,0.29
8.09,7.36,7.1,0.31,7.53,8.96,6.4,0.29,7.57,8.87,6.7,0.33
7.98,6.97,6.4,0.33,7.57,8.87,6.7,0.33,7.61,7.95,7.4,0.36
7.69,6.8,6.9,0.38,7.61,7.95,7.4,0.36,8.09,7.36,7.1,0.31
7.4,6.63,11.1,0.35,8.09,7.36,7.1,0.31,7.98,6.97,6.4,0.33
7.57,7.84,10.9,0.28,7.98,6.97,6.4,0.33,7.69,6.8,6.9,0.38
7.58,8.76,8.3,0.18,7.69,6.8,6.9,0.38,7.4,6.63,11.1,0.35
7.21,8.74,7.9,0.12,7.4,6.63,11.1,0.35,7.57,7.84,10.9,0.28
7.29,7.96,7.8,0.13,7.57,7.84,10.9,0.28,7.58,8.76,8.3,0.18
7.35,8.57,7.5,0.13,7.58,8.76,8.3,0.18,7.21,8.74,7.9,0.12
7.11,8.74,6.4,0.14,7.21,8.74,7.9,0.12,7.29,7.96,7.8,0.13
7.31,9.08,6.2,0.14,7.29,7.96,7.8,0.13,7.35,8.57,7.5,0.13
7.33,8.88,7.7,0.14,7.35,8.57,7.5,0.13,7.11,8.74,6.4,0.14
7.16,9.39,9.8,0.15,7.11,8.74,6.4,0.14,7.31,9.08,6.2,0.14
7.26,9.58,9.8,0.14,7.31,9.08,6.2,0.14,7.33,8.88,7.7,0.14
7.47,9.71,6.6,0.15,7.33,8.88,7.7,0.14,7.16,9.39,9.8,0.15
7.55,9.5,5.7,0.15,7.16,9.39,9.8,0.15,7.26,9.58,9.8,0.14
7.62,9.24,5.2,0.15,7.26,9.58,9.8,0.14,7.47,9.71,6.6,0.15
7.56,9.33,4.7,0.13,7.47,9.71,6.6,0.15,7.55,9.5,5.7,0.15
7.66,10.8,4.8,0.13,7.55,9.5,5.7,0.15,7.62,9.24,5.2,0.15
7.64,9.6,4.9,0.15,7.62,9.24,5.2,0.15,7.56,9.33,4.7,0.13
7.7,8.58,5.2,0.16,7.56,9.33,4.7,0.13,7.66,10.8,4.8,0.13
7.68,8.62,5.1,0.15,7.66,10.8,4.8,0.13,7.64,9.6,4.9,0.15
7.4,9.46,4.5,0.14,7.64,9.6,4.9,0.15,7.7,8.58,5.2,0.16
7.41,9.41,4.1,0.13,7.7,8.58,5.2,0.16,7.68,8.62,5.1,0.15
7.56,9.87,4.4,0.14,7.68,8.62,5.1,0.15,7.4,9.46,4.5,0.14
7.71,9.93,5.5,0.18,7.4,9.46,4.5,0.14,7.41,9.41,4.1,0.13
7.57,10.2,4.2,0.21,7.41,9.41,4.1,0.13,7.56,9.87,4.4,0.14
7.59,9.45,4.1,0.22,7.56,9.87,4.4,0.14,7.71,9.93,5.5,0.18
7.44,9.29,4.5,0.28,7.71,9.93,5.5,0.18,7.57,10.2,4.2,0.21
7.32,8.84,4.6,0.31,7.57,10.2,4.2,0.21,7.59,9.45,4.1,0.22
7.43,8.42,4.6,0.29,7.59,9.45,4.1,0.22,7.44,9.29,4.5,0.28
7.41,9.84,4.7,0.31,7.44,9.29,4.5,0.28,7.32,8.84,4.6,0.31
7.45,10.1,4.6,0.34,7.32,8.84,4.6,0.31,7.43,8.42,4.6,0.29
7.47,10.1,4.6,0.36,7.43,8.42,4.6,0.29,7.41,9.84,4.7,0.31
7.48,9.47,4.4,0.4,7.41,9.84,4.7,0.31,7.45,10.1,4.6,0.34
7.46,9.78,4.7,0.33,7.45,10.1,4.6,0.34,7.47,10.1,4.6,0.36
7.46,9.3,4.7,0.37,7.47,10.1,4.6,0.36,7.48,9.47,4.4,0.4
7.45,8.91,4.6,0.33,7.48,9.47,4.4,0.4,7.46,9.78,4.7,0.33
7.37,9.66,4.7,0.36,7.46,9.78,4.7,0.33,7.46,9.3,4.7,0.37
7.32,10.2,4.9,0.29,7.46,9.3,4.7,0.37,7.45,8.91,4.6,0.33
7.23,9.02,5.6,0.28,7.45,8.91,4.6,0.33,7.37,9.66,4.7,0.36
7.16,9.84,4.8,0.41,7.37,9.66,4.7,0.36,7.32,10.2,4.9,0.29
7.17,8.92,3.7,0.21,7.32,10.2,4.9,0.29,7.23,9.02,5.6,0.28
7.28,10.7,4.2,0.12,7.23,9.02,5.6,0.28,7.16,9.84,4.8,0.41
7.34,9.96,4.0,0.12,7.16,9.84,4.8,0.41,7.17,8.92,3.7,0.21
7.44,10.0,4.1,0.11,7.17,8.92,3.7,0.21,7.28,10.7,4.2,0.12
7.4,9.7,4.3,0.08,7.28,10.7,4.2,0.12,7.34,9.96,4.0,0.12
7.6,8.87,4.8,0.21,7.34,9.96,4.0,0.12,7.44,10.0,4.1,0.11
7.89,8.85,5.9,0.19,7.44,10.0,4.1,0.11,7.4,9.7,4.3,0.08
7.79,8.02,6.0,0.14,7.4,9.7,4.3,0.08,7.6,8.87,4.8,0.21
8.17,8.32,7.1,0.13,7.6,8.87,4.8,0.21,7.89,8.85,5.9,0.19
7.64,6.88,7.5,0.14,7.89,8.85,5.9,0.19,7.79,8.02,6.0,0.14
7.83,6.95,7.4,0.15,7.79,8.02,6.0,0.14,8.17,8.32,7.1,0.13
7.91,7.11,7.0,0.16,8.17,8.32,7.1,0.13,7.64,6.88,7.5,0.14
7.57,7.14,7.7,0.25,7.64,6.88,7.5,0.14,7.83,6.95,7.4,0.15
7.65,6.98,7.8,0.25,7.83,6.95,7.4,0.15,7.91,7.11,7.0,0.16
7.373467406380018,8.648763888888887,4.910277777777777,0.565866851595007,7.91,7.11,7.0,0.16,7.57,7.14,7.7,0.25
7.373467406380018,8.648763888888887,4.910277777777777,0.565866851595007,7.57,7.14,7.7,0.25,7.65,6.98,7.8,0.25
6.91,8.45,7.7,0.1,7.65,6.98,7.8,0.25,7.373467406380018,8.648763888888887,4.910277777777777,0.565866851595007
7.08,8.49,9.5,0.13,7.373467406380018,8.648763888888887,4.910277777777777,0.565866851595007,7.373467406380018,8.648763888888887,4.910277777777777,0.565866851595007
7.33,7.67,7.8,0.18,7.373467406380018,8.648763888888887,4.910277777777777,0.565866851595007,6.91,8.45,7.7,0.1
7.15,6.84,7.3,0.18,6.91,8.45,7.7,0.1,7.08,8.49,9.5,0.13
7.12,6.35,7.1,0.15,7.08,8.49,9.5,0.13,7.33,7.67,7.8,0.18
7.29,7.91,6.5,0.17,7.33,7.67,7.8,0.18,7.15,6.84,7.3,0.18
7.52,8.24,6.1,0.2,7.15,6.84,7.3,0.18,7.12,6.35,7.1,0.15
7.39,8.46,6.1,0.21,7.12,6.35,7.1,0.15,7.29,7.91,6.5,0.17
7.44,9.86,6.0,0.22,7.29,7.91,6.5,0.17,7.52,8.24,6.1,0.2
7.38,9.34,5.9,0.17,7.52,8.24,6.1,0.2,7.39,8.46,6.1,0.21
7.44,13.7,7.7,0.16,7.39,8.46,6.1,0.21,7.44,9.86,6.0,0.22
7.46,10.9,6.6,0.15,7.44,9.86,6.0,0.22,7.38,9.34,5.9,0.17
7.58,9.55,7.4,0.2,7.38,9.34,5.9,0.17,7.44,13.7,7.7,0.16
7.8,11.5,6.6,0.2,7.44,13.7,7.7,0.16,7.46,10.9,6.6,0.15
7.73,10.6,6.2,0.22,7.46,10.9,6.6,0.15,7.58,9.55,7.4,0.2
7.63,9.4,6.5,0.21,7.58,9.55,7.4,0.2,7.8,11.5,6.6,0.2
7.51,10.3,6.0,0.23,7.8,11.5,6.6,0.2,7.73,10.6,6.2,0.22
7.33,11.1,5.1,0.24,7.73,10.6,6.2,0.22,7.63,9.4,6.5,0.21
7.12,10.3,4.9,0.27,7.63,9.4,6.5,0.21,7.51,10.3,6.0,0.23
7.26,9.73,5.1,0.31,7.51,10.3,6.0,0.23,7.33,11.1,5.1,0.24
7.29,9.44,4.8,0.36,7.33,11.1,5.1,0.24,7.12,10.3,4.9,0.27
7.18,8.78,5.3,0.42,7.12,10.3,4.9,0.27,7.26,9.73,5.1,0.31
7.19,9.91,4.9,0.37,7.26,9.73,5.1,0.31,7.29,9.44,4.8,0.36
7.373467406380018,8.648763888888887,4.910277777777777,0.565866851595007,7.29,9.44,4.8,0.36,7.18,8.78,5.3,0.42
7.4,10.8,4.3,0.39,7.18,8.78,5.3,0.42,7.19,9.91,4.9,0.37
7.38,11.3,4.3,0.41,7.19,9.91,4.9,0.37,7.373467406380018,8.648763888888887,4.910277777777777,0.565866851595007
7.37,10.9,4.8,0.38,7.373467406380018,8.648763888888887,4.910277777777777,0.565866851595007,7.4,10.8,4.3,0.39
7.33,10.8,4.9,0.38,7.4,10.8,4.3,0.39,7.38,11.3,4.3,0.41
7.41,10.7,4.6,0.36,7.38,11.3,4.3,0.41,7.37,10.9,4.8,0.38
7.38,10.6,4.8,0.35,7.37,10.9,4.8,0.38,7.33,10.8,4.9,0.38
7.45,10.4,5.0,0.47,7.33,10.8,4.9,0.38,7.41,10.7,4.6,0.36
7.5,10.7,5.1,0.31,7.41,10.7,4.6,0.36,7.38,10.6,4.8,0.35
7.56,10.7,5.1,0.3,7.38,10.6,4.8,0.35,7.45,10.4,5.0,0.47
7.75,10.3,4.8,0.32,7.45,10.4,5.0,0.47,7.5,10.7,5.1,0.31
7.78,10.2,4.8,0.35,7.5,10.7,5.1,0.31,7.56,10.7,5.1,0.3
7.73,10.7,5.1,0.34,7.56,10.7,5.1,0.3,7.75,10.3,4.8,0.32
7.43,10.6,5.3,0.33,7.75,10.3,4.8,0.32,7.78,10.2,4.8,0.35
7.44,10.5,5.1,0.31,7.78,10.2,4.8,0.35,7.73,10.7,5.1,0.34
7.373467406380018,8.648763888888887,4.910277777777777,0.565866851595007,7.73,10.7,5.1,0.34,7.43,10.6,5.3,0.33
7.58,9.46,5.2,0.3,7.43,10.6,5.3,0.33,7.44,10.5,5.1,0.31
7.57,10.1,4.9,0.31,7.44,10.5,5.1,0.31,7.373467406380018,8.648763888888887,4.910277777777777,0.565866851595007
7.6,8.39,4.5,0.31,7.373467406380018,8.648763888888887,4.910277777777777,0.565866851595007,7.58,9.46,5.2,0.3
7.92,7.68,5.0,0.27,7.58,9.46,5.2,0.3,7.57,10.1,4.9,0.31
7.58,6.93,5.6,0.27,7.57,10.1,4.9,0.31,7.6,8.39,4.5,0.31
7.96,8.8,6.9,0.2,7.6,8.39,4.5,0.31,7.92,7.68,5.0,0.27
7.373467406380018,8.648763888888887,4.910277777777777,0.565866851595007,7.92,7.68,5.0,0.27,7.58,6.93,5.6,0.27
7.65,9.42,7.4,0.2,7.58,6.93,5.6,0.27,7.96,8.8,6.9,0.2
7.58,6.51,7.1,0.2,7.96,8.8,6.9,0.2,7.373467406380018,8.648763888888887,4.910277777777777,0.565866851595007
7.373467406380018,8.648763888888887,4.910277777777777,0.565866851595007,7.373467406380018,8.648763888888887,4.910277777777777,0.565866851595007,7.65,9.42,7.4,0.2
7.18,7.4,6.4,0.15,7.65,9.42,7.4,0.2,7.58,6.51,7.1,0.2
6.99,7.87,6.0,0.16,7.58,6.51,7.1,0.2,7.373467406380018,8.648763888888887,4.910277777777777,0.565866851595007
6.98,6.5,6.0,0.15,7.373467406380018,8.648763888888887,4.910277777777777,0.565866851595007,7.18,7.4,6.4,0.15
7.373467406380018,8.648763888888887,4.910277777777777,0.565866851595007,7.18,7.4,6.4,0.15,6.99,7.87,6.0,0.16
7.47,9.05,5.5,0.18,6.99,7.87,6.0,0.16,6.98,6.5,6.0,0.15
7.17,7.6,5.3,0.22,6.98,6.5,6.0,0.15,7.373467406380018,8.648763888888887,4.910277777777777,0.565866851595007
7.373467406380018,8.648763888888887,4.910277777777777,0.565866851595007,7.373467406380018,8.648763888888887,4.910277777777777,0.565866851595007,7.47,9.05,5.5,0.18
7.373467406380018,8.648763888888887,4.910277777777777,0.565866851595007,7.47,9.05,5.5,0.18,7.17,7.6,5.3,0.22
7.373467406380018,8.648763888888887,4.910277777777777,0.565866851595007,7.17,7.6,5.3,0.22,7.373467406380018,8.648763888888887,4.910277777777777,0.565866851595007
7.373467406380018,8.648763888888887,4.910277777777777,0.565866851595007,7.373467406380018,8.648763888888887,4.910277777777777,0.565866851595007,7.373467406380018,8.648763888888887,4.910277777777777,0.565866851595007
7.373467406380018,8.648763888888887,4.910277777777777,0.565866851595007,7.373467406380018,8.648763888888887,4.910277777777777,0.565866851595007,7.373467406380018,8.648763888888887,4.910277777777777,0.565866851595007
7.373467406380018,8.648763888888887,4.910277777777777,0.565866851595007,7.373467406380018,8.648763888888887,4.910277777777777,0.565866851595007,7.373467406380018,8.648763888888887,4.910277777777777,0.565866851595007
7.373467406380018,8.648763888888887,4.910277777777777,0.565866851595007,7.373467406380018,8.648763888888887,4.910277777777777,0.565866851595007,7.373467406380018,8.648763888888887,4.910277777777777,0.565866851595007
7.373467406380018,8.648763888888887,4.910277777777777,0.565866851595007,7.373467406380018,8.648763888888887,4.910277777777777,0.565866851595007,7.373467406380018,8.648763888888887,4.910277777777777,0.565866851595007
7.373467406380018,8.648763888888887,4.910277777777777,0.565866851595007,7.373467406380018,8.648763888888887,4.910277777777777,0.565866851595007,7.373467406380018,8.648763888888887,4.910277777777777,0.565866851595007
7.373467406380018,8.648763888888887,4.910277777777777,0.565866851595007,7.373467406380018,8.648763888888887,4.910277777777777,0.565866851595007,7.373467406380018,8.648763888888887,4.910277777777777,0.565866851595007
7.373467406380018,8.648763888888887,4.910277777777777,0.565866851595007,7.373467406380018,8.648763888888887,4.910277777777777,0.565866851595007,7.373467406380018,8.648763888888887,4.910277777777777,0.565866851595007
7.65,9.1,5.5,0.17,7.373467406380018,8.648763888888887,4.910277777777777,0.565866851595007,7.373467406380018,8.648763888888887,4.910277777777777,0.565866851595007
7.373467406380018,8.648763888888887,4.910277777777777,0.565866851595007,7.373467406380018,8.648763888888887,4.910277777777777,0.565866851595007,7.373467406380018,8.648763888888887,4.910277777777777,0.565866851595007
7.6,9.03,5.4,0.25,7.373467406380018,8.648763888888887,4.910277777777777,0.565866851595007,7.65,9.1,5.5,0.17
7.35,9.51,5.4,0.25,7.65,9.1,5.5,0.17,7.373467406380018,8.648763888888887,4.910277777777777,0.565866851595007
7.12,9.13,6.0,0.41,7.373467406380018,8.648763888888887,4.910277777777777,0.565866851595007,7.6,9.03,5.4,0.25
7.373467406380018,8.648763888888887,4.910277777777777,0.565866851595007,7.6,9.03,5.4,0.25,7.35,9.51,5.4,0.25
7.373467406380018,8.648763888888887,4.910277777777777,0.565866851595007,7.35,9.51,5.4,0.25,7.12,9.13,6.0,0.41
7.11,8.47,4.6,0.35,7.12,9.13,6.0,0.41,7.373467406380018,8.648763888888887,4.910277777777777,0.565866851595007
7.33,8.06,4.6,0.33,7.373467406380018,8.648763888888887,4.910277777777777,0.565866851595007,7.373467406380018,8.648763888888887,4.910277777777777,0.565866851595007
7.373467406380018,8.648763888888887,4.910277777777777,0.565866851595007,7.373467406380018,8.648763888888887,4.910277777777777,0.565866851595007,7.11,8.47,4.6,0.35
7.23,8.69,5.1,0.44,7.11,8.47,4.6,0.35,7.33,8.06,4.6,0.33
7.23,8.88,4.7,0.36,7.33,8.06,4.6,0.33,7.373467406380018,8.648763888888887,4.910277777777777,0.565866851595007
7.373467406380018,8.648763888888887,4.910277777777777,0.565866851595007,7.373467406380018,8.648763888888887,4.910277777777777,0.565866851595007,7.23,8.69,5.1,0.44
7.23,8.93,5.1,0.34,7.23,8.69,5.1,0.44,7.23,8.88,4.7,0.36
7.373467406380018,8.648763888888887,4.910277777777777,0.565866851595007,7.23,8.88,4.7,0.36,7.373467406380018,8.648763888888887,4.910277777777777,0.565866851595007
7.373467406380018,8.648763888888887,4.910277777777777,0.565866851595007,7.373467406380018,8.648763888888887,4.910277777777777,0.565866851595007,7.23,8.93,5.1,0.34
7.45,9.56,4.8,0.33,7.23,8.93,5.1,0.34,7.373467406380018,8.648763888888887,4.910277777777777,0.565866851595007
7.373467406380018,8.648763888888887,4.910277777777777,0.565866851595007,7.373467406380018,8.648763888888887,4.910277777777777,0.565866851595007,7.373467406380018,8.648763888888887,4.910277777777777,0.565866851595007
7.373467406380018,8.648763888888887,4.910277777777777,0.565866851595007,7.373467406380018,8.648763888888887,4.910277777777777,0.565866851595007,7.45,9.56,4.8,0.33
7.55,9.97,4.7,0.33,7.45,9.56,4.8,0.33,7.373467406380018,8.648763888888887,4.910277777777777,0.565866851595007
7.57,9.64,4.7,0.37,7.373467406380018,8.648763888888887,4.910277777777777,0.565866851595007,7.373467406380018,8.648763888888887,4.910277777777777,0.565866851595007
7.373467406380018,8.648763888888887,4.910277777777777,0.565866851595007,7.373467406380018,8.648763888888887,4.910277777777777,0.565866851595007,7.55,9.97,4.7,0.33
7.55,9.04,4.7,0.33,7.55,9.97,4.7,0.33,7.57,9.64,4.7,0.37
7.74,9.12,4.6,0.31,7.57,9.64,4.7,0.37,7.373467406380018,8.648763888888887,4.910277777777777,0.565866851595007
7.53,9.23,4.3,0.33,7.373467406380018,8.648763888888887,4.910277777777777,0.565866851595007,7.55,9.04,4.7,0.33
7.54,8.96,4.4,0.34,7.55,9.04,4.7,0.33,7.74,9.12,4.6,0.31
7.72,8.6,4.4,0.42,7.74,9.12,4.6,0.31,7.53,9.23,4.3,0.33
7.57,9.06,4.2,0.44,7.53,9.23,4.3,0.33,7.54,8.96,4.4,0.34
7.76,10.3,4.7,0.23,7.54,8.96,4.4,0.34,7.72,8.6,4.4,0.42
7.59,10.0,5.2,0.26,7.72,8.6,4.4,0.42,7.57,9.06,4.2,0.44
7.41,8.43,6.5,0.32,7.57,9.06,4.2,0.44,7.76,10.3,4.7,0.23
7.53,8.18,6.1,0.43,7.76,10.3,4.7,0.23,7.59,10.0,5.2,0.26
7.373467406380018,8.648763888888887,4.910277777777777,0.565866851595007,7.59,10.0,5.2,0.26,7.41,8.43,6.5,0.32
7.22,8.17,5.7,0.34,7.41,8.43,6.5,0.32,7.53,8.18,6.1,0.43
7.373467406380018,8.648763888888887,4.910277777777777,0.565866851595007,7.53,8.18,6.1,0.43,7.373467406380018,8.648763888888887,4.910277777777777,0.565866851595007
7.52,8.78,5.8,0.24,7.373467406380018,8.648763888888887,4.910277777777777,0.565866851595007,7.22,8.17,5.7,0.34
7.373467406380018,8.648763888888887,4.910277777777777,0.565866851595007,7.22,8.17,5.7,0.34,7.373467406380018,8.648763888888887,4.910277777777777,0.565866851595007
7.373467406380018,8.648763888888887,4.910277777777777,0.565866851595007,7.373467406380018,8.648763888888887,4.910277777777777,0.565866851595007,7.52,8.78,5.8,0.24
7.373467406380018,8.648763888888887,4.910277777777777,0.565866851595007,7.52,8.78,5.8,0.24,7.373467406380018,8.648763888888887,4.910277777777777,0.565866851595007
7.373467406380018,8.648763888888887,4.910277777777777,0.565866851595007,7.373467406380018,8.648763888888887,4.910277777777777,0.565866851595007,7.373467406380018,8.648763888888887,4.910277777777777,0.565866851595007
7.373467406380018,8.648763888888887,4.910277777777777,0.565866851595007,7.373467406380018,8.648763888888887,4.910277777777777,0.565866851595007,7.373467406380018,8.648763888888887,4.910277777777777,0.565866851595007
7.373467406380018,8.648763888888887,4.910277777777777,0.565866851595007,7.373467406380018,8.648763888888887,4.910277777777777,0.565866851595007,7.373467406380018,8.648763888888887,4.910277777777777,0.565866851595007
6.64,6.82,6.2,0.19,7.373467406380018,8.648763888888887,4.910277777777777,0.565866851595007,7.373467406380018,8.648763888888887,4.910277777777777,0.565866851595007
6.83,9.49,6.2,0.19,7.373467406380018,8.648763888888887,4.910277777777777,0.565866851595007,7.373467406380018,8.648763888888887,4.910277777777777,0.565866851595007
7.373467406380018,8.648763888888887,4.910277777777777,0.565866851595007,7.373467406380018,8.648763888888887,4.910277777777777,0.565866851595007,6.64,6.82,6.2,0.19
7.373467406380018,8.648763888888887,4.910277777777777,0.565866851595007,6.64,6.82,6.2,0.19,6.83,9.49,6.2,0.19
7.373467406380018,8.648763888888887,4.910277777777777,0.565866851595007,6.83,9.49,6.2,0.19,7.373467406380018,8.648763888888887,4.910277777777777,0.565866851595007
7.23,9.0,6.4,0.17,7.373467406380018,8.648763888888887,4.910277777777777,0.565866851595007,7.373467406380018,8.648763888888887,4.910277777777777,0.565866851595007
7.373467406380018,8.648763888888887,4.910277777777777,0.565866851595007,7.373467406380018,8.648763888888887,4.910277777777777,0.565866851595007,7.373467406380018,8.648763888888887,4.910277777777777,0.565866851595007
7.22,10.0,5.2,0.18,7.373467406380018,8.648763888888887,4.910277777777777,0.565866851595007,7.23,9.0,6.4,0.17
7.373467406380018,8.648763888888887,4.910277777777777,0.565866851595007,7.23,9.0,6.4,0.17,7.373467406380018,8.648763888888887,4.910277777777777,0.565866851595007
7.373467406380018,8.648763888888887,4.910277777777777,0.565866851595007,7.373467406380018,8.648763888888887,4.910277777777777,0.565866851595007,7.22,10.0,5.2,0.18
7.373467406380018,8.648763888888887,4.910277777777777,0.565866851595007,7.22,10.0,5.2,0.18,7.373467406380018,8.648763888888887,4.910277777777777,0.565866851595007
7.373467406380018,8.648763888888887,4.910277777777777,0.565866851595007,7.373467406380018,8.648763888888887,4.910277777777777,0.565866851595007,7.373467406380018,8.648763888888887,4.910277777777777,0.565866851595007
7.373467406380018,8.648763888888887,4.910277777777777,0.565866851595007,7.373467406380018,8.648763888888887,4.910277777777777,0.565866851595007,7.373467406380018,8.648763888888887,4.910277777777777,0.565866851595007
7.25,11.6,4.3,0.25,7.373467406380018,8.648763888888887,4.910277777777777,0.565866851595007,7.373467406380018,8.648763888888887,4.910277777777777,0.565866851595007
7.25,11.4,4.7,0.22,7.373467406380018,8.648763888888887,4.910277777777777,0.565866851595007,7.373467406380018,8.648763888888887,4.910277777777777,0.565866851595007
7.55,11.6,4.4,0.2,7.373467406380018,8.648763888888887,4.910277777777777,0.565866851595007,7.25,11.6,4.3,0.25
7.373467406380018,8.648763888888887,4.910277777777777,0.565866851595007,7.25,11.6,4.3,0.25,7.25,11.4,4.7,0.22
7.373467406380018,8.648763888888887,4.910277777777777,0.565866851595007,7.25,11.4,4.7,0.22,7.55,11.6,4.4,0.2
7.373467406380018,8.648763888888887,4.910277777777777,0.565866851595007,7.55,11.6,4.4,0.2,7.373467406380018,8.648763888888887,4.910277777777777,0.565866851595007
7.373467406380018,8.648763888888887,4.910277777777777,0.565866851595007,7.373467406380018,8.648763888888887,4.910277777777777,0.565866851595007,7.373467406380018,8.648763888888887,4.910277777777777,0.565866851595007
7.74,10.7,5.2,0.36,7.373467406380018,8.648763888888887,4.910277777777777,0.565866851595007,7.373467406380018,8.648763888888887,4.910277777777777,0.565866851595007
7.59,12.1,5.6,0.34,7.373467406380018,8.648763888888887,4.910277777777777,0.565866851595007,7.373467406380018,8.648763888888887,4.910277777777777,0.565866851595007
