7.72,5.19,9.6,1.83,7.71,6.61,9.4,1.85,8.06,5.47,9.9,2.81
7.84,6.27,9.7,1.93,8.06,5.47,9.9,2.81,7.498088642659277,6.289695290858719,3.6234072022160637,0.5366712898751733
8.19,6.38,8.2,1.86,7.498088642659277,6.289695290858719,3.6234072022160637,0.5366712898751733,7.72,5.19,9.6,1.83
8.03,5.92,9.4,1.89,7.72,5.19,9.6,1.83,7.84,6.27,9.7,1.93
7.97,4.86,9.5,1.93,7.84,6.27,9.7,1.93,8.19,6.38,8.2,1.86
7.98,4.29,9.8,1.86,8.19,6.38,8.2,1.86,8.03,5.92,9.4,1.89
7.47,3.55,9.4,1.87,8.03,5.92,9.4,1.89,7.97,4.86,9.5,1.93
6.88,3.35,9.9,1.87,7.97,4.86,9.5,1.93,7.98,4.29,9.8,1.86
6.95,3.58,9.8,1.92,7.98,4.29,9.8,1.86,7.47,3.55,9.4,1.87
6.99,3.26,9.8,1.86,7.47,3.55,9.4,1.87,6.88,3.35,9.9,1.87
6.82,3.23,9.2,1.76,6.88,3.35,9.9,1.87,6.95,3.58,9.8,1.92
6.73,3.35,10.4,1.73,6.95,3.58,9.8,1.92,6.99,3.26,9.8,1.86
6.9,3.58,10.4,2.19,6.99,3.26,9.8,1.86,6.82,3.23,9.2,1.76
6.89,3.78,8.4,1.34,6.82,3.23,9.2,1.76,6.73,3.35,10.4,1.73
6.88,4.43,6.4,1.49,6.73,3.35,10.4,1.73,6.9,3.58,10.4,2.19
7.13,5.86,5.0,1.02,6.9,3.58,10.4,2.19,6.89,3.78,8.4,1.34
7.12,5.75,3.8,1.02,6.89,3.78,8.4,1.34,6.88,4.43,6.4,1.49
7.16,4.47,5.0,0.91,6.88,4.43,6.4,1.49,7.13,5.86,5.0,1.02
7.23,3.62,3.9,1.17,7.13,5.86,5.0,1.02,7.12,5.75,3.8,1.02
7.24,5.14,3.9,0.63,7.12,5.75,3.8,1.02,7.16,4.47,5.0,0.91
7.22,6.23,4.3,0.53,7.16,4.47,5.0,0.91,7.23,3.62,3.9,1.17
7.26,6.16,4.0,0.53,7.23,3.62,3.9,1.17,7.24,5.14,3.9,0.63
7.83,5.82,4.5,0.65,7.24,5.14,3.9,0.63,7.22,6.23,4.3,0.53
7.6,5.33,4.6,1.03,7.22,6.23,4.3,0.53,7.26,6.16,4.0,0.53
7.498088642659277,6.289695290858719,3.6234072022160637,0.5366712898751733,7.26,6.16,4.0,0.53,7.83,5.82,4.5,0.65
7.498088642659277,6.289695290858719,3.6234072022160637,0.5366712898751733,7.83,5.82,4.5,0.65,7.6,5.33,4.6,1.03
7.498088642659277,6.289695290858719,3.6234072022160637,0.5366712898751733,7.6,5.33,4.6,1.03,7.498088642659277,6.289695290858719,3.6234072022160637,0.5366712898751733
7.5,6.15,5.2,0.49,7.498088642659277,6.289695290858719,3.6234072022160637,0.5366712898751733,7.498088642659277,6.289695290858719,3.6234072022160637,0.5366712898751733
7.44,5.41,4.7,0.48,7.498088642659277,6.289695290858719,3.6234072022160637,0.5366712898751733,7.498088642659277,6.289695290858719,3.6234072022160637,0.5366712898751733
7.5,5.62,4.6,0.4,7.498088642659277,6.289695290858719,3.6234072022160637,0.5366712898751733,7.5,6.15,5.2,0.49
7.33,5.47,4.1,0.4,7.5,6.15,5.2,0.49,7.44,5.41,4.7,0.48
7.44,5.78,3.1,0.25,7.44,5.41,4.7,0.48,7.5,5.62,4.6,0.4
7.44,5.76,2.9,0.3,7.5,5.62,4.6,0.4,7.33,5.47,4.1,0.4
7.53,6.68,3.6,0.29,7.33,5.47,4.1,0.4,7.44,5.78,3.1,0.25
7.45,6.02,2.7,0.29,7.44,5.78,3.1,0.25,7.44,5.76,2.9,0.3
7.498088642659277,6.289695290858719,3.6234072022160637,0.5366712898751733,7.44,5.76,2.9,0.3,7.53,6.68,3.6,0.29
7.47,6.44,1.9,0.25,7.53,6.68,3.6,0.29,7.45,6.02,2.7,0.29
7.29,7.37,2.0,0.26,7.45,6.02,2.7,0.29,7.498088642659277,6.289695290858719,3.6234072022160637,0.5366712898751733
7.16,7.01,2.0,0.28,7.498088642659277,6.289695290858719,3.6234072022160637,0.5366712898751733,7.47,6.44,1.9,0.25
7.39,6.96,2.6,0.24,7.47,6.44,1.9,0.25,7.29,7.37,2.0,0.26
7.45,6.66,2.9,0.21,7.29,7.37,2.0,0.26,7.16,7.01,2.0,0.28
7.49,6.63,3.4,0.26,7.16,7.01,2.0,0.28,7.39,6.96,2.6,0.24
7.42,6.22,3.5,0.23,7.39,6.96,2.6,0.24,7.45,6.66,2.9,0.21
7.49,7.21,2.6,0.19,7.45,6.66,2.9,0.21,7.49,6.63,3.4,0.26
7.38,7.92,2.1,0.27,7.49,6.63,3.4,0.26,7.42,6.22,3.5,0.23
7.36,7.18,1.9,0.28,7.42,6.22,3.5,0.23,7.49,7.21,2.6,0.19
7.3,7.89,2.5,0.36,7.49,7.21,2.6,0.19,7.38,7.92,2.1,0.27
7.38,6.84,3.0,0.54,7.38,7.92,2.1,0.27,7.36,7.18,1.9,0.28
7.37,6.37,3.6,0.58,7.36,7.18,1.9,0.28,7.3,7.89,2.5,0.36
7.32,6.93,4.7,0.8,7.3,7.89,2.5,0.36,7.38,6.84,3.0,0.54
7.47,7.5,3.9,0.83,7.38,6.84,3.0,0.54,7.37,6.37,3.6,0.58
7.43,6.41,4.6,1.6,7.37,6.37,3.6,0.58,7.32,6.93,4.7,0.8
7.39,6.08,5.2,1.59,7.32,6.93,4.7,0.8,7.47,7.5,3.9,0.83
7.44,5.97,5.3,1.8,7.47,7.5,3.9,0.83,7.43,6.41,4.6,1.6
7.42,5.62,4.0,1.98,7.43,6.41,4.6,1.6,7.39,6.08,5.2,1.59
7.498088642659277,6.289695290858719,3.6234072022160637,0.5366712898751733,7.39,6.08,5.2,1.59,7.44,5.97,5.3,1.8
7.32,5.25,4.0,0.82,7.44,5.97,5.3,1.8,7.42,5.62,4.0,1.98
7.31,6.29,3.8,0.62,7.42,5.62,4.0,1.98,7.498088642659277,6.289695290858719,3.6234072022160637,0.5366712898751733
7.25,5.26,4.3,0.82,7.498088642659277,6.289695290858719,3.6234072022160637,0.5366712898751733,7.32,5.25,4.0,0.82
7.18,5.22,4.5,0.55,7.32,5.25,4.0,0.82,7.31,6.29,3.8,0.62
7.23,4.04,4.1,0.88,7.31,6.29,3.8,0.62,7.25,5.26,4.3,0.82
7.23,3.59,4.2,0.82,7.25,5.26,4.3,0.82,7.18,5.22,4.5,0.55
7.13,3.89,3.7,0.44,7.18,5.22,4.5,0.55,7.23,4.04,4.1,0.88
7.15,3.61,6.9,0.86,7.23,4.04,4.1,0.88,7.23,3.59,4.2,0.82
7.17,3.88,5.4,0.56,7.23,3.59,4.2,0.82,7.13,3.89,3.7,0.44
7.22,4.1,4.1,0.38,7.13,3.89,3.7,0.44,7.15,3.61,6.9,0.86
7.24,4.58,3.7,0.36,7.15,3.61,6.9,0.86,7.17,3.88,5.4,0.56
7.16,2.96,4.1,0.46,7.17,3.88,5.4,0.56,7.22,4.1,4.1,0.38
7.25,4.56,3.4,0.35,7.22,4.1,4.1,0.38,7.24,4.58,3.7,0.36
7.29,4.81,3.9,0.35,7.24,4.58,3.7,0.36,7.16,2.96,4.1,0.46
7.24,5.44,4.1,0.32,7.16,2.96,4.1,0.46,7.25,4.56,3.4,0.35
7.1,5.3,4.9,0.34,7.25,4.56,3.4,0.35,7.29,4.81,3.9,0.35
7.35,5.92,3.3,0.31,7.29,4.81,3.9,0.35,7.24,5.44,4.1,0.32
7.19,5.97,3.0,0.31,7.24,5.44,4.1,0.32,7.1,5.3,4.9,0.34
7.13,5.68,3.4,0.32,7.1,5.3,4.9,0.34,7.35,5.92,3.3,0.31
7.2,4.65,3.2,0.34,7.35,5.92,3.3,0.31,7.19,5.97,3.0,0.31
7.37,6.21,4.7,0.41,7.19,5.97,3.0,0.31,7.13,5.68,3.4,0.32
7.36,6.31,2.9,0.34,7.13,5.68,3.4,0.32,7.2,4.65,3.2,0.34
7.38,5.97,3.7,0.32,7.2,4.65,3.2,0.34,7.37,6.21,4.7,0.41
7.33,5.23,4.2,0.34,7.37,6.21,4.7,0.41,7.36,6.31,2.9,0.34
7.16,6.29,4.2,0.33,7.36,6.31,2.9,0.34,7.38,5.97,3.7,0.32
7.23,6.38,5.4,0.32,7.38,5.97,3.7,0.32,7.33,5.23,4.2,0.34
7.54,6.44,3.4,0.3,7.33,5.23,4.2,0.34,7.16,6.29,4.2,0.33
7.59,7.34,2.3,0.28,7.16,6.29,4.2,0.33,7.23,6.38,5.4,0.32
7.48,6.43,2.4,0.29,7.23,6.38,5.4,0.32,7.54,6.44,3.4,0.3
7.39,6.6,2.1,0.32,7.54,6.44,3.4,0.3,7.59,7.34,2.3,0.28
7.33,6.49,2.3,0.25,7.59,7.34,2.3,0.28,7.48,6.43,2.4,0.29
7.54,5.77,4.0,0.29,7.48,6.43,2.4,0.29,7.39,6.6,2.1,0.32
7.61,5.91,3.3,0.21,7.39,6.6,2.1,0.32,7.33,6.49,2.3,0.25
7.71,6.16,2.6,0.3,7.33,6.49,2.3,0.25,7.54,5.77,4.0,0.29
7.9,6.78,2.0,0.22,7.54,5.77,4.0,0.29,7.61,5.91,3.3,0.21
8.02,6.8,3.5,0.27,7.61,5.91,3.3,0.21,7.71,6.16,2.6,0.3
8.05,7.0,4.1,0.32,7.71,6.16,2.6,0.3,7.9,6.78,2.0,0.22
7.69,6.89,4.5,0.29,7.9,6.78,2.0,0.22,8.02,6.8,3.5,0.27
7.62,6.39,4.7,0.32,8.02,6.8,3.5,0.27,8.05,7.0,4.1,0.32
7.6,6.39,5.2,0.52,8.05,7.0,4.1,0.32,7.69,6.89,4.5,0.29
7.67,7.61,4.1,0.46,7.69,6.89,4.5,0.29,7.62,6.39,4.7,0.32
7.73,7.84,6.9,0.41,7.62,6.39,4.7,0.32,7.6,6.39,5.2,0.52
7.64,7.5,4.6,0.55,7.6,6.39,5.2,0.52,7.67,7.61,4.1,0.46
7.6,7.71,4.5,0.51,7.67,7.61,4.1,0.46,7.73,7.84,6.9,0.41
7.73,7.85,4.0,0.54,7.73,7.84,6.9,0.41,7.64,7.5,4.6,0.55
7.72,6.83,4.4,0.74,7.64,7.5,4.6,0.55,7.6,7.71,4.5,0.51
7.69,6.59,4.1,1.0,7.6,7.71,4.5,0.51,7.73,7.85,4.0,0.54
7.68,6.62,4.2,1.13,7.73,7.85,4.0,0.54,7.72,6.83,4.4,0.74
7.68,5.94,4.8,1.41,7.72,6.83,4.4,0.74,7.69,6.59,4.1,1.0
7.64,6.44,4.5,1.58,7.69,6.59,4.1,1.0,7.68,6.62,4.2,1.13
7.82,6.0,4.5,1.06,7.68,6.62,4.2,1.13,7.68,5.94,4.8,1.41
7.81,5.73,5.3,0.58,7.68,5.94,4.8,1.41,7.64,6.44,4.5,1.58
7.63,5.41,5.7,0.98,7.64,6.44,4.5,1.58,7.82,6.0,4.5,1.06
7.61,5.57,5.7,1.46,7.82,6.0,4.5,1.06,7.81,5.73,5.3,0.58
7.63,5.25,5.1,1.39,7.81,5.73,5.3,0.58,7.63,5.41,5.7,0.98
7.71,4.33,5.2,0.84,7.63,5.41,5.7,0.98,7.61,5.57,5.7,1.46
7.91,4.33,6.2,1.36,7.61,5.57,5.7,1.46,7.63,5.25,5.1,1.39
7.73,3.77,5.5,0.96,7.63,5.25,5.1,1.39,7.71,4.33,5.2,0.84
7.52,3.47,5.4,0.77,7.71,4.33,5.2,0.84,7.91,4.33,6.2,1.36
7.42,3.0,5.5,0.48,7.91,4.33,6.2,1.36,7.73,3.77,5.5,0.96
7.47,2.87,5.0,0.54,7.73,3.77,5.5,0.96,7.52,3.47,5.4,0.77
7.6,5.17,3.6,0.16,7.52,3.47,5.4,0.77,7.42,3.0,5.5,0.48
7.498088642659277,6.289695290858719,3.6234072022160637,0.5366712898751733,7.42,3.0,5.5,0.48,7.47,2.87,5.0,0.54
7.51,3.46,3.6,0.19,7.47,2.87,5.0,0.54,7.6,5.17,3.6,0.16
7.39,2.17,3.2,0.41,7.6,5.17,3.6,0.16,7.498088642659277,6.289695290858719,3.6234072022160637,0.5366712898751733
7.42,3.73,2.4,0.19,7.498088642659277,6.289695290858719,3.6234072022160637,0.5366712898751733,7.51,3.46,3.6,0.19
7.48,3.66,3.4,0.21,7.51,3.46,3.6,0.19,7.39,2.17,3.2,0.41
7.46,3.47,3.5,0.15,7.39,2.17,3.2,0.41,7.42,3.73,2.4,0.19
7.37,2.92,3.4,0.23,7.42,3.73,2.4,0.19,7.48,3.66,3.4,0.21
7.41,4.08,2.9,0.19,7.48,3.66,3.4,0.21,7.46,3.47,3.5,0.15
7.43,3.97,2.9,0.19,7.46,3.47,3.5,0.15,7.37,2.92,3.4,0.23
7.48,3.91,3.0,0.19,7.37,2.92,3.4,0.23,7.41,4.08,2.9,0.19
7.35,3.07,3.2,0.21,7.41,4.08,2.9,0.19,7.43,3.97,2.9,0.19
7.41,4.16,3.2,0.17,7.43,3.97,2.9,0.19,7.48,3.91,3.0,0.19
7.5,4.42,3.0,0.16,7.48,3.91,3.0,0.19,7.35,3.07,3.2,0.21
7.51,4.6,4.2,0.2,7.35,3.07,3.2,0.21,7.41,4.16,3.2,0.17
7.59,4.92,2.3,0.17,7.41,4.16,3.2,0.17,7.5,4.42,3.0,0.16
7.8,5.43,2.0,0.18,7.5,4.42,3.0,0.16,7.51,4.6,4.2,0.2
7.75,5.05,3.2,0.19,7.51,4.6,4.2,0.2,7.59,4.92,2.3,0.17
7.65,4.67,4.7,0.18,7.59,4.92,2.3,0.17,7.8,5.43,2.0,0.18
7.83,4.78,3.9,0.17,7.8,5.43,2.0,0.18,7.75,5.05,3.2,0.19
7.97,4.88,4.1,0.15,7.75,5.05,3.2,0.19,7.65,4.67,4.7,0.18
7.96,5.76,3.7,0.18,7.65,4.67,4.7,0.18,7.83,4.78,3.9,0.17
7.99,5.41,4.2,0.19,7.83,4.78,3.9,0.17,7.97,4.88,4.1,0.15
7.94,5.62,4.4,0.19,7.97,4.88,4.1,0.15,7.96,5.76,3.7,0.18
7.9,5.37,4.4,0.19,7.96,5.76,3.7,0.18,7.99,5.41,4.2,0.19
7.94,6.1,4.8,0.18,7.99,5.41,4.2,0.19,7.94,5.62,4.4,0.19
7.86,5.83,4.0,0.19,7.94,5.62,4.4,0.19,7.9,5.37,4.4,0.19
7.87,6.01,4.2,0.22,7.9,5.37,4.4,0.19,7.94,6.1,4.8,0.18
7.82,6.04,4.0,0.19,7.94,6.1,4.8,0.18,7.86,5.83,4.0,0.19
7.76,6.2,3.9,0.2,7.86,5.83,4.0,0.19,7.87,6.01,4.2,0.22
7.69,6.11,4.1,0.24,7.87,6.01,4.2,0.22,7.82,6.04,4.0,0.19
7.62,5.98,4.2,0.32,7.82,6.04,4.0,0.19,7.76,6.2,3.9,0.2
7.48,6.07,3.9,0.39,7.76,6.2,3.9,0.2,7.69,6.11,4.1,0.24
7.47,6.3,4.0,0.35,7.69,6.11,4.1,0.24,7.62,5.98,4.2,0.32
7.5,6.74,4.0,0.41,7.62,5.98,4.2,0.32,7.48,6.07,3.9,0.39
7.51,7.06,4.2,0.42,7.48,6.07,3.9,0.39,7.47,6.3,4.0,0.35
7.498088642659277,6.289695290858719,3.6234072022160637,0.5366712898751733,7.47,6.3,4.0,0.35,7.5,6.74,4.0,0.41
7.51,5.9,4.2,0.59,7.5,6.74,4.0,0.41,7.51,7.06,4.2,0.42
7.57,6.04,4.6,1.13,7.51,7.06,4.2,0.42,7.498088642659277,6.289695290858719,3.6234072022160637,0.5366712898751733
7.55,5.98,4.4,1.4,7.498088642659277,6.289695290858719,3.6234072022160637,0.5366712898751733,7.51,5.9,4.2,0.59
7.55,5.66,4.4,1.53,7.51,5.9,4.2,0.59,7.57,6.04,4.6,1.13
7.55,5.87,4.2,0.87,7.57,6.04,4.6,1.13,7.55,5.98,4.4,1.4
7.5,4.66,5.0,1.69,7.55,5.98,4.4,1.4,7.55,5.66,4.4,1.53
7.48,4.15,5.1,1.61,7.55,5.66,4.4,1.53,7.55,5.87,4.2,0.87
7.51,4.52,4.8,0.85,7.55,5.87,4.2,0.87,7.5,4.66,5.0,1.69
7.54,4.7,4.5,0.44,7.5,4.66,5.0,1.69,7.48,4.15,5.1,1.61
7.46,3.85,4.9,1.21,7.48,4.15,5.1,1.61,7.51,4.52,4.8,0.85
7.44,3.79,4.9,1.83,7.51,4.52,4.8,0.85,7.54,4.7,4.5,0.44
7.43,3.75,4.6,1.19,7.54,4.7,4.5,0.44,7.46,3.85,4.9,1.21
7.54,3.72,5.0,1.24,7.46,3.85,4.9,1.21,7.44,3.79,4.9,1.83
7.51,3.31,5.7,1.09,7.44,3.79,4.9,1.83,7.43,3.75,4.6,1.19
7.45,3.37,6.7,1.58,7.43,3.75,4.6,1.19,7.54,3.72,5.0,1.24
7.48,3.55,6.8,0.44,7.54,3.72,5.0,1.24,7.51,3.31,5.7,1.09
7.44,2.54,6.1,0.89,7.51,3.31,5.7,1.09,7.45,3.37,6.7,1.58
7.44,3.31,5.1,1.52,7.45,3.37,6.7,1.58,7.48,3.55,6.8,0.44
7.38,3.26,5.3,0.64,7.48,3.55,6.8,0.44,7.44,2.54,6.1,0.89
7.25,2.32,3.4,0.38,7.44,2.54,6.1,0.89,7.44,3.31,5.1,1.52
7.36,3.55,4.7,0.35,7.44,3.31,5.1,1.52,7.38,3.26,5.3,0.64
7.23,2.46,3.7,0.35,7.38,3.26,5.3,0.64,7.25,2.32,3.4,0.38
7.21,2.27,3.0,0.31,7.25,2.32,3.4,0.38,7.36,3.55,4.7,0.35
7.22,3.55,3.0,0.3,7.36,3.55,4.7,0.35,7.23,2.46,3.7,0.35
7.23,4.0,3.0,0.31,7.23,2.46,3.7,0.35,7.21,2.27,3.0,0.31
7.32,4.15,2.3,0.28,7.21,2.27,3.0,0.31,7.22,3.55,3.0,0.3
7.36,4.15,2.9,0.34,7.22,3.55,3.0,0.3,7.23,4.0,3.0,0.31
7.72,4.94,3.2,0.24,7.23,4.0,3.0,0.31,7.32,4.15,2.3,0.28
7.57,4.51,2.9,0.26,7.32,4.15,2.3,0.28,7.36,4.15,2.9,0.34
7.58,5.37,2.8,0.28,7.36,4.15,2.9,0.34,7.72,4.94,3.2,0.24
7.49,4.3,3.3,0.25,7.72,4.94,3.2,0.24,7.57,4.51,2.9,0.26
7.46,4.3,4.5,0.26,7.57,4.51,2.9,0.26,7.58,5.37,2.8,0.28
7.55,4.52,3.2,0.23,7.58,5.37,2.8,0.28,7.49,4.3,3.3,0.25
7.57,4.81,2.6,0.28,7.49,4.3,3.3,0.25,7.46,4.3,4.5,0.26
7.38,4.25,5.0,0.28,7.46,4.3,4.5,0.26,7.55,4.52,3.2,0.23
7.45,4.92,3.4,0.27,7.55,4.52,3.2,0.23,7.57,4.81,2.6,0.28
7.44,4.87,3.6,0.27,7.57,4.81,2.6,0.28,7.38,4.25,5.0,0.28
7.48,5.48,2.9,0.28,7.38,4.25,5.0,0.28,7.45,4.92,3.4,0.27
7.63,4.99,3.2,0.27,7.45,4.92,3.4,0.27,7.44,4.87,3.6,0.27
7.54,4.59,3.2,0.33,7.44,4.87,3.6,0.27,7.48,5.48,2.9,0.28
7.63,5.5,2.9,0.32,7.48,5.48,2.9,0.28,7.63,4.99,3.2,0.27
7.7,5.97,2.4,0.31,7.63,4.99,3.2,0.27,7.54,4.59,3.2,0.33
7.55,5.82,2.8,0.32,7.54,4.59,3.2,0.33,7.63,5.5,2.9,0.32
7.55,5.82,2.8,0.32,7.63,5.5,2.9,0.32,7.7,5.97,2.4,0.31
7.6,5.67,2.9,0.33,7.7,5.97,2.4,0.31,7.55,5.82,2.8,0.32
7.64,5.62,2.7,0.37,7.55,5.82,2.8,0.32,7.55,5.82,2.8,0.32
7.58,5.51,3.0,0.37,7.55,5.82,2.8,0.32,7.6,5.67,2.9,0.33
7.66,5.98,3.6,0.35,7.6,5.67,2.9,0.33,7.64,5.62,2.7,0.37
7.66,5.94,3.8,0.43,7.64,5.62,2.7,0.37,7.58,5.51,3.0,0.37
7.68,5.72,4.1,0.63,7.58,5.51,3.0,0.37,7.66,5.98,3.6,0.35
7.58,5.69,3.9,0.78,7.66,5.98,3.6,0.35,7.66,5.94,3.8,0.43
7.53,5.59,3.2,0.7,7.66,5.94,3.8,0.43,7.68,5.72,4.1,0.63
7.53,5.23,3.5,0.97,7.68,5.72,4.1,0.63,7.58,5.69,3.9,0.78
7.51,5.98,3.2,0.59,7.58,5.69,3.9,0.78,7.53,5.59,3.2,0.7
7.52,5.51,3.3,0.79,7.53,5.59,3.2,0.7,7.53,5.23,3.5,0.97
7.62,5.91,3.1,1.18,7.53,5.23,3.5,0.97,7.51,5.98,3.2,0.59
7.72,6.61,3.3,1.28,7.51,5.98,3.2,0.59,7.52,5.51,3.3,0.79
7.498088642659277,6.289695290858719,3.6234072022160637,0.5366712898751733,7.52,5.51,3.3,0.79,7.62,5.91,3.1,1.18
7.63,7.03,2.9,0.6,7.62,5.91,3.1,1.18,7.72,6.61,3.3,1.28
7.6,6.43,3.1,0.49,7.72,6.61,3.3,1.28,7.498088642659277,6.289695290858719,3.6234072022160637,0.5366712898751733
7.56,5.73,3.1,0.66,7.498088642659277,6.289695290858719,3.6234072022160637,0.5366712898751733,7.63,7.03,2.9,0.6
7.57,4.12,4.3,0.88,7.63,7.03,2.9,0.6,7.6,6.43,3.1,0.49
7.61,3.63,4.5,1.25,7.6,6.43,3.1,0.49,7.56,5.73,3.1,0.66
7.64,3.33,5.4,1.44,7.56,5.73,3.1,0.66,7.57,4.12,4.3,0.88
7.58,3.18,4.6,0.89,7.57,4.12,4.3,0.88,7.61,3.63,4.5,1.25
7.58,3.19,4.0,0.84,7.61,3.63,4.5,1.25,7.64,3.33,5.4,1.44
7.69,3.35,3.7,0.33,7.64,3.33,5.4,1.44,7.58,3.18,4.6,0.89
7.68,3.2,4.4,0.45,7.58,3.18,4.6,0.89,7.58,3.19,4.0,0.84
7.62,2.88,3.0,0.46,7.58,3.19,4.0,0.84,7.69,3.35,3.7,0.33
7.7,4.03,2.1,0.31,7.69,3.35,3.7,0.33,7.68,3.2,4.4,0.45
7.77,4.49,3.5,0.33,7.68,3.2,4.4,0.45,7.62,2.88,3.0,0.46
7.71,4.14,4.4,0.5,7.62,2.88,3.0,0.46,7.7,4.03,2.1,0.31
7.78,5.46,4.3,0.38,7.7,4.03,2.1,0.31,7.77,4.49,3.5,0.33
7.83,6.17,3.6,0.39,7.77,4.49,3.5,0.33,7.71,4.14,4.4,0.5
7.98,5.5,3.3,0.38,7.71,4.14,4.4,0.5,7.78,5.46,4.3,0.38
7.86,4.58,4.1,0.39,7.78,5.46,4.3,0.38,7.83,6.17,3.6,0.39
7.82,4.31,3.9,0.37,7.83,6.17,3.6,0.39,7.98,5.5,3.3,0.38
8.0,5.66,2.9,0.32,7.98,5.5,3.3,0.38,7.86,4.58,4.1,0.39
7.88,5.43,2.5,0.3,7.86,4.58,4.1,0.39,7.82,4.31,3.9,0.37
7.94,5.9,2.1,0.28,7.82,4.31,3.9,0.37,8.0,5.66,2.9,0.32
7.76,4.9,2.1,0.32,8.0,5.66,2.9,0.32,7.88,5.43,2.5,0.3
7.77,4.5,2.6,0.31,7.88,5.43,2.5,0.3,7.94,5.9,2.1,0.28
7.81,5.17,2.6,0.3,7.94,5.9,2.1,0.28,7.76,4.9,2.1,0.32
7.54,4.99,4.0,0.27,7.76,4.9,2.1,0.32,7.77,4.5,2.6,0.31
8.05,5.58,1.6,0.27,7.77,4.5,2.6,0.31,7.81,5.17,2.6,0.3
8.08,5.33,1.6,0.35,7.81,5.17,2.6,0.3,7.54,4.99,4.0,0.27
8.09,5.5,2.7,0.31,7.54,4.99,4.0,0.27,8.05,5.58,1.6,0.27
8.05,6.16,2.6,0.26,8.05,5.58,1.6,0.27,8.08,5.33,1.6,0.35
8.02,5.62,3.2,0.24,8.08,5.33,1.6,0.35,8.09,5.5,2.7,0.31
7.74,5.71,2.8,0.21,8.09,5.5,2.7,0.31,8.05,6.16,2.6,0.26
7.54,4.64,5.3,0.42,8.05,6.16,2.6,0.26,8.02,5.62,3.2,0.24
7.73,5.85,3.0,0.28,8.02,5.62,3.2,0.24,7.74,5.71,2.8,0.21
7.65,6.23,2.2,0.24,7.74,5.71,2.8,0.21,7.54,4.64,5.3,0.42
7.76,6.66,2.3,0.22,7.54,4.64,5.3,0.42,7.73,5.85,3.0,0.28
7.81,6.58,2.6,0.22,7.73,5.85,3.0,0.28,7.65,6.23,2.2,0.24
7.87,6.87,2.1,0.25,7.65,6.23,2.2,0.24,7.76,6.66,2.3,0.22
7.85,7.15,1.7,0.28,7.76,6.66,2.3,0.22,7.81,6.58,2.6,0.22
7.86,7.51,1.9,0.27,7.81,6.58,2.6,0.22,7.87,6.87,2.1,0.25
7.79,7.5,2.7,0.24,7.87,6.87,2.1,0.25,7.85,7.15,1.7,0.28
7.92,7.9,3.0,0.19,7.85,7.15,1.7,0.28,7.86,7.51,1.9,0.27
7.59,7.96,3.2,0.24,7.86,7.51,1.9,0.27,7.79,7.5,2.7,0.24
7.22,8.37,2.1,0.24,7.79,7.5,2.7,0.24,7.92,7.9,3.0,0.19
7.14,7.78,2.6,0.32,7.92,7.9,3.0,0.19,7.59,7.96,3.2,0.24
7.23,7.99,3.7,0.36,7.59,7.96,3.2,0.24,7.22,8.37,2.1,0.24
7.19,7.9,3.7,0.33,7.22,8.37,2.1,0.24,7.14,7.78,2.6,0.32
7.26,7.97,2.9,0.32,7.14,7.78,2.6,0.32,7.23,7.99,3.7,0.36
8.01,7.26,2.6,0.39,7.23,7.99,3.7,0.36,7.19,7.9,3.7,0.33
7.85,7.18,3.1,0.53,7.19,7.9,3.7,0.33,7.26,7.97,2.9,0.32
7.84,8.33,2.8,0.33,7.26,7.97,2.9,0.32,8.01,7.26,2.6,0.39
7.72,8.42,2.8,0.17,8.01,7.26,2.6,0.39,7.85,7.18,3.1,0.53
7.79,6.68,3.7,0.22,7.85,7.18,3.1,0.53,7.84,8.33,2.8,0.33
8.12,6.35,3.3,0.28,7.84,8.33,2.8,0.33,7.72,8.42,2.8,0.17
8.03,6.46,3.5,0.33,7.72,8.42,2.8,0.17,7.79,6.68,3.7,0.22
8.07,5.83,4.4,0.59,7.79,6.68,3.7,0.22,8.12,6.35,3.3,0.28
8.06,5.54,4.2,0.64,8.12,6.35,3.3,0.28,8.03,6.46,3.5,0.33
8.13,5.9,4.0,0.3,8.03,6.46,3.5,0.33,8.07,5.83,4.4,0.59
8.02,4.76,4.1,0.27,8.07,5.83,4.4,0.59,8.06,5.54,4.2,0.64
7.91,4.02,4.2,0.69,8.06,5.54,4.2,0.64,8.13,5.9,4.0,0.3
7.97,4.94,4.2,0.27,8.13,5.9,4.0,0.3,8.02,4.76,4.1,0.27
8.01,5.6,4.6,0.22,8.02,4.76,4.1,0.27,7.91,4.02,4.2,0.69
7.71,3.49,4.1,0.44,7.91,4.02,4.2,0.69,7.97,4.94,4.2,0.27
7.91,4.69,2.8,0.24,7.97,4.94,4.2,0.27,8.01,5.6,4.6,0.22
8.16,4.7,3.0,0.23,8.01,5.6,4.6,0.22,7.71,3.49,4.1,0.44
7.28,4.7,2.8,0.28,7.71,3.49,4.1,0.44,7.91,4.69,2.8,0.24
7.49,5.82,2.8,0.27,7.91,4.69,2.8,0.24,8.16,4.7,3.0,0.23
7.58,6.03,3.7,0.25,8.16,4.7,3.0,0.23,7.28,4.7,2.8,0.28
7.62,6.48,4.0,0.24,7.28,4.7,2.8,0.28,7.49,5.82,2.8,0.27
7.41,4.22,4.0,0.3,7.49,5.82,2.8,0.27,7.58,6.03,3.7,0.25
7.47,4.24,3.8,0.27,7.58,6.03,3.7,0.25,7.62,6.48,4.0,0.24
7.56,4.78,2.6,0.29,7.62,6.48,4.0,0.24,7.41,4.22,4.0,0.3
8.26,4.21,4.0,0.38,7.41,4.22,4.0,0.3,7.47,4.24,3.8,0.27
8.05,5.36,2.6,0.24,7.47,4.24,3.8,0.27,7.56,4.78,2.6,0.29
7.49,4.57,3.2,0.23,7.56,4.78,2.6,0.29,8.26,4.21,4.0,0.38
7.35,4.68,4.6,0.24,8.26,4.21,4.0,0.38,8.05,5.36,2.6,0.24
7.31,5.04,4.0,0.3,8.05,5.36,2.6,0.24,7.49,4.57,3.2,0.23
7.23,5.17,2.9,0.2,7.49,4.57,3.2,0.23,7.35,4.68,4.6,0.24
7.59,5.91,2.0,0.21,7.35,4.68,4.6,0.24,7.31,5.04,4.0,0.3
7.51,5.37,2.9,0.27,7.31,5.04,4.0,0.3,7.23,5.17,2.9,0.2
7.48,5.38,3.3,0.28,7.23,5.17,2.9,0.2,7.59,5.91,2.0,0.21
7.56,5.58,2.7,0.19,7.59,5.91,2.0,0.21,7.51,5.37,2.9,0.27
7.32,4.69,5.0,0.33,7.51,5.37,2.9,0.27,7.48,5.38,3.3,0.28
7.45,5.6,4.6,0.29,7.48,5.38,3.3,0.28,7.56,5.58,2.7,0.19
7.43,5.97,3.5,0.29,7.56,5.58,2.7,0.19,7.32,4.69,5.0,0.33
7.26,5.91,3.7,0.19,7.32,4.69,5.0,0.33,7.45,5.6,4.6,0.29
7.63,6.25,2.8,0.19,7.45,5.6,4.6,0.29,7.43,5.97,3.5,0.29
7.78,7.03,2.7,0.18,7.43,5.97,3.5,0.29,7.26,5.91,3.7,0.19
7.77,7.23,2.6,0.16,7.26,5.91,3.7,0.19,7.63,6.25,2.8,0.19
7.58,7.07,2.6,0.15,7.63,6.25,2.8,0.19,7.78,7.03,2.7,0.18
7.41,6.79,2.7,0.12,7.78,7.03,2.7,0.18,7.77,7.23,2.6,0.16
7.72,6.73,2.8,0.19,7.77,7.23,2.6,0.16,7.58,7.07,2.6,0.15
7.8,7.84,2.8,0.33,7.58,7.07,2.6,0.15,7.41,6.79,2.7,0.12
7.78,7.66,2.6,0.42,7.41,6.79,2.7,0.12,7.72,6.73,2.8,0.19
7.42,7.22,2.9,0.29,7.72,6.73,2.8,0.19,7.8,7.84,2.8,0.33
7.4,7.15,2.7,0.27,7.8,7.84,2.8,0.33,7.78,7.66,2.6,0.42
7.37,7.2,3.5,0.25,7.78,7.66,2.6,0.42,7.42,7.22,2.9,0.29
7.498088642659277,6.289695290858719,3.6234072022160637,0.5366712898751733,7.42,7.22,2.9,0.29,7.4,7.15,2.7,0.27
7.54,7.18,3.5,0.42,7.4,7.15,2.7,0.27,7.37,7.2,3.5,0.25
7.47,6.96,3.4,0.63,7.37,7.2,3.5,0.25,7.498088642659277,6.289695290858719,3.6234072022160637,0.5366712898751733
7.46,7.17,3.2,0.58,7.498088642659277,6.289695290858719,3.6234072022160637,0.5366712898751733,7.54,7.18,3.5,0.42
7.43,7.34,2.5,0.4,7.54,7.18,3.5,0.42,7.47,6.96,3.4,0.63
7.44,6.73,3.0,0.73,7.47,6.96,3.4,0.63,7.46,7.17,3.2,0.58
7.45,5.9,3.8,1.07,7.46,7.17,3.2,0.58,7.43,7.34,2.5,0.4
7.52,5.79,4.3,1.42,7.43,7.34,2.5,0.4,7.44,6.73,3.0,0.73
7.59,7.13,3.7,1.09,7.44,6.73,3.0,0.73,7.45,5.9,3.8,1.07
7.66,8.28,3.0,0.29,7.45,5.9,3.8,1.07,7.52,5.79,4.3,1.42
7.59,6.58,3.3,0.38,7.52,5.79,4.3,1.42,7.59,7.13,3.7,1.09
7.6,5.76,4.0,1.21,7.59,7.13,3.7,1.09,7.66,8.28,3.0,0.29
7.59,5.29,4.1,0.94,7.66,8.28,3.0,0.29,7.59,6.58,3.3,0.38
7.5,4.24,4.3,0.96,7.59,6.58,3.3,0.38,7.6,5.76,4.0,1.21
7.51,4.42,4.3,1.22,7.6,5.76,4.0,1.21,7.59,5.29,4.1,0.94
7.48,4.42,4.0,0.76,7.59,5.29,4.1,0.94,7.5,4.24,4.3,0.96
7.36,4.68,3.4,0.78,7.5,4.24,4.3,0.96,7.51,4.42,4.3,1.22
7.34,4.73,3.4,0.23,7.51,4.42,4.3,1.22,7.48,4.42,4.0,0.76
7.44,5.02,3.3,0.33,7.48,4.42,4.0,0.76,7.36,4.68,3.4,0.78
7.17,3.72,3.6,0.28,7.36,4.68,3.4,0.78,7.34,4.73,3.4,0.23
7.39,2.86,3.6,0.24,7.34,4.73,3.4,0.23,7.44,5.02,3.3,0.33
7.48,4.16,3.8,0.16,7.44,5.02,3.3,0.33,7.17,3.72,3.6,0.28
7.34,4.48,3.3,0.13,7.17,3.72,3.6,0.28,7.39,2.86,3.6,0.24
7.55,4.47,3.8,0.21,7.39,2.86,3.6,0.24,7.48,4.16,3.8,0.16
7.61,5.48,4.6,0.24,7.48,4.16,3.8,0.16,7.34,4.48,3.3,0.13
7.4,5.81,3.2,0.16,7.34,4.48,3.3,0.13,7.55,4.47,3.8,0.21
7.69,5.78,3.1,0.16,7.55,4.47,3.8,0.21,7.61,5.48,4.6,0.24
7.51,5.28,3.1,0.17,7.61,5.48,4.6,0.24,7.4,5.81,3.2,0.16
7.61,5.32,2.5,0.2,7.4,5.81,3.2,0.16,7.69,5.78,3.1,0.16
7.45,4.95,3.1,0.19,7.69,5.78,3.1,0.16,7.51,5.28,3.1,0.17
7.24,5.38,2.8,0.14,7.51,5.28,3.1,0.17,7.61,5.32,2.5,0.2
7.49,5.66,4.1,0.31,7.61,5.32,2.5,0.2,7.45,4.95,3.1,0.19
6.92,4.6,5.0,0.16,7.45,4.95,3.1,0.19,7.24,5.38,2.8,0.14
7.15,4.61,3.8,0.21,7.24,5.38,2.8,0.14,7.49,5.66,4.1,0.31
7.22,5.02,7.1,0.34,7.49,5.66,4.1,0.31,6.92,4.6,5.0,0.16
6.98,6.13,3.1,0.27,6.92,4.6,5.0,0.16,7.15,4.61,3.8,0.21
7.47,5.86,2.1,0.23,7.15,4.61,3.8,0.21,7.22,5.02,7.1,0.34
7.32,5.86,3.4,0.26,7.22,5.02,7.1,0.34,6.98,6.13,3.1,0.27
7.13,5.59,2.5,0.24,6.98,6.13,3.1,0.27,7.47,5.86,2.1,0.23
7.33,4.96,3.7,0.23,7.47,5.86,2.1,0.23,7.32,5.86,3.4,0.26
7.41,6.15,2.8,0.23,7.32,5.86,3.4,0.26,7.13,5.59,2.5,0.24
7.43,6.98,2.5,0.21,7.13,5.59,2.5,0.24,7.33,4.96,3.7,0.23
7.63,6.54,2.4,0.19,7.33,4.96,3.7,0.23,7.41,6.15,2.8,0.23
7.79,6.7,2.2,0.17,7.41,6.15,2.8,0.23,7.43,6.98,2.5,0.21
7.86,7.62,2.2,0.19,7.43,6.98,2.5,0.21,7.63,6.54,2.4,0.19
7.88,7.65,2.4,0.21,7.63,6.54,2.4,0.19,7.79,6.7,2.2,0.17
7.498088642659277,6.289695290858719,3.6234072022160637,0.5366712898751733,7.79,6.7,2.2,0.17,7.86,7.62,2.2,0.19
7.85,7.65,3.4,0.19,7.86,7.62,2.2,0.19,7.88,7.65,2.4,0.21
7.86,7.15,3.8,0.28,7.88,7.65,2.4,0.21,7.498088642659277,6.289695290858719,3.6234072022160637,0.5366712898751733
7.8,7.13,3.9,0.31,7.498088642659277,6.289695290858719,3.6234072022160637,0.5366712898751733,7.85,7.65,3.4,0.19
7.77,7.54,3.5,0.29,7.85,7.65,3.4,0.19,7.86,7.15,3.8,0.28
7.76,7.45,3.5,0.48,7.86,7.15,3.8,0.28,7.8,7.13,3.9,0.31
7.8,8.0,3.2,0.62,7.8,7.13,3.9,0.31,7.77,7.54,3.5,0.29
7.82,7.97,3.3,0.54,7.77,7.54,3.5,0.29,7.76,7.45,3.5,0.48
7.97,8.65,3.3,0.71,7.76,7.45,3.5,0.48,7.8,8.0,3.2,0.62
7.9,8.78,2.3,0.53,7.8,8.0,3.2,0.62,7.82,7.97,3.3,0.54
7.79,7.93,2.8,1.33,7.82,7.97,3.3,0.54,7.97,8.65,3.3,0.71
7.77,8.0,3.4,2.13,7.97,8.65,3.3,0.71,7.9,8.78,2.3,0.53
7.7,8.16,3.9,2.73,7.9,8.78,2.3,0.53,7.79,7.93,2.8,1.33
7.37,7.64,3.8,0.91,7.79,7.93,2.8,1.33,7.77,8.0,3.4,2.13
7.36,6.88,4.2,1.01,7.77,8.0,3.4,2.13,7.7,8.16,3.9,2.73
7.3,6.49,3.6,1.39,7.7,8.16,3.9,2.73,7.37,7.64,3.8,0.91
7.4,5.43,4.0,1.61,7.37,7.64,3.8,0.91,7.36,6.88,4.2,1.01
7.41,5.31,3.9,1.66,7.36,6.88,4.2,1.01,7.3,6.49,3.6,1.39
7.49,5.34,3.9,1.88,7.3,6.49,3.6,1.39,7.4,5.43,4.0,1.61
7.42,5.74,3.5,1.43,7.4,5.43,4.0,1.61,7.41,5.31,3.9,1.66
7.44,5.39,3.7,1.12,7.41,5.31,3.9,1.66,7.49,5.34,3.9,1.88
7.44,4.62,3.7,1.29,7.49,5.34,3.9,1.88,7.42,5.74,3.5,1.43
7.38,4.36,3.8,0.97,7.42,5.74,3.5,1.43,7.44,5.39,3.7,1.12
7.23,3.97,4.2,1.09,7.44,5.39,3.7,1.12,7.44,4.62,3.7,1.29
7.29,4.02,4.7,0.55,7.44,4.62,3.7,1.29,7.38,4.36,3.8,0.97
7.26,2.67,4.7,1.2,7.38,4.36,3.8,0.97,7.23,3.97,4.2,1.09
7.25,2.02,4.5,1.29,7.23,3.97,4.2,1.09,7.29,4.02,4.7,0.55
7.42,3.09,4.2,0.3,7.29,4.02,4.7,0.55,7.26,2.67,4.7,1.2
7.47,3.87,4.0,0.31,7.26,2.67,4.7,1.2,7.25,2.02,4.5,1.29
7.47,3.81,4.0,0.35,7.25,2.02,4.5,1.29,7.42,3.09,4.2,0.3
7.55,4.7,3.1,0.14,7.42,3.09,4.2,0.3,7.47,3.87,4.0,0.31
7.55,4.66,2.9,0.19,7.47,3.87,4.0,0.31,7.47,3.81,4.0,0.35
7.44,4.62,2.3,0.15,7.47,3.81,4.0,0.35,7.55,4.7,3.1,0.14
7.4,4.42,4.0,0.15,7.55,4.7,3.1,0.14,7.55,4.66,2.9,0.19
7.57,5.78,6.7,0.36,7.55,4.66,2.9,0.19,7.44,4.62,2.3,0.15
7.65,5.84,3.4,0.14,7.44,4.62,2.3,0.15,7.4,4.42,4.0,0.15
7.36,4.88,2.6,0.11,7.4,4.42,4.0,0.15,7.57,5.78,6.7,0.36
7.25,4.02,4.1,0.24,7.57,5.78,6.7,0.36,7.65,5.84,3.4,0.14
7.31,4.88,3.0,0.22,7.65,5.84,3.4,0.14,7.36,4.88,2.6,0.11
7.49,4.74,2.9,0.17,7.36,4.88,2.6,0.11,7.25,4.02,4.1,0.24
7.51,4.46,3.4,0.15,7.25,4.02,4.1,0.24,7.31,4.88,3.0,0.22
7.64,4.99,6.1,0.16,7.31,4.88,3.0,0.22,7.49,4.74,2.9,0.17
7.66,4.88,3.3,0.13,7.49,4.74,2.9,0.17,7.51,4.46,3.4,0.15
7.62,4.75,4.3,0.21,7.51,4.46,3.4,0.15,7.64,4.99,6.1,0.16
7.61,4.77,4.0,0.24,7.64,4.99,6.1,0.16,7.66,4.88,3.3,0.13
7.57,5.39,3.9,0.27,7.66,4.88,3.3,0.13,7.62,4.75,4.3,0.21
7.48,5.37,3.7,0.29,7.62,4.75,4.3,0.21,7.61,4.77,4.0,0.24
7.51,5.68,3.5,0.3,7.61,4.77,4.0,0.24,7.57,5.39,3.9,0.27
7.62,5.76,3.3,0.19,7.57,5.39,3.9,0.27,7.48,5.37,3.7,0.29
7.71,6.24,3.1,0.23,7.48,5.37,3.7,0.29,7.51,5.68,3.5,0.3
7.65,5.97,3.3,0.2,7.51,5.68,3.5,0.3,7.62,5.76,3.3,0.19
7.7,6.45,3.0,0.2,7.62,5.76,3.3,0.19,7.71,6.24,3.1,0.23
7.82,7.01,3.1,0.19,7.71,6.24,3.1,0.23,7.65,5.97,3.3,0.2
7.71,6.91,2.7,0.24,7.65,5.97,3.3,0.2,7.7,6.45,3.0,0.2
7.69,6.79,2.8,0.4,7.7,6.45,3.0,0.2,7.82,7.01,3.1,0.19
7.56,6.6,2.6,0.3,7.82,7.01,3.1,0.19,7.71,6.91,2.7,0.24
7.38,6.99,2.2,0.37,7.71,6.91,2.7,0.24,7.69,6.79,2.8,0.4
7.38,7.6,2.1,0.43,7.69,6.79,2.8,0.4,7.56,6.6,2.6,0.3
7.23,7.46,2.0,0.77,7.56,6.6,2.6,0.3,7.38,6.99,2.2,0.37
7.16,7.31,1.9,0.82,7.38,6.99,2.2,0.37,7.38,7.6,2.1,0.43
7.23,7.39,2.0,0.86,7.38,7.6,2.1,0.43,7.23,7.46,2.0,0.77
7.16,7.29,3.8,1.07,7.23,7.46,2.0,0.77,7.16,7.31,1.9,0.82
7.16,6.97,3.3,1.13,7.16,7.31,1.9,0.82,7.23,7.39,2.0,0.86
7.22,7.99,3.0,1.01,7.23,7.39,2.0,0.86,7.16,7.29,3.8,1.07
7.38,8.34,2.5,0.4,7.16,7.29,3.8,1.07,7.16,6.97,3.3,1.13
7.3,7.5,2.8,0.92,7.16,6.97,3.3,1.13,7.22,7.99,3.0,1.01
7.45,7.33,3.1,1.56,7.22,7.99,3.0,1.01,7.38,8.34,2.5,0.4
7.7,6.88,3.1,1.69,7.38,8.34,2.5,0.4,7.3,7.5,2.8,0.92
7.71,6.6,2.9,1.68,7.3,7.5,2.8,0.92,7.45,7.33,3.1,1.56
7.62,6.26,3.1,1.68,7.45,7.33,3.1,1.56,7.7,6.88,3.1,1.69
7.63,6.07,3.4,1.12,7.7,6.88,3.1,1.69,7.71,6.6,2.9,1.68
7.45,4.39,4.3,1.52,7.71,6.6,2.9,1.68,7.62,6.26,3.1,1.68
7.49,4.71,4.1,1.58,7.62,6.26,3.1,1.68,7.63,6.07,3.4,1.12
7.19,4.22,4.1,1.42,7.63,6.07,3.4,1.12,7.45,4.39,4.3,1.52
7.498088642659277,6.289695290858719,3.6234072022160637,0.5366712898751733,7.45,4.39,4.3,1.52,7.49,4.71,4.1,1.58
7.53,4.58,3.8,0.55,7.49,4.71,4.1,1.58,7.19,4.22,4.1,1.42
7.53,3.8,4.4,0.43,7.19,4.22,4.1,1.42,7.498088642659277,6.289695290858719,3.6234072022160637,0.5366712898751733
7.41,2.46,5.9,1.19,7.498088642659277,6.289695290858719,3.6234072022160637,0.5366712898751733,7.53,4.58,3.8,0.55
7.43,2.41,5.4,0.84,7.53,4.58,3.8,0.55,7.53,3.8,4.4,0.43
7.51,3.85,5.0,0.4,7.53,3.8,4.4,0.43,7.41,2.46,5.9,1.19
7.56,4.37,5.2,0.22,7.41,2.46,5.9,1.19,7.43,2.41,5.4,0.84
7.55,4.71,5.2,0.29,7.43,2.41,5.4,0.84,7.51,3.85,5.0,0.4
7.59,4.97,4.4,0.25,7.51,3.85,5.0,0.4,7.56,4.37,5.2,0.22
7.63,5.68,3.5,0.14,7.56,4.37,5.2,0.22,7.55,4.71,5.2,0.29
7.58,5.65,3.0,0.1,7.55,4.71,5.2,0.29,7.59,4.97,4.4,0.25
7.53,5.42,3.2,0.12,7.59,4.97,4.4,0.25,7.63,5.68,3.5,0.14
7.94,5.85,5.0,0.25,7.63,5.68,3.5,0.14,7.58,5.65,3.0,0.1
7.39,5.7,4.0,0.14,7.58,5.65,3.0,0.1,7.53,5.42,3.2,0.12
7.32,5.97,5.3,0.3,7.53,5.42,3.2,0.12,7.94,5.85,5.0,0.25
7.32,6.37,6.7,0.24,7.94,5.85,5.0,0.25,7.39,5.7,4.0,0.14
7.13,5.78,4.7,0.17,7.39,5.7,4.0,0.14,7.32,5.97,5.3,0.3
7.34,5.53,4.7,0.16,7.32,5.97,5.3,0.3,7.32,6.37,6.7,0.24
7.6,5.4,3.6,0.17,7.32,6.37,6.7,0.24,7.13,5.78,4.7,0.17
7.51,5.87,5.6,0.2,7.13,5.78,4.7,0.17,7.34,5.53,4.7,0.16
7.59,6.12,3.9,0.16,7.34,5.53,4.7,0.16,7.6,5.4,3.6,0.17
7.53,6.16,3.8,0.14,7.6,5.4,3.6,0.17,7.51,5.87,5.6,0.2
7.44,5.44,5.2,0.24,7.51,5.87,5.6,0.2,7.59,6.12,3.9,0.16
7.46,6.4,4.7,0.19,7.59,6.12,3.9,0.16,7.53,6.16,3.8,0.14
7.45,6.32,3.6,0.14,7.53,6.16,3.8,0.14,7.44,5.44,5.2,0.24
7.52,6.89,3.4,0.13,7.44,5.44,5.2,0.24,7.46,6.4,4.7,0.19
7.51,7.43,3.3,0.14,7.46,6.4,4.7,0.19,7.45,6.32,3.6,0.14
7.57,7.39,3.1,0.14,7.45,6.32,3.6,0.14,7.52,6.89,3.4,0.13
7.55,7.18,2.9,0.13,7.52,6.89,3.4,0.13,7.51,7.43,3.3,0.14
7.55,7.24,3.0,0.14,7.51,7.43,3.3,0.14,7.57,7.39,3.1,0.14
7.55,7.49,3.0,0.22,7.57,7.39,3.1,0.14,7.55,7.18,2.9,0.13
7.56,7.65,3.0,0.22,7.55,7.18,2.9,0.13,7.55,7.24,3.0,0.14
7.61,7.32,3.3,0.27,7.55,7.24,3.0,0.14,7.55,7.49,3.0,0.22
7.55,7.81,3.5,0.42,7.55,7.49,3.0,0.22,7.56,7.65,3.0,0.22
7.36,8.21,3.1,0.35,7.56,7.65,3.0,0.22,7.61,7.32,3.3,0.27
7.29,7.74,3.5,0.65,7.61,7.32,3.3,0.27,7.55,7.81,3.5,0.42
7.3,7.4,3.6,1.05,7.55,7.81,3.5,0.42,7.36,8.21,3.1,0.35
7.32,7.63,4.3,1.12,7.36,8.21,3.1,0.35,7.29,7.74,3.5,0.65
7.39,8.25,4.3,1.19,7.29,7.74,3.5,0.65,7.3,7.4,3.6,1.05
7.38,8.52,5.0,1.99,7.3,7.4,3.6,1.05,7.32,7.63,4.3,1.12
7.36,8.36,4.0,1.13,7.32,7.63,4.3,1.12,7.39,8.25,4.3,1.19
7.35,7.78,4.3,1.38,7.39,8.25,4.3,1.19,7.38,8.52,5.0,1.99
7.36,6.95,4.2,1.64,7.38,8.52,5.0,1.99,7.36,8.36,4.0,1.13
7.33,6.71,3.8,1.15,7.36,8.36,4.0,1.13,7.35,7.78,4.3,1.38
7.39,7.76,3.5,0.65,7.35,7.78,4.3,1.38,7.36,6.95,4.2,1.64
7.43,8.01,3.3,0.47,7.36,6.95,4.2,1.64,7.33,6.71,3.8,1.15
7.35,7.37,3.3,0.32,7.33,6.71,3.8,1.15,7.39,7.76,3.5,0.65
7.37,7.25,3.1,0.38,7.39,7.76,3.5,0.65,7.43,8.01,3.3,0.47
7.29,5.73,4.0,0.64,7.43,8.01,3.3,0.47,7.35,7.37,3.3,0.32
7.35,5.26,5.6,3.08,7.35,7.37,3.3,0.32,7.37,7.25,3.1,0.38
7.36,5.43,6.1,3.64,7.37,7.25,3.1,0.38,7.29,5.73,4.0,0.64
7.24,4.42,6.3,4.24,7.29,5.73,4.0,0.64,7.35,5.26,5.6,3.08
7.14,4.63,6.5,4.14,7.35,5.26,5.6,3.08,7.36,5.43,6.1,3.64
7.2,5.11,4.8,1.02,7.36,5.43,6.1,3.64,7.24,4.42,6.3,4.24
7.29,4.88,4.8,0.56,7.24,4.42,6.3,4.24,7.14,4.63,6.5,4.14
7.26,3.87,5.3,1.6,7.14,4.63,6.5,4.14,7.2,5.11,4.8,1.02
7.17,3.89,4.9,1.29,7.2,5.11,4.8,1.02,7.29,4.88,4.8,0.56
7.05,3.66,5.8,0.78,7.29,4.88,4.8,0.56,7.26,3.87,5.3,1.6
7.1,3.48,5.8,0.51,7.26,3.87,5.3,1.6,7.17,3.89,4.9,1.29
7.24,4.56,5.0,0.14,7.17,3.89,4.9,1.29,7.05,3.66,5.8,0.78
7.36,5.64,4.5,0.11,7.05,3.66,5.8,0.78,7.1,3.48,5.8,0.51
7.25,6.28,4.9,0.16,7.1,3.48,5.8,0.51,7.24,4.56,5.0,0.14
7.19,5.28,5.4,0.19,7.24,4.56,5.0,0.14,7.36,5.64,4.5,0.11
7.23,6.08,4.3,0.04,7.36,5.64,4.5,0.11,7.25,6.28,4.9,0.16
7.14,5.41,6.1,0.16,7.25,6.28,4.9,0.16,7.19,5.28,5.4,0.19
7.29,6.33,7.0,0.28,7.19,5.28,5.4,0.19,7.23,6.08,4.3,0.04
7.66,7.61,4.7,0.5366712898751733,7.23,6.08,4.3,0.04,7.14,5.41,6.1,0.16
7.65,6.25,3.5,0.29,7.14,5.41,6.1,0.16,7.29,6.33,7.0,0.28
7.41,5.06,5.5,0.17,7.29,6.33,7.0,0.28,7.66,7.61,4.7,0.5366712898751733
7.43,5.58,5.8,0.3,7.66,7.61,4.7,0.5366712898751733,7.65,6.25,3.5,0.29
7.57,5.55,4.2,0.23,7.65,6.25,3.5,0.29,7.41,5.06,5.5,0.17
7.27,6.51,2.2,0.08,7.41,5.06,5.5,0.17,7.43,5.58,5.8,0.3
7.18,6.14,2.6,0.08,7.43,5.58,5.8,0.3,7.57,5.55,4.2,0.23
7.34,6.59,3.6,0.13,7.57,5.55,4.2,0.23,7.27,6.51,2.2,0.08
7.52,7.66,3.6,0.07,7.27,6.51,2.2,0.08,7.18,6.14,2.6,0.08
7.42,5.94,4.6,0.15,7.18,6.14,2.6,0.08,7.34,6.59,3.6,0.13
7.44,6.62,3.5,0.08,7.34,6.59,3.6,0.13,7.52,7.66,3.6,0.07
7.52,7.18,2.8,0.04,7.52,7.66,3.6,0.07,7.42,5.94,4.6,0.15
7.55,7.14,2.6,0.09,7.42,5.94,4.6,0.15,7.44,6.62,3.5,0.08
7.63,7.38,2.5,0.23,7.44,6.62,3.5,0.08,7.52,7.18,2.8,0.04
7.62,7.57,2.7,0.39,7.52,7.18,2.8,0.04,7.55,7.14,2.6,0.09
7.57,7.55,2.7,0.48,7.55,7.14,2.6,0.09,7.63,7.38,2.5,0.23
7.56,7.74,2.8,0.4,7.63,7.38,2.5,0.23,7.62,7.57,2.7,0.39
7.6,7.66,2.9,0.46,7.62,7.57,2.7,0.39,7.57,7.55,2.7,0.48
7.6,7.8,3.0,0.59,7.57,7.55,2.7,0.48,7.56,7.74,2.8,0.4
7.59,7.67,3.5,1.35,7.56,7.74,2.8,0.4,7.6,7.66,2.9,0.46
7.72,8.1,3.0,1.0,7.6,7.66,2.9,0.46,7.6,7.8,3.0,0.59
7.5,7.35,3.0,0.75,7.6,7.8,3.0,0.59,7.59,7.67,3.5,1.35
7.49,7.73,2.9,0.88,7.59,7.67,3.5,1.35,7.72,8.1,3.0,1.0
7.54,8.37,2.6,0.79,7.72,8.1,3.0,1.0,7.5,7.35,3.0,0.75
7.51,8.38,2.6,0.81,7.5,7.35,3.0,0.75,7.49,7.73,2.9,0.88
7.46,8.28,2.6,0.74,7.49,7.73,2.9,0.88,7.54,8.37,2.6,0.79
7.36,7.32,3.0,0.86,7.54,8.37,2.6,0.79,7.51,8.38,2.6,0.81
7.32,6.85,2.9,0.78,7.51,8.38,2.6,0.81,7.46,8.28,2.6,0.74
7.25,4.82,3.3,1.06,7.46,8.28,2.6,0.74,7.36,7.32,3.0,0.86
7.39,6.41,2.7,0.59,7.36,7.32,3.0,0.86,7.32,6.85,2.9,0.78
7.43,8.04,2.5,0.64,7.32,6.85,2.9,0.78,7.25,4.82,3.3,1.06
7.47,8.08,2.6,0.74,7.25,4.82,3.3,1.06,7.39,6.41,2.7,0.59
7.45,7.43,2.7,0.87,7.39,6.41,2.7,0.59,7.43,8.04,2.5,0.64
7.36,6.74,2.9,0.83,7.43,8.04,2.5,0.64,7.47,8.08,2.6,0.74
7.29,4.79,3.8,1.4,7.47,8.08,2.6,0.74,7.45,7.43,2.7,0.87
7.39,3.64,4.3,1.95,7.45,7.43,2.7,0.87,7.36,6.74,2.9,0.83
7.41,4.82,4.5,1.79,7.36,6.74,2.9,0.83,7.29,4.79,3.8,1.4
7.35,3.88,4.3,1.32,7.29,4.79,3.8,1.4,7.39,3.64,4.3,1.95
7.34,4.08,4.6,1.32,7.39,3.64,4.3,1.95,7.41,4.82,4.5,1.79
7.25,4.62,4.0,0.99,7.41,4.82,4.5,1.79,7.35,3.88,4.3,1.32
7.18,4.5,4.3,0.94,7.35,3.88,4.3,1.32,7.34,4.08,4.6,1.32
7.34,6.02,4.0,0.41,7.34,4.08,4.6,1.32,7.25,4.62,4.0,0.99
7.4,6.7,3.7,0.37,7.25,4.62,4.0,0.99,7.18,4.5,4.3,0.94
7.42,6.65,3.9,0.24,7.18,4.5,4.3,0.94,7.34,6.02,4.0,0.41
7.43,6.32,4.3,0.29,7.34,6.02,4.0,0.41,7.4,6.7,3.7,0.37
7.33,6.14,4.4,0.27,7.4,6.7,3.7,0.37,7.42,6.65,3.9,0.24
7.23,5.97,5.3,0.6,7.42,6.65,3.9,0.24,7.43,6.32,4.3,0.29
7.31,7.46,3.8,0.32,7.43,6.32,4.3,0.29,7.33,6.14,4.4,0.27
7.42,7.84,3.9,0.34,7.33,6.14,4.4,0.27,7.23,5.97,5.3,0.6
7.34,7.54,4.3,0.36,7.23,5.97,5.3,0.6,7.31,7.46,3.8,0.32
7.41,8.18,3.1,0.33,7.31,7.46,3.8,0.32,7.42,7.84,3.9,0.34
7.29,6.65,4.5,0.55,7.42,7.84,3.9,0.34,7.34,7.54,4.3,0.36
7.39,8.02,3.8,0.34,7.34,7.54,4.3,0.36,7.41,8.18,3.1,0.33
7.21,6.86,3.7,0.32,7.41,8.18,3.1,0.33,7.29,6.65,4.5,0.55
7.25,6.62,4.8,0.3,7.29,6.65,4.5,0.55,7.39,8.02,3.8,0.34
7.13,6.82,4.9,0.29,7.39,8.02,3.8,0.34,7.21,6.86,3.7,0.32
7.27,7.37,3.3,0.25,7.21,6.86,3.7,0.32,7.25,6.62,4.8,0.3
7.31,7.61,3.1,0.26,7.25,6.62,4.8,0.3,7.13,6.82,4.9,0.29
7.26,7.77,4.0,0.29,7.13,6.82,4.9,0.29,7.27,7.37,3.3,0.25
7.35,7.49,2.9,0.24,7.27,7.37,3.3,0.25,7.31,7.61,3.1,0.26
7.37,7.42,2.6,0.26,7.31,7.61,3.1,0.26,7.26,7.77,4.0,0.29
7.36,7.93,2.4,0.25,7.26,7.77,4.0,0.29,7.35,7.49,2.9,0.24
7.33,7.94,2.7,0.26,7.35,7.49,2.9,0.24,7.37,7.42,2.6,0.26
7.37,7.99,2.5,0.23,7.37,7.42,2.6,0.26,7.36,7.93,2.4,0.25
7.35,7.6,2.9,0.21,7.36,7.93,2.4,0.25,7.33,7.94,2.7,0.26
7.29,8.16,3.5,0.59,7.33,7.94,2.7,0.26,7.37,7.99,2.5,0.23
7.51,7.85,3.1,0.3,7.37,7.99,2.5,0.23,7.35,7.6,2.9,0.21
7.43,7.21,3.5,0.4,7.35,7.6,2.9,0.21,7.29,8.16,3.5,0.59
7.53,8.06,3.1,0.3,7.29,8.16,3.5,0.59,7.51,7.85,3.1,0.3
7.53,8.29,2.9,0.47,7.51,7.85,3.1,0.3,7.43,7.21,3.5,0.4
7.55,8.38,2.6,0.45,7.43,7.21,3.5,0.4,7.53,8.06,3.1,0.3
7.61,8.41,2.6,0.35,7.53,8.06,3.1,0.3,7.53,8.29,2.9,0.47
7.61,8.48,2.5,0.29,7.53,8.29,2.9,0.47,7.55,8.38,2.6,0.45
7.64,8.85,2.6,0.39,7.55,8.38,2.6,0.45,7.61,8.41,2.6,0.35
7.67,9.18,3.0,0.48,7.61,8.41,2.6,0.35,7.61,8.48,2.5,0.29
7.7,9.29,2.9,0.51,7.61,8.48,2.5,0.29,7.64,8.85,2.6,0.39
7.69,9.19,2.5,0.52,7.64,8.85,2.6,0.39,7.67,9.18,3.0,0.48
7.69,9.44,2.2,0.51,7.67,9.18,3.0,0.48,7.7,9.29,2.9,0.51
7.66,9.17,2.5,0.47,7.7,9.29,2.9,0.51,7.69,9.19,2.5,0.52
7.65,8.95,2.4,0.44,7.69,9.19,2.5,0.52,7.69,9.44,2.2,0.51
7.59,8.43,3.0,0.57,7.69,9.44,2.2,0.51,7.66,9.17,2.5,0.47
7.63,8.89,3.1,0.76,7.66,9.17,2.5,0.47,7.65,8.95,2.4,0.44
7.62,9.03,2.7,0.48,7.65,8.95,2.4,0.44,7.59,8.43,3.0,0.57
7.7,8.49,3.0,0.56,7.59,8.43,3.0,0.57,7.63,8.89,3.1,0.76
7.73,8.45,3.1,0.42,7.63,8.89,3.1,0.76,7.62,9.03,2.7,0.48
7.69,8.81,3.0,0.39,7.62,9.03,2.7,0.48,7.7,8.49,3.0,0.56
7.59,8.22,3.6,0.48,7.7,8.49,3.0,0.56,7.73,8.45,3.1,0.42
7.48,7.53,3.4,0.42,7.73,8.45,3.1,0.42,7.69,8.81,3.0,0.39
7.43,7.45,3.5,0.37,7.69,8.81,3.0,0.39,7.59,8.22,3.6,0.48
7.39,6.84,3.7,0.43,7.59,8.22,3.6,0.48,7.48,7.53,3.4,0.42
7.32,6.07,4.1,0.73,7.48,7.53,3.4,0.42,7.43,7.45,3.5,0.37
7.43,6.75,4.0,0.34,7.43,7.45,3.5,0.37,7.39,6.84,3.7,0.43
7.43,6.75,3.5,0.33,7.39,6.84,3.7,0.43,7.32,6.07,4.1,0.73
7.67,7.18,3.5,0.29,7.32,6.07,4.1,0.73,7.43,6.75,4.0,0.34
7.7,6.7,3.9,0.33,7.43,6.75,4.0,0.34,7.43,6.75,3.5,0.33
7.91,7.25,3.8,0.22,7.43,6.75,3.5,0.33,7.67,7.18,3.5,0.29
7.82,5.68,4.4,0.32,7.67,7.18,3.5,0.29,7.7,6.7,3.9,0.33
7.61,4.34,5.5,0.51,7.7,6.7,3.9,0.33,7.91,7.25,3.8,0.22
7.74,5.63,4.1,0.2,7.91,7.25,3.8,0.22,7.82,5.68,4.4,0.32
7.77,6.83,2.9,0.16,7.82,5.68,4.4,0.32,7.61,4.34,5.5,0.51
7.79,6.87,3.1,0.14,7.61,4.34,5.5,0.51,7.74,5.63,4.1,0.2
7.71,7.2,3.4,0.24,7.74,5.63,4.1,0.2,7.77,6.83,2.9,0.16
7.82,7.84,3.3,0.2,7.77,6.83,2.9,0.16,7.79,6.87,3.1,0.14
7.85,7.92,3.2,0.19,7.79,6.87,3.1,0.14,7.71,7.2,3.4,0.24
7.7,7.15,3.1,0.24,7.71,7.2,3.4,0.24,7.82,7.84,3.3,0.2
7.7,6.52,2.9,0.25,7.82,7.84,3.3,0.2,7.85,7.92,3.2,0.19
7.8,6.99,2.5,0.25,7.85,7.92,3.2,0.19,7.7,7.15,3.1,0.24
7.72,6.96,3.0,0.25,7.7,7.15,3.1,0.24,7.7,6.52,2.9,0.25
7.63,6.88,4.0,0.32,7.7,6.52,2.9,0.25,7.8,6.99,2.5,0.25
7.5,6.87,4.9,0.45,7.8,6.99,2.5,0.25,7.72,6.96,3.0,0.25
7.6,7.23,3.5,0.3,7.72,6.96,3.0,0.25,7.63,6.88,4.0,0.32
7.59,7.56,3.9,0.35,7.63,6.88,4.0,0.32,7.5,6.87,4.9,0.45
7.51,7.49,5.1,0.37,7.5,6.87,4.9,0.45,7.6,7.23,3.5,0.3
7.56,7.85,3.3,0.32,7.6,7.23,3.5,0.3,7.59,7.56,3.9,0.35
7.55,8.19,3.4,0.25,7.59,7.56,3.9,0.35,7.51,7.49,5.1,0.37
7.62,8.73,2.7,0.2,7.51,7.49,5.1,0.37,7.56,7.85,3.3,0.32
7.67,8.77,2.6,0.28,7.56,7.85,3.3,0.32,7.55,8.19,3.4,0.25
7.67,8.54,2.6,0.26,7.55,8.19,3.4,0.25,7.62,8.73,2.7,0.2
7.67,8.23,2.8,0.26,7.62,8.73,2.7,0.2,7.67,8.77,2.6,0.28
7.65,8.39,2.9,0.3,7.67,8.77,2.6,0.28,7.67,8.54,2.6,0.26
7.76,8.89,2.5,0.32,7.67,8.54,2.6,0.26,7.67,8.23,2.8,0.26
7.73,8.83,3.0,0.35,7.67,8.23,2.8,0.26,7.65,8.39,2.9,0.3
7.65,8.8,3.0,0.36,7.65,8.39,2.9,0.3,7.76,8.89,2.5,0.32
7.63,8.99,3.1,0.37,7.76,8.89,2.5,0.32,7.73,8.83,3.0,0.35
7.68,9.36,2.9,0.42,7.73,8.83,3.0,0.35,7.65,8.8,3.0,0.36
7.66,9.37,3.1,0.45,7.65,8.8,3.0,0.36,7.63,8.99,3.1,0.37
7.66,9.94,2.0,0.36,7.63,8.99,3.1,0.37,7.68,9.36,2.9,0.42
7.67,10.2,1.7,0.3,7.68,9.36,2.9,0.42,7.66,9.37,3.1,0.45
7.67,10.1,2.0,0.41,7.66,9.37,3.1,0.45,7.66,9.94,2.0,0.36
7.64,9.78,2.6,0.46,7.66,9.94,2.0,0.36,7.67,10.2,1.7,0.3
7.59,9.64,2.7,0.65,7.67,10.2,1.7,0.3,7.67,10.1,2.0,0.41
7.56,9.68,2.7,0.55,7.67,10.1,2.0,0.41,7.64,9.78,2.6,0.46
7.57,10.1,2.6,0.64,7.64,9.78,2.6,0.46,7.59,9.64,2.7,0.65
7.55,9.97,2.6,0.62,7.59,9.64,2.7,0.65,7.56,9.68,2.7,0.55
7.73,10.2,2.6,0.55,7.56,9.68,2.7,0.55,7.57,10.1,2.6,0.64
7.76,10.4,2.4,0.47,7.57,10.1,2.6,0.64,7.55,9.97,2.6,0.62
7.59,9.73,3.2,0.71,7.55,9.97,2.6,0.62,7.73,10.2,2.6,0.55
7.49,8.86,3.4,0.54,7.73,10.2,2.6,0.55,7.76,10.4,2.4,0.47
7.42,8.31,3.6,0.51,7.76,10.4,2.4,0.47,7.59,9.73,3.2,0.71
7.39,8.27,3.6,0.61,7.59,9.73,3.2,0.71,7.49,8.86,3.4,0.54
7.36,8.26,3.5,0.61,7.49,8.86,3.4,0.54,7.42,8.31,3.6,0.51
7.32,7.77,4.0,0.58,7.42,8.31,3.6,0.51,7.39,8.27,3.6,0.61
7.7,7.88,3.9,0.41,7.39,8.27,3.6,0.61,7.36,8.26,3.5,0.61
7.7,7.2,4.5,0.46,7.36,8.26,3.5,0.61,7.32,7.77,4.0,0.58
7.69,7.25,4.2,0.48,7.32,7.77,4.0,0.58,7.7,7.88,3.9,0.41
7.85,7.91,3.8,0.41,7.7,7.88,3.9,0.41,7.7,7.2,4.5,0.46
7.84,7.65,3.8,0.38,7.7,7.2,4.5,0.46,7.69,7.25,4.2,0.48
7.61,6.8,4.1,0.43,7.69,7.25,4.2,0.48,7.85,7.91,3.8,0.41
7.74,7.9,3.2,0.38,7.85,7.91,3.8,0.41,7.84,7.65,3.8,0.38
7.63,7.85,4.9,0.6,7.84,7.65,3.8,0.38,7.61,6.8,4.1,0.43
7.65,7.49,4.0,0.38,7.61,6.8,4.1,0.43,7.74,7.9,3.2,0.38
7.55,7.17,3.5,0.23,7.74,7.9,3.2,0.38,7.63,7.85,4.9,0.6
7.43,6.73,4.0,0.35,7.63,7.85,4.9,0.6,7.65,7.49,4.0,0.38
7.498088642659277,6.289695290858719,3.6234072022160637,0.5366712898751733,7.65,7.49,4.0,0.38,7.55,7.17,3.5,0.23
7.498088642659277,6.289695290858719,3.6234072022160637,0.5366712898751733,7.55,7.17,3.5,0.23,7.43,6.73,4.0,0.35
7.23,6.84,2.8,0.74,7.43,6.73,4.0,0.35,7.498088642659277,6.289695290858719,3.6234072022160637,0.5366712898751733
7.14,6.64,3.6,0.34,7.498088642659277,6.289695290858719,3.6234072022160637,0.5366712898751733,7.498088642659277,6.289695290858719,3.6234072022160637,0.5366712898751733
7.14,6.85,4.8,0.36,7.498088642659277,6.289695290858719,3.6234072022160637,0.5366712898751733,7.23,6.84,2.8,0.74
7.24,7.2,4.0,0.65,7.23,6.84,2.8,0.74,7.14,6.64,3.6,0.34
7.35,7.45,3.2,0.5,7.14,6.64,3.6,0.34,7.14,6.85,4.8,0.36
7.59,7.51,2.8,0.17,7.14,6.85,4.8,0.36,7.24,7.2,4.0,0.65
7.4,7.56,1.9,1.87,7.24,7.2,4.0,0.65,7.35,7.45,3.2,0.5
7.29,7.07,1.5,0.18,7.35,7.45,3.2,0.5,7.59,7.51,2.8,0.17
7.21,7.07,2.0,0.15,7.59,7.51,2.8,0.17,7.4,7.56,1.9,1.87
7.03,6.48,2.1,0.13,7.4,7.56,1.9,1.87,7.29,7.07,1.5,0.18
7.11,6.61,0.9,0.19,7.29,7.07,1.5,0.18,7.21,7.07,2.0,0.15
7.04,7.21,2.4,0.55,7.21,7.07,2.0,0.15,7.03,6.48,2.1,0.13
6.87,6.39,1.4,0.24,7.03,6.48,2.1,0.13,7.11,6.61,0.9,0.19
6.86,6.47,1.8,0.18,7.11,6.61,0.9,0.19,7.04,7.21,2.4,0.55
7.02,7.58,2.4,0.33,7.04,7.21,2.4,0.55,6.87,6.39,1.4,0.24
6.87,7.89,1.5,0.25,6.87,6.39,1.4,0.24,6.86,6.47,1.8,0.18
7.0,8.1,1.5,0.3,6.86,6.47,1.8,0.18,7.02,7.58,2.4,0.33
7.09,8.44,1.3,0.27,7.02,7.58,2.4,0.33,6.87,7.89,1.5,0.25
7.51,9.08,2.3,0.26,6.87,7.89,1.5,0.25,7.0,8.1,1.5,0.3
7.17,8.45,2.6,0.32,7.0,8.1,1.5,0.3,7.09,8.44,1.3,0.27
7.12,8.22,2.6,0.41,7.09,8.44,1.3,0.27,7.51,9.08,2.3,0.26
7.27,9.18,2.3,0.55,7.51,9.08,2.3,0.26,7.17,8.45,2.6,0.32
7.44,9.26,2.3,0.68,7.17,8.45,2.6,0.32,7.12,8.22,2.6,0.41
7.498088642659277,6.289695290858719,3.6234072022160637,0.5366712898751733,7.12,8.22,2.6,0.41,7.27,9.18,2.3,0.55
7.29,8.95,2.4,0.42,7.27,9.18,2.3,0.55,7.44,9.26,2.3,0.68
7.32,9.2,2.0,0.45,7.44,9.26,2.3,0.68,7.498088642659277,6.289695290858719,3.6234072022160637,0.5366712898751733
7.15,8.23,2.0,0.29,7.498088642659277,6.289695290858719,3.6234072022160637,0.5366712898751733,7.29,8.95,2.4,0.42
7.19,7.62,2.1,0.3,7.29,8.95,2.4,0.42,7.32,9.2,2.0,0.45
7.13,7.38,2.0,0.35,7.32,9.2,2.0,0.45,7.15,8.23,2.0,0.29
7.08,7.32,2.1,0.44,7.15,8.23,2.0,0.29,7.19,7.62,2.1,0.3
7.03,7.39,2.0,0.25,7.19,7.62,2.1,0.3,7.13,7.38,2.0,0.35
7.11,8.55,1.7,0.44,7.13,7.38,2.0,0.35,7.08,7.32,2.1,0.44
6.88,8.77,2.4,0.57,7.08,7.32,2.1,0.44,7.03,7.39,2.0,0.25
7.0,8.69,2.5,0.57,7.03,7.39,2.0,0.25,7.11,8.55,1.7,0.44
6.98,8.97,2.4,0.52,7.11,8.55,1.7,0.44,6.88,8.77,2.4,0.57
7.15,8.45,2.3,0.78,6.88,8.77,2.4,0.57,7.0,8.69,2.5,0.57
7.02,8.33,2.6,0.83,7.0,8.69,2.5,0.57,6.98,8.97,2.4,0.52
6.79,8.23,2.8,0.63,6.98,8.97,2.4,0.52,7.15,8.45,2.3,0.78
7.498088642659277,6.289695290858719,3.6234072022160637,0.5366712898751733,7.15,8.45,2.3,0.78,7.02,8.33,2.6,0.83
6.86,7.89,2.8,0.32,7.02,8.33,2.6,0.83,6.79,8.23,2.8,0.63
6.29,6.99,2.7,0.32,6.79,8.23,2.8,0.63,7.498088642659277,6.289695290858719,3.6234072022160637,0.5366712898751733
7.3,7.63,2.7,0.3,7.498088642659277,6.289695290858719,3.6234072022160637,0.5366712898751733,6.86,7.89,2.8,0.32
7.78,7.72,2.6,0.4,6.86,7.89,2.8,0.32,6.29,6.99,2.7,0.32
7.49,7.61,2.1,0.29,6.29,6.99,2.7,0.32,7.3,7.63,2.7,0.3
7.4,8.14,2.0,0.25,7.3,7.63,2.7,0.3,7.78,7.72,2.6,0.4
7.498088642659277,6.289695290858719,3.6234072022160637,0.5366712898751733,7.78,7.72,2.6,0.4,7.49,7.61,2.1,0.29
7.07,6.91,2.5,0.21,7.49,7.61,2.1,0.29,7.4,8.14,2.0,0.25
7.09,7.95,2.1,0.14,7.4,8.14,2.0,0.25,7.498088642659277,6.289695290858719,3.6234072022160637,0.5366712898751733
7.498088642659277,6.289695290858719,3.6234072022160637,0.5366712898751733,7.498088642659277,6.289695290858719,3.6234072022160637,0.5366712898751733,7.07,6.91,2.5,0.21
7.27,8.37,3.8,0.21,7.07,6.91,2.5,0.21,7.09,7.95,2.1,0.14
7.64,8.87,2.0,0.21,7.09,7.95,2.1,0.14,7.498088642659277,6.289695290858719,3.6234072022160637,0.5366712898751733
7.86,8.91,1.8,0.69,7.498088642659277,6.289695290858719,3.6234072022160637,0.5366712898751733,7.27,8.37,3.8,0.21
7.498088642659277,6.289695290858719,3.6234072022160637,0.5366712898751733,7.27,8.37,3.8,0.21,7.64,8.87,2.0,0.21
7.36,7.63,2.3,0.17,7.64,8.87,2.0,0.21,7.86,8.91,1.8,0.69
7.02,7.37,3.1,0.21,7.86,8.91,1.8,0.69,7.498088642659277,6.289695290858719,3.6234072022160637,0.5366712898751733
7.498088642659277,6.289695290858719,3.6234072022160637,0.5366712898751733,7.498088642659277,6.289695290858719,3.6234072022160637,0.5366712898751733,7.36,7.63,2.3,0.17
7.498088642659277,6.289695290858719,3.6234072022160637,0.5366712898751733,7.36,7.63,2.3,0.17,7.02,7.37,3.1,0.21
7.498088642659277,6.289695290858719,3.6234072022160637,0.5366712898751733,7.02,7.37,3.1,0.21,7.498088642659277,6.289695290858719,3.6234072022160637,0.5366712898751733
7.498088642659277,6.289695290858719,3.6234072022160637,0.5366712898751733,7.498088642659277,6.289695290858719,3.6234072022160637,0.5366712898751733,7.498088642659277,6.289695290858719,3.6234072022160637,0.5366712898751733
7.498088642659277,6.289695290858719,3.6234072022160637,0.5366712898751733,7.498088642659277,6.289695290858719,3.6234072022160637,0.5366712898751733,7.498088642659277,6.289695290858719,3.6234072022160637,0.5366712898751733
7.498088642659277,6.289695290858719,3.6234072022160637,0.5366712898751733,7.498088642659277,6.289695290858719,3.6234072022160637,0.5366712898751733,7.498088642659277,6.289695290858719,3.6234072022160637,0.5366712898751733
7.498088642659277,6.289695290858719,3.6234072022160637,0.5366712898751733,7.498088642659277,6.289695290858719,3.6234072022160637,0.5366712898751733,7.498088642659277,6.289695290858719,3.6234072022160637,0.5366712898751733
7.498088642659277,6.289695290858719,3.6234072022160637,0.5366712898751733,7.498088642659277,6.289695290858719,3.6234072022160637,0.5366712898751733,7.498088642659277,6.289695290858719,3.6234072022160637,0.5366712898751733
7.498088642659277,6.289695290858719,3.6234072022160637,0.5366712898751733,7.498088642659277,6.289695290858719,3.6234072022160637,0.5366712898751733,7.498088642659277,6.289695290858719,3.6234072022160637,0.5366712898751733
7.498088642659277,6.289695290858719,3.6234072022160637,0.5366712898751733,7.498088642659277,6.289695290858719,3.6234072022160637,0.5366712898751733,7.498088642659277,6.289695290858719,3.6234072022160637,0.5366712898751733
7.498088642659277,6.289695290858719,3.6234072022160637,0.5366712898751733,7.498088642659277,6.289695290858719,3.6234072022160637,0.5366712898751733,7.498088642659277,6.289695290858719,3.6234072022160637,0.5366712898751733
7.2,8.82,3.0,0.27,7.498088642659277,6.289695290858719,3.6234072022160637,0.5366712898751733,7.498088642659277,6.289695290858719,3.6234072022160637,0.5366712898751733
7.498088642659277,6.289695290858719,3.6234072022160637,0.5366712898751733,7.498088642659277,6.289695290858719,3.6234072022160637,0.5366712898751733,7.498088642659277,6.289695290858719,3.6234072022160637,0.5366712898751733
7.37,9.3,3.2,0.2,7.498088642659277,6.289695290858719,3.6234072022160637,0.5366712898751733,7.2,8.82,3.0,0.27
7.43,9.18,2.2,0.24,7.2,8.82,3.0,0.27,7.498088642659277,6.289695290858719,3.6234072022160637,0.5366712898751733
7.44,8.65,1.5,0.23,7.498088642659277,6.289695290858719,3.6234072022160637,0.5366712898751733,7.37,9.3,3.2,0.2
7.498088642659277,6.289695290858719,3.6234072022160637,0.5366712898751733,7.37,9.3,3.2,0.2,7.43,9.18,2.2,0.24
7.498088642659277,6.289695290858719,3.6234072022160637,0.5366712898751733,7.43,9.18,2.2,0.24,7.44,8.65,1.5,0.23
7.88,9.7,1.9,0.43,7.44,8.65,1.5,0.23,7.498088642659277,6.289695290858719,3.6234072022160637,0.5366712898751733
7.88,9.83,1.7,0.57,7.498088642659277,6.289695290858719,3.6234072022160637,0.5366712898751733,7.498088642659277,6.289695290858719,3.6234072022160637,0.5366712898751733
7.498088642659277,6.289695290858719,3.6234072022160637,0.5366712898751733,7.498088642659277,6.289695290858719,3.6234072022160637,0.5366712898751733,7.88,9.7,1.9,0.43
8.17,10.3,1.2,0.51,7.88,9.7,1.9,0.43,7.88,9.83,1.7,0.57
8.48,10.4,2.1,0.38,7.88,9.83,1.7,0.57,7.498088642659277,6.289695290858719,3.6234072022160637,0.5366712898751733
7.498088642659277,6.289695290858719,3.6234072022160637,0.5366712898751733,7.498088642659277,6.289695290858719,3.6234072022160637,0.5366712898751733,8.17,10.3,1.2,0.51
8.74,10.8,1.8,0.42,8.17,10.3,1.2,0.51,8.48,10.4,2.1,0.38
7.498088642659277,6.289695290858719,3.6234072022160637,0.5366712898751733,8.48,10.4,2.1,0.38,7.498088642659277,6.289695290858719,3.6234072022160637,0.5366712898751733
7.498088642659277,6.289695290858719,3.6234072022160637,0.5366712898751733,7.498088642659277,6.289695290858719,3.6234072022160637,0.5366712898751733,8.74,10.8,1.8,0.42
8.56,9.04,2.1,0.39,8.74,10.8,1.8,0.42,7.498088642659277,6.289695290858719,3.6234072022160637,0.5366712898751733
7.498088642659277,6.289695290858719,3.6234072022160637,0.5366712898751733,7.498088642659277,6.289695290858719,3.6234072022160637,0.5366712898751733,7.498088642659277,6.289695290858719,3.6234072022160637,0.5366712898751733
7.498088642659277,6.289695290858719,3.6234072022160637,0.5366712898751733,7.498088642659277,6.289695290858719,3.6234072022160637,0.5366712898751733,8.56,9.04,2.1,0.39
8.0,8.92,2.0,0.24,8.56,9.04,2.1,0.39,7.498088642659277,6.289695290858719,3.6234072022160637,0.5366712898751733
7.64,10.0,2.1,0.28,7.498088642659277,6.289695290858719,3.6234072022160637,0.5366712898751733,7.498088642659277,6.289695290858719,3.6234072022160637,0.5366712898751733
7.498088642659277,6.289695290858719,3.6234072022160637,0.5366712898751733,7.498088642659277,6.289695290858719,3.6234072022160637,0.5366712898751733,8.0,8.92,2.0,0.24
7.35,7.93,1.8,0.29,8.0,8.92,2.0,0.24,7.64,10.0,2.1,0.28
7.56,6.92,1.6,0.35,7.64,10.0,2.1,0.28,7.498088642659277,6.289695290858719,3.6234072022160637,0.5366712898751733
7.01,5.27,1.4,0.31,7.498088642659277,6.289695290858719,3.6234072022160637,0.5366712898751733,7.35,7.93,1.8,0.29
7.03,6.35,2.4,0.22,7.35,7.93,1.8,0.29,7.56,6.92,1.6,0.35
7.07,6.29,1.7,0.13,7.56,6.92,1.6,0.35,7.01,5.27,1.4,0.31
7.1,6.98,1.2,0.14,7.01,5.27,1.4,0.31,7.03,6.35,2.4,0.22
6.55,5.36,2.1,0.26,7.03,6.35,2.4,0.22,7.07,6.29,1.7,0.13
6.25,6.01,1.3,0.11,7.07,6.29,1.7,0.13,7.1,6.98,1.2,0.14
6.98,6.56,2.9,0.16,7.1,6.98,1.2,0.14,6.55,5.36,2.1,0.26
7.53,6.06,3.5,0.28,6.55,5.36,2.1,0.26,6.25,6.01,1.3,0.11
7.498088642659277,6.289695290858719,3.6234072022160637,0.5366712898751733,6.25,6.01,1.3,0.11,6.98,6.56,2.9,0.16
7.54,7.55,1.7,0.16,6.98,6.56,2.9,0.16,7.53,6.06,3.5,0.28
7.498088642659277,6.289695290858719,3.6234072022160637,0.5366712898751733,7.53,6.06,3.5,0.28,7.498088642659277,6.289695290858719,3.6234072022160637,0.5366712898751733
7.46,6.9,2.2,0.22,7.498088642659277,6.289695290858719,3.6234072022160637,0.5366712898751733,7.54,7.55,1.7,0.16
7.498088642659277,6.289695290858719,3.6234072022160637,0.5366712898751733,7.54,7.55,1.7,0.16,7.498088642659277,6.289695290858719,3.6234072022160637,0.5366712898751733
7.498088642659277,6.289695290858719,3.6234072022160637,0.5366712898751733,7.498088642659277,6.289695290858719,3.6234072022160637,0.5366712898751733,7.46,6.9,2.2,0.22
7.498088642659277,6.289695290858719,3.6234072022160637,0.5366712898751733,7.46,6.9,2.2,0.22,7.498088642659277,6.289695290858719,3.6234072022160637,0.5366712898751733
7.498088642659277,6.289695290858719,3.6234072022160637,0.5366712898751733,7.498088642659277,6.289695290858719,3.6234072022160637,0.5366712898751733,7.498088642659277,6.289695290858719,3.6234072022160637,0.5366712898751733
7.498088642659277,6.289695290858719,3.6234072022160637,0.5366712898751733,7.498088642659277,6.289695290858719,3.6234072022160637,0.5366712898751733,7.498088642659277,6.289695290858719,3.6234072022160637,0.5366712898751733
7.498088642659277,6.289695290858719,3.6234072022160637,0.5366712898751733,7.498088642659277,6.289695290858719,3.6234072022160637,0.5366712898751733,7.498088642659277,6.289695290858719,3.6234072022160637,0.5366712898751733
7.3,7.55,4.1,0.34,7.498088642659277,6.289695290858719,3.6234072022160637,0.5366712898751733,7.498088642659277,6.289695290858719,3.6234072022160637,0.5366712898751733
7.45,7.09,2.2,0.28,7.498088642659277,6.289695290858719,3.6234072022160637,0.5366712898751733,7.498088642659277,6.289695290858719,3.6234072022160637,0.5366712898751733
7.498088642659277,6.289695290858719,3.6234072022160637,0.5366712898751733,7.498088642659277,6.289695290858719,3.6234072022160637,0.5366712898751733,7.3,7.55,4.1,0.34
7.498088642659277,6.289695290858719,3.6234072022160637,0.5366712898751733,7.3,7.55,4.1,0.34,7.45,7.09,2.2,0.28
7.498088642659277,6.289695290858719,3.6234072022160637,0.5366712898751733,7.45,7.09,2.2,0.28,7.498088642659277,6.289695290858719,3.6234072022160637,0.5366712898751733
7.73,5.88,5.4,0.24,7.498088642659277,6.289695290858719,3.6234072022160637,0.5366712898751733,7.498088642659277,6.289695290858719,3.6234072022160637,0.5366712898751733
7.498088642659277,6.289695290858719,3.6234072022160637,0.5366712898751733,7.498088642659277,6.289695290858719,3.6234072022160637,0.5366712898751733,7.498088642659277,6.289695290858719,3.6234072022160637,0.5366712898751733
7.48,7.17,2.1,0.23,7.498088642659277,6.289695290858719,3.6234072022160637,0.5366712898751733,7.73,5.88,5.4,0.24
7.498088642659277,6.289695290858719,3.6234072022160637,0.5366712898751733,7.73,5.88,5.4,0.24,7.498088642659277,6.289695290858719,3.6234072022160637,0.5366712898751733
7.498088642659277,6.289695290858719,3.6234072022160637,0.5366712898751733,7.498088642659277,6.289695290858719,3.6234072022160637,0.5366712898751733,7.48,7.17,2.1,0.23
7.498088642659277,6.289695290858719,3.6234072022160637,0.5366712898751733,7.48,7.17,2.1,0.23,7.498088642659277,6.289695290858719,3.6234072022160637,0.5366712898751733
7.498088642659277,6.289695290858719,3.6234072022160637,0.5366712898751733,7.498088642659277,6.289695290858719,3.6234072022160637,0.5366712898751733,7.498088642659277,6.289695290858719,3.6234072022160637,0.5366712898751733
7.498088642659277,6.289695290858719,3.6234072022160637,0.5366712898751733,7.498088642659277,6.289695290858719,3.6234072022160637,0.5366712898751733,7.498088642659277,6.289695290858719,3.6234072022160637,0.5366712898751733
7.6,8.32,2.5,0.16,7.498088642659277,6.289695290858719,3.6234072022160637,0.5366712898751733,7.498088642659277,6.289695290858719,3.6234072022160637,0.5366712898751733
7.56,8.6,2.4,0.19,7.498088642659277,6.289695290858719,3.6234072022160637,0.5366712898751733,7.498088642659277,6.289695290858719,3.6234072022160637,0.5366712898751733
7.51,8.47,2.2,0.21,7.498088642659277,6.289695290858719,3.6234072022160637,0.5366712898751733,7.6,8.32,2.5,0.16
7.498088642659277,6.289695290858719,3.6234072022160637,0.5366712898751733,7.6,8.32,2.5,0.16,7.56,8.6,2.4,0.19
7.498088642659277,6.289695290858719,3.6234072022160637,0.5366712898751733,7.56,8.6,2.4,0.19,7.51,8.47,2.2,0.21
7.498088642659277,6.289695290858719,3.6234072022160637,0.5366712898751733,7.51,8.47,2.2,0.21,7.498088642659277,6.289695290858719,3.6234072022160637,0.5366712898751733
7.498088642659277,6.289695290858719,3.6234072022160637,0.5366712898751733,7.498088642659277,6.289695290858719,3.6234072022160637,0.5366712898751733,7.498088642659277,6.289695290858719,3.6234072022160637,0.5366712898751733
7.53,10.3,2.8,0.38,7.498088642659277,6.289695290858719,3.6234072022160637,0.5366712898751733,7.498088642659277,6.289695290858719,3.6234072022160637,0.5366712898751733
7.4,9.23,2.6,0.48,7.498088642659277,6.289695290858719,3.6234072022160637,0.5366712898751733,7.498088642659277,6.289695290858719,3.6234072022160637,0.5366712898751733
