8.11,4.2,6.7,4.91,7.28,2.94,9.2,4.51,7.81,5.38,11.8,3.04
8.15,5.14,7.5,5.33,7.81,5.38,11.8,3.04,7.7100000000000035,5.613638888888894,6.047361111111112,2.941331484049927
8.26,6.78,8.4,7.5,7.7100000000000035,5.613638888888894,6.047361111111112,2.941331484049927,8.11,4.2,6.7,4.91
8.11,5.36,9.7,10.6,8.11,4.2,6.7,4.91,8.15,5.14,7.5,5.33
8.62,9.74,8.6,10.3,8.15,5.14,7.5,5.33,8.26,6.78,8.4,7.5
7.92,6.34,16.4,7.45,8.26,6.78,8.4,7.5,8.11,5.36,9.7,10.6
8.08,5.3,11.8,9.58,8.11,5.36,9.7,10.6,8.62,9.74,8.6,10.3
7.87,4.32,9.9,7.51,8.62,9.74,8.6,10.3,7.92,6.34,16.4,7.45
7.48,6.86,6.9,4.94,7.92,6.34,16.4,7.45,8.08,5.3,11.8,9.58
7.5,1.93,9.7,8.42,8.08,5.3,11.8,9.58,7.87,4.32,9.9,7.51
7.58,3.62,10.6,9.43,7.87,4.32,9.9,7.51,7.48,6.86,6.9,4.94
7.64,4.99,5.6,7.76,7.48,6.86,6.9,4.94,7.5,1.93,9.7,8.42
7.59,3.88,5.8,7.16,7.5,1.93,9.7,8.42,7.58,3.62,10.6,9.43
7.54,3.95,4.2,5.44,7.58,3.62,10.6,9.43,7.64,4.99,5.6,7.76
7.65,2.17,8.4,12.3,7.64,4.99,5.6,7.76,7.59,3.88,5.8,7.16
7.64,1.91,11.1,11.9,7.59,3.88,5.8,7.16,7.54,3.95,4.2,5.44
7.67,2.41,9.6,10.9,7.54,3.95,4.2,5.44,7.65,2.17,8.4,12.3
7.78,2.28,10.7,14.8,7.65,2.17,8.4,12.3,7.64,1.91,11.1,11.9
7.72,1.52,8.6,14.8,7.64,1.91,11.1,11.9,7.67,2.41,9.6,10.9
7.7,0.47,9.6,15.8,7.67,2.41,9.6,10.9,7.78,2.28,10.7,14.8
7.96,4.11,9.7,14.5,7.78,2.28,10.7,14.8,7.72,1.52,8.6,14.8
8.17,2.68,8.6,12.6,7.72,1.52,8.6,14.8,7.7,0.47,9.6,15.8
8.42,6.49,10.4,10.7,7.7,0.47,9.6,15.8,7.96,4.11,9.7,14.5
8.17,3.01,12.1,15.7,7.96,4.11,9.7,14.5,8.17,2.68,8.6,12.6
7.7100000000000035,5.613638888888894,6.047361111111112,2.941331484049927,8.17,2.68,8.6,12.6,8.42,6.49,10.4,10.7
7.7100000000000035,5.613638888888894,6.047361111111112,2.941331484049927,8.42,6.49,10.4,10.7,8.17,3.01,12.1,15.7
7.7100000000000035,5.613638888888894,6.047361111111112,2.941331484049927,8.17,3.01,12.1,15.7,7.7100000000000035,5.613638888888894,6.047361111111112,2.941331484049927
7.43,5.14,5.6,1.67,7.7100000000000035,5.613638888888894,6.047361111111112,2.941331484049927,7.7100000000000035,5.613638888888894,6.047361111111112,2.941331484049927
7.63,2.81,4.1,0.59,7.7100000000000035,5.613638888888894,6.047361111111112,2.941331484049927,7.7100000000000035,5.613638888888894,6.047361111111112,2.941331484049927
7.23,2.04,4.8,0.34,7.7100000000000035,5.613638888888894,6.047361111111112,2.941331484049927,7.43,5.14,5.6,1.67
7.36,3.51,6.3,0.53,7.43,5.14,5.6,1.67,7.63,2.81,4.1,0.59
7.39,3.25,4.0,0.51,7.63,2.81,4.1,0.59,7.23,2.04,4.8,0.34
7.33,2.51,5.7,0.56,7.23,2.04,4.8,0.34,7.36,3.51,6.3,0.53
7.36,3.06,3.7,0.75,7.36,3.51,6.3,0.53,7.39,3.25,4.0,0.51
7.4,2.56,5.1,0.71,7.39,3.25,4.0,0.51,7.33,2.51,5.7,0.56
7.7100000000000035,5.613638888888894,6.047361111111112,2.941331484049927,7.33,2.51,5.7,0.56,7.36,3.06,3.7,0.75
7.27,3.19,3.5,1.0,7.36,3.06,3.7,0.75,7.4,2.56,5.1,0.71
7.28,3.88,4.1,0.88,7.4,2.56,5.1,0.71,7.7100000000000035,5.613638888888894,6.047361111111112,2.941331484049927
7.32,4.07,3.8,0.72,7.7100000000000035,5.613638888888894,6.047361111111112,2.941331484049927,7.27,3.19,3.5,1.0
7.3,3.41,5.5,1.97,7.27,3.19,3.5,1.0,7.28,3.88,4.1,0.88
7.36,3.15,8.1,2.62,7.28,3.88,4.1,0.88,7.32,4.07,3.8,0.72
7.35,3.65,3.6,2.1,7.32,4.07,3.8,0.72,7.3,3.41,5.5,1.97
7.32,3.61,4.8,2.18,7.3,3.41,5.5,1.97,7.36,3.15,8.1,2.62
7.32,3.1,5.4,3.69,7.36,3.15,8.1,2.62,7.35,3.65,3.6,2.1
7.39,3.38,7.4,4.86,7.35,3.65,3.6,2.1,7.32,3.61,4.8,2.18
7.36,3.42,5.7,5.96,7.32,3.61,4.8,2.18,7.32,3.1,5.4,3.69
7.46,4.59,5.6,5.13,7.32,3.1,5.4,3.69,7.39,3.38,7.4,4.86
7.47,3.7,6.0,6.84,7.39,3.38,7.4,4.86,7.36,3.42,5.7,5.96
7.54,4.45,4.9,6.15,7.36,3.42,5.7,5.96,7.46,4.59,5.6,5.13
7.52,4.01,5.9,8.17,7.46,4.59,5.6,5.13,7.47,3.7,6.0,6.84
7.41,4.41,6.3,10.1,7.47,3.7,6.0,6.84,7.54,4.45,4.9,6.15
7.44,3.06,8.7,13.8,7.54,4.45,4.9,6.15,7.52,4.01,5.9,8.17
7.5,2.17,9.4,17.9,7.52,4.01,5.9,8.17,7.41,4.41,6.3,10.1
7.5,1.94,9.2,16.9,7.41,4.41,6.3,10.1,7.44,3.06,8.7,13.8
7.42,2.82,12.3,16.4,7.44,3.06,8.7,13.8,7.5,2.17,9.4,17.9
7.7100000000000035,5.613638888888894,6.047361111111112,2.941331484049927,7.5,2.17,9.4,17.9,7.5,1.94,9.2,16.9
7.5,3.15,12.0,12.9,7.5,1.94,9.2,16.9,7.42,2.82,12.3,16.4
7.57,5.63,10.9,11.0,7.42,2.82,12.3,16.4,7.7100000000000035,5.613638888888894,6.047361111111112,2.941331484049927
7.66,6.44,9.8,10.2,7.7100000000000035,5.613638888888894,6.047361111111112,2.941331484049927,7.5,3.15,12.0,12.9
7.71,6.5,8.3,8.57,7.5,3.15,12.0,12.9,7.57,5.63,10.9,11.0
7.64,5.15,7.1,7.43,7.57,5.63,10.9,11.0,7.66,6.44,9.8,10.2
7.57,2.4,8.4,13.4,7.66,6.44,9.8,10.2,7.71,6.5,8.3,8.57
7.46,1.2,10.0,13.6,7.71,6.5,8.3,8.57,7.64,5.15,7.1,7.43
7.41,1.05,11.1,14.3,7.64,5.15,7.1,7.43,7.57,2.4,8.4,13.4
7.48,1.31,8.1,11.0,7.57,2.4,8.4,13.4,7.46,1.2,10.0,13.6
7.42,1.02,8.0,12.6,7.46,1.2,10.0,13.6,7.41,1.05,11.1,14.3
7.46,7.49,11.4,12.2,7.41,1.05,11.1,14.3,7.48,1.31,8.1,11.0
7.46,7.48,11.9,10.8,7.48,1.31,8.1,11.0,7.42,1.02,8.0,12.6
7.42,7.66,11.5,10.3,7.42,1.02,8.0,12.6,7.46,7.49,11.4,12.2
7.52,0.73,8.6,11.1,7.46,7.49,11.4,12.2,7.46,7.48,11.9,10.8
7.48,0.61,8.7,12.2,7.46,7.48,11.9,10.8,7.42,7.66,11.5,10.3
7.47,0.41,6.5,12.0,7.42,7.66,11.5,10.3,7.52,0.73,8.6,11.1
7.47,0.28,8.3,12.9,7.52,0.73,8.6,11.1,7.48,0.61,8.7,12.2
7.47,0.12,7.2,13.6,7.48,0.61,8.7,12.2,7.47,0.41,6.5,12.0
7.45,0.46,10.7,14.0,7.47,0.41,6.5,12.0,7.47,0.28,8.3,12.9
7.46,0.46,10.7,10.0,7.47,0.28,8.3,12.9,7.47,0.12,7.2,13.6
7.19,0.66,7.6,3.46,7.47,0.12,7.2,13.6,7.45,0.46,10.7,14.0
7.17,2.94,6.5,1.22,7.45,0.46,10.7,14.0,7.46,0.46,10.7,10.0
7.26,1.06,6.0,1.65,7.46,0.46,10.7,10.0,7.19,0.66,7.6,3.46
7.16,1.96,5.9,0.7,7.19,0.66,7.6,3.46,7.17,2.94,6.5,1.22
7.19,2.38,3.1,0.98,7.17,2.94,6.5,1.22,7.26,1.06,6.0,1.65
7.18,2.31,4.6,0.62,7.26,1.06,6.0,1.65,7.16,1.96,5.9,0.7
7.12,2.45,5.4,0.88,7.16,1.96,5.9,0.7,7.19,2.38,3.1,0.98
7.03,3.28,4.0,1.46,7.19,2.38,3.1,0.98,7.18,2.31,4.6,0.62
7.96,2.48,4.5,1.21,7.18,2.31,4.6,0.62,7.12,2.45,5.4,0.88
7.95,2.1,6.0,0.77,7.12,2.45,5.4,0.88,7.03,3.28,4.0,1.46
8.0,2.13,5.2,0.96,7.03,3.28,4.0,1.46,7.96,2.48,4.5,1.21
7.97,2.06,5.2,1.43,7.96,2.48,4.5,1.21,7.95,2.1,6.0,0.77
8.03,4.34,4.2,0.95,7.95,2.1,6.0,0.77,8.0,2.13,5.2,0.96
7.97,5.39,5.1,0.54,8.0,2.13,5.2,0.96,7.97,2.06,5.2,1.43
8.15,5.64,4.9,0.5,7.97,2.06,5.2,1.43,8.03,4.34,4.2,0.95
8.06,4.88,4.1,0.73,8.03,4.34,4.2,0.95,7.97,5.39,5.1,0.54
7.68,4.12,3.8,1.56,7.97,5.39,5.1,0.54,8.15,5.64,4.9,0.5
7.66,3.71,3.9,1.74,8.15,5.64,4.9,0.5,8.06,4.88,4.1,0.73
7.64,3.1,4.9,1.98,8.06,4.88,4.1,0.73,7.68,4.12,3.8,1.56
7.69,3.85,6.0,2.26,7.68,4.12,3.8,1.56,7.66,3.71,3.9,1.74
7.89,5.79,4.8,3.18,7.66,3.71,3.9,1.74,7.64,3.1,4.9,1.98
7.98,6.82,4.8,1.69,7.64,3.1,4.9,1.98,7.69,3.85,6.0,2.26
8.01,6.64,4.0,3.59,7.69,3.85,6.0,2.26,7.89,5.79,4.8,3.18
8.07,6.13,5.4,5.78,7.89,5.79,4.8,3.18,7.98,6.82,4.8,1.69
8.14,6.23,5.0,4.81,7.98,6.82,4.8,1.69,8.01,6.64,4.0,3.59
8.13,6.25,6.1,5.18,8.01,6.64,4.0,3.59,8.07,6.13,5.4,5.78
8.01,5.59,7.0,9.45,8.07,6.13,5.4,5.78,8.14,6.23,5.0,4.81
7.78,4.5,6.8,8.28,8.14,6.23,5.0,4.81,8.13,6.25,6.1,5.18
7.85,5.31,6.8,7.15,8.13,6.25,6.1,5.18,8.01,5.59,7.0,9.45
7.86,5.73,5.9,7.82,8.01,5.59,7.0,9.45,7.78,4.5,6.8,8.28
7.95,6.3,6.2,8.87,7.78,4.5,6.8,8.28,7.85,5.31,6.8,7.15
7.98,6.86,7.0,10.4,7.85,5.31,6.8,7.15,7.86,5.73,5.9,7.82
8.02,7.35,6.6,9.38,7.86,5.73,5.9,7.82,7.95,6.3,6.2,8.87
8.27,8.7,6.1,7.76,7.95,6.3,6.2,8.87,7.98,6.86,7.0,10.4
8.15,8.08,5.7,5.58,7.98,6.86,7.0,10.4,8.02,7.35,6.6,9.38
8.11,6.94,5.2,4.26,8.02,7.35,6.6,9.38,8.27,8.7,6.1,7.76
7.9,7.44,6.2,3.99,8.27,8.7,6.1,7.76,8.15,8.08,5.7,5.58
7.69,5.33,5.6,3.11,8.15,8.08,5.7,5.58,8.11,6.94,5.2,4.26
7.69,2.49,6.3,5.26,8.11,6.94,5.2,4.26,7.9,7.44,6.2,3.99
7.77,2.5,6.6,5.94,7.9,7.44,6.2,3.99,7.69,5.33,5.6,3.11
7.89,3.7,5.7,4.68,7.69,5.33,5.6,3.11,7.69,2.49,6.3,5.26
7.58,4.13,6.0,2.48,7.69,2.49,6.3,5.26,7.77,2.5,6.6,5.94
7.7100000000000035,5.613638888888894,6.047361111111112,2.941331484049927,7.77,2.5,6.6,5.94,7.89,3.7,5.7,4.68
7.52,1.57,6.0,6.15,7.89,3.7,5.7,4.68,7.58,4.13,6.0,2.48
7.57,1.91,5.7,6.13,7.58,4.13,6.0,2.48,7.7100000000000035,5.613638888888894,6.047361111111112,2.941331484049927
7.51,1.5,5.9,6.28,7.7100000000000035,5.613638888888894,6.047361111111112,2.941331484049927,7.52,1.57,6.0,6.15
7.53,1.5,4.7,7.73,7.52,1.57,6.0,6.15,7.57,1.91,5.7,6.13
7.58,1.52,7.5,8.08,7.57,1.91,5.7,6.13,7.51,1.5,5.9,6.28
7.6,1.24,6.5,8.55,7.51,1.5,5.9,6.28,7.53,1.5,4.7,7.73
7.57,1.0,5.1,8.86,7.53,1.5,4.7,7.73,7.58,1.52,7.5,8.08
7.55,0.6,6.5,9.27,7.58,1.52,7.5,8.08,7.6,1.24,6.5,8.55
7.47,1.0,5.4,7.99,7.6,1.24,6.5,8.55,7.57,1.0,5.1,8.86
7.27,2.73,4.7,1.92,7.57,1.0,5.1,8.86,7.55,0.6,6.5,9.27
7.28,1.86,3.0,2.33,7.55,0.6,6.5,9.27,7.47,1.0,5.4,7.99
7.36,1.89,4.8,2.3,7.47,1.0,5.4,7.99,7.27,2.73,4.7,1.92
7.4,1.82,4.8,3.18,7.27,2.73,4.7,1.92,7.28,1.86,3.0,2.33
7.25,3.15,4.4,1.11,7.28,1.86,3.0,2.33,7.36,1.89,4.8,2.3
7.18,2.75,5.3,0.4,7.36,1.89,4.8,2.3,7.4,1.82,4.8,3.18
7.17,1.79,5.2,0.55,7.4,1.82,4.8,3.18,7.25,3.15,4.4,1.11
7.23,2.27,4.9,0.4,7.25,3.15,4.4,1.11,7.18,2.75,5.3,0.4
7.33,7.26,5.3,1.57,7.18,2.75,5.3,0.4,7.17,1.79,5.2,0.55
7.31,8.12,4.8,2.17,7.17,1.79,5.2,0.55,7.23,2.27,4.9,0.4
7.35,8.35,4.7,2.77,7.23,2.27,4.9,0.4,7.33,7.26,5.3,1.57
7.28,5.36,4.2,2.25,7.33,7.26,5.3,1.57,7.31,8.12,4.8,2.17
7.44,7.12,5.1,4.83,7.31,8.12,4.8,2.17,7.35,8.35,4.7,2.77
7.44,10.4,6.1,5.67,7.35,8.35,4.7,2.77,7.28,5.36,4.2,2.25
7.32,7.41,5.5,3.74,7.28,5.36,4.2,2.25,7.44,7.12,5.1,4.83
7.28,6.41,5.7,3.93,7.44,7.12,5.1,4.83,7.44,10.4,6.1,5.67
7.37,8.61,4.7,5.08,7.44,10.4,6.1,5.67,7.32,7.41,5.5,3.74
7.47,4.85,6.5,7.51,7.32,7.41,5.5,3.74,7.28,6.41,5.7,3.93
7.52,1.72,6.4,8.16,7.28,6.41,5.7,3.93,7.37,8.61,4.7,5.08
7.55,0.95,5.6,6.9,7.37,8.61,4.7,5.08,7.47,4.85,6.5,7.51
7.54,6.87,13.0,8.87,7.47,4.85,6.5,7.51,7.52,1.72,6.4,8.16
7.46,6.04,15.7,6.4,7.52,1.72,6.4,8.16,7.55,0.95,5.6,6.9
7.49,5.1,8.7,5.3,7.55,0.95,5.6,6.9,7.54,6.87,13.0,8.87
7.51,6.1,7.5,4.9,7.54,6.87,13.0,8.87,7.46,6.04,15.7,6.4
7.49,2.68,12.4,7.68,7.46,6.04,15.7,6.4,7.49,5.1,8.7,5.3
7.7100000000000035,5.613638888888894,6.047361111111112,2.941331484049927,7.49,5.1,8.7,5.3,7.51,6.1,7.5,4.9
7.53,5.72,7.9,7.7,7.51,6.1,7.5,4.9,7.49,2.68,12.4,7.68
7.6,3.72,9.5,7.21,7.49,2.68,12.4,7.68,7.7100000000000035,5.613638888888894,6.047361111111112,2.941331484049927
7.59,4.27,10.9,8.37,7.7100000000000035,5.613638888888894,6.047361111111112,2.941331484049927,7.53,5.72,7.9,7.7
7.51,2.4,12.7,11.1,7.53,5.72,7.9,7.7,7.6,3.72,9.5,7.21
7.79,1.67,12.7,10.8,7.6,3.72,9.5,7.21,7.59,4.27,10.9,8.37
7.94,1.83,10.1,7.68,7.59,4.27,10.9,8.37,7.51,2.4,12.7,11.1
7.91,0.6,10.4,10.5,7.51,2.4,12.7,11.1,7.79,1.67,12.7,10.8
7.82,0.93,9.1,8.97,7.79,1.67,12.7,10.8,7.94,1.83,10.1,7.68
7.85,0.66,12.0,9.52,7.94,1.83,10.1,7.68,7.91,0.6,10.4,10.5
7.93,1.24,13.1,9.43,7.91,0.6,10.4,10.5,7.82,0.93,9.1,8.97
7.98,3.61,6.5,5.47,7.82,0.93,9.1,8.97,7.85,0.66,12.0,9.52
7.98,3.22,5.5,5.49,7.85,0.66,12.0,9.52,7.93,1.24,13.1,9.43
7.81,1.41,5.3,6.55,7.93,1.24,13.1,9.43,7.98,3.61,6.5,5.47
7.79,1.79,6.4,6.92,7.98,3.61,6.5,5.47,7.98,3.22,5.5,5.49
7.71,0.96,4.9,4.67,7.98,3.22,5.5,5.49,7.81,1.41,5.3,6.55
7.77,0.33,3.4,4.97,7.81,1.41,5.3,6.55,7.79,1.79,6.4,6.92
7.72,2.73,5.2,8.23,7.79,1.79,6.4,6.92,7.71,0.96,4.9,4.67
7.72,0.08,9.0,10.3,7.71,0.96,4.9,4.67,7.77,0.33,3.4,4.97
7.61,0.17,7.0,7.33,7.77,0.33,3.4,4.97,7.72,2.73,5.2,8.23
7.8,1.62,8.2,11.5,7.72,2.73,5.2,8.23,7.72,0.08,9.0,10.3
7.87,0.27,8.0,11.4,7.72,0.08,9.0,10.3,7.61,0.17,7.0,7.33
7.77,0.18,7.6,7.38,7.61,0.17,7.0,7.33,7.8,1.62,8.2,11.5
7.63,0.33,4.7,6.82,7.8,1.62,8.2,11.5,7.87,0.27,8.0,11.4
7.64,0.58,4.6,4.87,7.87,0.27,8.0,11.4,7.77,0.18,7.6,7.38
7.73,1.46,3.6,4.12,7.77,0.18,7.6,7.38,7.63,0.33,4.7,6.82
7.45,0.43,6.3,3.54,7.63,0.33,4.7,6.82,7.64,0.58,4.6,4.87
7.5,0.71,5.3,2.77,7.64,0.58,4.6,4.87,7.73,1.46,3.6,4.12
7.34,0.85,4.6,1.42,7.73,1.46,3.6,4.12,7.45,0.43,6.3,3.54
7.41,2.23,8.8,0.92,7.45,0.43,6.3,3.54,7.5,0.71,5.3,2.77
7.48,3.11,6.1,0.66,7.5,0.71,5.3,2.77,7.34,0.85,4.6,1.42
7.5,2.24,3.8,0.52,7.34,0.85,4.6,1.42,7.41,2.23,8.8,0.92
7.44,1.46,4.4,0.75,7.41,2.23,8.8,0.92,7.48,3.11,6.1,0.66
7.38,0.77,4.1,0.86,7.48,3.11,6.1,0.66,7.5,2.24,3.8,0.52
7.54,1.63,2.9,0.75,7.5,2.24,3.8,0.52,7.44,1.46,4.4,0.75
7.5,1.31,3.9,1.19,7.44,1.46,4.4,0.75,7.38,0.77,4.1,0.86
7.43,1.83,4.5,1.83,7.38,0.77,4.1,0.86,7.54,1.63,2.9,0.75
7.35,2.01,5.0,1.12,7.54,1.63,2.9,0.75,7.5,1.31,3.9,1.19
7.21,3.01,4.7,0.98,7.5,1.31,3.9,1.19,7.43,1.83,4.5,1.83
7.3,1.75,4.2,1.95,7.43,1.83,4.5,1.83,7.35,2.01,5.0,1.12
7.32,1.51,3.7,3.44,7.35,2.01,5.0,1.12,7.21,3.01,4.7,0.98
7.46,2.46,4.8,2.61,7.21,3.01,4.7,0.98,7.3,1.75,4.2,1.95
7.6,2.67,5.2,4.28,7.3,1.75,4.2,1.95,7.32,1.51,3.7,3.44
7.54,3.91,6.2,3.58,7.32,1.51,3.7,3.44,7.46,2.46,4.8,2.61
7.51,3.72,5.8,3.46,7.46,2.46,4.8,2.61,7.6,2.67,5.2,4.28
7.5,3.83,6.3,6.32,7.6,2.67,5.2,4.28,7.54,3.91,6.2,3.58
7.61,3.67,6.2,6.4,7.54,3.91,6.2,3.58,7.51,3.72,5.8,3.46
7.53,1.8,6.5,11.2,7.51,3.72,5.8,3.46,7.5,3.83,6.3,6.32
7.66,4.44,6.5,8.07,7.5,3.83,6.3,6.32,7.61,3.67,6.2,6.4
7.88,6.58,6.0,7.97,7.61,3.67,6.2,6.4,7.53,1.8,6.5,11.2
8.05,6.87,8.3,6.06,7.53,1.8,6.5,11.2,7.66,4.44,6.5,8.07
8.05,6.41,7.8,6.48,7.66,4.44,6.5,8.07,7.88,6.58,6.0,7.97
7.93,6.4,7.6,5.45,7.88,6.58,6.0,7.97,8.05,6.87,8.3,6.06
7.88,5.29,7.9,6.8,8.05,6.87,8.3,6.06,8.05,6.41,7.8,6.48
7.95,5.11,6.7,8.81,8.05,6.41,7.8,6.48,7.93,6.4,7.6,5.45
7.96,4.68,6.2,7.38,7.93,6.4,7.6,5.45,7.88,5.29,7.9,6.8
7.88,4.19,6.4,9.56,7.88,5.29,7.9,6.8,7.95,5.11,6.7,8.81
8.01,4.44,6.4,12.0,7.95,5.11,6.7,8.81,7.96,4.68,6.2,7.38
7.7100000000000035,5.613638888888894,6.047361111111112,2.941331484049927,7.96,4.68,6.2,7.38,7.88,4.19,6.4,9.56
8.15,6.03,6.9,7.51,7.88,4.19,6.4,9.56,8.01,4.44,6.4,12.0
8.35,7.24,7.9,6.36,8.01,4.44,6.4,12.0,7.7100000000000035,5.613638888888894,6.047361111111112,2.941331484049927
8.27,7.34,7.4,5.97,7.7100000000000035,5.613638888888894,6.047361111111112,2.941331484049927,8.15,6.03,6.9,7.51
8.03,6.09,6.5,6.57,8.15,6.03,6.9,7.51,8.35,7.24,7.9,6.36
8.02,3.72,6.2,6.59,8.35,7.24,7.9,6.36,8.27,7.34,7.4,5.97
7.98,2.85,6.1,5.91,8.27,7.34,7.4,5.97,8.03,6.09,6.5,6.57
7.93,3.97,5.8,6.79,8.03,6.09,6.5,6.57,8.02,3.72,6.2,6.59
7.65,2.73,5.9,5.21,8.02,3.72,6.2,6.59,7.98,2.85,6.1,5.91
7.64,1.71,6.8,4.99,7.98,2.85,6.1,5.91,7.93,3.97,5.8,6.79
7.7,0.59,9.3,5.62,7.93,3.97,5.8,6.79,7.65,2.73,5.9,5.21
7.68,1.7,7.9,4.19,7.65,2.73,5.9,5.21,7.64,1.71,6.8,4.99
7.73,0.95,9.2,3.81,7.64,1.71,6.8,4.99,7.7,0.59,9.3,5.62
7.86,0.5,9.1,3.28,7.7,0.59,9.3,5.62,7.68,1.7,7.9,4.19
7.69,1.59,7.8,2.2,7.68,1.7,7.9,4.19,7.73,0.95,9.2,3.81
7.5,0.41,9.3,1.76,7.73,0.95,9.2,3.81,7.86,0.5,9.1,3.28
7.58,0.38,6.8,3.15,7.86,0.5,9.1,3.28,7.69,1.59,7.8,2.2
7.62,0.81,5.8,2.04,7.69,1.59,7.8,2.2,7.5,0.41,9.3,1.76
7.57,0.23,5.2,1.99,7.5,0.41,9.3,1.76,7.58,0.38,6.8,3.15
7.61,0.72,5.1,1.97,7.58,0.38,6.8,3.15,7.62,0.81,5.8,2.04
7.59,0.15,5.5,3.61,7.62,0.81,5.8,2.04,7.57,0.23,5.2,1.99
7.6,0.42,5.8,3.58,7.57,0.23,5.2,1.99,7.61,0.72,5.1,1.97
7.53,0.6,5.2,1.08,7.61,0.72,5.1,1.97,7.59,0.15,5.5,3.61
7.52,0.6,5.8,2.41,7.59,0.15,5.5,3.61,7.6,0.42,5.8,3.58
7.49,1.33,5.5,1.53,7.6,0.42,5.8,3.58,7.53,0.6,5.2,1.08
7.52,1.04,4.2,1.22,7.53,0.6,5.2,1.08,7.52,0.6,5.8,2.41
7.49,0.9,5.1,1.8,7.52,0.6,5.8,2.41,7.49,1.33,5.5,1.53
7.39,0.19,7.2,2.53,7.49,1.33,5.5,1.53,7.52,1.04,4.2,1.22
7.53,1.07,5.8,2.5,7.52,1.04,4.2,1.22,7.49,0.9,5.1,1.8
7.63,2.29,5.7,0.97,7.49,0.9,5.1,1.8,7.39,0.19,7.2,2.53
7.73,2.25,5.3,1.25,7.39,0.19,7.2,2.53,7.53,1.07,5.8,2.5
7.61,2.3,5.6,1.54,7.53,1.07,5.8,2.5,7.63,2.29,5.7,0.97
7.69,2.2,8.6,0.74,7.63,2.29,5.7,0.97,7.73,2.25,5.3,1.25
7.78,2.24,9.0,1.93,7.73,2.25,5.3,1.25,7.61,2.3,5.6,1.54
7.75,2.91,7.9,1.59,7.61,2.3,5.6,1.54,7.69,2.2,8.6,0.74
7.79,3.41,7.0,0.23,7.69,2.2,8.6,0.74,7.78,2.24,9.0,1.93
7.78,2.57,7.3,0.67,7.78,2.24,9.0,1.93,7.75,2.91,7.9,1.59
7.82,2.12,9.1,2.84,7.75,2.91,7.9,1.59,7.79,3.41,7.0,0.23
7.85,2.52,9.4,2.38,7.79,3.41,7.0,0.23,7.78,2.57,7.3,0.67
7.88,3.17,8.5,2.54,7.78,2.57,7.3,0.67,7.82,2.12,9.1,2.84
7.95,3.34,7.7,2.58,7.82,2.12,9.1,2.84,7.85,2.52,9.4,2.38
7.99,4.53,7.3,3.03,7.85,2.52,9.4,2.38,7.88,3.17,8.5,2.54
8.13,4.53,7.6,3.37,7.88,3.17,8.5,2.54,7.95,3.34,7.7,2.58
8.09,4.84,6.6,3.46,7.95,3.34,7.7,2.58,7.99,4.53,7.3,3.03
7.68,6.69,5.2,3.09,7.99,4.53,7.3,3.03,8.13,4.53,7.6,3.37
7.65,6.13,4.2,3.55,8.13,4.53,7.6,3.37,8.09,4.84,6.6,3.46
7.71,6.52,7.8,2.62,8.09,4.84,6.6,3.46,7.68,6.69,5.2,3.09
7.65,5.5,7.5,2.8,7.68,6.69,5.2,3.09,7.65,6.13,4.2,3.55
7.61,6.72,8.4,4.32,7.65,6.13,4.2,3.55,7.71,6.52,7.8,2.62
7.53,5.19,6.4,4.22,7.71,6.52,7.8,2.62,7.65,5.5,7.5,2.8
7.63,5.48,4.5,4.34,7.65,5.5,7.5,2.8,7.61,6.72,8.4,4.32
7.63,4.68,7.2,6.25,7.61,6.72,8.4,4.32,7.53,5.19,6.4,4.22
7.56,3.97,6.9,8.3,7.53,5.19,6.4,4.22,7.63,5.48,4.5,4.34
7.5,3.6,8.8,9.22,7.63,5.48,4.5,4.34,7.63,4.68,7.2,6.25
7.82,4.06,8.1,8.4,7.63,4.68,7.2,6.25,7.56,3.97,6.9,8.3
8.23,6.95,8.0,7.59,7.56,3.97,6.9,8.3,7.5,3.6,8.8,9.22
7.93,4.59,8.6,9.26,7.5,3.6,8.8,9.22,7.82,4.06,8.1,8.4
7.83,4.72,6.9,6.44,7.82,4.06,8.1,8.4,8.23,6.95,8.0,7.59
7.68,2.73,7.4,8.11,8.23,6.95,8.0,7.59,7.93,4.59,8.6,9.26
7.76,3.52,7.3,8.34,7.93,4.59,8.6,9.26,7.83,4.72,6.9,6.44
7.81,3.48,7.6,6.5,7.83,4.72,6.9,6.44,7.68,2.73,7.4,8.11
7.58,2.13,6.4,3.19,7.68,2.73,7.4,8.11,7.76,3.52,7.3,8.34
7.55,0.18,5.7,3.64,7.76,3.52,7.3,8.34,7.81,3.48,7.6,6.5
7.56,0.06,6.3,3.66,7.81,3.48,7.6,6.5,7.58,2.13,6.4,3.19
7.52,0.04,6.7,3.86,7.58,2.13,6.4,3.19,7.55,0.18,5.7,3.64
7.47,0.02,6.7,4.26,7.55,0.18,5.7,3.64,7.56,0.06,6.3,3.66
7.49,0.09,7.0,4.85,7.56,0.06,6.3,3.66,7.52,0.04,6.7,3.86
7.45,0.04,6.9,5.17,7.52,0.04,6.7,3.86,7.47,0.02,6.7,4.26
7.42,0.05,6.7,3.67,7.47,0.02,6.7,4.26,7.49,0.09,7.0,4.85
7.37,0.07,5.8,3.21,7.49,0.09,7.0,4.85,7.45,0.04,6.9,5.17
7.41,0.06,5.5,2.31,7.45,0.04,6.9,5.17,7.42,0.05,6.7,3.67
7.31,0.02,5.6,2.67,7.42,0.05,6.7,3.67,7.37,0.07,5.8,3.21
7.33,0.02,6.4,3.39,7.37,0.07,5.8,3.21,7.41,0.06,5.5,2.31
7.32,0.03,7.1,4.23,7.41,0.06,5.5,2.31,7.31,0.02,5.6,2.67
7.21,0.03,7.1,3.22,7.31,0.02,5.6,2.67,7.33,0.02,6.4,3.39
7.0,1.18,6.1,1.32,7.33,0.02,6.4,3.39,7.32,0.03,7.1,4.23
7.39,0.42,5.3,0.85,7.32,0.03,7.1,4.23,7.21,0.03,7.1,3.22
7.67,1.49,5.3,0.5,7.21,0.03,7.1,3.22,7.0,1.18,6.1,1.32
7.78,1.8,5.3,0.21,7.0,1.18,6.1,1.32,7.39,0.42,5.3,0.85
7.73,0.27,5.7,0.56,7.39,0.42,5.3,0.85,7.67,1.49,5.3,0.5
7.64,0.97,5.4,0.81,7.67,1.49,5.3,0.5,7.78,1.8,5.3,0.21
7.57,0.34,5.7,1.32,7.78,1.8,5.3,0.21,7.73,0.27,5.7,0.56
7.6,2.2,5.1,0.52,7.73,0.27,5.7,0.56,7.64,0.97,5.4,0.81
7.64,1.55,5.2,0.28,7.64,0.97,5.4,0.81,7.57,0.34,5.7,1.32
7.64,1.26,8.0,0.61,7.57,0.34,5.7,1.32,7.6,2.2,5.1,0.52
7.49,1.43,8.2,0.64,7.6,2.2,5.1,0.52,7.64,1.55,5.2,0.28
7.55,1.58,7.4,0.73,7.64,1.55,5.2,0.28,7.64,1.26,8.0,0.61
7.75,3.09,6.8,0.23,7.64,1.26,8.0,0.61,7.49,1.43,8.2,0.64
7.79,3.45,6.2,0.37,7.49,1.43,8.2,0.64,7.55,1.58,7.4,0.73
7.72,3.38,5.6,0.5,7.55,1.58,7.4,0.73,7.75,3.09,6.8,0.23
7.72,1.95,6.2,0.8,7.75,3.09,6.8,0.23,7.79,3.45,6.2,0.37
7.94,4.51,5.8,0.88,7.79,3.45,6.2,0.37,7.72,3.38,5.6,0.5
8.03,5.03,5.1,1.08,7.72,3.38,5.6,0.5,7.72,1.95,6.2,0.8
8.13,5.9,4.8,1.46,7.72,1.95,6.2,0.8,7.94,4.51,5.8,0.88
8.01,6.25,5.3,2.12,7.94,4.51,5.8,0.88,8.03,5.03,5.1,1.08
7.92,6.76,5.5,2.58,8.03,5.03,5.1,1.08,8.13,5.9,4.8,1.46
7.88,6.53,6.0,2.2,8.13,5.9,4.8,1.46,8.01,6.25,5.3,2.12
7.86,5.43,6.3,3.11,8.01,6.25,5.3,2.12,7.92,6.76,5.5,2.58
7.7100000000000035,5.613638888888894,6.047361111111112,2.941331484049927,7.92,6.76,5.5,2.58,7.88,6.53,6.0,2.2
7.84,6.18,6.7,4.39,7.88,6.53,6.0,2.2,7.86,5.43,6.3,3.11
7.75,3.34,8.1,8.46,7.86,5.43,6.3,3.11,7.7100000000000035,5.613638888888894,6.047361111111112,2.941331484049927
7.9,5.48,7.8,5.98,7.7100000000000035,5.613638888888894,6.047361111111112,2.941331484049927,7.84,6.18,6.7,4.39
7.84,4.67,7.8,7.08,7.84,6.18,6.7,4.39,7.75,3.34,8.1,8.46
7.85,5.26,7.3,7.62,7.75,3.34,8.1,8.46,7.9,5.48,7.8,5.98
7.74,3.64,9.8,8.4,7.9,5.48,7.8,5.98,7.84,4.67,7.8,7.08
7.88,4.88,6.6,5.14,7.84,4.67,7.8,7.08,7.85,5.26,7.3,7.62
7.93,4.88,8.4,4.93,7.85,5.26,7.3,7.62,7.74,3.64,9.8,8.4
7.89,4.39,7.4,7.26,7.74,3.64,9.8,8.4,7.88,4.88,6.6,5.14
8.06,7.84,6.6,5.19,7.88,4.88,6.6,5.14,7.93,4.88,8.4,4.93
7.94,5.29,6.8,3.66,7.93,4.88,8.4,4.93,7.89,4.39,7.4,7.26
7.87,5.92,5.0,2.05,7.89,4.39,7.4,7.26,8.06,7.84,6.6,5.19
7.91,6.1,4.6,2.76,8.06,7.84,6.6,5.19,7.94,5.29,6.8,3.66
7.81,4.22,5.5,3.4,7.94,5.29,6.8,3.66,7.87,5.92,5.0,2.05
7.79,3.89,6.0,2.84,7.87,5.92,5.0,2.05,7.91,6.1,4.6,2.76
7.99,4.79,6.8,2.34,7.91,6.1,4.6,2.76,7.81,4.22,5.5,3.4
8.09,3.31,6.9,2.58,7.81,4.22,5.5,3.4,7.79,3.89,6.0,2.84
7.85,4.69,5.7,1.32,7.79,3.89,6.0,2.84,7.99,4.79,6.8,2.34
7.43,2.75,6.8,1.95,7.99,4.79,6.8,2.34,8.09,3.31,6.9,2.58
7.3,2.73,6.3,1.02,8.09,3.31,6.9,2.58,7.85,4.69,5.7,1.32
7.29,2.37,5.9,1.07,7.85,4.69,5.7,1.32,7.43,2.75,6.8,1.95
7.12,1.67,5.7,1.09,7.43,2.75,6.8,1.95,7.3,2.73,6.3,1.02
7.45,4.84,5.2,1.13,7.3,2.73,6.3,1.02,7.29,2.37,5.9,1.07
7.8,4.72,4.6,0.99,7.29,2.37,5.9,1.07,7.12,1.67,5.7,1.09
7.7,3.89,3.9,0.44,7.12,1.67,5.7,1.09,7.45,4.84,5.2,1.13
7.74,3.46,3.2,0.32,7.45,4.84,5.2,1.13,7.8,4.72,4.6,0.99
7.6,0.43,2.9,0.26,7.8,4.72,4.6,0.99,7.7,3.89,3.9,0.44
7.71,1.19,6.4,0.46,7.7,3.89,3.9,0.44,7.74,3.46,3.2,0.32
7.81,0.81,6.1,0.23,7.74,3.46,3.2,0.32,7.6,0.43,2.9,0.26
7.83,2.7,6.9,0.37,7.6,0.43,2.9,0.26,7.71,1.19,6.4,0.46
7.96,5.14,5.9,0.15,7.71,1.19,6.4,0.46,7.81,0.81,6.1,0.23
7.89,5.48,4.8,0.15,7.81,0.81,6.1,0.23,7.83,2.7,6.9,0.37
7.98,3.51,3.1,0.1,7.83,2.7,6.9,0.37,7.96,5.14,5.9,0.15
8.04,2.8,4.6,0.36,7.96,5.14,5.9,0.15,7.89,5.48,4.8,0.15
7.97,5.01,5.7,0.2,7.89,5.48,4.8,0.15,7.98,3.51,3.1,0.1
8.27,6.01,5.0,0.14,7.98,3.51,3.1,0.1,8.04,2.8,4.6,0.36
8.26,5.21,4.8,0.22,8.04,2.8,4.6,0.36,7.97,5.01,5.7,0.2
8.17,5.06,4.6,0.25,7.97,5.01,5.7,0.2,8.27,6.01,5.0,0.14
8.3,5.69,3.7,0.32,8.27,6.01,5.0,0.14,8.26,5.21,4.8,0.22
7.99,6.1,3.4,0.32,8.26,5.21,4.8,0.22,8.17,5.06,4.6,0.25
8.09,6.29,3.7,0.22,8.17,5.06,4.6,0.25,8.3,5.69,3.7,0.32
8.09,6.25,4.1,0.3,8.3,5.69,3.7,0.32,7.99,6.1,3.4,0.32
7.95,5.69,4.0,0.35,7.99,6.1,3.4,0.32,8.09,6.29,3.7,0.22
8.03,6.11,3.8,0.51,8.09,6.29,3.7,0.22,8.09,6.25,4.1,0.3
8.01,6.35,3.6,0.53,8.09,6.25,4.1,0.3,7.95,5.69,4.0,0.35
7.7100000000000035,5.613638888888894,6.047361111111112,2.941331484049927,7.95,5.69,4.0,0.35,8.03,6.11,3.8,0.51
8.22,7.58,3.8,0.71,8.03,6.11,3.8,0.51,8.01,6.35,3.6,0.53
8.25,8.49,4.3,0.96,8.01,6.35,3.6,0.53,7.7100000000000035,5.613638888888894,6.047361111111112,2.941331484049927
8.21,7.6,3.9,1.02,7.7100000000000035,5.613638888888894,6.047361111111112,2.941331484049927,8.22,7.58,3.8,0.71
8.41,8.16,4.8,1.18,8.22,7.58,3.8,0.71,8.25,8.49,4.3,0.96
8.34,6.68,4.8,1.69,8.25,8.49,4.3,0.96,8.21,7.6,3.9,1.02
8.45,8.63,5.3,2.35,8.21,7.6,3.9,1.02,8.41,8.16,4.8,1.18
8.62,8.32,6.1,2.05,8.41,8.16,4.8,1.18,8.34,6.68,4.8,1.69
8.66,8.58,6.5,1.65,8.34,6.68,4.8,1.69,8.45,8.63,5.3,2.35
8.55,7.59,6.9,2.2,8.45,8.63,5.3,2.35,8.62,8.32,6.1,2.05
8.63,8.38,7.5,2.11,8.62,8.32,6.1,2.05,8.66,8.58,6.5,1.65
8.62,8.13,8.8,2.77,8.66,8.58,6.5,1.65,8.55,7.59,6.9,2.2
8.54,7.78,8.3,2.73,8.55,7.59,6.9,2.2,8.63,8.38,7.5,2.11
8.15,6.01,7.9,3.44,8.63,8.38,7.5,2.11,8.62,8.13,8.8,2.77
8.28,9.04,7.3,2.97,8.62,8.13,8.8,2.77,8.54,7.78,8.3,2.73
8.17,8.41,5.5,2.62,8.54,7.78,8.3,2.73,8.15,6.01,7.9,3.44
8.08,6.61,6.9,2.02,8.15,6.01,7.9,3.44,8.28,9.04,7.3,2.97
8.15,6.89,7.0,2.58,8.28,9.04,7.3,2.97,8.17,8.41,5.5,2.62
8.13,6.14,6.0,3.54,8.17,8.41,5.5,2.62,8.08,6.61,6.9,2.02
8.11,6.79,6.5,3.81,8.08,6.61,6.9,2.02,8.15,6.89,7.0,2.58
8.3,7.52,6.7,2.64,8.15,6.89,7.0,2.58,8.13,6.14,6.0,3.54
8.36,8.35,8.0,4.0,8.13,6.14,6.0,3.54,8.11,6.79,6.5,3.81
8.13,5.78,6.0,3.04,8.11,6.79,6.5,3.81,8.3,7.52,6.7,2.64
8.32,8.43,6.5,2.06,8.3,7.52,6.7,2.64,8.36,8.35,8.0,4.0
8.42,12.4,8.1,1.05,8.36,8.35,8.0,4.0,8.13,5.78,6.0,3.04
8.06,5.18,6.0,1.72,8.13,5.78,6.0,3.04,8.32,8.43,6.5,2.06
8.5,11.0,6.4,0.68,8.32,8.43,6.5,2.06,8.42,12.4,8.1,1.05
8.49,11.1,6.8,1.57,8.42,12.4,8.1,1.05,8.06,5.18,6.0,1.72
8.14,5.55,5.9,2.77,8.06,5.18,6.0,1.72,8.5,11.0,6.4,0.68
8.12,10.7,6.9,0.82,8.5,11.0,6.4,0.68,8.49,11.1,6.8,1.57
8.17,8.64,5.9,0.74,8.49,11.1,6.8,1.57,8.14,5.55,5.9,2.77
8.01,3.64,4.8,0.98,8.14,5.55,5.9,2.77,8.12,10.7,6.9,0.82
8.22,5.88,6.4,0.35,8.12,10.7,6.9,0.82,8.17,8.64,5.9,0.74
8.52,13.0,6.7,0.25,8.17,8.64,5.9,0.74,8.01,3.64,4.8,0.98
8.32,7.92,5.2,0.31,8.01,3.64,4.8,0.98,8.22,5.88,6.4,0.35
8.18,8.36,3.9,0.13,8.22,5.88,6.4,0.35,8.52,13.0,6.7,0.25
8.8,12.5,4.4,0.15,8.52,13.0,6.7,0.25,8.32,7.92,5.2,0.31
8.53,12.0,4.3,0.17,8.32,7.92,5.2,0.31,8.18,8.36,3.9,0.13
7.81,2.43,4.4,0.64,8.18,8.36,3.9,0.13,8.8,12.5,4.4,0.15
7.98,5.66,3.6,0.31,8.8,12.5,4.4,0.15,8.53,12.0,4.3,0.17
8.04,6.85,3.7,0.21,8.53,12.0,4.3,0.17,7.81,2.43,4.4,0.64
7.91,4.3,3.8,0.21,7.81,2.43,4.4,0.64,7.98,5.66,3.6,0.31
8.41,11.3,4.1,0.2,7.98,5.66,3.6,0.31,8.04,6.85,3.7,0.21
7.73,1.59,3.5,0.32,8.04,6.85,3.7,0.21,7.91,4.3,3.8,0.21
7.76,3.84,2.8,0.42,7.91,4.3,3.8,0.21,8.41,11.3,4.1,0.2
7.93,6.45,2.9,0.66,8.41,11.3,4.1,0.2,7.73,1.59,3.5,0.32
7.84,5.41,3.3,0.46,7.73,1.59,3.5,0.32,7.76,3.84,2.8,0.42
7.64,5.89,2.8,0.48,7.76,3.84,2.8,0.42,7.93,6.45,2.9,0.66
7.93,5.61,2.8,0.41,7.93,6.45,2.9,0.66,7.84,5.41,3.3,0.46
7.89,5.4,2.8,0.53,7.84,5.41,3.3,0.46,7.64,5.89,2.8,0.48
8.0,5.71,2.7,0.66,7.64,5.89,2.8,0.48,7.93,5.61,2.8,0.41
7.98,5.37,3.0,0.83,7.93,5.61,2.8,0.41,7.89,5.4,2.8,0.53
7.98,5.5,2.9,0.83,7.89,5.4,2.8,0.53,8.0,5.71,2.7,0.66
8.04,6.26,2.8,0.88,8.0,5.71,2.7,0.66,7.98,5.37,3.0,0.83
8.14,7.06,2.7,0.93,7.98,5.37,3.0,0.83,7.98,5.5,2.9,0.83
8.21,7.52,2.9,1.08,7.98,5.5,2.9,0.83,8.04,6.26,2.8,0.88
8.21,6.74,3.2,1.41,8.04,6.26,2.8,0.88,8.14,7.06,2.7,0.93
8.2,6.2,2.8,1.0,8.14,7.06,2.7,0.93,8.21,7.52,2.9,1.08
8.31,6.94,2.6,1.05,8.21,7.52,2.9,1.08,8.21,6.74,3.2,1.41
8.3,5.94,2.8,1.21,8.21,6.74,3.2,1.41,8.2,6.2,2.8,1.0
8.31,5.89,3.0,1.32,8.2,6.2,2.8,1.0,8.31,6.94,2.6,1.05
8.35,6.35,4.1,1.43,8.31,6.94,2.6,1.05,8.3,5.94,2.8,1.21
8.35,5.86,4.5,1.57,8.3,5.94,2.8,1.21,8.31,5.89,3.0,1.32
8.38,6.81,4.5,1.7,8.31,5.89,3.0,1.32,8.35,6.35,4.1,1.43
8.62,7.95,4.1,1.24,8.35,6.35,4.1,1.43,8.35,5.86,4.5,1.57
8.8,10.5,4.4,1.4,8.35,5.86,4.5,1.57,8.38,6.81,4.5,1.7
8.75,11.4,4.7,1.58,8.38,6.81,4.5,1.7,8.62,7.95,4.1,1.24
8.59,11.1,4.5,2.26,8.62,7.95,4.1,1.24,8.8,10.5,4.4,1.4
8.55,11.7,5.4,2.32,8.8,10.5,4.4,1.4,8.75,11.4,4.7,1.58
8.46,9.87,5.5,2.32,8.75,11.4,4.7,1.58,8.59,11.1,4.5,2.26
8.37,8.96,5.0,2.13,8.59,11.1,4.5,2.26,8.55,11.7,5.4,2.32
8.21,7.7,4.2,1.82,8.55,11.7,5.4,2.32,8.46,9.87,5.5,2.32
8.23,7.05,4.5,1.41,8.46,9.87,5.5,2.32,8.37,8.96,5.0,2.13
8.2,6.36,4.3,1.55,8.37,8.96,5.0,2.13,8.21,7.7,4.2,1.82
7.7100000000000035,5.613638888888894,6.047361111111112,2.941331484049927,8.21,7.7,4.2,1.82,8.23,7.05,4.5,1.41
8.29,6.22,5.3,1.54,8.23,7.05,4.5,1.41,8.2,6.36,4.3,1.55
8.35,6.05,4.7,1.06,8.2,6.36,4.3,1.55,7.7100000000000035,5.613638888888894,6.047361111111112,2.941331484049927
8.1,3.45,5.0,2.24,7.7100000000000035,5.613638888888894,6.047361111111112,2.941331484049927,8.29,6.22,5.3,1.54
8.08,3.5,5.1,1.54,8.29,6.22,5.3,1.54,8.35,6.05,4.7,1.06
8.02,5.13,5.5,0.95,8.35,6.05,4.7,1.06,8.1,3.45,5.0,2.24
7.82,3.45,4.7,0.39,8.1,3.45,5.0,2.24,8.08,3.5,5.1,1.54
7.73,2.24,4.7,0.44,8.08,3.5,5.1,1.54,8.02,5.13,5.5,0.95
7.97,4.09,5.3,0.43,8.02,5.13,5.5,0.95,7.82,3.45,4.7,0.39
8.46,12.7,5.1,0.14,7.82,3.45,4.7,0.39,7.73,2.24,4.7,0.44
8.42,13.4,4.8,0.12,7.73,2.24,4.7,0.44,7.97,4.09,5.3,0.43
8.0,6.45,5.5,0.24,7.97,4.09,5.3,0.43,8.46,12.7,5.1,0.14
7.69,1.73,5.2,0.51,8.46,12.7,5.1,0.14,8.42,13.4,4.8,0.12
7.52,0.74,7.1,1.23,8.42,13.4,4.8,0.12,8.0,6.45,5.5,0.24
7.72,3.43,5.2,0.22,8.0,6.45,5.5,0.24,7.69,1.73,5.2,0.51
8.08,6.68,4.3,0.21,7.69,1.73,5.2,0.51,7.52,0.74,7.1,1.23
7.89,4.81,3.9,0.27,7.52,0.74,7.1,1.23,7.72,3.43,5.2,0.22
7.78,4.67,3.8,0.21,7.72,3.43,5.2,0.22,8.08,6.68,4.3,0.21
7.79,4.17,3.9,0.22,8.08,6.68,4.3,0.21,7.89,4.81,3.9,0.27
7.82,3.45,4.0,0.31,7.89,4.81,3.9,0.27,7.78,4.67,3.8,0.21
7.66,2.34,4.7,0.29,7.78,4.67,3.8,0.21,7.79,4.17,3.9,0.22
7.71,3.93,4.5,0.18,7.79,4.17,3.9,0.22,7.82,3.45,4.0,0.31
7.63,3.02,4.5,0.2,7.82,3.45,4.0,0.31,7.66,2.34,4.7,0.29
7.37,4.61,4.5,0.22,7.66,2.34,4.7,0.29,7.71,3.93,4.5,0.18
7.4,3.93,4.3,0.31,7.71,3.93,4.5,0.18,7.63,3.02,4.5,0.2
7.41,4.33,4.0,0.22,7.63,3.02,4.5,0.2,7.37,4.61,4.5,0.22
7.38,4.76,4.0,0.2,7.37,4.61,4.5,0.22,7.4,3.93,4.3,0.31
7.39,4.9,3.8,0.15,7.4,3.93,4.3,0.31,7.41,4.33,4.0,0.22
7.58,5.9,3.8,0.13,7.41,4.33,4.0,0.22,7.38,4.76,4.0,0.2
7.49,5.25,4.0,0.33,7.38,4.76,4.0,0.2,7.39,4.9,3.8,0.15
7.59,6.6,4.0,0.41,7.39,4.9,3.8,0.15,7.58,5.9,3.8,0.13
7.58,7.31,3.7,0.35,7.58,5.9,3.8,0.13,7.49,5.25,4.0,0.33
7.61,7.25,4.2,0.6,7.49,5.25,4.0,0.33,7.59,6.6,4.0,0.41
7.55,6.47,4.6,1.85,7.59,6.6,4.0,0.41,7.58,7.31,3.7,0.35
7.55,7.17,4.7,1.75,7.58,7.31,3.7,0.35,7.61,7.25,4.2,0.6
7.6,7.88,5.2,1.45,7.61,7.25,4.2,0.6,7.55,6.47,4.6,1.85
7.6,7.5,5.8,1.85,7.55,6.47,4.6,1.85,7.55,7.17,4.7,1.75
7.63,7.54,5.6,2.16,7.55,7.17,4.7,1.75,7.6,7.88,5.2,1.45
7.6,7.09,6.4,3.97,7.6,7.88,5.2,1.45,7.6,7.5,5.8,1.85
7.58,6.61,6.4,4.04,7.6,7.5,5.8,1.85,7.63,7.54,5.6,2.16
7.67,8.0,7.8,4.41,7.63,7.54,5.6,2.16,7.6,7.09,6.4,3.97
7.63,8.09,7.5,4.21,7.6,7.09,6.4,3.97,7.58,6.61,6.4,4.04
7.55,6.56,6.5,4.19,7.58,6.61,6.4,4.04,7.67,8.0,7.8,4.41
7.57,6.68,6.6,5.59,7.67,8.0,7.8,4.41,7.63,8.09,7.5,4.21
7.54,5.79,6.2,5.82,7.63,8.09,7.5,4.21,7.55,6.56,6.5,4.19
7.57,6.55,6.3,7.22,7.55,6.56,6.5,4.19,7.57,6.68,6.6,5.59
7.86,10.4,8.3,5.6,7.57,6.68,6.6,5.59,7.54,5.79,6.2,5.82
7.96,10.9,8.2,3.17,7.54,5.79,6.2,5.82,7.57,6.55,6.3,7.22
7.84,7.9,6.4,2.03,7.57,6.55,6.3,7.22,7.86,10.4,8.3,5.6
7.79,7.28,6.3,1.81,7.86,10.4,8.3,5.6,7.96,10.9,8.2,3.17
7.64,6.42,6.1,1.55,7.96,10.9,8.2,3.17,7.84,7.9,6.4,2.03
7.59,5.51,5.8,1.89,7.84,7.9,6.4,2.03,7.79,7.28,6.3,1.81
7.67,6.59,5.6,1.69,7.79,7.28,6.3,1.81,7.64,6.42,6.1,1.55
7.69,6.17,5.9,0.81,7.64,6.42,6.1,1.55,7.59,5.51,5.8,1.89
7.69,6.58,5.6,0.84,7.59,5.51,5.8,1.89,7.67,6.59,5.6,1.69
7.77,9.1,5.5,0.62,7.67,6.59,5.6,1.69,7.69,6.17,5.9,0.81
7.61,6.95,5.9,1.68,7.69,6.17,5.9,0.81,7.69,6.58,5.6,0.84
7.69,8.26,6.2,1.47,7.69,6.58,5.6,0.84,7.77,9.1,5.5,0.62
7.52,6.09,5.6,1.6,7.77,9.1,5.5,0.62,7.61,6.95,5.9,1.68
7.31,3.75,5.2,1.54,7.61,6.95,5.9,1.68,7.69,8.26,6.2,1.47
7.7100000000000035,5.613638888888894,5.2,1.53,7.69,8.26,6.2,1.47,7.52,6.09,5.6,1.6
7.36,4.95,5.0,0.46,7.52,6.09,5.6,1.6,7.31,3.75,5.2,1.54
7.63,7.35,5.2,0.23,7.31,3.75,5.2,1.54,7.7100000000000035,5.613638888888894,5.2,1.53
7.61,7.29,4.8,0.37,7.7100000000000035,5.613638888888894,5.2,1.53,7.36,4.95,5.0,0.46
7.92,10.8,5.1,0.17,7.36,4.95,5.0,0.46,7.63,7.35,5.2,0.23
8.11,16.4,5.3,0.11,7.63,7.35,5.2,0.23,7.61,7.29,4.8,0.37
7.8,11.1,4.9,0.1,7.61,7.29,4.8,0.37,7.92,10.8,5.1,0.17
7.87,10.1,5.4,0.28,7.92,10.8,5.1,0.17,8.11,16.4,5.3,0.11
8.02,10.5,5.4,0.09,8.11,16.4,5.3,0.11,7.8,11.1,4.9,0.1
7.81,12.2,5.6,0.11,7.8,11.1,4.9,0.1,7.87,10.1,5.4,0.28
7.59,10.8,5.0,0.09,7.87,10.1,5.4,0.28,8.02,10.5,5.4,0.09
7.24,6.65,4.7,0.16,8.02,10.5,5.4,0.09,7.81,12.2,5.6,0.11
6.96,3.86,4.1,0.26,7.81,12.2,5.6,0.11,7.59,10.8,5.0,0.09
7.11,4.63,4.3,0.08,7.59,10.8,5.0,0.09,7.24,6.65,4.7,0.16
7.08,4.81,4.4,0.14,7.24,6.65,4.7,0.16,6.96,3.86,4.1,0.26
7.45,7.5,4.7,0.17,6.96,3.86,4.1,0.26,7.11,4.63,4.3,0.08
7.1,4.86,4.6,0.14,7.11,4.63,4.3,0.08,7.08,4.81,4.4,0.14
7.11,4.56,4.9,0.18,7.08,4.81,4.4,0.14,7.45,7.5,4.7,0.17
7.1,4.84,5.0,0.15,7.45,7.5,4.7,0.17,7.1,4.86,4.6,0.14
7.06,5.15,5.0,0.12,7.1,4.86,4.6,0.14,7.11,4.56,4.9,0.18
7.2,6.0,4.7,0.13,7.11,4.56,4.9,0.18,7.1,4.84,5.0,0.15
7.12,5.01,4.5,0.12,7.1,4.84,5.0,0.15,7.06,5.15,5.0,0.12
7.13,5.57,4.4,0.11,7.06,5.15,5.0,0.12,7.2,6.0,4.7,0.13
7.07,4.6,4.5,0.69,7.2,6.0,4.7,0.13,7.12,5.01,4.5,0.12
7.1,5.0,4.5,0.29,7.12,5.01,4.5,0.12,7.13,5.57,4.4,0.11
7.26,6.77,4.7,0.22,7.13,5.57,4.4,0.11,7.07,4.6,4.5,0.69
7.32,6.92,4.5,0.88,7.07,4.6,4.5,0.69,7.1,5.0,4.5,0.29
7.29,7.35,4.6,1.17,7.1,5.0,4.5,0.29,7.26,6.77,4.7,0.22
7.29,6.78,5.5,3.37,7.26,6.77,4.7,0.22,7.32,6.92,4.5,0.88
7.29,6.2,5.5,2.97,7.32,6.92,4.5,0.88,7.29,7.35,4.6,1.17
7.32,6.41,5.1,2.25,7.29,7.35,4.6,1.17,7.29,6.78,5.5,3.37
7.67,6.92,5.4,2.4,7.29,6.78,5.5,3.37,7.29,6.2,5.5,2.97
7.87,9.39,6.1,2.08,7.29,6.2,5.5,2.97,7.32,6.41,5.1,2.25
8.25,13.1,6.9,2.49,7.32,6.41,5.1,2.25,7.67,6.92,5.4,2.4
8.4,14.6,7.6,2.13,7.67,6.92,5.4,2.4,7.87,9.39,6.1,2.08
7.93,9.92,6.7,2.03,7.87,9.39,6.1,2.08,8.25,13.1,6.9,2.49
8.07,10.8,6.6,3.11,8.25,13.1,6.9,2.49,8.4,14.6,7.6,2.13
7.91,10.2,6.2,3.6,8.4,14.6,7.6,2.13,7.93,9.92,6.7,2.03
7.78,10.0,6.1,2.86,7.93,9.92,6.7,2.03,8.07,10.8,6.6,3.11
7.68,9.25,6.2,2.85,8.07,10.8,6.6,3.11,7.91,10.2,6.2,3.6
7.9,10.5,6.2,1.02,7.91,10.2,6.2,3.6,7.78,10.0,6.1,2.86
7.79,9.99,6.6,1.87,7.78,10.0,6.1,2.86,7.68,9.25,6.2,2.85
7.84,10.9,6.3,1.45,7.68,9.25,6.2,2.85,7.9,10.5,6.2,1.02
7.61,7.27,6.1,1.02,7.9,10.5,6.2,1.02,7.79,9.99,6.6,1.87
7.69,8.61,6.5,1.66,7.79,9.99,6.6,1.87,7.84,10.9,6.3,1.45
7.56,7.18,6.5,2.53,7.84,10.9,6.3,1.45,7.61,7.27,6.1,1.02
7.5,7.79,6.1,3.11,7.61,7.27,6.1,1.02,7.69,8.61,6.5,1.66
7.33,7.87,5.9,0.93,7.69,8.61,6.5,1.66,7.56,7.18,6.5,2.53
7.13,4.6,5.8,2.16,7.56,7.18,6.5,2.53,7.5,7.79,6.1,3.11
7.34,9.85,7.7,1.61,7.5,7.79,6.1,3.11,7.33,7.87,5.9,0.93
6.88,1.99,6.0,1.68,7.33,7.87,5.9,0.93,7.13,4.6,5.8,2.16
7.77,12.6,6.9,0.82,7.13,4.6,5.8,2.16,7.34,9.85,7.7,1.61
7.89,10.7,6.3,0.65,7.34,9.85,7.7,1.61,6.88,1.99,6.0,1.68
8.36,9.84,6.1,0.34,6.88,1.99,6.0,1.68,7.77,12.6,6.9,0.82
8.27,8.59,5.9,0.47,7.77,12.6,6.9,0.82,7.89,10.7,6.3,0.65
8.27,8.61,6.5,0.47,7.89,10.7,6.3,0.65,8.36,9.84,6.1,0.34
8.52,9.96,6.5,0.16,8.36,9.84,6.1,0.34,8.27,8.59,5.9,0.47
8.73,13.9,7.1,0.15,8.27,8.59,5.9,0.47,8.27,8.61,6.5,0.47
8.78,18.2,7.6,0.14,8.27,8.61,6.5,0.47,8.52,9.96,6.5,0.16
8.66,18.4,8.4,0.19,8.52,9.96,6.5,0.16,8.73,13.9,7.1,0.15
8.57,15.0,8.0,0.31,8.73,13.9,7.1,0.15,8.78,18.2,7.6,0.14
8.37,12.3,7.9,0.34,8.78,18.2,7.6,0.14,8.66,18.4,8.4,0.19
8.21,9.04,7.8,0.56,8.66,18.4,8.4,0.19,8.57,15.0,8.0,0.31
8.28,9.36,8.0,1.04,8.57,15.0,8.0,0.31,8.37,12.3,7.9,0.34
8.48,6.43,5.1,1.53,8.37,12.3,7.9,0.34,8.21,9.04,7.8,0.56
8.46,8.18,4.8,0.99,8.21,9.04,7.8,0.56,8.28,9.36,8.0,1.04
8.0,2.76,6.7,0.39,8.28,9.36,8.0,1.04,8.48,6.43,5.1,1.53
7.82,1.69,6.5,1.76,8.48,6.43,5.1,1.53,8.46,8.18,4.8,0.99
7.57,7.37,5.0,0.49,8.46,8.18,4.8,0.99,8.0,2.76,6.7,0.39
7.24,4.34,5.3,0.74,8.0,2.76,6.7,0.39,7.82,1.69,6.5,1.76
7.07,4.48,4.4,0.98,7.82,1.69,6.5,1.76,7.57,7.37,5.0,0.49
7.36,9.66,5.3,2.16,7.57,7.37,5.0,0.49,7.24,4.34,5.3,0.74
7.25,6.86,4.9,1.54,7.24,4.34,5.3,0.74,7.07,4.48,4.4,0.98
7.09,4.12,5.4,2.0,7.07,4.48,4.4,0.98,7.36,9.66,5.3,2.16
7.02,3.8,4.9,1.01,7.36,9.66,5.3,2.16,7.25,6.86,4.9,1.54
7.02,6.14,4.9,0.96,7.25,6.86,4.9,1.54,7.09,4.12,5.4,2.0
7.18,7.96,5.0,0.32,7.09,4.12,5.4,2.0,7.02,3.8,4.9,1.01
7.03,5.06,4.9,1.02,7.02,3.8,4.9,1.01,7.02,6.14,4.9,0.96
7.13,4.27,5.4,0.53,7.02,6.14,4.9,0.96,7.18,7.96,5.0,0.32
7.35,7.27,5.6,0.77,7.18,7.96,5.0,0.32,7.03,5.06,4.9,1.02
7.61,9.09,5.8,0.85,7.03,5.06,4.9,1.02,7.13,4.27,5.4,0.53
7.73,10.5,6.0,1.14,7.13,4.27,5.4,0.53,7.35,7.27,5.6,0.77
8.41,12.1,5.8,0.68,7.35,7.27,5.6,0.77,7.61,9.09,5.8,0.85
8.52,12.6,6.3,1.48,7.61,9.09,5.8,0.85,7.73,10.5,6.0,1.14
8.42,11.9,6.1,2.01,7.73,10.5,6.0,1.14,8.41,12.1,5.8,0.68
8.11,7.73,6.0,3.23,8.41,12.1,5.8,0.68,8.52,12.6,6.3,1.48
8.03,7.86,6.2,3.28,8.52,12.6,6.3,1.48,8.42,11.9,6.1,2.01
8.39,10.5,6.7,2.17,8.42,11.9,6.1,2.01,8.11,7.73,6.0,3.23
8.63,16.0,8.4,2.66,8.11,7.73,6.0,3.23,8.03,7.86,6.2,3.28
8.55,16.6,7.9,1.96,8.03,7.86,6.2,3.28,8.39,10.5,6.7,2.17
8.13,11.3,6.7,1.6,8.39,10.5,6.7,2.17,8.63,16.0,8.4,2.66
8.14,10.9,7.1,2.13,8.63,16.0,8.4,2.66,8.55,16.6,7.9,1.96
7.81,9.7,5.6,0.93,8.55,16.6,7.9,1.96,8.13,11.3,6.7,1.6
7.86,9.59,5.0,0.56,8.13,11.3,6.7,1.6,8.14,10.9,7.1,2.13
8.06,10.8,5.0,0.68,8.14,10.9,7.1,2.13,7.81,9.7,5.6,0.93
8.1,9.33,5.1,0.52,7.81,9.7,5.6,0.93,7.86,9.59,5.0,0.56
7.87,10.2,3.7,0.78,7.86,9.59,5.0,0.56,8.06,10.8,5.0,0.68
8.18,12.2,4.3,0.5,8.06,10.8,5.0,0.68,8.1,9.33,5.1,0.52
8.42,12.3,3.9,0.19,8.1,9.33,5.1,0.52,7.87,10.2,3.7,0.78
8.31,12.8,4.6,0.45,7.87,10.2,3.7,0.78,8.18,12.2,4.3,0.5
7.8,7.5,3.9,0.47,8.18,12.2,4.3,0.5,8.42,12.3,3.9,0.19
7.52,7.41,3.8,0.48,8.42,12.3,3.9,0.19,8.31,12.8,4.6,0.45
7.16,4.71,4.2,0.35,8.31,12.8,4.6,0.45,7.8,7.5,3.9,0.47
7.06,4.74,4.1,0.44,7.8,7.5,3.9,0.47,7.52,7.41,3.8,0.48
7.05,6.86,4.3,0.38,7.52,7.41,3.8,0.48,7.16,4.71,4.2,0.35
7.42,9.74,4.3,0.2,7.16,4.71,4.2,0.35,7.06,4.74,4.1,0.44
7.33,8.68,4.3,0.28,7.06,4.74,4.1,0.44,7.05,6.86,4.3,0.38
6.95,4.61,3.9,0.91,7.05,6.86,4.3,0.38,7.42,9.74,4.3,0.2
7.01,4.98,4.1,0.64,7.42,9.74,4.3,0.2,7.33,8.68,4.3,0.28
6.89,5.28,4.2,0.54,7.33,8.68,4.3,0.28,6.95,4.61,3.9,0.91
7.06,8.8,5.5,0.71,6.95,4.61,3.9,0.91,7.01,4.98,4.1,0.64
6.71,5.48,4.9,0.71,7.01,4.98,4.1,0.64,6.89,5.28,4.2,0.54
7.83,11.8,5.4,0.32,6.89,5.28,4.2,0.54,7.06,8.8,5.5,0.71
8.12,10.2,5.1,0.33,7.06,8.8,5.5,0.71,6.71,5.48,4.9,0.71
8.08,7.82,5.0,0.33,6.71,5.48,4.9,0.71,7.83,11.8,5.4,0.32
7.88,5.11,5.3,0.57,7.83,11.8,5.4,0.32,8.12,10.2,5.1,0.33
8.2,8.71,6.7,0.35,8.12,10.2,5.1,0.33,8.08,7.82,5.0,0.33
8.03,7.32,7.8,0.35,8.08,7.82,5.0,0.33,7.88,5.11,5.3,0.57
7.73,6.44,5.5,0.23,7.88,5.11,5.3,0.57,8.2,8.71,6.7,0.35
7.6,5.33,5.1,0.17,8.2,8.71,6.7,0.35,8.03,7.32,7.8,0.35
7.58,5.01,5.0,0.16,8.03,7.32,7.8,0.35,7.73,6.44,5.5,0.23
7.56,5.0,5.3,0.17,7.73,6.44,5.5,0.23,7.6,5.33,5.1,0.17
7.47,4.9,6.0,0.15,7.6,5.33,5.1,0.17,7.58,5.01,5.0,0.16
7.36,4.5,10.0,0.15,7.58,5.01,5.0,0.16,7.56,5.0,5.3,0.17
7.3,4.75,11.2,0.19,7.56,5.0,5.3,0.17,7.47,4.9,6.0,0.15
7.48,4.44,5.4,0.38,7.47,4.9,6.0,0.15,7.36,4.5,10.0,0.15
7.63,4.24,6.0,0.98,7.36,4.5,10.0,0.15,7.3,4.75,11.2,0.19
7.65,4.82,5.4,0.77,7.3,4.75,11.2,0.19,7.48,4.44,5.4,0.38
7.8,5.15,5.6,1.98,7.48,4.44,5.4,0.38,7.63,4.24,6.0,0.98
7.14,6.32,6.0,1.75,7.63,4.24,6.0,0.98,7.65,4.82,5.4,0.77
7.17,6.37,6.1,1.21,7.65,4.82,5.4,0.77,7.8,5.15,5.6,1.98
7.31,7.08,5.0,1.62,7.8,5.15,5.6,1.98,7.14,6.32,6.0,1.75
7.49,8.04,5.7,2.6,7.14,6.32,6.0,1.75,7.17,6.37,6.1,1.21
7.63,7.61,5.9,3.6,7.17,6.37,6.1,1.21,7.31,7.08,5.0,1.62
7.7100000000000035,7.61,6.047361111111112,3.55,7.31,7.08,5.0,1.62,7.49,8.04,5.7,2.6
7.89,8.03,5.8,3.54,7.49,8.04,5.7,2.6,7.63,7.61,5.9,3.6
8.12,9.52,6.3,3.16,7.63,7.61,5.9,3.6,7.7100000000000035,7.61,6.047361111111112,3.55
8.55,13.6,7.3,2.86,7.7100000000000035,7.61,6.047361111111112,3.55,7.89,8.03,5.8,3.54
8.6,14.0,7.4,3.64,7.89,8.03,5.8,3.54,8.12,9.52,6.3,3.16
8.51,13.4,7.5,4.31,8.12,9.52,6.3,3.16,8.55,13.6,7.3,2.86
8.42,14.8,8.2,4.29,8.55,13.6,7.3,2.86,8.6,14.0,7.4,3.64
8.42,18.5,9.5,4.33,8.6,14.0,7.4,3.64,8.51,13.4,7.5,4.31
8.24,15.6,7.8,2.77,8.51,13.4,7.5,4.31,8.42,14.8,8.2,4.29
7.85,13.1,6.7,1.0,8.42,14.8,8.2,4.29,8.42,18.5,9.5,4.33
7.82,14.5,7.7,1.19,8.42,18.5,9.5,4.33,8.24,15.6,7.8,2.77
7.21,6.73,6.6,1.43,8.24,15.6,7.8,2.77,7.85,13.1,6.7,1.0
7.6,7.71,7.0,2.04,7.85,13.1,6.7,1.0,7.82,14.5,7.7,1.19
7.81,7.97,8.7,1.58,7.82,14.5,7.7,1.19,7.21,6.73,6.6,1.43
7.63,6.73,6.4,1.65,7.21,6.73,6.6,1.43,7.6,7.71,7.0,2.04
7.5,5.6,7.9,1.96,7.6,7.71,7.0,2.04,7.81,7.97,8.7,1.58
7.33,2.23,9.8,2.18,7.81,7.97,8.7,1.58,7.63,6.73,6.4,1.65
7.32,3.55,11.1,1.47,7.63,6.73,6.4,1.65,7.5,5.6,7.9,1.96
7.05,3.1,11.4,1.63,7.5,5.6,7.9,1.96,7.33,2.23,9.8,2.18
7.18,5.4,7.1,1.48,7.33,2.23,9.8,2.18,7.32,3.55,11.1,1.47
7.2,5.36,7.3,0.94,7.32,3.55,11.1,1.47,7.05,3.1,11.4,1.63
7.43,9.19,8.4,0.2,7.05,3.1,11.4,1.63,7.18,5.4,7.1,1.48
7.24,4.82,8.3,0.29,7.18,5.4,7.1,1.48,7.2,5.36,7.3,0.94
8.2,7.22,8.4,0.58,7.2,5.36,7.3,0.94,7.43,9.19,8.4,0.2
7.79,6.88,9.5,0.66,7.43,9.19,8.4,0.2,7.24,4.82,8.3,0.29
7.7100000000000035,5.613638888888894,6.047361111111112,2.941331484049927,7.24,4.82,8.3,0.29,8.2,7.22,8.4,0.58
7.7100000000000035,5.613638888888894,6.047361111111112,2.941331484049927,8.2,7.22,8.4,0.58,7.79,6.88,9.5,0.66
7.01,5.97,7.5,0.12,7.79,6.88,9.5,0.66,7.7100000000000035,5.613638888888894,6.047361111111112,2.941331484049927
7.13,7.66,8.1,0.27,7.7100000000000035,5.613638888888894,6.047361111111112,2.941331484049927,7.7100000000000035,5.613638888888894,6.047361111111112,2.941331484049927
6.82,7.07,7.8,0.17,7.7100000000000035,5.613638888888894,6.047361111111112,2.941331484049927,7.01,5.97,7.5,0.12
7.45,12.7,7.1,0.16,7.01,5.97,7.5,0.12,7.13,7.66,8.1,0.27
7.17,7.45,6.1,0.19,7.13,7.66,8.1,0.27,6.82,7.07,7.8,0.17
6.87,3.31,5.9,0.13,6.82,7.07,7.8,0.17,7.45,12.7,7.1,0.16
7.12,8.64,6.0,0.13,7.45,12.7,7.1,0.16,7.17,7.45,6.1,0.19
6.53,7.34,5.9,0.15,7.17,7.45,6.1,0.19,6.87,3.31,5.9,0.13
7.13,9.88,6.0,0.13,6.87,3.31,5.9,0.13,7.12,8.64,6.0,0.13
7.38,11.7,7.9,0.1,7.12,8.64,6.0,0.13,6.53,7.34,5.9,0.15
7.33,8.23,8.5,0.3,6.53,7.34,5.9,0.15,7.13,9.88,6.0,0.13
7.82,8.71,10.2,0.54,7.13,9.88,6.0,0.13,7.38,11.7,7.9,0.1
7.73,2.69,9.7,0.92,7.38,11.7,7.9,0.1,7.33,8.23,8.5,0.3
7.73,4.48,9.0,0.27,7.33,8.23,8.5,0.3,7.82,8.71,10.2,0.54
6.94,2.4,7.6,0.45,7.82,8.71,10.2,0.54,7.73,2.69,9.7,0.92
6.95,1.9,7.9,0.84,7.73,2.69,9.7,0.92,7.73,4.48,9.0,0.27
7.35,4.17,4.9,0.88,7.73,4.48,9.0,0.27,6.94,2.4,7.6,0.45
7.48,6.58,4.6,0.72,6.94,2.4,7.6,0.45,6.95,1.9,7.9,0.84
7.19,6.55,4.6,1.47,6.95,1.9,7.9,0.84,7.35,4.17,4.9,0.88
7.04,5.68,4.4,0.86,7.35,4.17,4.9,0.88,7.48,6.58,4.6,0.72
7.33,7.75,4.6,0.81,7.48,6.58,4.6,0.72,7.19,6.55,4.6,1.47
7.7,6.8,4.8,1.02,7.19,6.55,4.6,1.47,7.04,5.68,4.4,0.86
7.7100000000000035,5.613638888888894,6.047361111111112,2.941331484049927,7.04,5.68,4.4,0.86,7.33,7.75,4.6,0.81
7.7100000000000035,5.613638888888894,6.047361111111112,2.941331484049927,7.33,7.75,4.6,0.81,7.7,6.8,4.8,1.02
7.1,6.86,4.7,1.69,7.7,6.8,4.8,1.02,7.7100000000000035,5.613638888888894,6.047361111111112,2.941331484049927
7.26,7.4,4.5,1.43,7.7100000000000035,5.613638888888894,6.047361111111112,2.941331484049927,7.7100000000000035,5.613638888888894,6.047361111111112,2.941331484049927
7.16,6.03,4.8,1.89,7.7100000000000035,5.613638888888894,6.047361111111112,2.941331484049927,7.1,6.86,4.7,1.69
7.49,7.1,5.4,1.6,7.1,6.86,4.7,1.69,7.26,7.4,4.5,1.43
6.98,8.84,5.8,1.21,7.26,7.4,4.5,1.43,7.16,6.03,4.8,1.89
7.21,8.48,5.7,1.02,7.16,6.03,4.8,1.89,7.49,7.1,5.4,1.6
7.44,7.25,5.5,1.24,7.49,7.1,5.4,1.6,6.98,8.84,5.8,1.21
7.85,5.77,5.8,2.61,6.98,8.84,5.8,1.21,7.21,8.48,5.7,1.02
7.79,8.78,5.4,0.95,7.21,8.48,5.7,1.02,7.44,7.25,5.5,1.24
7.73,9.56,5.5,0.54,7.44,7.25,5.5,1.24,7.85,5.77,5.8,2.61
7.59,8.34,5.7,0.46,7.85,5.77,5.8,2.61,7.79,8.78,5.4,0.95
7.24,11.0,5.3,0.42,7.79,8.78,5.4,0.95,7.73,9.56,5.5,0.54
7.08,7.13,5.4,0.99,7.73,9.56,5.5,0.54,7.59,8.34,5.7,0.46
7.32,7.77,5.3,0.44,7.59,8.34,5.7,0.46,7.24,11.0,5.3,0.42
7.7100000000000035,5.613638888888894,6.047361111111112,2.941331484049927,7.24,11.0,5.3,0.42,7.08,7.13,5.4,0.99
7.56,5.48,5.2,0.81,7.08,7.13,5.4,0.99,7.32,7.77,5.3,0.44
6.69,7.59,5.1,0.57,7.32,7.77,5.3,0.44,7.7100000000000035,5.613638888888894,6.047361111111112,2.941331484049927
6.13,9.97,5.4,0.28,7.7100000000000035,5.613638888888894,6.047361111111112,2.941331484049927,7.56,5.48,5.2,0.81
7.7,13.8,5.1,0.25,7.56,5.48,5.2,0.81,6.69,7.59,5.1,0.57
6.93,5.02,4.5,0.8,6.69,7.59,5.1,0.57,6.13,9.97,5.4,0.28
6.72,3.75,5.2,2.2,6.13,9.97,5.4,0.28,7.7,13.8,5.1,0.25
7.7100000000000035,5.613638888888894,6.047361111111112,2.941331484049927,7.7,13.8,5.1,0.25,6.93,5.02,4.5,0.8
7.07,10.6,6.0,0.47,6.93,5.02,4.5,0.8,6.72,3.75,5.2,2.2
7.13,6.92,5.4,0.43,6.72,3.75,5.2,2.2,7.7100000000000035,5.613638888888894,6.047361111111112,2.941331484049927
7.7100000000000035,5.613638888888894,6.047361111111112,2.941331484049927,7.7100000000000035,5.613638888888894,6.047361111111112,2.941331484049927,7.07,10.6,6.0,0.47
6.99,5.29,5.3,0.54,7.07,10.6,6.0,0.47,7.13,6.92,5.4,0.43
7.25,10.9,5.1,0.57,7.13,6.92,5.4,0.43,7.7100000000000035,5.613638888888894,6.047361111111112,2.941331484049927
7.65,10.1,5.0,0.61,7.7100000000000035,5.613638888888894,6.047361111111112,2.941331484049927,6.99,5.29,5.3,0.54
7.7100000000000035,5.613638888888894,6.047361111111112,2.941331484049927,6.99,5.29,5.3,0.54,7.25,10.9,5.1,0.57
7.52,6.3,4.8,0.65,7.25,10.9,5.1,0.57,7.65,10.1,5.0,0.61
7.63,6.73,4.9,0.44,7.65,10.1,5.0,0.61,7.7100000000000035,5.613638888888894,6.047361111111112,2.941331484049927
7.7100000000000035,5.613638888888894,6.047361111111112,2.941331484049927,7.7100000000000035,5.613638888888894,6.047361111111112,2.941331484049927,7.52,6.3,4.8,0.65
7.7100000000000035,5.613638888888894,6.047361111111112,2.941331484049927,7.52,6.3,4.8,0.65,7.63,6.73,4.9,0.44
7.7100000000000035,5.613638888888894,6.047361111111112,2.941331484049927,7.63,6.73,4.9,0.44,7.7100000000000035,5.613638888888894,6.047361111111112,2.941331484049927
7.7100000000000035,5.613638888888894,6.047361111111112,2.941331484049927,7.7100000000000035,5.613638888888894,6.047361111111112,2.941331484049927,7.7100000000000035,5.613638888888894,6.047361111111112,2.941331484049927
7.7100000000000035,5.613638888888894,6.047361111111112,2.941331484049927,7.7100000000000035,5.613638888888894,6.047361111111112,2.941331484049927,7.7100000000000035,5.613638888888894,6.047361111111112,2.941331484049927
7.7100000000000035,5.613638888888894,6.047361111111112,2.941331484049927,7.7100000000000035,5.613638888888894,6.047361111111112,2.941331484049927,7.7100000000000035,5.613638888888894,6.047361111111112,2.941331484049927
7.7100000000000035,5.613638888888894,6.047361111111112,2.941331484049927,7.7100000000000035,5.613638888888894,6.047361111111112,2.941331484049927,7.7100000000000035,5.613638888888894,6.047361111111112,2.941331484049927
7.7100000000000035,5.613638888888894,6.047361111111112,2.941331484049927,7.7100000000000035,5.613638888888894,6.047361111111112,2.941331484049927,7.7100000000000035,5.613638888888894,6.047361111111112,2.941331484049927
7.7100000000000035,5.613638888888894,6.047361111111112,2.941331484049927,7.7100000000000035,5.613638888888894,6.047361111111112,2.941331484049927,7.7100000000000035,5.613638888888894,6.047361111111112,2.941331484049927
7.7100000000000035,5.613638888888894,6.047361111111112,2.941331484049927,7.7100000000000035,5.613638888888894,6.047361111111112,2.941331484049927,7.7100000000000035,5.613638888888894,6.047361111111112,2.941331484049927
7.7100000000000035,5.613638888888894,6.047361111111112,2.941331484049927,7.7100000000000035,5.613638888888894,6.047361111111112,2.941331484049927,7.7100000000000035,5.613638888888894,6.047361111111112,2.941331484049927
7.27,6.05,4.2,0.55,7.7100000000000035,5.613638888888894,6.047361111111112,2.941331484049927,7.7100000000000035,5.613638888888894,6.047361111111112,2.941331484049927
7.7100000000000035,5.613638888888894,6.047361111111112,2.941331484049927,7.7100000000000035,5.613638888888894,6.047361111111112,2.941331484049927,7.7100000000000035,5.613638888888894,6.047361111111112,2.941331484049927
7.31,7.12,4.7,0.56,7.7100000000000035,5.613638888888894,6.047361111111112,2.941331484049927,7.27,6.05,4.2,0.55
7.45,7.43,4.6,0.45,7.27,6.05,4.2,0.55,7.7100000000000035,5.613638888888894,6.047361111111112,2.941331484049927
7.54,8.58,4.2,0.32,7.7100000000000035,5.613638888888894,6.047361111111112,2.941331484049927,7.31,7.12,4.7,0.56
7.7100000000000035,5.613638888888894,6.047361111111112,2.941331484049927,7.31,7.12,4.7,0.56,7.45,7.43,4.6,0.45
7.7100000000000035,5.613638888888894,6.047361111111112,2.941331484049927,7.45,7.43,4.6,0.45,7.54,8.58,4.2,0.32
7.68,9.59,4.6,0.45,7.54,8.58,4.2,0.32,7.7100000000000035,5.613638888888894,6.047361111111112,2.941331484049927
8.05,14.8,6.2,0.36,7.7100000000000035,5.613638888888894,6.047361111111112,2.941331484049927,7.7100000000000035,5.613638888888894,6.047361111111112,2.941331484049927
7.7100000000000035,5.613638888888894,6.047361111111112,2.941331484049927,7.7100000000000035,5.613638888888894,6.047361111111112,2.941331484049927,7.68,9.59,4.6,0.45
8.4,16.9,4.3,0.19,7.68,9.59,4.6,0.45,8.05,14.8,6.2,0.36
8.43,17.2,4.1,0.13,8.05,14.8,6.2,0.36,7.7100000000000035,5.613638888888894,6.047361111111112,2.941331484049927
7.7100000000000035,5.613638888888894,6.047361111111112,2.941331484049927,7.7100000000000035,5.613638888888894,6.047361111111112,2.941331484049927,8.4,16.9,4.3,0.19
8.26,14.6,3.7,0.26,8.4,16.9,4.3,0.19,8.43,17.2,4.1,0.13
7.7100000000000035,5.613638888888894,6.047361111111112,2.941331484049927,8.43,17.2,4.1,0.13,7.7100000000000035,5.613638888888894,6.047361111111112,2.941331484049927
7.7100000000000035,5.613638888888894,6.047361111111112,2.941331484049927,7.7100000000000035,5.613638888888894,6.047361111111112,2.941331484049927,8.26,14.6,3.7,0.26
8.09,13.2,4.1,0.48,8.26,14.6,3.7,0.26,7.7100000000000035,5.613638888888894,6.047361111111112,2.941331484049927
7.7100000000000035,5.613638888888894,6.047361111111112,2.941331484049927,7.7100000000000035,5.613638888888894,6.047361111111112,2.941331484049927,7.7100000000000035,5.613638888888894,6.047361111111112,2.941331484049927
7.7100000000000035,5.613638888888894,6.047361111111112,2.941331484049927,7.7100000000000035,5.613638888888894,6.047361111111112,2.941331484049927,8.09,13.2,4.1,0.48
8.21,14.9,5.0,0.3,8.09,13.2,4.1,0.48,7.7100000000000035,5.613638888888894,6.047361111111112,2.941331484049927
7.99,11.6,4.4,0.33,7.7100000000000035,5.613638888888894,6.047361111111112,2.941331484049927,7.7100000000000035,5.613638888888894,6.047361111111112,2.941331484049927
7.7100000000000035,5.613638888888894,6.047361111111112,2.941331484049927,7.7100000000000035,5.613638888888894,6.047361111111112,2.941331484049927,8.21,14.9,5.0,0.3
7.53,7.08,3.4,0.62,8.21,14.9,5.0,0.3,7.99,11.6,4.4,0.33
7.62,8.32,3.4,0.61,7.99,11.6,4.4,0.33,7.7100000000000035,5.613638888888894,6.047361111111112,2.941331484049927
8.02,10.9,4.2,0.33,7.7100000000000035,5.613638888888894,6.047361111111112,2.941331484049927,7.53,7.08,3.4,0.62
7.87,9.08,4.2,0.32,7.53,7.08,3.4,0.62,7.62,8.32,3.4,0.61
7.87,9.25,3.9,0.42,7.62,8.32,3.4,0.61,8.02,10.9,4.2,0.33
8.03,10.8,4.5,0.35,8.02,10.9,4.2,0.33,7.87,9.08,4.2,0.32
7.63,6.99,3.9,0.66,7.87,9.08,4.2,0.32,7.87,9.25,3.9,0.42
7.58,7.78,3.5,0.31,7.87,9.25,3.9,0.42,8.03,10.8,4.5,0.35
7.43,5.08,2.9,0.41,8.03,10.8,4.5,0.35,7.63,6.99,3.9,0.66
7.6,6.91,2.7,0.41,7.63,6.99,3.9,0.66,7.58,7.78,3.5,0.31
7.7100000000000035,5.613638888888894,6.047361111111112,2.941331484049927,7.58,7.78,3.5,0.31,7.43,5.08,2.9,0.41
7.25,4.94,3.1,0.41,7.43,5.08,2.9,0.41,7.6,6.91,2.7,0.41
7.7100000000000035,5.613638888888894,6.047361111111112,2.941331484049927,7.6,6.91,2.7,0.41,7.7100000000000035,5.613638888888894,6.047361111111112,2.941331484049927
7.36,5.75,2.9,0.3,7.7100000000000035,5.613638888888894,6.047361111111112,2.941331484049927,7.25,4.94,3.1,0.41
7.7100000000000035,5.613638888888894,6.047361111111112,2.941331484049927,7.25,4.94,3.1,0.41,7.7100000000000035,5.613638888888894,6.047361111111112,2.941331484049927
7.7100000000000035,5.613638888888894,6.047361111111112,2.941331484049927,7.7100000000000035,5.613638888888894,6.047361111111112,2.941331484049927,7.36,5.75,2.9,0.3
7.7100000000000035,5.613638888888894,6.047361111111112,2.941331484049927,7.36,5.75,2.9,0.3,7.7100000000000035,5.613638888888894,6.047361111111112,2.941331484049927
7.7100000000000035,5.613638888888894,6.047361111111112,2.941331484049927,7.7100000000000035,5.613638888888894,6.047361111111112,2.941331484049927,7.7100000000000035,5.613638888888894,6.047361111111112,2.941331484049927
7.7100000000000035,5.613638888888894,6.047361111111112,2.941331484049927,7.7100000000000035,5.613638888888894,6.047361111111112,2.941331484049927,7.7100000000000035,5.613638888888894,6.047361111111112,2.941331484049927
7.7100000000000035,5.613638888888894,6.047361111111112,2.941331484049927,7.7100000000000035,5.613638888888894,6.047361111111112,2.941331484049927,7.7100000000000035,5.613638888888894,6.047361111111112,2.941331484049927
7.21,5.73,3.9,0.35,7.7100000000000035,5.613638888888894,6.047361111111112,2.941331484049927,7.7100000000000035,5.613638888888894,6.047361111111112,2.941331484049927
6.98,3.84,3.9,0.79,7.7100000000000035,5.613638888888894,6.047361111111112,2.941331484049927,7.7100000000000035,5.613638888888894,6.047361111111112,2.941331484049927
7.7100000000000035,5.613638888888894,6.047361111111112,2.941331484049927,7.7100000000000035,5.613638888888894,6.047361111111112,2.941331484049927,7.21,5.73,3.9,0.35
7.7100000000000035,5.613638888888894,6.047361111111112,2.941331484049927,7.21,5.73,3.9,0.35,6.98,3.84,3.9,0.79
7.7100000000000035,5.613638888888894,6.047361111111112,2.941331484049927,6.98,3.84,3.9,0.79,7.7100000000000035,5.613638888888894,6.047361111111112,2.941331484049927
6.98,4.2,4.1,0.19,7.7100000000000035,5.613638888888894,6.047361111111112,2.941331484049927,7.7100000000000035,5.613638888888894,6.047361111111112,2.941331484049927
7.7100000000000035,5.613638888888894,6.047361111111112,2.941331484049927,7.7100000000000035,5.613638888888894,6.047361111111112,2.941331484049927,7.7100000000000035,5.613638888888894,6.047361111111112,2.941331484049927
7.03,3.31,4.0,0.18,7.7100000000000035,5.613638888888894,6.047361111111112,2.941331484049927,6.98,4.2,4.1,0.19
7.7100000000000035,5.613638888888894,6.047361111111112,2.941331484049927,6.98,4.2,4.1,0.19,7.7100000000000035,5.613638888888894,6.047361111111112,2.941331484049927
7.7100000000000035,5.613638888888894,6.047361111111112,2.941331484049927,7.7100000000000035,5.613638888888894,6.047361111111112,2.941331484049927,7.03,3.31,4.0,0.18
7.7100000000000035,5.613638888888894,6.047361111111112,2.941331484049927,7.03,3.31,4.0,0.18,7.7100000000000035,5.613638888888894,6.047361111111112,2.941331484049927
7.7100000000000035,5.613638888888894,6.047361111111112,2.941331484049927,7.7100000000000035,5.613638888888894,6.047361111111112,2.941331484049927,7.7100000000000035,5.613638888888894,6.047361111111112,2.941331484049927
7.7100000000000035,5.613638888888894,6.047361111111112,2.941331484049927,7.7100000000000035,5.613638888888894,6.047361111111112,2.941331484049927,7.7100000000000035,5.613638888888894,6.047361111111112,2.941331484049927
7.32,6.0,3.4,0.66,7.7100000000000035,5.613638888888894,6.047361111111112,2.941331484049927,7.7100000000000035,5.613638888888894,6.047361111111112,2.941331484049927
7.35,5.69,3.3,0.83,7.7100000000000035,5.613638888888894,6.047361111111112,2.941331484049927,7.7100000000000035,5.613638888888894,6.047361111111112,2.941331484049927
7.33,4.96,3.2,0.65,7.7100000000000035,5.613638888888894,6.047361111111112,2.941331484049927,7.32,6.0,3.4,0.66
7.7100000000000035,5.613638888888894,6.047361111111112,2.941331484049927,7.32,6.0,3.4,0.66,7.35,5.69,3.3,0.83
7.7100000000000035,5.613638888888894,6.047361111111112,2.941331484049927,7.35,5.69,3.3,0.83,7.33,4.96,3.2,0.65
7.7100000000000035,5.613638888888894,6.047361111111112,2.941331484049927,7.33,4.96,3.2,0.65,7.7100000000000035,5.613638888888894,6.047361111111112,2.941331484049927
7.7100000000000035,5.613638888888894,6.047361111111112,2.941331484049927,7.7100000000000035,5.613638888888894,6.047361111111112,2.941331484049927,7.7100000000000035,5.613638888888894,6.047361111111112,2.941331484049927
7.85,8.23,3.4,0.87,7.7100000000000035,5.613638888888894,6.047361111111112,2.941331484049927,7.7100000000000035,5.613638888888894,6.047361111111112,2.941331484049927
7.67,8.89,3.5,0.93,7.7100000000000035,5.613638888888894,6.047361111111112,2.941331484049927,7.7100000000000035,5.613638888888894,6.047361111111112,2.941331484049927
