7.57,3.01,12.0,3.9,7.96,5.5,12.2,4.02,7.86,5.78,12.1,4.29
7.35,1.35,16.6,7.63,7.86,5.78,12.1,4.29,7.397016248153624,5.27878877400295,8.223520710059184,2.155110782865581
7.19,0.62,17.8,9.38,7.397016248153624,5.27878877400295,8.223520710059184,2.155110782865581,7.57,3.01,12.0,3.9
7.18,1.34,12.6,6.26,7.57,3.01,12.0,3.9,7.35,1.35,16.6,7.63
7.25,0.65,11.5,7.67,7.35,1.35,16.6,7.63,7.19,0.62,17.8,9.38
7.3,2.74,12.9,6.74,7.19,0.62,17.8,9.38,7.18,1.34,12.6,6.26
7.23,2.66,16.6,5.98,7.18,1.34,12.6,6.26,7.25,0.65,11.5,7.67
7.45,4.2,11.3,4.5,7.25,0.65,11.5,7.67,7.3,2.74,12.9,6.74
7.51,3.95,13.2,4.12,7.3,2.74,12.9,6.74,7.23,2.66,16.6,5.98
7.51,4.5,16.6,3.24,7.23,2.66,16.6,5.98,7.45,4.2,11.3,4.5
7.63,5.3,15.6,5.36,7.45,4.2,11.3,4.5,7.51,3.95,13.2,4.12
7.62,5.36,11.8,3.1,7.51,3.95,13.2,4.12,7.51,4.5,16.6,3.24
7.42,3.72,12.4,2.78,7.51,4.5,16.6,3.24,7.63,5.3,15.6,5.36
7.42,3.47,13.1,1.84,7.63,5.3,15.6,5.36,7.62,5.36,11.8,3.1
7.3,2.58,15.4,1.21,7.62,5.36,11.8,3.1,7.42,3.72,12.4,2.78
7.23,1.26,14.2,1.87,7.42,3.72,12.4,2.78,7.42,3.47,13.1,1.84
7.26,0.58,15.6,1.04,7.42,3.47,13.1,1.84,7.3,2.58,15.4,1.21
7.17,0.72,14.6,0.08,7.3,2.58,15.4,1.21,7.23,1.26,14.2,1.87
7.38,0.86,13.5,0.07,7.23,1.26,14.2,1.87,7.26,0.58,15.6,1.04
7.51,0.86,11.8,0.07,7.26,0.58,15.6,1.04,7.17,0.72,14.6,0.08
7.41,1.49,10.8,0.05,7.17,0.72,14.6,0.08,7.38,0.86,13.5,0.07
7.54,4.48,11.2,0.04,7.38,0.86,13.5,0.07,7.51,0.86,11.8,0.07
7.49,2.49,13.3,0.05,7.51,0.86,11.8,0.07,7.41,1.49,10.8,0.05
7.35,1.27,14.6,0.06,7.41,1.49,10.8,0.05,7.54,4.48,11.2,0.04
7.397016248153624,5.27878877400295,8.223520710059184,2.155110782865581,7.54,4.48,11.2,0.04,7.49,2.49,13.3,0.05
7.397016248153624,5.27878877400295,8.223520710059184,2.155110782865581,7.49,2.49,13.3,0.05,7.35,1.27,14.6,0.06
7.397016248153624,5.27878877400295,8.223520710059184,2.155110782865581,7.35,1.27,14.6,0.06,7.397016248153624,5.27878877400295,8.223520710059184,2.155110782865581
7.76,1.94,13.0,0.02,7.397016248153624,5.27878877400295,8.223520710059184,2.155110782865581,7.397016248153624,5.27878877400295,8.223520710059184,2.155110782865581
7.66,1.03,17.2,0.09,7.397016248153624,5.27878877400295,8.223520710059184,2.155110782865581,7.397016248153624,5.27878877400295,8.223520710059184,2.155110782865581
7.58,2.07,13.0,0.03,7.397016248153624,5.27878877400295,8.223520710059184,2.155110782865581,7.76,1.94,13.0,0.02
7.54,2.05,10.0,0.03,7.76,1.94,13.0,0.02,7.66,1.03,17.2,0.09
7.64,3.26,11.6,0.03,7.66,1.03,17.2,0.09,7.58,2.07,13.0,0.03
7.66,2.59,14.4,0.02,7.58,2.07,13.0,0.03,7.54,2.05,10.0,0.03
7.85,3.49,11.6,0.05,7.54,2.05,10.0,0.03,7.64,3.26,11.6,0.03
7.83,1.91,6.4,0.02,7.64,3.26,11.6,0.03,7.66,2.59,14.4,0.02
7.397016248153624,5.27878877400295,8.223520710059184,2.155110782865581,7.66,2.59,14.4,0.02,7.85,3.49,11.6,0.05
7.63,0.32,10.7,0.05,7.85,3.49,11.6,0.05,7.83,1.91,6.4,0.02
7.8,0.61,10.3,0.04,7.83,1.91,6.4,0.02,7.397016248153624,5.27878877400295,8.223520710059184,2.155110782865581
7.7,0.47,9.8,0.04,7.397016248153624,5.27878877400295,8.223520710059184,2.155110782865581,7.63,0.32,10.7,0.05
7.59,0.44,11.5,0.04,7.63,0.32,10.7,0.05,7.8,0.61,10.3,0.04
7.71,0.72,14.2,0.11,7.8,0.61,10.3,0.04,7.7,0.47,9.8,0.04
7.85,0.71,12.6,0.07,7.7,0.47,9.8,0.04,7.59,0.44,11.5,0.04
8.02,4.41,13.9,1.26,7.59,0.44,11.5,0.04,7.71,0.72,14.2,0.11
8.11,3.64,13.2,2.79,7.71,0.72,14.2,0.11,7.85,0.71,12.6,0.07
8.22,2.33,16.4,3.05,7.85,0.71,12.6,0.07,8.02,4.41,13.9,1.26
8.4,2.83,15.8,2.69,8.02,4.41,13.9,1.26,8.11,3.64,13.2,2.79
8.48,1.96,14.2,2.41,8.11,3.64,13.2,2.79,8.22,2.33,16.4,3.05
8.48,1.81,15.2,3.04,8.22,2.33,16.4,3.05,8.4,2.83,15.8,2.69
8.29,1.62,15.6,6.08,8.4,2.83,15.8,2.69,8.48,1.96,14.2,2.41
8.12,1.48,14.2,5.08,8.48,1.96,14.2,2.41,8.48,1.81,15.2,3.04
7.99,1.1,14.8,3.99,8.48,1.81,15.2,3.04,8.29,1.62,15.6,6.08
7.93,0.97,13.8,3.46,8.29,1.62,15.6,6.08,8.12,1.48,14.2,5.08
7.92,1.19,12.6,3.06,8.12,1.48,14.2,5.08,7.99,1.1,14.8,3.99
7.9,0.95,11.6,4.19,7.99,1.1,14.8,3.99,7.93,0.97,13.8,3.46
7.84,0.73,12.4,6.52,7.93,0.97,13.8,3.46,7.92,1.19,12.6,3.06
7.397016248153624,5.27878877400295,8.223520710059184,2.155110782865581,7.92,1.19,12.6,3.06,7.9,0.95,11.6,4.19
7.81,0.63,11.9,6.42,7.9,0.95,11.6,4.19,7.84,0.73,12.4,6.52
7.76,0.62,11.3,5.28,7.84,0.73,12.4,6.52,7.397016248153624,5.27878877400295,8.223520710059184,2.155110782865581
7.77,0.44,11.5,6.06,7.397016248153624,5.27878877400295,8.223520710059184,2.155110782865581,7.81,0.63,11.9,6.42
7.83,0.42,13.8,5.13,7.81,0.63,11.9,6.42,7.76,0.62,11.3,5.28
7.84,0.8,22.3,4.08,7.76,0.62,11.3,5.28,7.77,0.44,11.5,6.06
7.95,1.17,20.2,3.95,7.77,0.44,11.5,6.06,7.83,0.42,13.8,5.13
7.99,1.14,15.8,2.05,7.83,0.42,13.8,5.13,7.84,0.8,22.3,4.08
8.11,1.09,9.4,1.13,7.84,0.8,22.3,4.08,7.95,1.17,20.2,3.95
8.04,1.01,11.2,1.1,7.95,1.17,20.2,3.95,7.99,1.14,15.8,2.05
7.97,0.92,10.6,1.03,7.99,1.14,15.8,2.05,8.11,1.09,9.4,1.13
7.96,0.85,12.2,1.46,8.11,1.09,9.4,1.13,8.04,1.01,11.2,1.1
7.67,0.69,12.2,2.25,8.04,1.01,11.2,1.1,7.97,0.92,10.6,1.03
7.49,0.54,11.6,1.48,7.97,0.92,10.6,1.03,7.96,0.85,12.2,1.46
7.54,0.68,14.1,0.95,7.96,0.85,12.2,1.46,7.67,0.69,12.2,2.25
7.5,0.6,11.2,0.5,7.67,0.69,12.2,2.25,7.49,0.54,11.6,1.48
7.46,0.56,7.5,0.18,7.49,0.54,11.6,1.48,7.54,0.68,14.1,0.95
7.48,1.7,7.1,0.13,7.54,0.68,14.1,0.95,7.5,0.6,11.2,0.5
7.44,1.23,6.5,0.23,7.5,0.6,11.2,0.5,7.46,0.56,7.5,0.18
7.53,1.01,7.8,0.09,7.46,0.56,7.5,0.18,7.48,1.7,7.1,0.13
7.53,0.94,8.6,0.19,7.48,1.7,7.1,0.13,7.44,1.23,6.5,0.23
7.48,1.02,12.5,0.51,7.44,1.23,6.5,0.23,7.53,1.01,7.8,0.09
7.37,1.26,6.2,0.24,7.53,1.01,7.8,0.09,7.53,0.94,8.6,0.19
7.44,2.57,5.4,0.09,7.53,0.94,8.6,0.19,7.48,1.02,12.5,0.51
7.29,1.27,6.4,0.04,7.48,1.02,12.5,0.51,7.37,1.26,6.2,0.24
7.13,1.5,4.7,0.03,7.37,1.26,6.2,0.24,7.44,2.57,5.4,0.09
7.14,0.93,6.9,0.03,7.44,2.57,5.4,0.09,7.29,1.27,6.4,0.04
6.96,0.92,7.3,1.58,7.29,1.27,6.4,0.04,7.13,1.5,4.7,0.03
6.97,2.43,10.1,0.15,7.13,1.5,4.7,0.03,7.14,0.93,6.9,0.03
6.99,3.3,6.1,0.06,7.14,0.93,6.9,0.03,6.96,0.92,7.3,1.58
6.96,2.34,5.1,0.38,6.96,0.92,7.3,1.58,6.97,2.43,10.1,0.15
7.17,3.21,6.3,0.14,6.97,2.43,10.1,0.15,6.99,3.3,6.1,0.06
7.06,1.36,4.3,0.22,6.99,3.3,6.1,0.06,6.96,2.34,5.1,0.38
7.09,1.97,5.8,0.29,6.96,2.34,5.1,0.38,7.17,3.21,6.3,0.14
7.08,1.75,5.4,0.19,7.17,3.21,6.3,0.14,7.06,1.36,4.3,0.22
7.29,4.59,7.1,0.16,7.06,1.36,4.3,0.22,7.09,1.97,5.8,0.29
7.29,4.75,7.6,0.39,7.09,1.97,5.8,0.29,7.08,1.75,5.4,0.19
7.19,4.3,5.4,0.23,7.08,1.75,5.4,0.19,7.29,4.59,7.1,0.16
7.28,3.63,9.8,0.58,7.29,4.59,7.1,0.16,7.29,4.75,7.6,0.39
7.2,3.72,9.5,1.6,7.29,4.75,7.6,0.39,7.19,4.3,5.4,0.23
7.35,4.58,9.7,1.68,7.19,4.3,5.4,0.23,7.28,3.63,9.8,0.58
7.36,5.42,7.3,2.09,7.28,3.63,9.8,0.58,7.2,3.72,9.5,1.6
7.5,6.88,7.4,3.0,7.2,3.72,9.5,1.6,7.35,4.58,9.7,1.68
7.56,8.81,6.9,3.42,7.35,4.58,9.7,1.68,7.36,5.42,7.3,2.09
7.4,6.23,8.9,4.6,7.36,5.42,7.3,2.09,7.5,6.88,7.4,3.0
7.21,2.98,8.6,6.02,7.5,6.88,7.4,3.0,7.56,8.81,6.9,3.42
7.17,1.88,11.1,5.52,7.56,8.81,6.9,3.42,7.4,6.23,8.9,4.6
7.16,0.8,8.2,5.36,7.4,6.23,8.9,4.6,7.21,2.98,8.6,6.02
7.11,1.22,9.9,4.87,7.21,2.98,8.6,6.02,7.17,1.88,11.1,5.52
7.15,0.82,11.6,5.42,7.17,1.88,11.1,5.52,7.16,0.8,8.2,5.36
7.07,1.03,10.1,4.87,7.16,0.8,8.2,5.36,7.11,1.22,9.9,4.87
7.16,1.04,10.0,4.46,7.11,1.22,9.9,4.87,7.15,0.82,11.6,5.42
7.13,1.72,11.3,4.04,7.15,0.82,11.6,5.42,7.07,1.03,10.1,4.87
7.15,1.65,7.9,5.18,7.07,1.03,10.1,4.87,7.16,1.04,10.0,4.46
7.23,0.68,10.0,7.13,7.16,1.04,10.0,4.46,7.13,1.72,11.3,4.04
7.22,0.63,12.4,9.33,7.13,1.72,11.3,4.04,7.15,1.65,7.9,5.18
7.25,0.38,13.4,11.3,7.15,1.65,7.9,5.18,7.23,0.68,10.0,7.13
7.3,1.24,13.2,7.69,7.23,0.68,10.0,7.13,7.22,0.63,12.4,9.33
7.44,3.43,9.2,4.65,7.22,0.63,12.4,9.33,7.25,0.38,13.4,11.3
7.52,3.34,7.9,3.03,7.25,0.38,13.4,11.3,7.3,1.24,13.2,7.69
7.57,2.94,7.1,4.79,7.3,1.24,13.2,7.69,7.44,3.43,9.2,4.65
7.64,2.59,13.4,1.08,7.44,3.43,9.2,4.65,7.52,3.34,7.9,3.03
7.6,2.78,8.0,2.78,7.52,3.34,7.9,3.03,7.57,2.94,7.1,4.79
7.397016248153624,5.27878877400295,8.223520710059184,2.155110782865581,7.57,2.94,7.1,4.79,7.64,2.59,13.4,1.08
7.35,1.58,7.1,1.21,7.64,2.59,13.4,1.08,7.6,2.78,8.0,2.78
7.34,0.94,9.7,2.25,7.6,2.78,8.0,2.78,7.397016248153624,5.27878877400295,8.223520710059184,2.155110782865581
7.16,1.81,7.5,0.49,7.397016248153624,5.27878877400295,8.223520710059184,2.155110782865581,7.35,1.58,7.1,1.21
7.15,1.87,6.0,0.05,7.35,1.58,7.1,1.21,7.34,0.94,9.7,2.25
7.26,2.47,5.9,0.04,7.34,0.94,9.7,2.25,7.16,1.81,7.5,0.49
7.46,4.8,5.9,0.03,7.16,1.81,7.5,0.49,7.15,1.87,6.0,0.05
7.29,2.88,7.0,0.03,7.15,1.87,6.0,0.05,7.26,2.47,5.9,0.04
7.27,3.07,9.3,0.03,7.26,2.47,5.9,0.04,7.46,4.8,5.9,0.03
7.24,1.4,7.8,0.03,7.46,4.8,5.9,0.03,7.29,2.88,7.0,0.03
7.15,0.62,6.4,0.03,7.29,2.88,7.0,0.03,7.27,3.07,9.3,0.03
7.23,0.92,6.5,0.02,7.27,3.07,9.3,0.03,7.24,1.4,7.8,0.03
7.22,0.87,6.9,0.01,7.24,1.4,7.8,0.03,7.15,0.62,6.4,0.03
7.23,0.51,6.1,0.02,7.15,0.62,6.4,0.03,7.23,0.92,6.5,0.02
7.15,0.66,4.9,0.02,7.23,0.92,6.5,0.02,7.22,0.87,6.9,0.01
7.18,1.9,4.6,0.02,7.22,0.87,6.9,0.01,7.23,0.51,6.1,0.02
7.35,2.19,7.3,0.02,7.23,0.51,6.1,0.02,7.15,0.66,4.9,0.02
7.46,3.68,4.9,0.02,7.15,0.66,4.9,0.02,7.18,1.9,4.6,0.02
7.2,0.98,6.2,0.03,7.18,1.9,4.6,0.02,7.35,2.19,7.3,0.02
7.3,1.24,6.3,0.02,7.35,2.19,7.3,0.02,7.46,3.68,4.9,0.02
7.28,0.6,5.3,0.02,7.46,3.68,4.9,0.02,7.2,0.98,6.2,0.03
7.21,0.2,6.7,0.03,7.2,0.98,6.2,0.03,7.3,1.24,6.3,0.02
7.15,0.73,5.9,0.03,7.3,1.24,6.3,0.02,7.28,0.6,5.3,0.02
7.24,1.88,5.4,0.05,7.28,0.6,5.3,0.02,7.21,0.2,6.7,0.03
7.18,1.9,4.9,0.04,7.21,0.2,6.7,0.03,7.15,0.73,5.9,0.03
7.16,2.53,5.1,1.52,7.15,0.73,5.9,0.03,7.24,1.88,5.4,0.05
7.23,3.8,5.2,1.17,7.24,1.88,5.4,0.05,7.18,1.9,4.9,0.04
7.22,2.26,5.5,0.79,7.18,1.9,4.9,0.04,7.16,2.53,5.1,1.52
7.27,1.7,5.5,0.72,7.16,2.53,5.1,1.52,7.23,3.8,5.2,1.17
7.35,1.46,6.1,0.63,7.23,3.8,5.2,1.17,7.22,2.26,5.5,0.79
7.35,1.25,7.3,1.25,7.22,2.26,5.5,0.79,7.27,1.7,5.5,0.72
7.4,1.27,10.4,1.83,7.27,1.7,5.5,0.72,7.35,1.46,6.1,0.63
7.45,8.03,12.1,6.44,7.35,1.46,6.1,0.63,7.35,1.25,7.3,1.25
7.41,7.16,10.0,10.6,7.35,1.25,7.3,1.25,7.4,1.27,10.4,1.83
7.34,7.56,10.5,10.4,7.4,1.27,10.4,1.83,7.45,8.03,12.1,6.44
7.397016248153624,5.27878877400295,8.223520710059184,2.155110782865581,7.45,8.03,12.1,6.44,7.41,7.16,10.0,10.6
7.16,3.84,12.3,9.85,7.41,7.16,10.0,10.6,7.34,7.56,10.5,10.4
7.11,1.75,12.1,11.3,7.34,7.56,10.5,10.4,7.397016248153624,5.27878877400295,8.223520710059184,2.155110782865581
7.07,1.12,16.2,9.76,7.397016248153624,5.27878877400295,8.223520710059184,2.155110782865581,7.16,3.84,12.3,9.85
7.14,0.41,9.1,9.36,7.16,3.84,12.3,9.85,7.11,1.75,12.1,11.3
7.11,1.05,21.2,11.2,7.11,1.75,12.1,11.3,7.07,1.12,16.2,9.76
7.16,0.65,16.6,15.0,7.07,1.12,16.2,9.76,7.14,0.41,9.1,9.36
7.11,3.18,13.9,13.0,7.14,0.41,9.1,9.36,7.11,1.05,21.2,11.2
7.07,3.61,14.7,13.8,7.11,1.05,21.2,11.2,7.16,0.65,16.6,15.0
7.22,3.87,13.1,12.2,7.16,0.65,16.6,15.0,7.11,3.18,13.9,13.0
7.37,10.5,10.9,15.0,7.11,3.18,13.9,13.0,7.07,3.61,14.7,13.8
7.35,9.21,6.9,6.35,7.07,3.61,14.7,13.8,7.22,3.87,13.1,12.2
7.24,6.43,10.3,15.9,7.22,3.87,13.1,12.2,7.37,10.5,10.9,15.0
7.17,2.53,11.4,15.1,7.37,10.5,10.9,15.0,7.35,9.21,6.9,6.35
7.25,2.88,11.4,12.3,7.35,9.21,6.9,6.35,7.24,6.43,10.3,15.9
7.17,2.46,10.8,11.1,7.24,6.43,10.3,15.9,7.17,2.53,11.4,15.1
7.18,3.06,11.9,3.15,7.17,2.53,11.4,15.1,7.25,2.88,11.4,12.3
7.22,3.11,11.4,6.62,7.25,2.88,11.4,12.3,7.17,2.46,10.8,11.1
7.22,3.58,9.3,4.31,7.17,2.46,10.8,11.1,7.18,3.06,11.9,3.15
7.09,1.06,12.5,2.85,7.18,3.06,11.9,3.15,7.22,3.11,11.4,6.62
7.04,1.65,6.7,0.45,7.22,3.11,11.4,6.62,7.22,3.58,9.3,4.31
7.09,2.08,5.9,0.05,7.22,3.58,9.3,4.31,7.09,1.06,12.5,2.85
7.18,2.82,7.2,0.04,7.09,1.06,12.5,2.85,7.04,1.65,6.7,0.45
7.29,3.8,4.9,0.04,7.04,1.65,6.7,0.45,7.09,2.08,5.9,0.05
7.27,3.47,6.1,0.04,7.09,2.08,5.9,0.05,7.18,2.82,7.2,0.04
7.2,2.37,14.1,0.03,7.18,2.82,7.2,0.04,7.29,3.8,4.9,0.04
7.24,1.9,5.4,0.01,7.29,3.8,4.9,0.04,7.27,3.47,6.1,0.04
7.12,0.69,7.6,0.03,7.27,3.47,6.1,0.04,7.2,2.37,14.1,0.03
7.2,0.72,8.6,0.08,7.2,2.37,14.1,0.03,7.24,1.9,5.4,0.01
7.12,1.15,7.2,0.15,7.24,1.9,5.4,0.01,7.12,0.69,7.6,0.03
7.15,1.82,14.0,0.29,7.12,0.69,7.6,0.03,7.2,0.72,8.6,0.08
7.11,0.82,8.1,0.08,7.2,0.72,8.6,0.08,7.12,1.15,7.2,0.15
7.17,1.15,9.4,0.19,7.12,1.15,7.2,0.15,7.15,1.82,14.0,0.29
7.14,0.49,8.4,0.03,7.15,1.82,14.0,0.29,7.11,0.82,8.1,0.08
7.22,1.67,9.2,0.03,7.11,0.82,8.1,0.08,7.17,1.15,9.4,0.19
7.16,1.7,8.6,0.03,7.17,1.15,9.4,0.19,7.14,0.49,8.4,0.03
7.12,1.64,9.9,0.03,7.14,0.49,8.4,0.03,7.22,1.67,9.2,0.03
7.09,2.03,9.4,0.07,7.22,1.67,9.2,0.03,7.16,1.7,8.6,0.03
7.12,2.35,10.8,0.08,7.16,1.7,8.6,0.03,7.12,1.64,9.9,0.03
7.19,1.4,9.6,0.27,7.12,1.64,9.9,0.03,7.09,2.03,9.4,0.07
7.17,1.07,10.0,0.31,7.09,2.03,9.4,0.07,7.12,2.35,10.8,0.08
7.14,1.22,9.6,1.72,7.12,2.35,10.8,0.08,7.19,1.4,9.6,0.27
7.2,2.34,8.5,1.97,7.19,1.4,9.6,0.27,7.17,1.07,10.0,0.31
7.35,3.38,7.8,1.99,7.17,1.07,10.0,0.31,7.14,1.22,9.6,1.72
7.35,3.94,10.0,2.75,7.14,1.22,9.6,1.72,7.2,2.34,8.5,1.97
7.32,3.74,11.8,2.56,7.2,2.34,8.5,1.97,7.35,3.38,7.8,1.99
7.4,4.17,6.8,5.93,7.35,3.38,7.8,1.99,7.35,3.94,10.0,2.75
7.49,5.97,11.8,5.7,7.35,3.94,10.0,2.75,7.32,3.74,11.8,2.56
7.46,6.6,8.6,2.94,7.32,3.74,11.8,2.56,7.4,4.17,6.8,5.93
7.39,7.13,9.5,2.71,7.4,4.17,6.8,5.93,7.49,5.97,11.8,5.7
7.35,6.17,8.8,1.31,7.49,5.97,11.8,5.7,7.46,6.6,8.6,2.94
7.29,5.47,10.8,0.53,7.46,6.6,8.6,2.94,7.39,7.13,9.5,2.71
7.28,4.94,8.223520710059184,1.53,7.39,7.13,9.5,2.71,7.35,6.17,8.8,1.31
7.22,4.78,14.5,2.75,7.35,6.17,8.8,1.31,7.29,5.47,10.8,0.53
7.29,3.77,11.9,7.55,7.29,5.47,10.8,0.53,7.28,4.94,8.223520710059184,1.53
7.33,2.18,11.8,10.2,7.28,4.94,8.223520710059184,1.53,7.22,4.78,14.5,2.75
7.25,0.95,13.1,11.5,7.22,4.78,14.5,2.75,7.29,3.77,11.9,7.55
7.24,0.86,13.6,12.8,7.29,3.77,11.9,7.55,7.33,2.18,11.8,10.2
7.397016248153624,5.27878877400295,8.223520710059184,2.155110782865581,7.33,2.18,11.8,10.2,7.25,0.95,13.1,11.5
7.19,0.93,17.0,8.14,7.25,0.95,13.1,11.5,7.24,0.86,13.6,12.8
7.08,1.15,15.8,5.65,7.24,0.86,13.6,12.8,7.397016248153624,5.27878877400295,8.223520710059184,2.155110782865581
6.99,2.64,25.4,4.08,7.397016248153624,5.27878877400295,8.223520710059184,2.155110782865581,7.19,0.93,17.0,8.14
7.04,4.11,17.4,1.86,7.19,0.93,17.0,8.14,7.08,1.15,15.8,5.65
7.1,3.3,13.2,1.88,7.08,1.15,15.8,5.65,6.99,2.64,25.4,4.08
7.19,2.88,12.7,0.93,6.99,2.64,25.4,4.08,7.04,4.11,17.4,1.86
7.23,2.55,17.0,0.54,7.04,4.11,17.4,1.86,7.1,3.3,13.2,1.88
7.21,3.35,15.4,2.3,7.1,3.3,13.2,1.88,7.19,2.88,12.7,0.93
7.2,3.38,13.5,3.74,7.19,2.88,12.7,0.93,7.23,2.55,17.0,0.54
7.19,3.53,11.5,2.11,7.23,2.55,17.0,0.54,7.21,3.35,15.4,2.3
7.02,3.44,10.8,2.74,7.21,3.35,15.4,2.3,7.2,3.38,13.5,3.74
7.17,4.05,11.6,1.56,7.2,3.38,13.5,3.74,7.19,3.53,11.5,2.11
7.04,3.09,10.0,1.34,7.19,3.53,11.5,2.11,7.02,3.44,10.8,2.74
6.98,1.61,12.0,0.53,7.02,3.44,10.8,2.74,7.17,4.05,11.6,1.56
7.1,3.0,12.6,0.04,7.17,4.05,11.6,1.56,7.04,3.09,10.0,1.34
7.14,2.78,14.0,0.04,7.04,3.09,10.0,1.34,6.98,1.61,12.0,0.53
7.09,2.55,12.8,0.05,6.98,1.61,12.0,0.53,7.1,3.0,12.6,0.04
7.13,2.27,7.6,0.05,7.1,3.0,12.6,0.04,7.14,2.78,14.0,0.04
7.25,1.97,9.3,0.2,7.14,2.78,14.0,0.04,7.09,2.55,12.8,0.05
6.97,0.8,10.1,0.23,7.09,2.55,12.8,0.05,7.13,2.27,7.6,0.05
6.77,0.58,8.2,0.03,7.13,2.27,7.6,0.05,7.25,1.97,9.3,0.2
6.92,0.5,8.4,0.04,7.25,1.97,9.3,0.2,6.97,0.8,10.1,0.23
7.05,0.12,9.4,0.03,6.97,0.8,10.1,0.23,6.77,0.58,8.2,0.03
7.04,0.12,7.9,0.12,6.77,0.58,8.2,0.03,6.92,0.5,8.4,0.04
7.13,0.16,8.4,0.1,6.92,0.5,8.4,0.04,7.05,0.12,9.4,0.03
7.05,0.12,9.3,0.07,7.05,0.12,9.4,0.03,7.04,0.12,7.9,0.12
7.12,0.21,8.8,0.06,7.04,0.12,7.9,0.12,7.13,0.16,8.4,0.1
7.1,0.2,8.0,0.07,7.13,0.16,8.4,0.1,7.05,0.12,9.3,0.07
7.06,2.31,10.2,0.07,7.05,0.12,9.3,0.07,7.12,0.21,8.8,0.06
7.13,3.27,8.5,0.08,7.12,0.21,8.8,0.06,7.1,0.2,8.0,0.07
7.24,4.47,8.4,0.06,7.1,0.2,8.0,0.07,7.06,2.31,10.2,0.07
7.25,3.48,8.0,0.04,7.06,2.31,10.2,0.07,7.13,3.27,8.5,0.08
7.13,3.87,9.0,0.06,7.13,3.27,8.5,0.08,7.24,4.47,8.4,0.06
7.07,3.56,7.0,0.1,7.24,4.47,8.4,0.06,7.25,3.48,8.0,0.04
7.05,4.49,8.4,0.32,7.25,3.48,8.0,0.04,7.13,3.87,9.0,0.06
7.17,4.77,8.7,0.75,7.13,3.87,9.0,0.06,7.07,3.56,7.0,0.1
7.08,4.67,8.8,1.26,7.07,3.56,7.0,0.1,7.05,4.49,8.4,0.32
7.26,5.05,9.6,2.24,7.05,4.49,8.4,0.32,7.17,4.77,8.7,0.75
7.2,5.82,9.9,2.11,7.17,4.77,8.7,0.75,7.08,4.67,8.8,1.26
7.14,6.46,8.6,3.97,7.08,4.67,8.8,1.26,7.26,5.05,9.6,2.24
7.2,7.01,9.2,3.27,7.26,5.05,9.6,2.24,7.2,5.82,9.9,2.11
7.15,8.56,7.5,3.09,7.2,5.82,9.9,2.11,7.14,6.46,8.6,3.97
7.19,10.5,7.8,1.84,7.14,6.46,8.6,3.97,7.2,7.01,9.2,3.27
7.08,11.4,8.0,1.97,7.2,7.01,9.2,3.27,7.15,8.56,7.5,3.09
7.07,10.7,9.6,1.59,7.15,8.56,7.5,3.09,7.19,10.5,7.8,1.84
7.01,10.7,9.9,0.91,7.19,10.5,7.8,1.84,7.08,11.4,8.0,1.97
7.02,8.47,8.9,1.81,7.08,11.4,8.0,1.97,7.07,10.7,9.6,1.59
6.96,7.51,7.7,1.9,7.07,10.7,9.6,1.59,7.01,10.7,9.9,0.91
6.87,6.16,9.2,3.24,7.01,10.7,9.9,0.91,7.02,8.47,8.9,1.81
6.82,4.92,9.8,2.85,7.02,8.47,8.9,1.81,6.96,7.51,7.7,1.9
6.71,5.28,9.0,3.05,6.96,7.51,7.7,1.9,6.87,6.16,9.2,3.24
6.76,3.36,9.7,3.43,6.87,6.16,9.2,3.24,6.82,4.92,9.8,2.85
6.77,2.69,10.0,3.94,6.82,4.92,9.8,2.85,6.71,5.28,9.0,3.05
6.88,2.57,10.5,4.79,6.71,5.28,9.0,3.05,6.76,3.36,9.7,3.43
6.83,2.47,11.7,4.12,6.76,3.36,9.7,3.43,6.77,2.69,10.0,3.94
6.85,3.6,10.6,5.87,6.77,2.69,10.0,3.94,6.88,2.57,10.5,4.79
6.88,6.33,8.6,5.8,6.88,2.57,10.5,4.79,6.83,2.47,11.7,4.12
7.05,7.54,7.3,9.06,6.83,2.47,11.7,4.12,6.85,3.6,10.6,5.87
7.16,7.65,5.7,8.15,6.85,3.6,10.6,5.87,6.88,6.33,8.6,5.8
7.08,6.75,8.8,7.65,6.88,6.33,8.6,5.8,7.05,7.54,7.3,9.06
7.04,5.98,9.0,7.49,7.05,7.54,7.3,9.06,7.16,7.65,5.7,8.15
7.02,6.2,9.3,7.44,7.16,7.65,5.7,8.15,7.08,6.75,8.8,7.65
6.9,4.76,8.1,7.45,7.08,6.75,8.8,7.65,7.04,5.98,9.0,7.49
6.96,3.08,8.1,7.45,7.04,5.98,9.0,7.49,7.02,6.2,9.3,7.44
6.96,1.94,12.6,2.35,7.02,6.2,9.3,7.44,6.9,4.76,8.1,7.45
6.93,1.15,10.4,2.59,6.9,4.76,8.1,7.45,6.96,3.08,8.1,7.45
6.96,2.69,8.8,0.95,6.96,3.08,8.1,7.45,6.96,1.94,12.6,2.35
6.98,3.03,10.1,0.76,6.96,1.94,12.6,2.35,6.93,1.15,10.4,2.59
6.99,2.91,11.4,1.8,6.93,1.15,10.4,2.59,6.96,2.69,8.8,0.95
7.0,1.24,10.0,0.99,6.96,2.69,8.8,0.95,6.98,3.03,10.1,0.76
6.97,2.6,9.4,1.04,6.98,3.03,10.1,0.76,6.99,2.91,11.4,1.8
7.09,2.2,10.9,1.06,6.99,2.91,11.4,1.8,7.0,1.24,10.0,0.99
7.09,2.18,9.0,0.49,7.0,1.24,10.0,0.99,6.97,2.6,9.4,1.04
7.1,2.51,8.9,1.15,6.97,2.6,9.4,1.04,7.09,2.2,10.9,1.06
7.1,2.79,9.3,0.95,7.09,2.2,10.9,1.06,7.09,2.18,9.0,0.49
7.14,2.04,7.2,1.21,7.09,2.18,9.0,0.49,7.1,2.51,8.9,1.15
7.21,1.89,7.5,0.49,7.1,2.51,8.9,1.15,7.1,2.79,9.3,0.95
7.24,2.06,9.8,1.12,7.1,2.79,9.3,0.95,7.14,2.04,7.2,1.21
7.32,3.38,9.0,1.84,7.14,2.04,7.2,1.21,7.21,1.89,7.5,0.49
7.22,2.77,8.0,1.08,7.21,1.89,7.5,0.49,7.24,2.06,9.8,1.12
7.23,2.81,9.2,0.93,7.24,2.06,9.8,1.12,7.32,3.38,9.0,1.84
7.36,5.67,9.0,0.73,7.32,3.38,9.0,1.84,7.22,2.77,8.0,1.08
7.18,4.93,7.2,1.82,7.22,2.77,8.0,1.08,7.23,2.81,9.2,0.93
7.26,5.51,7.3,0.99,7.23,2.81,9.2,0.93,7.36,5.67,9.0,0.73
7.18,4.3,8.9,0.72,7.36,5.67,9.0,0.73,7.18,4.93,7.2,1.82
7.25,4.88,8.5,0.9,7.18,4.93,7.2,1.82,7.26,5.51,7.3,0.99
7.19,4.84,1.9,1.05,7.26,5.51,7.3,0.99,7.18,4.3,8.9,0.72
7.03,3.38,9.2,1.48,7.18,4.3,8.9,0.72,7.25,4.88,8.5,0.9
7.14,4.11,10.8,0.93,7.25,4.88,8.5,0.9,7.19,4.84,1.9,1.05
7.16,4.77,9.6,2.42,7.19,4.84,1.9,1.05,7.03,3.38,9.2,1.48
7.27,8.0,9.6,5.66,7.03,3.38,9.2,1.48,7.14,4.11,10.8,0.93
7.35,10.1,9.9,3.25,7.14,4.11,10.8,0.93,7.16,4.77,9.6,2.42
7.33,7.77,9.0,3.21,7.16,4.77,9.6,2.42,7.27,8.0,9.6,5.66
6.92,5.47,9.6,3.61,7.27,8.0,9.6,5.66,7.35,10.1,9.9,3.25
7.08,6.83,9.3,4.61,7.35,10.1,9.9,3.25,7.33,7.77,9.0,3.21
6.93,6.03,9.9,5.7,7.33,7.77,9.0,3.21,6.92,5.47,9.6,3.61
7.06,5.46,9.8,6.73,6.92,5.47,9.6,3.61,7.08,6.83,9.3,4.61
7.397016248153624,5.27878877400295,8.223520710059184,2.155110782865581,7.08,6.83,9.3,4.61,6.93,6.03,9.9,5.7
7.18,10.9,9.8,5.58,6.93,6.03,9.9,5.7,7.06,5.46,9.8,6.73
7.397016248153624,5.27878877400295,8.223520710059184,2.155110782865581,7.06,5.46,9.8,6.73,7.397016248153624,5.27878877400295,8.223520710059184,2.155110782865581
7.397016248153624,5.27878877400295,8.223520710059184,2.155110782865581,7.397016248153624,5.27878877400295,8.223520710059184,2.155110782865581,7.18,10.9,9.8,5.58
7.397016248153624,5.27878877400295,8.223520710059184,2.155110782865581,7.18,10.9,9.8,5.58,7.397016248153624,5.27878877400295,8.223520710059184,2.155110782865581
7.397016248153624,5.27878877400295,8.223520710059184,2.155110782865581,7.397016248153624,5.27878877400295,8.223520710059184,2.155110782865581,7.397016248153624,5.27878877400295,8.223520710059184,2.155110782865581
7.397016248153624,5.27878877400295,8.223520710059184,2.155110782865581,7.397016248153624,5.27878877400295,8.223520710059184,2.155110782865581,7.397016248153624,5.27878877400295,8.223520710059184,2.155110782865581
7.397016248153624,5.27878877400295,8.223520710059184,2.155110782865581,7.397016248153624,5.27878877400295,8.223520710059184,2.155110782865581,7.397016248153624,5.27878877400295,8.223520710059184,2.155110782865581
7.397016248153624,5.27878877400295,8.223520710059184,2.155110782865581,7.397016248153624,5.27878877400295,8.223520710059184,2.155110782865581,7.397016248153624,5.27878877400295,8.223520710059184,2.155110782865581
7.397016248153624,5.27878877400295,8.223520710059184,2.155110782865581,7.397016248153624,5.27878877400295,8.223520710059184,2.155110782865581,7.397016248153624,5.27878877400295,8.223520710059184,2.155110782865581
7.397016248153624,5.27878877400295,8.223520710059184,2.155110782865581,7.397016248153624,5.27878877400295,8.223520710059184,2.155110782865581,7.397016248153624,5.27878877400295,8.223520710059184,2.155110782865581
7.397016248153624,5.27878877400295,8.223520710059184,2.155110782865581,7.397016248153624,5.27878877400295,8.223520710059184,2.155110782865581,7.397016248153624,5.27878877400295,8.223520710059184,2.155110782865581
7.397016248153624,5.27878877400295,8.223520710059184,2.155110782865581,7.397016248153624,5.27878877400295,8.223520710059184,2.155110782865581,7.397016248153624,5.27878877400295,8.223520710059184,2.155110782865581
7.99,5.81,9.7,10.1,7.397016248153624,5.27878877400295,8.223520710059184,2.155110782865581,7.397016248153624,5.27878877400295,8.223520710059184,2.155110782865581
7.05,6.08,9.1,9.67,7.397016248153624,5.27878877400295,8.223520710059184,2.155110782865581,7.397016248153624,5.27878877400295,8.223520710059184,2.155110782865581
7.16,6.53,9.3,6.37,7.397016248153624,5.27878877400295,8.223520710059184,2.155110782865581,7.99,5.81,9.7,10.1
7.13,4.62,9.6,4.82,7.99,5.81,9.7,10.1,7.05,6.08,9.1,9.67
7.13,3.17,9.5,8.17,7.05,6.08,9.1,9.67,7.16,6.53,9.3,6.37
7.17,3.75,9.5,4.54,7.16,6.53,9.3,6.37,7.13,4.62,9.6,4.82
7.18,4.17,9.2,5.33,7.13,4.62,9.6,4.82,7.13,3.17,9.5,8.17
7.15,4.45,9.5,3.33,7.13,3.17,9.5,8.17,7.17,3.75,9.5,4.54
7.06,3.43,9.3,2.33,7.17,3.75,9.5,4.54,7.18,4.17,9.2,5.33
7.09,4.49,9.5,1.82,7.18,4.17,9.2,5.33,7.15,4.45,9.5,3.33
7.11,3.59,9.4,1.12,7.15,4.45,9.5,3.33,7.06,3.43,9.3,2.33
7.11,3.05,9.5,1.26,7.06,3.43,9.3,2.33,7.09,4.49,9.5,1.82
7.04,4.77,9.5,1.86,7.09,4.49,9.5,1.82,7.11,3.59,9.4,1.12
7.07,2.84,9.5,1.0,7.11,3.59,9.4,1.12,7.11,3.05,9.5,1.26
7.07,1.98,9.6,0.83,7.11,3.05,9.5,1.26,7.04,4.77,9.5,1.86
7.08,1.8,9.5,0.62,7.04,4.77,9.5,1.86,7.07,2.84,9.5,1.0
7.09,1.86,9.5,0.64,7.07,2.84,9.5,1.0,7.07,1.98,9.6,0.83
7.11,2.01,9.5,0.57,7.07,1.98,9.6,0.83,7.08,1.8,9.5,0.62
7.1,2.07,9.5,0.66,7.08,1.8,9.5,0.62,7.09,1.86,9.5,0.64
7.1,2.53,8.9,0.54,7.09,1.86,9.5,0.64,7.11,2.01,9.5,0.57
7.1,2.58,8.8,0.54,7.11,2.01,9.5,0.57,7.1,2.07,9.5,0.66
7.07,2.33,9.5,0.54,7.1,2.07,9.5,0.66,7.1,2.53,8.9,0.54
7.09,2.62,9.8,0.61,7.1,2.53,8.9,0.54,7.1,2.58,8.8,0.54
7.12,1.79,9.9,0.44,7.1,2.58,8.8,0.54,7.07,2.33,9.5,0.54
7.27,1.86,9.7,0.47,7.07,2.33,9.5,0.54,7.09,2.62,9.8,0.61
7.47,2.34,9.8,0.43,7.09,2.62,9.8,0.61,7.12,1.79,9.9,0.44
7.47,2.71,9.7,1.0,7.12,1.79,9.9,0.44,7.27,1.86,9.7,0.47
7.26,2.85,2.1,2.44,7.27,1.86,9.7,0.47,7.47,2.34,9.8,0.43
7.46,2.76,9.4,2.5,7.47,2.34,9.8,0.43,7.47,2.71,9.7,1.0
7.55,2.82,9.9,1.67,7.47,2.71,9.7,1.0,7.26,2.85,2.1,2.44
7.48,3.01,9.8,1.3,7.26,2.85,2.1,2.44,7.46,2.76,9.4,2.5
7.4,3.13,9.8,1.64,7.46,2.76,9.4,2.5,7.55,2.82,9.9,1.67
7.62,2.88,9.9,1.0,7.55,2.82,9.9,1.67,7.48,3.01,9.8,1.3
7.397016248153624,5.27878877400295,8.223520710059184,2.155110782865581,7.48,3.01,9.8,1.3,7.4,3.13,9.8,1.64
7.49,5.14,9.7,1.42,7.4,3.13,9.8,1.64,7.62,2.88,9.9,1.0
7.49,5.14,9.7,1.42,7.62,2.88,9.9,1.0,7.397016248153624,5.27878877400295,8.223520710059184,2.155110782865581
7.82,2.73,9.8,2.8,7.397016248153624,5.27878877400295,8.223520710059184,2.155110782865581,7.49,5.14,9.7,1.42
7.82,2.72,9.8,2.78,7.49,5.14,9.7,1.42,7.49,5.14,9.7,1.42
7.87,3.65,9.8,2.65,7.49,5.14,9.7,1.42,7.82,2.73,9.8,2.8
7.71,3.35,9.9,3.48,7.82,2.73,9.8,2.8,7.82,2.72,9.8,2.78
7.43,4.88,2.1,1.67,7.82,2.72,9.8,2.78,7.87,3.65,9.8,2.65
7.43,3.18,9.8,1.68,7.87,3.65,9.8,2.65,7.71,3.35,9.9,3.48
7.41,4.17,9.9,1.6,7.71,3.35,9.9,3.48,7.43,4.88,2.1,1.67
7.4,4.12,8.5,1.79,7.43,4.88,2.1,1.67,7.43,3.18,9.8,1.68
7.48,4.46,8.7,1.98,7.43,3.18,9.8,1.68,7.41,4.17,9.9,1.6
7.44,5.67,8.8,3.35,7.41,4.17,9.9,1.6,7.4,4.12,8.5,1.79
7.47,5.23,8.8,3.28,7.4,4.12,8.5,1.79,7.48,4.46,8.7,1.98
7.45,5.17,8.9,7.08,7.48,4.46,8.7,1.98,7.44,5.67,8.8,3.35
7.52,5.53,8.4,3.82,7.44,5.67,8.8,3.35,7.47,5.23,8.8,3.28
7.7,6.29,9.9,2.15,7.47,5.23,8.8,3.28,7.45,5.17,8.9,7.08
7.62,6.4,9.9,2.16,7.45,5.17,8.9,7.08,7.52,5.53,8.4,3.82
7.93,7.91,9.9,2.39,7.52,5.53,8.4,3.82,7.7,6.29,9.9,2.15
8.02,7.63,9.8,6.18,7.7,6.29,9.9,2.15,7.62,6.4,9.9,2.16
7.89,8.81,9.2,2.41,7.62,6.4,9.9,2.16,7.93,7.91,9.9,2.39
7.73,8.42,9.4,1.48,7.93,7.91,9.9,2.39,8.02,7.63,9.8,6.18
7.46,8.28,9.8,1.38,8.02,7.63,9.8,6.18,7.89,8.81,9.2,2.41
7.41,8.57,9.8,1.57,7.89,8.81,9.2,2.41,7.73,8.42,9.4,1.48
7.69,8.7,9.4,2.75,7.73,8.42,9.4,1.48,7.46,8.28,9.8,1.38
7.65,8.55,9.5,2.75,7.46,8.28,9.8,1.38,7.41,8.57,9.8,1.57
7.99,8.51,9.5,4.79,7.41,8.57,9.8,1.57,7.69,8.7,9.4,2.75
7.39,8.37,9.8,1.9,7.69,8.7,9.4,2.75,7.65,8.55,9.5,2.75
7.52,8.08,9.7,1.59,7.65,8.55,9.5,2.75,7.99,8.51,9.5,4.79
7.86,7.8,9.9,0.34,7.99,8.51,9.5,4.79,7.39,8.37,9.8,1.9
7.79,8.14,9.8,1.67,7.39,8.37,9.8,1.9,7.52,8.08,9.7,1.59
7.64,7.15,8.9,1.19,7.52,8.08,9.7,1.59,7.86,7.8,9.9,0.34
7.59,7.29,8.9,0.85,7.86,7.8,9.9,0.34,7.79,8.14,9.8,1.67
7.86,6.48,8.9,0.39,7.79,8.14,9.8,1.67,7.64,7.15,8.9,1.19
7.5,6.51,8.8,0.39,7.64,7.15,8.9,1.19,7.59,7.29,8.9,0.85
7.36,6.83,8.8,0.65,7.59,7.29,8.9,0.85,7.86,6.48,8.9,0.39
7.63,6.66,9.9,0.58,7.86,6.48,8.9,0.39,7.5,6.51,8.8,0.39
7.92,6.66,8.6,0.4,7.5,6.51,8.8,0.39,7.36,6.83,8.8,0.65
8.05,6.78,8.8,0.59,7.36,6.83,8.8,0.65,7.63,6.66,9.9,0.58
8.13,6.49,8.6,0.53,7.63,6.66,9.9,0.58,7.92,6.66,8.6,0.4
8.18,6.52,8.9,1.08,7.92,6.66,8.6,0.4,8.05,6.78,8.8,0.59
7.84,1.24,8.4,1.0,8.05,6.78,8.8,0.59,8.13,6.49,8.6,0.53
8.17,6.68,9.8,0.78,8.13,6.49,8.6,0.53,8.18,6.52,8.9,1.08
8.18,7.31,9.7,1.58,8.18,6.52,8.9,1.08,7.84,1.24,8.4,1.0
7.14,6.48,9.7,1.91,7.84,1.24,8.4,1.0,8.17,6.68,9.8,0.78
7.43,6.56,9.7,2.58,8.17,6.68,9.8,0.78,8.18,7.31,9.7,1.58
7.36,6.5,9.4,1.85,8.18,7.31,9.7,1.58,7.14,6.48,9.7,1.91
7.29,7.36,9.2,1.98,7.14,6.48,9.7,1.91,7.43,6.56,9.7,2.58
7.2,7.6,9.3,2.11,7.43,6.56,9.7,2.58,7.36,6.5,9.4,1.85
7.08,5.5,9.0,2.36,7.36,6.5,9.4,1.85,7.29,7.36,9.2,1.98
6.94,4.72,8.8,2.48,7.29,7.36,9.2,1.98,7.2,7.6,9.3,2.11
6.86,7.51,9.7,2.46,7.2,7.6,9.3,2.11,7.08,5.5,9.0,2.36
6.97,7.64,9.2,4.34,7.08,5.5,9.0,2.36,6.94,4.72,8.8,2.48
7.07,8.79,9.4,1.78,6.94,4.72,8.8,2.48,6.86,7.51,9.7,2.46
6.92,8.43,9.2,1.53,6.86,7.51,9.7,2.46,6.97,7.64,9.2,4.34
7.01,8.19,9.6,1.57,6.97,7.64,9.2,4.34,7.07,8.79,9.4,1.78
7.05,9.19,9.4,2.11,7.07,8.79,9.4,1.78,6.92,8.43,9.2,1.53
7.08,9.35,9.8,5.13,6.92,8.43,9.2,1.53,7.01,8.19,9.6,1.57
7.08,9.86,9.6,9.03,7.01,8.19,9.6,1.57,7.05,9.19,9.4,2.11
7.397016248153624,5.27878877400295,8.223520710059184,2.155110782865581,7.05,9.19,9.4,2.11,7.08,9.35,9.8,5.13
7.397016248153624,5.27878877400295,8.223520710059184,2.155110782865581,7.08,9.35,9.8,5.13,7.08,9.86,9.6,9.03
7.397016248153624,5.27878877400295,8.223520710059184,2.155110782865581,7.08,9.86,9.6,9.03,7.397016248153624,5.27878877400295,8.223520710059184,2.155110782865581
7.397016248153624,5.27878877400295,8.223520710059184,2.155110782865581,7.397016248153624,5.27878877400295,8.223520710059184,2.155110782865581,7.397016248153624,5.27878877400295,8.223520710059184,2.155110782865581
7.397016248153624,5.27878877400295,8.223520710059184,2.155110782865581,7.397016248153624,5.27878877400295,8.223520710059184,2.155110782865581,7.397016248153624,5.27878877400295,8.223520710059184,2.155110782865581
7.397016248153624,5.27878877400295,8.223520710059184,2.155110782865581,7.397016248153624,5.27878877400295,8.223520710059184,2.155110782865581,7.397016248153624,5.27878877400295,8.223520710059184,2.155110782865581
7.397016248153624,5.27878877400295,8.223520710059184,2.155110782865581,7.397016248153624,5.27878877400295,8.223520710059184,2.155110782865581,7.397016248153624,5.27878877400295,8.223520710059184,2.155110782865581
7.397016248153624,5.27878877400295,8.223520710059184,2.155110782865581,7.397016248153624,5.27878877400295,8.223520710059184,2.155110782865581,7.397016248153624,5.27878877400295,8.223520710059184,2.155110782865581
7.397016248153624,5.27878877400295,8.223520710059184,2.155110782865581,7.397016248153624,5.27878877400295,8.223520710059184,2.155110782865581,7.397016248153624,5.27878877400295,8.223520710059184,2.155110782865581
7.397016248153624,5.27878877400295,8.223520710059184,2.155110782865581,7.397016248153624,5.27878877400295,8.223520710059184,2.155110782865581,7.397016248153624,5.27878877400295,8.223520710059184,2.155110782865581
7.397016248153624,5.27878877400295,8.223520710059184,2.155110782865581,7.397016248153624,5.27878877400295,8.223520710059184,2.155110782865581,7.397016248153624,5.27878877400295,8.223520710059184,2.155110782865581
7.397016248153624,5.27878877400295,8.223520710059184,2.155110782865581,7.397016248153624,5.27878877400295,8.223520710059184,2.155110782865581,7.397016248153624,5.27878877400295,8.223520710059184,2.155110782865581
7.397016248153624,5.27878877400295,8.223520710059184,2.155110782865581,7.397016248153624,5.27878877400295,8.223520710059184,2.155110782865581,7.397016248153624,5.27878877400295,8.223520710059184,2.155110782865581
7.397016248153624,5.27878877400295,8.223520710059184,2.155110782865581,7.397016248153624,5.27878877400295,8.223520710059184,2.155110782865581,7.397016248153624,5.27878877400295,8.223520710059184,2.155110782865581
7.397016248153624,5.27878877400295,8.223520710059184,2.155110782865581,7.397016248153624,5.27878877400295,8.223520710059184,2.155110782865581,7.397016248153624,5.27878877400295,8.223520710059184,2.155110782865581
7.397016248153624,5.27878877400295,8.223520710059184,2.155110782865581,7.397016248153624,5.27878877400295,8.223520710059184,2.155110782865581,7.397016248153624,5.27878877400295,8.223520710059184,2.155110782865581
7.397016248153624,5.27878877400295,8.223520710059184,2.155110782865581,7.397016248153624,5.27878877400295,8.223520710059184,2.155110782865581,7.397016248153624,5.27878877400295,8.223520710059184,2.155110782865581
7.397016248153624,5.27878877400295,8.223520710059184,2.155110782865581,7.397016248153624,5.27878877400295,8.223520710059184,2.155110782865581,7.397016248153624,5.27878877400295,8.223520710059184,2.155110782865581
6.89,5.15,9.0,2.32,7.397016248153624,5.27878877400295,8.223520710059184,2.155110782865581,7.397016248153624,5.27878877400295,8.223520710059184,2.155110782865581
6.55,3.94,9.0,0.83,7.397016248153624,5.27878877400295,8.223520710059184,2.155110782865581,7.397016248153624,5.27878877400295,8.223520710059184,2.155110782865581
6.99,4.36,6.6,0.47,7.397016248153624,5.27878877400295,8.223520710059184,2.155110782865581,6.89,5.15,9.0,2.32
6.52,5.67,6.6,0.34,6.89,5.15,9.0,2.32,6.55,3.94,9.0,0.83
7.11,6.86,6.7,0.2,6.55,3.94,9.0,0.83,6.99,4.36,6.6,0.47
7.5,6.67,4.2,0.17,6.99,4.36,6.6,0.47,6.52,5.67,6.6,0.34
7.55,6.14,4.5,0.25,6.52,5.67,6.6,0.34,7.11,6.86,6.7,0.2
6.91,5.27,6.6,1.12,7.11,6.86,6.7,0.2,7.5,6.67,4.2,0.17
6.93,5.25,5.7,0.45,7.5,6.67,4.2,0.17,7.55,6.14,4.5,0.25
6.76,5.6,4.7,0.19,7.55,6.14,4.5,0.25,6.91,5.27,6.6,1.12
7.05,4.8,4.6,0.49,6.91,5.27,6.6,1.12,6.93,5.25,5.7,0.45
6.91,4.95,5.0,0.4,6.93,5.25,5.7,0.45,6.76,5.6,4.7,0.19
6.94,5.31,3.8,0.25,6.76,5.6,4.7,0.19,7.05,4.8,4.6,0.49
6.8,4.93,5.6,0.33,7.05,4.8,4.6,0.49,6.91,4.95,5.0,0.4
7.32,4.36,5.0,0.58,6.91,4.95,5.0,0.4,6.94,5.31,3.8,0.25
7.26,4.44,5.1,0.63,6.94,5.31,3.8,0.25,6.8,4.93,5.6,0.33
7.05,5.64,4.6,0.35,6.8,4.93,5.6,0.33,7.32,4.36,5.0,0.58
7.22,5.4,4.4,0.67,7.32,4.36,5.0,0.58,7.26,4.44,5.1,0.63
7.39,5.02,4.7,0.66,7.26,4.44,5.1,0.63,7.05,5.64,4.6,0.35
7.43,4.8,4.6,0.57,7.05,5.64,4.6,0.35,7.22,5.4,4.4,0.67
7.26,5.76,3.8,0.4,7.22,5.4,4.4,0.67,7.39,5.02,4.7,0.66
7.39,4.78,5.8,0.43,7.39,5.02,4.7,0.66,7.43,4.8,4.6,0.57
7.36,4.64,5.1,0.68,7.43,4.8,4.6,0.57,7.26,5.76,3.8,0.4
7.48,4.73,4.0,1.07,7.26,5.76,3.8,0.4,7.39,4.78,5.8,0.43
7.38,4.81,4.7,1.1,7.39,4.78,5.8,0.43,7.36,4.64,5.1,0.68
7.49,5.59,4.9,1.59,7.36,4.64,5.1,0.68,7.48,4.73,4.0,1.07
6.79,5.27,5.1,3.28,7.48,4.73,4.0,1.07,7.38,4.81,4.7,1.1
7.22,5.05,6.1,3.15,7.38,4.81,4.7,1.1,7.49,5.59,4.9,1.59
7.25,5.53,5.6,2.78,7.49,5.59,4.9,1.59,6.79,5.27,5.1,3.28
6.95,4.92,6.3,3.17,6.79,5.27,5.1,3.28,7.22,5.05,6.1,3.15
7.89,10.5,5.7,2.68,7.22,5.05,6.1,3.15,7.25,5.53,5.6,2.78
7.93,11.7,4.6,1.99,7.25,5.53,5.6,2.78,6.95,4.92,6.3,3.17
7.88,12.5,4.5,2.76,6.95,4.92,6.3,3.17,7.89,10.5,5.7,2.68
7.8,11.6,4.7,1.34,7.89,10.5,5.7,2.68,7.93,11.7,4.6,1.99
7.77,10.2,4.8,1.28,7.93,11.7,4.6,1.99,7.88,12.5,4.5,2.76
7.66,7.69,4.4,1.29,7.88,12.5,4.5,2.76,7.8,11.6,4.7,1.34
7.57,6.35,5.1,1.26,7.8,11.6,4.7,1.34,7.77,10.2,4.8,1.28
7.51,5.58,6.8,1.27,7.77,10.2,4.8,1.28,7.66,7.69,4.4,1.29
7.397016248153624,5.27878877400295,8.223520710059184,2.155110782865581,7.66,7.69,4.4,1.29,7.57,6.35,5.1,1.26
7.397016248153624,5.27878877400295,8.223520710059184,2.155110782865581,7.57,6.35,5.1,1.26,7.51,5.58,6.8,1.27
7.397016248153624,5.27878877400295,8.223520710059184,2.155110782865581,7.51,5.58,6.8,1.27,7.397016248153624,5.27878877400295,8.223520710059184,2.155110782865581
7.397016248153624,5.27878877400295,8.223520710059184,2.155110782865581,7.397016248153624,5.27878877400295,8.223520710059184,2.155110782865581,7.397016248153624,5.27878877400295,8.223520710059184,2.155110782865581
7.397016248153624,5.27878877400295,8.223520710059184,2.155110782865581,7.397016248153624,5.27878877400295,8.223520710059184,2.155110782865581,7.397016248153624,5.27878877400295,8.223520710059184,2.155110782865581
7.397016248153624,5.27878877400295,8.223520710059184,2.155110782865581,7.397016248153624,5.27878877400295,8.223520710059184,2.155110782865581,7.397016248153624,5.27878877400295,8.223520710059184,2.155110782865581
7.397016248153624,5.27878877400295,8.223520710059184,2.155110782865581,7.397016248153624,5.27878877400295,8.223520710059184,2.155110782865581,7.397016248153624,5.27878877400295,8.223520710059184,2.155110782865581
7.397016248153624,5.27878877400295,8.223520710059184,2.155110782865581,7.397016248153624,5.27878877400295,8.223520710059184,2.155110782865581,7.397016248153624,5.27878877400295,8.223520710059184,2.155110782865581
7.397016248153624,5.27878877400295,8.223520710059184,2.155110782865581,7.397016248153624,5.27878877400295,8.223520710059184,2.155110782865581,7.397016248153624,5.27878877400295,8.223520710059184,2.155110782865581
7.397016248153624,5.27878877400295,8.223520710059184,2.155110782865581,7.397016248153624,5.27878877400295,8.223520710059184,2.155110782865581,7.397016248153624,5.27878877400295,8.223520710059184,2.155110782865581
7.397016248153624,5.27878877400295,8.223520710059184,2.155110782865581,7.397016248153624,5.27878877400295,8.223520710059184,2.155110782865581,7.397016248153624,5.27878877400295,8.223520710059184,2.155110782865581
7.397016248153624,5.27878877400295,8.223520710059184,2.155110782865581,7.397016248153624,5.27878877400295,8.223520710059184,2.155110782865581,7.397016248153624,5.27878877400295,8.223520710059184,2.155110782865581
7.397016248153624,5.27878877400295,8.223520710059184,2.155110782865581,7.397016248153624,5.27878877400295,8.223520710059184,2.155110782865581,7.397016248153624,5.27878877400295,8.223520710059184,2.155110782865581
7.397016248153624,5.27878877400295,8.223520710059184,2.155110782865581,7.397016248153624,5.27878877400295,8.223520710059184,2.155110782865581,7.397016248153624,5.27878877400295,8.223520710059184,2.155110782865581
7.397016248153624,5.27878877400295,8.223520710059184,2.155110782865581,7.397016248153624,5.27878877400295,8.223520710059184,2.155110782865581,7.397016248153624,5.27878877400295,8.223520710059184,2.155110782865581
8.01,8.73,5.7,1.02,7.397016248153624,5.27878877400295,8.223520710059184,2.155110782865581,7.397016248153624,5.27878877400295,8.223520710059184,2.155110782865581
7.64,8.05,6.4,1.01,7.397016248153624,5.27878877400295,8.223520710059184,2.155110782865581,7.397016248153624,5.27878877400295,8.223520710059184,2.155110782865581
7.57,7.65,5.0,0.86,7.397016248153624,5.27878877400295,8.223520710059184,2.155110782865581,8.01,8.73,5.7,1.02
7.61,6.55,5.4,0.97,8.01,8.73,5.7,1.02,7.64,8.05,6.4,1.01
7.65,7.04,5.0,0.82,7.64,8.05,6.4,1.01,7.57,7.65,5.0,0.86
7.63,7.34,5.3,0.62,7.57,7.65,5.0,0.86,7.61,6.55,5.4,0.97
7.56,6.57,4.3,0.59,7.61,6.55,5.4,0.97,7.65,7.04,5.0,0.82
7.53,6.62,4.0,0.53,7.65,7.04,5.0,0.82,7.63,7.34,5.3,0.62
7.47,3.95,4.4,0.99,7.63,7.34,5.3,0.62,7.56,6.57,4.3,0.59
7.49,5.32,4.5,0.48,7.56,6.57,4.3,0.59,7.53,6.62,4.0,0.53
7.48,5.54,4.4,0.77,7.53,6.62,4.0,0.53,7.47,3.95,4.4,0.99
7.44,4.12,5.3,0.62,7.47,3.95,4.4,0.99,7.49,5.32,4.5,0.48
7.41,5.88,3.5,0.48,7.49,5.32,4.5,0.48,7.48,5.54,4.4,0.77
7.56,6.66,3.6,0.52,7.48,5.54,4.4,0.77,7.44,4.12,5.3,0.62
7.72,6.97,4.0,0.54,7.44,4.12,5.3,0.62,7.41,5.88,3.5,0.48
7.5,5.53,4.6,0.6,7.41,5.88,3.5,0.48,7.56,6.66,3.6,0.52
7.45,6.78,4.4,0.39,7.56,6.66,3.6,0.52,7.72,6.97,4.0,0.54
7.59,8.06,4.8,0.54,7.72,6.97,4.0,0.54,7.5,5.53,4.6,0.6
7.61,8.25,4.8,0.53,7.5,5.53,4.6,0.6,7.45,6.78,4.4,0.39
7.55,8.45,5.0,0.35,7.45,6.78,4.4,0.39,7.59,8.06,4.8,0.54
7.6,7.01,6.3,0.55,7.59,8.06,4.8,0.54,7.61,8.25,4.8,0.53
7.53,5.88,6.1,0.68,7.61,8.25,4.8,0.53,7.55,8.45,5.0,0.35
7.57,6.22,6.2,0.65,7.55,8.45,5.0,0.35,7.6,7.01,6.3,0.55
7.47,6.71,6.4,0.95,7.6,7.01,6.3,0.55,7.53,5.88,6.1,0.68
7.7,6.34,6.8,1.04,7.53,5.88,6.1,0.68,7.57,6.22,6.2,0.65
7.94,6.47,6.9,1.04,7.57,6.22,6.2,0.65,7.47,6.71,6.4,0.95
8.02,9.78,7.1,1.06,7.47,6.71,6.4,0.95,7.7,6.34,6.8,1.04
7.89,10.2,7.1,1.11,7.7,6.34,6.8,1.04,7.94,6.47,6.9,1.04
7.9,8.0,7.2,1.12,7.94,6.47,6.9,1.04,8.02,9.78,7.1,1.06
7.87,8.62,7.3,1.12,8.02,9.78,7.1,1.06,7.89,10.2,7.1,1.11
7.83,6.19,7.5,1.11,7.89,10.2,7.1,1.11,7.9,8.0,7.2,1.12
7.63,9.42,7.4,1.1,7.9,8.0,7.2,1.12,7.87,8.62,7.3,1.12
7.29,9.66,7.4,1.09,7.87,8.62,7.3,1.12,7.83,6.19,7.5,1.11
7.72,11.0,7.6,1.14,7.83,6.19,7.5,1.11,7.63,9.42,7.4,1.1
7.71,10.9,7.7,1.1,7.63,9.42,7.4,1.1,7.29,9.66,7.4,1.09
7.56,12.7,7.6,1.1,7.29,9.66,7.4,1.09,7.72,11.0,7.6,1.14
7.45,12.6,7.5,1.02,7.72,11.0,7.6,1.14,7.71,10.9,7.7,1.1
7.41,11.8,7.3,1.05,7.71,10.9,7.7,1.1,7.56,12.7,7.6,1.1
7.34,11.0,7.1,1.04,7.56,12.7,7.6,1.1,7.45,12.6,7.5,1.02
7.31,11.1,6.9,1.0,7.45,12.6,7.5,1.02,7.41,11.8,7.3,1.05
7.26,11.2,6.8,1.0,7.41,11.8,7.3,1.05,7.34,11.0,7.1,1.04
7.29,11.2,6.7,1.02,7.34,11.0,7.1,1.04,7.31,11.1,6.9,1.0
7.2,12.2,6.7,1.01,7.31,11.1,6.9,1.0,7.26,11.2,6.8,1.0
7.18,12.3,6.1,1.02,7.26,11.2,6.8,1.0,7.29,11.2,6.7,1.02
7.05,13.1,6.5,1.01,7.29,11.2,6.7,1.02,7.2,12.2,6.7,1.01
7.64,9.37,6.3,1.05,7.2,12.2,6.7,1.01,7.18,12.3,6.1,1.02
7.71,8.14,6.1,1.02,7.18,12.3,6.1,1.02,7.05,13.1,6.5,1.01
7.55,7.03,6.0,1.09,7.05,13.1,6.5,1.01,7.64,9.37,6.3,1.05
7.55,6.63,6.0,1.12,7.64,9.37,6.3,1.05,7.71,8.14,6.1,1.02
7.46,5.78,6.1,1.12,7.71,8.14,6.1,1.02,7.55,7.03,6.0,1.09
7.25,5.21,5.7,1.14,7.55,7.03,6.0,1.09,7.55,6.63,6.0,1.12
7.29,5.05,5.8,1.16,7.55,6.63,6.0,1.12,7.46,5.78,6.1,1.12
7.21,4.21,6.0,1.17,7.46,5.78,6.1,1.12,7.25,5.21,5.7,1.14
7.32,5.13,5.7,0.99,7.25,5.21,5.7,1.14,7.29,5.05,5.8,1.16
7.56,4.56,5.6,1.09,7.29,5.05,5.8,1.16,7.21,4.21,6.0,1.17
7.6,4.87,6.2,1.01,7.21,4.21,6.0,1.17,7.32,5.13,5.7,0.99
7.57,5.02,6.4,0.94,7.32,5.13,5.7,0.99,7.56,4.56,5.6,1.09
7.41,5.06,6.1,0.95,7.56,4.56,5.6,1.09,7.6,4.87,6.2,1.01
7.37,5.25,5.9,0.74,7.6,4.87,6.2,1.01,7.57,5.02,6.4,0.94
7.05,4.58,6.2,0.45,7.57,5.02,6.4,0.94,7.41,5.06,6.1,0.95
7.2,4.39,6.8,0.4,7.41,5.06,6.1,0.95,7.37,5.25,5.9,0.74
7.47,5.23,6.5,0.41,7.37,5.25,5.9,0.74,7.05,4.58,6.2,0.45
7.53,5.08,6.3,0.48,7.05,4.58,6.2,0.45,7.2,4.39,6.8,0.4
7.55,5.14,6.5,0.43,7.2,4.39,6.8,0.4,7.47,5.23,6.5,0.41
7.51,5.02,6.3,0.39,7.47,5.23,6.5,0.41,7.53,5.08,6.3,0.48
7.41,5.0,6.0,0.41,7.53,5.08,6.3,0.48,7.55,5.14,6.5,0.43
7.49,5.19,6.2,0.45,7.55,5.14,6.5,0.43,7.51,5.02,6.3,0.39
7.37,4.97,6.0,0.42,7.51,5.02,6.3,0.39,7.41,5.0,6.0,0.41
7.45,5.08,5.8,0.46,7.41,5.0,6.0,0.41,7.49,5.19,6.2,0.45
7.51,5.16,5.5,0.4,7.49,5.19,6.2,0.45,7.37,4.97,6.0,0.42
7.28,5.28,5.3,0.46,7.37,4.97,6.0,0.42,7.45,5.08,5.8,0.46
7.46,5.33,5.5,0.39,7.45,5.08,5.8,0.46,7.51,5.16,5.5,0.4
7.43,5.74,6.1,0.63,7.51,5.16,5.5,0.4,7.28,5.28,5.3,0.46
7.35,5.86,5.9,0.79,7.28,5.28,5.3,0.46,7.46,5.33,5.5,0.39
7.39,6.06,6.4,0.91,7.46,5.33,5.5,0.39,7.43,5.74,6.1,0.63
7.55,6.48,6.6,1.0,7.43,5.74,6.1,0.63,7.35,5.86,5.9,0.79
7.52,6.91,6.7,1.05,7.35,5.86,5.9,0.79,7.39,6.06,6.4,0.91
7.44,6.56,7.4,1.09,7.39,6.06,6.4,0.91,7.55,6.48,6.6,1.0
7.63,7.46,7.1,0.99,7.55,6.48,6.6,1.0,7.52,6.91,6.7,1.05
7.81,7.85,6.7,0.93,7.52,6.91,6.7,1.05,7.44,6.56,7.4,1.09
7.76,8.15,6.1,0.89,7.44,6.56,7.4,1.09,7.63,7.46,7.1,0.99
7.83,8.39,6.6,0.96,7.63,7.46,7.1,0.99,7.81,7.85,6.7,0.93
7.84,8.9,5.9,0.92,7.81,7.85,6.7,0.93,7.76,8.15,6.1,0.89
7.89,9.73,7.3,1.09,7.76,8.15,6.1,0.89,7.83,8.39,6.6,0.96
7.76,9.36,6.7,1.18,7.83,8.39,6.6,0.96,7.84,8.9,5.9,0.92
7.7,8.65,5.6,1.19,7.84,8.9,5.9,0.92,7.89,9.73,7.3,1.09
7.55,7.78,5.8,1.24,7.89,9.73,7.3,1.09,7.76,9.36,6.7,1.18
7.31,7.4,6.1,1.18,7.76,9.36,6.7,1.18,7.7,8.65,5.6,1.19
7.25,6.33,5.3,1.23,7.7,8.65,5.6,1.19,7.55,7.78,5.8,1.24
7.26,5.96,5.9,1.26,7.55,7.78,5.8,1.24,7.31,7.4,6.1,1.18
7.26,6.45,5.7,1.27,7.31,7.4,6.1,1.18,7.25,6.33,5.3,1.23
7.34,5.66,6.0,1.26,7.25,6.33,5.3,1.23,7.26,5.96,5.9,1.26
7.29,5.78,6.3,1.28,7.26,5.96,5.9,1.26,7.26,6.45,5.7,1.27
7.2,6.61,6.4,1.23,7.26,6.45,5.7,1.27,7.34,5.66,6.0,1.26
7.24,7.2,5.8,1.32,7.34,5.66,6.0,1.26,7.29,5.78,6.3,1.28
7.59,6.91,5.6,1.24,7.29,5.78,6.3,1.28,7.2,6.61,6.4,1.23
7.52,6.96,6.0,1.18,7.2,6.61,6.4,1.23,7.24,7.2,5.8,1.32
7.58,6.88,6.2,1.25,7.24,7.2,5.8,1.32,7.59,6.91,5.6,1.24
7.54,6.36,5.8,1.23,7.59,6.91,5.6,1.24,7.52,6.96,6.0,1.18
7.41,5.94,6.1,1.23,7.52,6.96,6.0,1.18,7.58,6.88,6.2,1.25
7.31,5.91,5.8,1.23,7.58,6.88,6.2,1.25,7.54,6.36,5.8,1.23
7.27,5.44,5.2,1.28,7.54,6.36,5.8,1.23,7.41,5.94,6.1,1.23
7.06,4.83,5.8,1.44,7.41,5.94,6.1,1.23,7.31,5.91,5.8,1.23
7.71,5.77,6.5,1.82,7.31,5.91,5.8,1.23,7.27,5.44,5.2,1.28
7.72,4.85,6.7,1.73,7.27,5.44,5.2,1.28,7.06,4.83,5.8,1.44
7.98,5.79,7.3,1.79,7.06,4.83,5.8,1.44,7.71,5.77,6.5,1.82
7.8,6.57,6.6,1.41,7.71,5.77,6.5,1.82,7.72,4.85,6.7,1.73
7.89,8.17,7.5,0.91,7.72,4.85,6.7,1.73,7.98,5.79,7.3,1.79
7.77,7.76,6.2,0.35,7.98,5.79,7.3,1.79,7.8,6.57,6.6,1.41
7.74,6.45,5.8,0.32,7.8,6.57,6.6,1.41,7.89,8.17,7.5,0.91
7.76,5.48,5.5,0.4,7.89,8.17,7.5,0.91,7.77,7.76,6.2,0.35
7.85,5.8,4.7,0.34,7.77,7.76,6.2,0.35,7.74,6.45,5.8,0.32
7.94,6.11,5.7,0.35,7.74,6.45,5.8,0.32,7.76,5.48,5.5,0.4
7.66,5.5,6.2,0.22,7.76,5.48,5.5,0.4,7.85,5.8,4.7,0.34
7.97,5.74,6.0,0.26,7.85,5.8,4.7,0.34,7.94,6.11,5.7,0.35
7.93,5.19,5.3,0.27,7.94,6.11,5.7,0.35,7.66,5.5,6.2,0.22
7.85,4.15,4.6,0.3,7.66,5.5,6.2,0.22,7.97,5.74,6.0,0.26
7.92,3.84,5.3,0.23,7.97,5.74,6.0,0.26,7.93,5.19,5.3,0.27
8.21,4.94,4.2,0.19,7.93,5.19,5.3,0.27,7.85,4.15,4.6,0.3
8.11,5.19,4.7,0.19,7.85,4.15,4.6,0.3,7.92,3.84,5.3,0.23
7.69,6.36,4.6,0.22,7.92,3.84,5.3,0.23,8.21,4.94,4.2,0.19
7.46,5.98,4.9,0.2,8.21,4.94,4.2,0.19,8.11,5.19,4.7,0.19
7.49,7.24,5.3,0.22,8.11,5.19,4.7,0.19,7.69,6.36,4.6,0.22
7.59,8.07,5.1,0.22,7.69,6.36,4.6,0.22,7.46,5.98,4.9,0.2
7.42,6.67,5.9,0.24,7.46,5.98,4.9,0.2,7.49,7.24,5.3,0.22
7.43,6.5,6.3,0.25,7.49,7.24,5.3,0.22,7.59,8.07,5.1,0.22
7.53,7.08,6.5,0.27,7.59,8.07,5.1,0.22,7.42,6.67,5.9,0.24
7.46,7.07,6.4,0.48,7.42,6.67,5.9,0.24,7.43,6.5,6.3,0.25
7.53,8.4,6.8,0.52,7.43,6.5,6.3,0.25,7.53,7.08,6.5,0.27
7.56,9.83,6.6,0.41,7.53,7.08,6.5,0.27,7.46,7.07,6.4,0.48
7.59,10.2,6.9,0.82,7.46,7.07,6.4,0.48,7.53,8.4,6.8,0.52
7.67,12.1,7.0,1.82,7.53,8.4,6.8,0.52,7.56,9.83,6.6,0.41
7.68,12.1,7.3,1.31,7.56,9.83,6.6,0.41,7.59,10.2,6.9,0.82
7.87,14.1,6.8,1.27,7.59,10.2,6.9,0.82,7.67,12.1,7.0,1.82
7.81,14.0,6.3,1.33,7.67,12.1,7.0,1.82,7.68,12.1,7.3,1.31
7.79,13.8,6.7,2.32,7.68,12.1,7.3,1.31,7.87,14.1,6.8,1.27
7.8,13.9,6.3,3.66,7.87,14.1,6.8,1.27,7.81,14.0,6.3,1.33
7.7,12.9,6.8,3.44,7.81,14.0,6.3,1.33,7.79,13.8,6.7,2.32
7.68,13.2,7.3,3.67,7.79,13.8,6.7,2.32,7.8,13.9,6.3,3.66
7.61,13.4,6.1,3.99,7.8,13.9,6.3,3.66,7.7,12.9,6.8,3.44
7.52,12.2,6.2,4.55,7.7,12.9,6.8,3.44,7.68,13.2,7.3,3.67
7.59,12.6,5.5,5.52,7.68,13.2,7.3,3.67,7.61,13.4,6.1,3.99
7.56,12.4,5.5,4.41,7.61,13.4,6.1,3.99,7.52,12.2,6.2,4.55
7.53,11.9,5.9,4.09,7.52,12.2,6.2,4.55,7.59,12.6,5.5,5.52
7.46,11.7,6.7,4.34,7.59,12.6,5.5,5.52,7.56,12.4,5.5,4.41
7.45,12.9,6.3,5.11,7.56,12.4,5.5,4.41,7.53,11.9,5.9,4.09
7.46,13.9,6.0,6.03,7.53,11.9,5.9,4.09,7.46,11.7,6.7,4.34
7.39,14.1,5.5,4.37,7.46,11.7,6.7,4.34,7.45,12.9,6.3,5.11
7.3,13.1,5.1,4.26,7.45,12.9,6.3,5.11,7.46,13.9,6.0,6.03
7.65,11.1,4.8,4.07,7.46,13.9,6.0,6.03,7.39,14.1,5.5,4.37
7.86,10.4,6.6,4.09,7.39,14.1,5.5,4.37,7.3,13.1,5.1,4.26
7.99,9.79,6.0,3.76,7.3,13.1,5.1,4.26,7.65,11.1,4.8,4.07
7.88,7.6,6.3,3.38,7.65,11.1,4.8,4.07,7.86,10.4,6.6,4.09
7.7,7.3,5.6,2.87,7.86,10.4,6.6,4.09,7.99,9.79,6.0,3.76
7.48,6.63,6.2,2.49,7.99,9.79,6.0,3.76,7.88,7.6,6.3,3.38
7.35,6.18,6.4,2.09,7.88,7.6,6.3,3.38,7.7,7.3,5.6,2.87
7.42,5.18,8.4,2.86,7.7,7.3,5.6,2.87,7.48,6.63,6.2,2.49
7.49,4.16,6.6,0.97,7.48,6.63,6.2,2.49,7.35,6.18,6.4,2.09
7.48,5.77,5.6,1.02,7.35,6.18,6.4,2.09,7.42,5.18,8.4,2.86
7.59,6.25,5.3,0.46,7.42,5.18,8.4,2.86,7.49,4.16,6.6,0.97
7.59,6.45,4.9,0.36,7.49,4.16,6.6,0.97,7.48,5.77,5.6,1.02
7.47,5.72,4.5,0.42,7.48,5.77,5.6,1.02,7.59,6.25,5.3,0.46
7.31,5.46,4.4,0.5,7.59,6.25,5.3,0.46,7.59,6.45,4.9,0.36
7.397016248153624,5.27878877400295,8.223520710059184,2.155110782865581,7.59,6.45,4.9,0.36,7.47,5.72,4.5,0.42
7.397016248153624,5.27878877400295,8.223520710059184,2.155110782865581,7.47,5.72,4.5,0.42,7.31,5.46,4.4,0.5
7.33,5.39,5.6,0.36,7.31,5.46,4.4,0.5,7.397016248153624,5.27878877400295,8.223520710059184,2.155110782865581
7.29,6.33,4.6,0.35,7.397016248153624,5.27878877400295,8.223520710059184,2.155110782865581,7.397016248153624,5.27878877400295,8.223520710059184,2.155110782865581
7.33,6.27,4.2,0.36,7.397016248153624,5.27878877400295,8.223520710059184,2.155110782865581,7.33,5.39,5.6,0.36
7.14,4.84,5.2,0.99,7.33,5.39,5.6,0.36,7.29,6.33,4.6,0.35
7.46,4.55,5.8,0.46,7.29,6.33,4.6,0.35,7.33,6.27,4.2,0.36
7.34,5.24,5.4,0.37,7.33,6.27,4.2,0.36,7.14,4.84,5.2,0.99
7.31,5.07,6.9,0.39,7.14,4.84,5.2,0.99,7.46,4.55,5.8,0.46
7.66,5.55,7.5,0.39,7.46,4.55,5.8,0.46,7.34,5.24,5.4,0.37
7.51,5.29,7.0,0.38,7.34,5.24,5.4,0.37,7.31,5.07,6.9,0.39
7.29,3.71,5.2,0.37,7.31,5.07,6.9,0.39,7.66,5.55,7.5,0.39
7.45,4.02,5.4,0.33,7.66,5.55,7.5,0.39,7.51,5.29,7.0,0.38
7.68,6.37,6.5,0.24,7.51,5.29,7.0,0.38,7.29,3.71,5.2,0.37
7.82,7.45,6.3,0.21,7.29,3.71,5.2,0.37,7.45,4.02,5.4,0.33
7.86,7.85,6.0,0.47,7.45,4.02,5.4,0.33,7.68,6.37,6.5,0.24
7.92,8.91,5.2,0.52,7.68,6.37,6.5,0.24,7.82,7.45,6.3,0.21
7.77,8.8,6.9,0.43,7.82,7.45,6.3,0.21,7.86,7.85,6.0,0.47
7.83,8.76,6.6,0.41,7.86,7.85,6.0,0.47,7.92,8.91,5.2,0.52
7.87,9.41,6.0,1.13,7.92,8.91,5.2,0.52,7.77,8.8,6.9,0.43
8.0,9.87,6.4,1.51,7.77,8.8,6.9,0.43,7.83,8.76,6.6,0.41
7.98,9.86,7.1,1.6,7.83,8.76,6.6,0.41,7.87,9.41,6.0,1.13
8.01,10.7,6.6,1.99,7.87,9.41,6.0,1.13,8.0,9.87,6.4,1.51
8.05,12.0,6.2,2.48,8.0,9.87,6.4,1.51,7.98,9.86,7.1,1.6
7.397016248153624,5.27878877400295,8.223520710059184,2.155110782865581,7.98,9.86,7.1,1.6,8.01,10.7,6.6,1.99
7.397016248153624,5.27878877400295,8.223520710059184,2.155110782865581,8.01,10.7,6.6,1.99,8.05,12.0,6.2,2.48
8.04,12.2,6.0,3.53,8.05,12.0,6.2,2.48,7.397016248153624,5.27878877400295,8.223520710059184,2.155110782865581
8.1,12.9,5.3,4.09,7.397016248153624,5.27878877400295,8.223520710059184,2.155110782865581,7.397016248153624,5.27878877400295,8.223520710059184,2.155110782865581
7.397016248153624,5.27878877400295,8.223520710059184,2.155110782865581,7.397016248153624,5.27878877400295,8.223520710059184,2.155110782865581,8.04,12.2,6.0,3.53
7.8,12.1,5.6,5.94,8.04,12.2,6.0,3.53,8.1,12.9,5.3,4.09
7.86,12.3,6.0,6.1,8.1,12.9,5.3,4.09,7.397016248153624,5.27878877400295,8.223520710059184,2.155110782865581
7.83,11.5,5.8,6.0,7.397016248153624,5.27878877400295,8.223520710059184,2.155110782865581,7.8,12.1,5.6,5.94
7.7,10.9,6.0,6.11,7.8,12.1,5.6,5.94,7.86,12.3,6.0,6.1
7.62,10.7,5.6,6.7,7.86,12.3,6.0,6.1,7.83,11.5,5.8,6.0
7.62,9.9,5.3,6.46,7.83,11.5,5.8,6.0,7.7,10.9,6.0,6.11
7.64,11.2,5.1,6.1,7.7,10.9,6.0,6.11,7.62,10.7,5.6,6.7
7.62,11.4,5.7,6.33,7.62,10.7,5.6,6.7,7.62,9.9,5.3,6.46
7.64,12.1,6.0,5.95,7.62,9.9,5.3,6.46,7.64,11.2,5.1,6.1
7.67,12.0,7.2,5.65,7.64,11.2,5.1,6.1,7.62,11.4,5.7,6.33
7.56,10.5,6.5,4.82,7.62,11.4,5.7,6.33,7.64,12.1,6.0,5.95
7.397016248153624,5.27878877400295,8.223520710059184,2.155110782865581,7.64,12.1,6.0,5.95,7.67,12.0,7.2,5.65
7.39,10.1,6.3,3.95,7.67,12.0,7.2,5.65,7.56,10.5,6.5,4.82
7.53,9.9,6.4,3.12,7.56,10.5,6.5,4.82,7.397016248153624,5.27878877400295,8.223520710059184,2.155110782865581
7.48,9.11,6.7,2.14,7.397016248153624,5.27878877400295,8.223520710059184,2.155110782865581,7.39,10.1,6.3,3.95
7.4,8.59,7.1,1.37,7.39,10.1,6.3,3.95,7.53,9.9,6.4,3.12
7.36,7.91,6.4,0.97,7.53,9.9,6.4,3.12,7.48,9.11,6.7,2.14
7.66,7.67,5.8,0.45,7.48,9.11,6.7,2.14,7.4,8.59,7.1,1.37
7.397016248153624,5.27878877400295,8.223520710059184,2.155110782865581,7.4,8.59,7.1,1.37,7.36,7.91,6.4,0.97
7.74,7.22,5.8,0.41,7.36,7.91,6.4,0.97,7.66,7.67,5.8,0.45
7.6,6.49,5.1,0.45,7.66,7.67,5.8,0.45,7.397016248153624,5.27878877400295,8.223520710059184,2.155110782865581
7.397016248153624,5.27878877400295,8.223520710059184,2.155110782865581,7.397016248153624,5.27878877400295,8.223520710059184,2.155110782865581,7.74,7.22,5.8,0.41
7.59,6.33,3.4,0.56,7.74,7.22,5.8,0.41,7.6,6.49,5.1,0.45
7.5,5.91,2.6,0.41,7.6,6.49,5.1,0.45,7.397016248153624,5.27878877400295,8.223520710059184,2.155110782865581
7.42,5.34,2.4,0.42,7.397016248153624,5.27878877400295,8.223520710059184,2.155110782865581,7.59,6.33,3.4,0.56
7.397016248153624,5.27878877400295,8.223520710059184,2.155110782865581,7.59,6.33,3.4,0.56,7.5,5.91,2.6,0.41
7.21,5.14,2.5,0.31,7.5,5.91,2.6,0.41,7.42,5.34,2.4,0.42
7.14,5.22,2.8,0.41,7.42,5.34,2.4,0.42,7.397016248153624,5.27878877400295,8.223520710059184,2.155110782865581
7.397016248153624,5.27878877400295,8.223520710059184,2.155110782865581,7.397016248153624,5.27878877400295,8.223520710059184,2.155110782865581,7.21,5.14,2.5,0.31
7.397016248153624,5.27878877400295,8.223520710059184,2.155110782865581,7.21,5.14,2.5,0.31,7.14,5.22,2.8,0.41
7.397016248153624,5.27878877400295,8.223520710059184,2.155110782865581,7.14,5.22,2.8,0.41,7.397016248153624,5.27878877400295,8.223520710059184,2.155110782865581
7.397016248153624,5.27878877400295,8.223520710059184,2.155110782865581,7.397016248153624,5.27878877400295,8.223520710059184,2.155110782865581,7.397016248153624,5.27878877400295,8.223520710059184,2.155110782865581
7.397016248153624,5.27878877400295,8.223520710059184,2.155110782865581,7.397016248153624,5.27878877400295,8.223520710059184,2.155110782865581,7.397016248153624,5.27878877400295,8.223520710059184,2.155110782865581
7.397016248153624,5.27878877400295,8.223520710059184,2.155110782865581,7.397016248153624,5.27878877400295,8.223520710059184,2.155110782865581,7.397016248153624,5.27878877400295,8.223520710059184,2.155110782865581
7.397016248153624,5.27878877400295,8.223520710059184,2.155110782865581,7.397016248153624,5.27878877400295,8.223520710059184,2.155110782865581,7.397016248153624,5.27878877400295,8.223520710059184,2.155110782865581
7.397016248153624,5.27878877400295,8.223520710059184,2.155110782865581,7.397016248153624,5.27878877400295,8.223520710059184,2.155110782865581,7.397016248153624,5.27878877400295,8.223520710059184,2.155110782865581
7.397016248153624,5.27878877400295,8.223520710059184,2.155110782865581,7.397016248153624,5.27878877400295,8.223520710059184,2.155110782865581,7.397016248153624,5.27878877400295,8.223520710059184,2.155110782865581
7.397016248153624,5.27878877400295,8.223520710059184,2.155110782865581,7.397016248153624,5.27878877400295,8.223520710059184,2.155110782865581,7.397016248153624,5.27878877400295,8.223520710059184,2.155110782865581
7.397016248153624,5.27878877400295,8.223520710059184,2.155110782865581,7.397016248153624,5.27878877400295,8.223520710059184,2.155110782865581,7.397016248153624,5.27878877400295,8.223520710059184,2.155110782865581
7.62,7.4,4.9,0.29,7.397016248153624,5.27878877400295,8.223520710059184,2.155110782865581,7.397016248153624,5.27878877400295,8.223520710059184,2.155110782865581
7.397016248153624,5.27878877400295,8.223520710059184,2.155110782865581,7.397016248153624,5.27878877400295,8.223520710059184,2.155110782865581,7.397016248153624,5.27878877400295,8.223520710059184,2.155110782865581
7.81,8.86,3.7,0.38,7.397016248153624,5.27878877400295,8.223520710059184,2.155110782865581,7.62,7.4,4.9,0.29
7.64,9.64,4.0,0.4,7.62,7.4,4.9,0.29,7.397016248153624,5.27878877400295,8.223520710059184,2.155110782865581
7.64,9.88,4.4,0.51,7.397016248153624,5.27878877400295,8.223520710059184,2.155110782865581,7.81,8.86,3.7,0.38
7.397016248153624,5.27878877400295,8.223520710059184,2.155110782865581,7.81,8.86,3.7,0.38,7.64,9.64,4.0,0.4
7.397016248153624,5.27878877400295,8.223520710059184,2.155110782865581,7.64,9.64,4.0,0.4,7.64,9.88,4.4,0.51
7.5,10.9,4.7,1.34,7.64,9.88,4.4,0.51,7.397016248153624,5.27878877400295,8.223520710059184,2.155110782865581
7.05,10.6,5.0,1.86,7.397016248153624,5.27878877400295,8.223520710059184,2.155110782865581,7.397016248153624,5.27878877400295,8.223520710059184,2.155110782865581
7.397016248153624,5.27878877400295,8.223520710059184,2.155110782865581,7.397016248153624,5.27878877400295,8.223520710059184,2.155110782865581,7.5,10.9,4.7,1.34
7.67,9.26,3.6,2.54,7.5,10.9,4.7,1.34,7.05,10.6,5.0,1.86
7.44,7.4,3.9,2.52,7.05,10.6,5.0,1.86,7.397016248153624,5.27878877400295,8.223520710059184,2.155110782865581
7.397016248153624,5.27878877400295,8.223520710059184,2.155110782865581,7.397016248153624,5.27878877400295,8.223520710059184,2.155110782865581,7.67,9.26,3.6,2.54
7.14,10.5,3.1,3.43,7.67,9.26,3.6,2.54,7.44,7.4,3.9,2.52
7.397016248153624,5.27878877400295,8.223520710059184,2.155110782865581,7.44,7.4,3.9,2.52,7.397016248153624,5.27878877400295,8.223520710059184,2.155110782865581
7.397016248153624,5.27878877400295,8.223520710059184,2.155110782865581,7.397016248153624,5.27878877400295,8.223520710059184,2.155110782865581,7.14,10.5,3.1,3.43
6.52,6.43,4.9,4.39,7.14,10.5,3.1,3.43,7.397016248153624,5.27878877400295,8.223520710059184,2.155110782865581
7.397016248153624,5.27878877400295,8.223520710059184,2.155110782865581,7.397016248153624,5.27878877400295,8.223520710059184,2.155110782865581,7.397016248153624,5.27878877400295,8.223520710059184,2.155110782865581
7.397016248153624,5.27878877400295,8.223520710059184,2.155110782865581,7.397016248153624,5.27878877400295,8.223520710059184,2.155110782865581,6.52,6.43,4.9,4.39
6.86,12.1,4.2,5.1,6.52,6.43,4.9,4.39,7.397016248153624,5.27878877400295,8.223520710059184,2.155110782865581
7.01,11.7,4.4,4.77,7.397016248153624,5.27878877400295,8.223520710059184,2.155110782865581,7.397016248153624,5.27878877400295,8.223520710059184,2.155110782865581
7.397016248153624,5.27878877400295,8.223520710059184,2.155110782865581,7.397016248153624,5.27878877400295,8.223520710059184,2.155110782865581,6.86,12.1,4.2,5.1
6.96,11.5,4.4,3.23,6.86,12.1,4.2,5.1,7.01,11.7,4.4,4.77
6.98,11.1,5.5,3.48,7.01,11.7,4.4,4.77,7.397016248153624,5.27878877400295,8.223520710059184,2.155110782865581
6.8,10.3,5.6,3.32,7.397016248153624,5.27878877400295,8.223520710059184,2.155110782865581,6.96,11.5,4.4,3.23
7.5,9.69,13.7,3.53,6.96,11.5,4.4,3.23,6.98,11.1,5.5,3.48
7.74,8.47,6.8,4.7,6.98,11.1,5.5,3.48,6.8,10.3,5.6,3.32
7.27,9.78,7.7,1.17,6.8,10.3,5.6,3.32,7.5,9.69,13.7,3.53
7.22,9.35,7.3,1.0,7.5,9.69,13.7,3.53,7.74,8.47,6.8,4.7
7.26,8.7,10.7,1.68,7.74,8.47,6.8,4.7,7.27,9.78,7.7,1.17
7.08,7.04,6.6,2.37,7.27,9.78,7.7,1.17,7.22,9.35,7.3,1.0
6.92,7.98,10.4,0.46,7.22,9.35,7.3,1.0,7.26,8.7,10.7,1.68
7.397016248153624,5.27878877400295,8.223520710059184,2.155110782865581,7.26,8.7,10.7,1.68,7.08,7.04,6.6,2.37
7.22,7.74,4.4,0.13,7.08,7.04,6.6,2.37,6.92,7.98,10.4,0.46
7.397016248153624,5.27878877400295,8.223520710059184,2.155110782865581,6.92,7.98,10.4,0.46,7.397016248153624,5.27878877400295,8.223520710059184,2.155110782865581
7.22,7.12,11.7,0.19,7.397016248153624,5.27878877400295,8.223520710059184,2.155110782865581,7.22,7.74,4.4,0.13
7.397016248153624,5.27878877400295,8.223520710059184,2.155110782865581,7.22,7.74,4.4,0.13,7.397016248153624,5.27878877400295,8.223520710059184,2.155110782865581
7.397016248153624,5.27878877400295,8.223520710059184,2.155110782865581,7.397016248153624,5.27878877400295,8.223520710059184,2.155110782865581,7.22,7.12,11.7,0.19
7.397016248153624,5.27878877400295,8.223520710059184,2.155110782865581,7.22,7.12,11.7,0.19,7.397016248153624,5.27878877400295,8.223520710059184,2.155110782865581
7.397016248153624,5.27878877400295,8.223520710059184,2.155110782865581,7.397016248153624,5.27878877400295,8.223520710059184,2.155110782865581,7.397016248153624,5.27878877400295,8.223520710059184,2.155110782865581
7.397016248153624,5.27878877400295,8.223520710059184,2.155110782865581,7.397016248153624,5.27878877400295,8.223520710059184,2.155110782865581,7.397016248153624,5.27878877400295,8.223520710059184,2.155110782865581
7.397016248153624,5.27878877400295,8.223520710059184,2.155110782865581,7.397016248153624,5.27878877400295,8.223520710059184,2.155110782865581,7.397016248153624,5.27878877400295,8.223520710059184,2.155110782865581
7.43,7.95,2.6,0.07,7.397016248153624,5.27878877400295,8.223520710059184,2.155110782865581,7.397016248153624,5.27878877400295,8.223520710059184,2.155110782865581
7.1,7.98,3.4,0.08,7.397016248153624,5.27878877400295,8.223520710059184,2.155110782865581,7.397016248153624,5.27878877400295,8.223520710059184,2.155110782865581
7.397016248153624,5.27878877400295,8.223520710059184,2.155110782865581,7.397016248153624,5.27878877400295,8.223520710059184,2.155110782865581,7.43,7.95,2.6,0.07
7.397016248153624,5.27878877400295,8.223520710059184,2.155110782865581,7.43,7.95,2.6,0.07,7.1,7.98,3.4,0.08
7.397016248153624,5.27878877400295,8.223520710059184,2.155110782865581,7.1,7.98,3.4,0.08,7.397016248153624,5.27878877400295,8.223520710059184,2.155110782865581
7.0,7.46,1.8,0.08,7.397016248153624,5.27878877400295,8.223520710059184,2.155110782865581,7.397016248153624,5.27878877400295,8.223520710059184,2.155110782865581
7.397016248153624,5.27878877400295,8.223520710059184,2.155110782865581,7.397016248153624,5.27878877400295,8.223520710059184,2.155110782865581,7.397016248153624,5.27878877400295,8.223520710059184,2.155110782865581
7.03,6.97,2.4,0.09,7.397016248153624,5.27878877400295,8.223520710059184,2.155110782865581,7.0,7.46,1.8,0.08
7.397016248153624,5.27878877400295,8.223520710059184,2.155110782865581,7.0,7.46,1.8,0.08,7.397016248153624,5.27878877400295,8.223520710059184,2.155110782865581
7.397016248153624,5.27878877400295,8.223520710059184,2.155110782865581,7.397016248153624,5.27878877400295,8.223520710059184,2.155110782865581,7.03,6.97,2.4,0.09
7.397016248153624,5.27878877400295,8.223520710059184,2.155110782865581,7.03,6.97,2.4,0.09,7.397016248153624,5.27878877400295,8.223520710059184,2.155110782865581
7.397016248153624,5.27878877400295,8.223520710059184,2.155110782865581,7.397016248153624,5.27878877400295,8.223520710059184,2.155110782865581,7.397016248153624,5.27878877400295,8.223520710059184,2.155110782865581
7.397016248153624,5.27878877400295,8.223520710059184,2.155110782865581,7.397016248153624,5.27878877400295,8.223520710059184,2.155110782865581,7.397016248153624,5.27878877400295,8.223520710059184,2.155110782865581
7.75,9.88,5.0,0.15,7.397016248153624,5.27878877400295,8.223520710059184,2.155110782865581,7.397016248153624,5.27878877400295,8.223520710059184,2.155110782865581
7.23,10.2,5.3,0.17,7.397016248153624,5.27878877400295,8.223520710059184,2.155110782865581,7.397016248153624,5.27878877400295,8.223520710059184,2.155110782865581
7.38,10.4,3.7,0.27,7.397016248153624,5.27878877400295,8.223520710059184,2.155110782865581,7.75,9.88,5.0,0.15
7.397016248153624,5.27878877400295,8.223520710059184,2.155110782865581,7.75,9.88,5.0,0.15,7.23,10.2,5.3,0.17
7.397016248153624,5.27878877400295,8.223520710059184,2.155110782865581,7.23,10.2,5.3,0.17,7.38,10.4,3.7,0.27
7.397016248153624,5.27878877400295,8.223520710059184,2.155110782865581,7.38,10.4,3.7,0.27,7.397016248153624,5.27878877400295,8.223520710059184,2.155110782865581
7.397016248153624,5.27878877400295,8.223520710059184,2.155110782865581,7.397016248153624,5.27878877400295,8.223520710059184,2.155110782865581,7.397016248153624,5.27878877400295,8.223520710059184,2.155110782865581
7.16,12.0,4.1,1.81,7.397016248153624,5.27878877400295,8.223520710059184,2.155110782865581,7.397016248153624,5.27878877400295,8.223520710059184,2.155110782865581
7.86,11.7,4.6,2.02,7.397016248153624,5.27878877400295,8.223520710059184,2.155110782865581,7.397016248153624,5.27878877400295,8.223520710059184,2.155110782865581
